lead_time,arrival_date_month,arrival_date_week_number,arrival_date_day_of_month,stays_in_weekend_nights,stays_in_week_nights,adults,children,babies,country,previous_cancellations,reserved_room_type,booking_changes,adr,total_of_special_requests,is_canceled
71,4,14,1,0,2,2,0,0,AUT,0,1,0,87.3,0,Y
192,6,26,24,0,2,1,0,0,PRT,0,1,0,95.0,0,N
18,7,27,8,1,1,2,0,0,PRT,0,5,2,195.0,2,N
37,10,44,27,0,2,2,0,0,JPN,0,1,1,109.0,1,N
219,5,18,4,0,3,2,0,0,GBR,0,4,0,130.5,3,Y
7,6,27,27,1,3,1,0,0,ESP,0,1,0,68.0,0,N
199,9,39,21,1,1,2,0,0,PRT,1,1,0,48.0,0,Y
276,7,30,20,1,1,2,0,0,PRT,1,1,0,62.0,0,Y
153,8,32,3,1,2,2,0,0,PRT,1,1,0,60.0,0,Y
0,7,31,29,0,1,2,0,0,FRA,0,1,0,89.0,0,N
2,3,13,22,0,1,2,0,0,GBR,0,1,0,89.0,0,N
41,9,38,14,0,3,1,0,0,DEU,0,1,2,108.0,0,N
7,7,30,26,2,5,2,0,0,DEU,0,Unknown,0,145.43,2,Y
243,9,36,1,0,3,2,0,0,AUT,0,Unknown,0,65.29,0,N
22,10,41,5,1,2,2,0,0,ESP,0,Unknown,0,95.0,0,N
95,7,29,14,2,4,2,0,0,SWE,0,Unknown,0,118.8,1,N
99,5,19,1,2,2,2,0,0,CHE,0,Unknown,0,89.25,0,Y
23,10,44,26,0,1,1,0,0,PRT,0,1,0,95.0,0,N
15,2,7,12,1,2,2,0,0,ROU,0,1,0,40.67,0,N
93,4,14,6,0,3,2,0,0,PRT,0,1,0,95.0,0,Y
407,5,18,6,2,1,2,0,0,PRT,0,1,0,90.0,0,Y
43,6,23,9,0,2,2,0,0,FRA,0,1,0,140.0,1,N
3,6,26,23,0,1,2,0,0,PRT,0,1,0,97.0,1,N
49,12,53,30,0,4,2,1,0,ITA,0,1,1,85.0,0,N
140,12,53,29,0,5,2,0,0,PRT,0,1,0,70.0,0,Y
14,11,46,10,0,1,1,0,0,PRT,0,1,0,99.0,0,Y
128,9,38,16,0,2,2,0,0,GBR,0,1,0,100.29,3,N
71,5,18,1,1,3,2,0,0,FRA,0,1,0,108.0,1,N
24,7,28,15,1,1,3,0,0,CHN,0,5,0,220.0,2,N
20,12,50,4,2,0,1,0,0,PRT,0,1,0,67.0,0,Y
208,12,49,1,0,3,2,0,0,PRT,0,1,1,72.25,1,Y
246,12,51,16,0,1,2,0,0,SGP,0,1,0,63.75,0,Y
59,2,6,6,2,2,2,0,0,AUT,0,1,0,62.0,0,N
110,12,50,9,0,4,2,0,0,FRA,0,1,0,70.0,0,N
7,6,24,8,0,3,3,0,0,SWE,0,4,0,173.67,2,N
111,4,17,27,1,3,2,0,0,PRT,0,1,0,120.0,0,Y
2,10,43,19,0,3,3,1,0,FRA,0,6,0,198.28,1,N
4,5,22,30,0,1,1,0,0,PRT,0,1,0,144.0,0,N
21,1,5,30,1,3,3,0,0,KOR,0,4,0,125.8,0,Y
161,4,17,28,1,2,3,0,0,IRL,0,4,0,166.5,0,N
32,3,10,10,2,7,3,0,0,DEU,0,5,0,131.47,0,N
18,7,29,18,1,1,3,0,0,PRT,0,1,0,108.75,0,N
0,8,32,8,0,1,2,0,0,FRA,0,1,0,85.0,0,N
51,10,43,17,1,1,3,0,0,DEU,0,4,0,158.4,1,Y
26,5,21,22,1,1,2,0,0,PRT,0,1,0,128.0,0,Y
287,8,33,16,0,1,2,0,0,DEU,0,1,0,107.1,0,Y
5,4,16,10,2,5,1,0,0,KWT,0,4,0,138.0,0,Y
159,8,32,5,0,1,1,1,0,PRT,0,1,0,118.3,0,Y
283,10,43,16,2,0,2,0,0,PRT,0,1,0,96.0,0,Y
80,9,36,3,1,3,2,0,0,PRT,0,1,0,62.83,1,N
0,3,12,15,0,0,2,0,0,PRT,0,1,0,0.0,0,N
197,7,30,23,2,1,3,0,0,CN,0,1,0,130.5,0,Y
55,4,15,6,0,1,2,0,0,PRT,0,1,0,104.0,0,N
58,11,48,20,2,1,2,0,0,FRA,0,1,0,75.0,1,N
29,9,37,4,2,0,2,0,0,US,0,4,0,130.15,1,Y
315,4,15,13,0,3,3,0,0,PRT,0,1,0,144.8,0,Y
12,2,8,22,0,3,2,0,0,NLD,0,1,1,87.76,0,N
52,8,34,24,0,2,2,0,0,DEU,0,1,0,149.0,1,Y
48,9,37,11,1,2,2,0,0,PRT,0,1,0,60.0,0,N
162,7,29,19,2,4,2,0,0,NLD,0,1,0,75.65,1,N
36,1,5,29,2,2,2,0,0,CHL,0,1,0,97.3,2,N
30,2,7,12,2,3,2,0,0,FRA,0,4,4,127.59,1,N
189,10,44,28,1,2,2,0,0,AUT,0,4,0,109.8,0,Y
5,8,33,9,0,3,2,0,0,ITA,0,1,0,151.0,0,Y
503,11,48,24,0,2,2,0,0,PRT,0,1,0,62.8,0,Y
145,4,15,14,1,2,2,0,0,FIN,0,4,0,99.85,0,N
313,12,49,1,0,3,2,0,0,GBR,0,4,0,91.8,1,N
31,8,34,26,0,1,2,0,0,DEU,0,1,1,195.0,4,N
41,8,33,12,0,2,2,0,0,PRT,0,1,0,62.0,0,Y
87,8,32,10,0,1,2,0,0,ESP,0,1,0,134.0,1,N
2,4,15,5,0,1,2,0,0,PRT,3,1,1,45.0,1,N
2,5,22,28,2,1,1,0,0,BEL,0,4,0,110.0,0,N
262,10,41,7,2,3,2,0,0,FRA,0,1,0,100.3,1,N
0,6,26,21,0,1,1,0,0,PRT,0,1,0,129.0,1,N
346,9,40,28,1,1,2,0,0,PRT,1,1,0,62.0,0,Y
67,7,31,24,2,3,2,0,0,ESP,0,1,0,105.3,3,N
32,3,11,13,1,2,1,0,0,DEU,0,1,0,65.07,0,N
339,9,39,21,1,1,2,0,0,PRT,1,1,0,62.0,0,Y
157,12,50,8,0,3,3,0,0,ITA,0,1,2,92.65,0,N
218,6,24,15,0,3,2,0,0,GBR,0,4,0,130.5,1,Y
141,6,26,27,2,5,1,0,0,PRT,0,1,0,130.0,0,Y
15,10,42,15,2,3,2,0,0,PRT,0,1,0,142.6,1,N
210,6,25,19,1,3,2,0,0,PRT,0,1,0,130.0,0,Y
330,6,23,2,0,2,2,0,0,PRT,0,1,0,62.0,0,Y
1,8,32,7,1,0,2,0,0,PRT,0,1,0,160.0,0,N
6,9,40,30,0,2,1,0,0,PRT,0,1,0,65.0,0,N
115,8,34,20,2,4,1,0,0,AUT,0,1,0,115.0,2,N
151,7,30,25,2,1,2,0,0,PRT,1,1,0,86.0,0,Y
12,10,41,7,0,1,2,0,0,PRT,0,1,0,119.7,0,N
24,2,5,4,0,1,2,2,0,GBR,0,6,0,188.0,0,Y
46,11,47,18,2,3,2,0,0,BRA,0,1,0,68.07,5,N
147,7,29,15,2,2,1,0,0,AUS,0,1,0,89.25,0,N
10,7,28,9,0,1,2,0,0,US,0,4,2,99.52,0,Y
72,5,18,4,0,1,3,0,0,BRA,0,4,2,189.0,0,Y
213,8,33,18,0,2,2,0,0,GBR,0,1,0,100.8,1,Y
143,9,39,21,1,4,2,0,0,GBR,0,1,0,129.6,2,Y
20,9,38,15,0,3,1,0,0,AGO,0,1,0,95.0,1,N
75,9,38,19,2,2,2,0,0,PRT,0,1,0,62.0,0,N
0,3,11,6,2,1,2,0,0,AGO,0,4,1,110.0,1,N
167,8,35,26,1,2,2,0,0,SVK,0,1,0,90.9,0,N
1,3,10,7,4,10,1,0,0,ITA,0,4,0,95.0,2,N
213,8,35,28,1,3,1,0,0,PRT,0,1,1,104.0,0,N
475,10,44,27,0,2,2,0,0,PRT,0,1,0,62.0,0,Y
52,3,10,3,0,3,2,0,0,GBR,0,1,0,78.3,0,Y
35,9,40,26,1,0,2,0,0,ESP,0,1,0,99.0,0,Y
12,10,44,25,2,1,2,0,0,PRT,1,1,0,111.0,0,Y
110,4,17,26,1,4,2,0,0,NOR,0,1,0,100.8,0,Y
296,9,39,21,0,4,2,0,0,PRT,0,1,0,85.0,0,Y
372,7,29,14,0,2,2,0,0,PRT,0,1,0,62.0,0,Y
0,6,22,3,0,1,2,0,0,US,0,1,0,106.28,0,N
140,4,17,28,2,2,2,0,0,FRA,0,1,2,130.0,2,N
69,5,21,22,1,3,2,0,0,BRA,0,4,0,205.2,0,Y
32,12,49,3,2,2,2,0,0,BEL,0,1,0,104.0,0,Y
18,12,51,18,0,1,1,0,0,PRT,0,1,0,74.0,0,N
13,3,11,14,0,2,1,0,0,PRT,0,Unknown,1,65.0,1,N
92,5,21,19,0,1,2,0,0,GBR,0,Unknown,0,135.0,0,N
180,3,11,15,0,3,2,0,0,FRA,0,Unknown,0,105.0,0,N
180,7,27,6,0,3,2,0,0,DEU,0,Unknown,0,89.1,0,Y
214,7,28,13,0,3,2,0,0,FRA,0,Unknown,1,99.9,1,N
299,8,33,12,0,2,2,0,0,PRT,1,Unknown,0,62.0,0,Y
140,11,47,18,0,3,1,0,0,PRT,0,Unknown,1,65.0,0,N
158,7,31,31,3,6,3,0,0,BEL,0,Unknown,0,132.5,1,N
130,9,40,29,0,3,2,0,0,NLD,0,4,1,139.5,2,N
174,5,21,23,0,3,2,0,0,GBR,0,1,1,99.0,1,N
137,8,33,18,0,1,3,0,0,GBR,0,4,1,195.0,1,N
118,6,24,6,1,3,1,0,0,PRT,0,1,2,110.0,1,N
114,5,21,16,1,1,2,0,0,DEU,0,1,0,94.5,0,N
10,5,21,21,1,0,2,0,0,FRA,0,4,1,170.0,1,N
80,2,9,27,1,3,2,0,0,ITA,0,1,0,74.8,1,Y
55,8,35,26,0,2,1,0,0,ESP,0,1,1,60.0,0,N
279,7,30,23,0,2,2,0,0,PRT,1,1,0,62.0,0,Y
117,10,44,29,2,3,2,0,0,GBR,0,4,0,122.94,1,N
73,4,14,2,2,2,2,0,0,DEU,0,1,0,80.75,0,N
39,6,24,11,2,2,2,0,0,PRT,0,1,0,112.0,3,N
61,9,36,5,2,2,2,0,0,PRT,0,1,0,62.0,0,Y
105,8,35,26,1,2,2,0,0,US,0,4,0,131.4,0,Y
137,1,5,27,0,2,1,0,0,PRT,1,1,0,70.0,0,Y
43,10,44,29,1,3,2,0,0,PRT,1,1,0,92.03,1,Y
105,10,42,12,0,3,2,0,0,PRT,0,1,0,75.0,0,N
205,8,34,25,0,1,2,0,0,DEU,0,1,0,99.0,0,N
149,8,33,17,0,2,1,2,0,PRT,0,1,0,152.5,1,Y
187,7,28,9,2,3,2,0,0,ROU,0,4,0,120.6,0,Y
36,9,40,28,0,3,1,0,0,DEU,0,1,2,76.0,0,N
43,5,19,10,0,1,2,0,0,ZAF,0,1,0,134.1,0,N
0,5,20,9,1,0,2,0,0,POL,0,1,0,89.0,0,N
178,8,33,10,0,4,2,0,0,BEL,0,1,0,89.25,0,Y
21,3,11,12,2,1,2,0,0,ESP,0,1,0,112.0,1,N
258,9,37,8,0,1,2,0,0,PRT,0,1,0,65.0,0,Y
41,3,12,22,0,3,2,0,0,BRA,0,1,1,75.0,0,N
49,5,19,6,0,2,2,0,0,ESP,0,1,0,85.0,0,N
256,6,25,15,0,2,2,0,0,DEU,0,1,0,112.0,1,N
462,7,26,1,2,1,2,0,0,GBR,0,1,0,112.67,1,N
43,6,25,20,1,5,1,0,0,US,0,1,1,101.33,1,N
4,4,14,8,2,1,1,0,0,DZA,1,4,0,110.0,0,Y
49,12,53,30,0,4,2,0,0,ITA,0,1,0,71.0,0,N
169,6,23,8,0,3,2,0,0,PRT,0,1,0,170.0,0,Y
87,4,15,15,2,2,2,0,0,PRT,0,1,0,95.0,0,Y
45,4,16,19,0,1,2,1,0,AUT,0,1,0,144.0,0,Y
243,7,30,26,0,4,2,0,0,PRT,0,1,0,110.0,0,Y
29,12,52,19,1,3,2,0,0,FRA,0,1,0,88.4,0,N
30,8,32,6,0,1,2,2,0,POL,0,6,2,216.9,1,N
175,7,27,6,0,3,2,0,0,DEU,0,4,0,117.9,0,Y
99,2,8,19,0,1,2,0,0,PRT,1,1,0,80.0,0,Y
155,12,53,29,2,3,2,2,0,GBR,0,6,0,148.58,1,Y
29,12,52,19,1,3,1,0,0,FRA,0,1,0,88.4,0,N
7,7,28,12,2,4,2,0,0,BEL,0,1,0,126.0,1,N
2,3,13,29,0,1,1,0,0,PRT,1,1,0,80.0,1,N
75,5,21,27,2,2,2,0,0,BEL,0,1,0,99.0,0,N
6,8,34,19,0,3,2,0,0,BEL,0,4,0,79.0,0,N
40,10,41,5,1,1,2,0,0,ITA,0,1,0,70.0,0,N
129,7,28,4,1,0,1,0,0,PRT,0,5,1,106.0,0,N
143,8,34,20,2,1,2,0,0,ESP,0,1,0,125.0,0,Y
52,3,11,13,1,1,1,0,0,PRT,0,1,0,80.0,0,Y
36,1,1,3,0,5,1,0,0,ESP,0,1,0,107.0,1,Y
3,9,39,19,1,2,1,0,0,PRT,0,4,0,110.0,0,N
48,5,22,24,0,2,2,0,0,PRT,0,4,0,140.4,1,N
151,1,4,19,0,3,1,0,0,PRT,0,1,0,80.0,0,Y
34,10,43,18,1,0,2,0,0,PRT,0,1,0,76.5,0,N
0,9,38,16,1,2,1,0,0,GRC,0,1,1,174.33,0,N
96,4,15,9,2,1,2,0,0,BEL,0,1,0,89.1,0,N
53,4,15,13,1,3,2,0,0,NLD,0,4,0,100.0,1,N
71,6,25,14,0,3,1,0,0,PRT,0,1,0,100.0,0,Y
178,4,18,28,0,3,1,0,0,PRT,1,1,0,100.0,0,Y
8,5,22,25,0,1,2,0,0,PRT,0,1,0,100.0,1,N
295,8,32,8,2,1,2,0,0,PRT,1,1,0,100.0,0,Y
74,4,15,9,2,1,2,2,0,PRT,0,6,1,100.0,0,N
274,4,15,7,0,2,2,0,0,PRT,0,1,0,100.0,0,Y
121,5,19,2,1,0,2,0,0,FIN,0,1,6,100.0,1,N
304,8,34,17,1,1,2,0,0,PRT,1,1,0,100.0,0,Y
17,1,5,29,2,4,3,0,0,TUR,0,5,0,100.0,1,Y
46,3,11,12,1,1,2,0,0,NZL,0,1,0,100.0,1,N
26,6,27,26,2,1,2,0,0,DEU,0,1,0,137.67,1,Y
300,8,33,13,0,2,2,0,0,PRT,1,1,0,62.0,0,Y
41,12,53,30,0,3,2,0,0,FRA,0,4,0,119.0,0,N
93,8,34,24,1,3,3,0,0,US,0,4,2,192.0,0,Y
94,4,18,28,0,2,2,0,0,DEU,0,1,0,111.6,0,N
80,9,40,26,1,2,1,0,0,DEU,0,1,0,0.0,0,N
23,1,1,2,2,1,2,0,0,ITA,0,1,0,109.0,0,N
11,12,52,19,1,2,1,0,0,FIN,0,1,0,86.0,0,N
31,10,44,27,0,3,2,0,0,THA,0,1,3,129.0,2,N
264,7,29,20,0,2,2,0,0,ISR,0,1,0,89.1,0,Y
69,6,25,12,2,4,1,0,0,PRT,0,1,0,120.0,0,Y
147,8,34,21,1,2,2,0,0,ESP,0,1,2,101.88,0,Y
82,3,10,8,0,4,2,0,0,ITA,0,1,0,74.8,0,N
261,10,42,16,0,1,2,0,0,PRT,1,1,0,120.0,0,Y
61,1,4,25,0,2,2,0,0,PRT,0,1,0,80.0,0,Y
226,7,28,9,2,1,2,0,0,PRT,0,1,0,110.0,0,Y
82,5,18,3,0,2,2,0,0,PRT,0,1,0,130.0,0,Y
315,4,17,29,1,1,2,0,0,DEU,0,1,0,99.0,1,N
121,5,20,14,1,1,2,0,0,PRT,0,1,0,96.0,0,Y
12,2,8,20,1,1,1,0,0,ESP,0,1,0,90.0,0,N
0,6,25,16,0,1,2,0,0,PRT,0,1,0,0.0,0,Y
121,6,27,26,2,5,2,0,0,PRT,0,1,0,95.81,0,N
130,3,11,14,2,5,2,0,0,DEU,0,1,0,93.6,2,Y
409,5,22,31,0,4,2,0,0,AUS,0,1,1,107.0,1,N
52,12,50,4,2,2,2,0,0,ITA,0,1,0,74.8,0,Y
101,4,15,4,1,2,2,0,0,PRT,0,1,0,80.0,0,Y
98,8,33,16,2,4,3,0,0,CHE,0,4,0,195.0,0,Y
214,6,23,9,1,2,2,0,0,GBR,0,4,1,118.13,0,N
16,12,50,8,0,2,2,0,0,PRT,0,1,0,75.0,0,N
245,6,25,17,0,2,2,0,0,PRT,0,1,0,75.0,0,Y
6,7,28,9,2,0,1,0,0,PRT,0,4,0,95.0,1,Y
69,4,17,22,1,2,2,0,0,FRA,0,4,0,118.8,0,Y
0,10,43,22,0,1,2,0,0,PRT,0,1,0,120.0,0,N
66,4,15,9,2,0,2,0,0,PRT,0,1,0,100.0,0,Y
287,7,30,23,2,1,2,0,0,PRT,1,1,0,95.4,1,Y
72,4,14,4,0,5,3,0,0,BEL,0,4,0,162.0,2,N
161,5,22,22,2,1,2,0,0,GBR,0,4,0,114.3,1,N
66,6,25,20,0,3,2,0,0,POL,0,4,0,170.0,1,N
58,4,17,21,2,3,2,0,0,FRA,0,5,0,96.08,0,N
115,3,13,20,2,0,1,0,0,PRT,1,1,0,70.0,0,Y
36,8,32,8,0,2,2,2,0,FRA,0,6,0,250.0,0,Y
66,9,38,15,0,2,2,0,0,CHE,0,4,0,149.4,0,Y
353,10,41,5,1,1,2,0,0,PRT,1,1,0,62.0,0,Y
200,5,20,20,2,1,2,0,0,AUT,0,4,0,138.6,0,Y
117,3,13,28,0,3,3,1,0,ITA,0,5,0,145.2,0,N
229,10,43,21,2,2,2,0,0,NLD,0,1,0,80.75,2,N
302,8,33,15,2,2,2,0,0,PRT,1,1,0,62.0,0,Y
97,4,15,10,1,3,2,0,0,ESP,0,1,0,110.25,0,N
130,4,16,13,0,4,2,0,0,PRT,1,1,0,100.0,0,Y
56,5,23,30,1,0,1,0,0,PRT,0,1,0,120.0,0,Y
2,1,5,29,0,2,2,0,0,PRT,0,1,0,101.0,1,N
164,8,33,14,1,3,2,1,0,FRA,0,1,0,148.5,0,Y
60,11,47,18,1,2,2,0,0,BEL,0,1,0,93.6,1,N
275,10,41,5,1,4,2,0,0,PRT,0,1,0,90.0,0,Y
144,5,18,6,2,1,2,0,0,FRA,0,1,0,90.0,1,N
167,6,27,28,0,4,2,0,0,BRA,0,1,0,80.75,0,Y
174,7,31,31,1,3,2,0,0,ESP,0,4,0,184.5,0,Y
69,10,44,25,2,1,2,0,0,PRT,0,1,0,85.67,0,N
185,8,35,30,1,4,2,0,0,CHE,0,1,0,99.0,1,N
155,7,27,3,1,5,1,0,0,FIN,0,4,0,116.1,0,N
215,11,48,21,1,2,1,0,0,ROU,0,1,2,75.0,1,N
156,4,17,26,0,3,2,0,0,PRT,0,1,0,100.0,0,Y
312,8,35,25,0,4,2,0,0,PRT,1,1,0,62.0,0,Y
1,7,28,5,0,2,1,0,0,PRT,0,1,0,99.33,1,N
29,12,52,23,1,2,2,0,0,BEL,0,1,0,104.0,0,N
0,9,39,21,1,2,2,0,0,FRA,0,1,0,125.7,0,N
175,6,22,2,0,2,2,0,0,ESP,0,1,0,144.0,0,Y
131,8,35,27,2,3,2,0,0,DEU,0,4,0,89.1,0,N
16,5,20,19,1,2,1,0,0,POL,0,1,0,160.0,1,N
107,8,33,12,0,1,2,0,0,PRT,0,2,0,76.5,0,N
33,5,22,25,0,1,2,0,0,PRT,0,1,0,108.9,0,N
56,9,37,5,1,3,1,0,0,SWE,0,4,0,123.98,2,N
20,6,24,13,0,1,1,0,0,DEU,0,1,1,95.0,0,N
68,7,31,26,0,2,2,1,0,FRA,0,1,0,111.25,0,N
186,5,22,30,0,2,2,0,0,PRT,0,1,0,130.0,0,Y
14,8,32,9,0,3,4,0,0,PRT,0,7,0,275.9,0,N
384,7,30,20,0,2,2,0,0,PRT,0,1,0,65.0,0,Y
118,5,20,20,1,1,2,0,0,FRA,0,4,0,135.0,0,N
26,11,45,3,0,4,1,0,0,PRT,1,1,0,85.85,1,Y
183,10,42,11,0,1,1,0,0,FRA,0,1,0,98.1,0,Y
330,9,37,12,2,2,2,0,0,PRT,1,1,0,62.0,0,Y
297,8,33,10,1,1,2,0,0,PRT,1,1,0,62.0,0,Y
136,2,6,9,1,3,2,0,0,BEL,0,1,0,74.8,3,Y
440,9,39,22,0,2,2,0,0,PRT,0,1,0,62.0,0,Y
20,5,19,10,0,2,1,0,0,PRT,0,4,1,110.0,0,Y
230,9,37,6,0,5,1,0,0,FRA,0,1,0,111.0,0,N
62,4,14,6,0,3,1,0,0,PRT,0,Unknown,0,135.0,0,Y
29,1,1,4,0,3,2,1,0,DEU,0,Unknown,0,95.0,0,N
192,6,26,24,0,2,1,0,0,GBR,0,Unknown,0,95.0,0,N
115,3,13,20,2,0,1,0,0,PRT,1,Unknown,0,70.0,0,Y
176,4,15,9,1,1,2,0,0,PRT,1,Unknown,0,125.0,0,Y
71,11,45,3,0,3,2,0,0,ESP,0,Unknown,0,79.2,3,N
83,6,27,27,1,2,2,0,0,IRL,0,Unknown,0,74.1,0,N
41,3,12,13,2,1,2,0,0,POL,0,Unknown,0,85.67,0,N
278,3,12,25,2,1,2,0,0,PRT,0,Unknown,0,90.0,0,Y
175,8,36,31,0,4,2,0,0,SWE,0,Unknown,0,112.63,0,Y
54,3,14,28,1,4,2,0,0,FRA,0,5,0,95.36,0,N
71,9,39,22,0,3,1,0,0,DEU,0,1,1,85.0,0,N
323,5,22,26,0,2,2,0,0,PRT,0,1,0,62.0,0,Y
59,4,18,28,0,3,2,0,0,CHE,0,1,0,80.75,0,N
122,5,20,12,0,3,2,0,0,DEU,0,4,0,121.5,1,N
138,8,34,22,2,1,2,0,0,ITA,0,1,0,94.5,0,Y
55,9,37,6,2,0,2,0,0,PRT,0,1,0,75.0,0,Y
35,5,19,10,0,1,2,0,0,PRT,0,1,0,130.0,0,Y
18,6,23,5,1,1,2,0,0,CHE,0,1,0,130.0,1,N
99,7,30,21,0,1,2,1,0,ESP,0,1,0,130.5,0,Y
206,6,27,30,1,3,2,0,0,US,0,5,0,101.83,0,N
60,9,36,2,0,2,2,0,0,BRA,0,4,0,123.3,0,Y
118,6,24,6,1,3,1,0,0,HUN,0,1,1,110.0,0,N
65,10,43,19,1,2,2,0,0,SWE,0,1,0,111.0,0,N
22,6,23,7,0,2,3,0,0,JPN,0,4,0,144.4,1,N
104,5,20,15,1,2,1,0,0,PRT,0,1,0,160.0,0,Y
52,4,15,11,0,3,2,0,0,PRT,0,1,0,100.8,1,Y
140,11,47,18,0,3,2,0,0,PRT,0,1,0,75.0,1,N
0,8,35,29,0,1,1,0,0,PRT,0,1,0,0.0,2,N
54,4,18,30,1,1,1,0,0,GBR,0,1,1,91.13,0,Y
71,11,47,19,2,2,2,0,0,PRT,0,1,0,88.4,1,Y
69,4,16,19,0,4,2,0,0,PRT,0,1,0,100.0,0,Y
103,4,17,19,0,2,1,0,0,PRT,0,1,0,115.0,0,Y
98,11,48,23,1,2,1,0,0,PRT,0,1,0,70.0,0,Y
0,9,39,22,0,1,2,0,0,PRT,0,1,0,0.0,0,N
38,12,53,31,0,3,2,0,0,FRA,0,1,0,118.0,1,N
87,1,2,5,0,5,2,2,0,PRT,1,6,0,153.0,0,Y
146,8,32,5,0,1,2,0,0,GBR,0,1,0,81.25,1,N
332,9,38,14,1,1,2,0,0,PRT,1,1,0,62.0,0,Y
10,4,16,16,2,2,3,0,0,DEU,0,5,0,250.0,2,N
198,5,21,20,0,1,1,0,0,PRT,0,1,1,57.5,0,Y
232,7,31,30,1,0,2,0,0,BGR,0,1,0,130.5,2,N
49,6,24,12,1,3,2,0,1,PRT,0,1,0,89.1,0,Y
130,5,19,5,0,3,2,1,0,ESP,0,1,2,104.4,1,N
141,6,24,16,1,2,1,0,0,PRT,0,4,0,104.0,0,Y
0,6,23,10,0,1,2,0,0,PRT,0,1,0,144.0,2,N
29,2,5,3,1,2,2,1,0,CHN,0,1,0,106.2,0,Y
46,3,11,10,0,2,1,0,0,NLD,0,1,2,82.9,1,N
4,3,13,26,0,1,3,0,0,KOR,0,4,0,187.0,1,N
33,6,25,19,1,1,1,0,0,GBR,0,4,2,150.0,1,Y
7,10,43,22,0,1,1,0,0,PRT,1,1,0,65.0,0,N
7,4,16,11,1,0,1,0,0,NLD,0,1,0,89.0,0,N
108,5,18,5,0,2,2,0,0,ESP,0,1,0,126.0,0,Y
29,2,8,19,2,2,2,0,0,GBR,0,1,0,85.0,1,N
63,8,31,5,2,3,2,0,0,DNK,0,1,0,160.0,1,Y
30,12,52,22,1,3,2,2,0,KOR,0,6,0,156.9,0,N
72,1,3,19,0,3,2,0,0,ITA,0,4,0,102.6,1,Y
74,5,20,19,1,2,1,0,0,GBR,0,1,0,144.0,0,N
74,12,52,22,2,5,2,0,0,PRT,0,4,0,70.88,1,Y
74,7,29,14,0,2,2,0,0,PRT,0,1,0,62.0,0,Y
74,7,30,19,0,4,2,0,0,PRT,0,1,0,72.25,0,Y
74,12,50,9,0,2,1,0,0,PRT,0,1,0,62.0,0,N
74,11,45,3,0,2,2,0,0,PRT,0,1,0,62.8,0,Y
74,9,36,5,2,2,2,0,0,PRT,1,1,0,62.0,0,Y
74,9,37,9,0,2,2,0,0,PRT,1,1,0,62.0,0,Y
74,6,27,29,0,2,3,0,0,PRT,0,1,0,146.7,2,N
88,3,10,8,0,3,2,0,0,IRL,0,4,0,106.2,3,N
420,9,36,3,2,2,2,0,0,PRT,0,1,0,75.0,0,Y
302,8,33,15,2,2,2,0,0,PRT,1,1,0,62.0,0,Y
44,4,16,20,1,3,2,0,0,DEU,0,1,0,85.0,0,N
479,8,32,9,0,3,2,0,0,GBR,0,1,0,112.67,2,N
133,4,16,19,0,4,2,0,0,LTU,0,1,0,124.0,0,N
150,6,24,17,2,3,1,0,0,PRT,0,1,0,120.0,0,Y
3,12,50,5,1,0,1,0,0,PRT,0,1,0,67.0,1,N
106,8,33,13,2,3,2,0,0,FRA,0,1,2,154.0,1,N
20,12,52,21,2,4,2,0,0,ROU,0,4,0,96.9,2,N
99,6,25,19,1,2,2,0,0,FRA,0,1,0,126.0,0,Y
138,3,13,23,1,4,2,2,0,SWE,0,6,1,152.45,0,N
184,5,20,20,2,2,1,0,0,FIN,0,1,0,142.88,2,N
2,5,23,31,0,3,1,0,0,PRT,0,1,0,87.78,0,N
53,8,35,24,1,1,2,0,0,ESP,0,1,0,62.0,0,N
44,7,28,10,1,1,2,0,0,CN,0,1,0,80.1,2,N
1,3,10,11,0,1,2,0,0,BRA,0,1,0,74.48,0,N
309,5,20,12,0,2,2,0,0,PRT,0,1,0,62.0,0,Y
96,6,25,19,1,2,2,0,0,GBR,0,1,0,126.0,2,N
236,4,15,9,2,5,2,0,0,BEL,0,4,3,170.36,1,Y
163,12,53,26,1,2,3,0,0,US,0,4,0,122.4,2,N
90,3,10,7,0,3,2,0,1,BRA,0,4,3,106.2,3,N
115,3,13,20,2,0,1,0,0,PRT,1,1,0,70.0,0,Y
4,2,6,6,0,1,2,0,0,PRT,0,1,0,81.0,0,N
30,8,32,8,2,1,3,0,0,ITA,0,1,1,124.7,1,N
104,5,20,15,1,2,1,0,0,PRT,0,1,0,160.0,0,Y
156,4,17,26,0,3,2,0,0,PRT,0,1,0,100.0,0,Y
39,6,23,9,0,2,3,0,0,ESP,0,5,0,220.0,1,N
21,8,33,13,2,0,2,0,0,GBR,0,1,0,160.0,2,N
15,12,49,5,2,1,2,0,0,DEU,0,1,0,38.67,1,N
76,9,38,16,0,2,2,0,0,PRT,0,1,0,0.0,0,N
165,7,32,31,2,4,2,0,0,CN,0,1,0,72.25,2,N
3,9,39,24,2,4,1,0,0,PRT,0,1,1,170.0,0,N
9,2,8,25,2,2,2,0,0,PRT,0,1,0,68.0,0,Y
10,9,36,3,0,3,2,0,0,PRT,0,1,0,117.67,1,N
0,6,26,21,0,2,1,0,0,PRT,0,1,1,101.7,1,N
65,9,36,5,1,1,2,0,0,PRT,0,1,0,62.0,0,Y
0,8,33,13,0,2,2,0,0,PRT,0,4,0,89.0,1,Y
26,4,16,13,0,1,2,0,0,PRT,0,4,0,126.0,1,N
192,9,39,25,2,3,2,0,0,PRT,0,1,0,102.0,0,N
22,10,42,13,0,1,1,0,0,ESP,0,1,0,67.0,0,N
115,2,9,27,2,6,1,0,0,PRT,0,1,1,64.75,0,Y
386,10,44,23,2,0,2,0,0,DEU,0,1,0,115.0,1,N
342,9,39,24,0,2,2,0,0,PRT,1,1,0,62.0,0,Y
86,10,42,10,1,2,2,0,0,FRA,0,1,0,108.0,2,Y
351,6,26,23,0,2,2,0,0,PRT,0,1,0,62.0,0,Y
277,11,46,7,1,2,2,0,0,PRT,0,1,0,100.0,0,Y
1,5,21,24,0,1,2,2,0,GBR,0,6,1,216.0,1,N
118,5,20,9,1,2,2,0,0,DEU,0,1,0,105.3,1,N
265,6,26,24,0,2,1,0,0,PRT,0,1,1,90.0,0,N
73,6,24,12,1,1,2,0,0,ESP,0,1,0,80.1,1,N
128,5,19,12,0,2,2,0,0,GBR,0,1,0,126.0,1,Y
7,12,50,9,0,2,1,0,0,IRL,0,1,0,100.0,0,N
53,3,11,13,1,4,2,0,0,FRA,0,1,0,92.02,1,N
35,8,32,4,1,3,2,0,0,FRA,0,1,0,85.0,2,N
257,7,27,1,0,2,2,0,0,PRT,0,1,0,101.5,0,N
273,7,29,17,0,2,2,0,0,PRT,0,1,0,109.0,0,N
118,6,24,6,1,1,2,0,0,PRT,0,1,1,120.0,0,Y
231,12,49,2,1,2,2,0,0,DEU,0,1,0,78.3,2,Y
305,12,50,8,1,3,2,0,0,GBR,0,1,0,63.75,1,Y
330,6,23,2,0,2,2,0,0,PRT,0,1,0,62.0,0,Y
85,10,41,6,1,3,2,0,0,CN,0,1,0,85.0,1,N
75,10,45,30,2,0,2,0,0,PRT,0,1,0,105.0,0,Y
3,4,18,24,1,0,2,0,0,PRT,0,1,0,89.0,1,N
19,10,41,3,1,2,2,0,0,NLD,0,1,0,149.0,0,Y
114,7,27,4,0,1,2,0,0,CN,0,4,0,108.0,1,N
6,1,1,2,1,3,2,0,0,ESP,0,1,0,96.9,0,Y
55,4,15,6,0,1,2,0,0,PRT,0,1,0,104.0,0,N
17,2,7,13,1,2,2,0,0,DEU,0,1,0,108.0,1,N
16,11,45,4,0,2,1,0,0,PRT,1,1,0,95.0,0,Y
320,8,34,18,0,2,2,0,0,DEU,0,1,0,115.0,1,N
31,2,8,20,2,1,2,0,0,BEL,0,1,0,83.9,1,N
18,2,9,22,1,0,1,0,0,FIN,0,1,0,85.0,0,N
13,4,14,2,2,2,2,0,0,FRA,0,1,0,120.0,0,Y
50,5,20,14,2,2,2,1,0,BRA,0,4,0,115.58,2,N
62,8,36,30,0,5,2,0,0,IRL,0,4,0,111.6,0,Y
47,4,17,18,1,1,2,0,0,IRL,0,1,0,85.5,0,Y
330,9,37,12,2,2,2,0,0,PRT,1,1,0,62.0,0,Y
0,8,33,11,0,3,2,0,0,FRA,0,1,1,124.0,0,N
68,4,16,14,1,3,2,0,0,SWE,0,4,0,112.2,0,Y
86,6,22,2,1,2,2,0,0,ITA,0,Unknown,0,180.0,0,Y
99,5,18,4,1,3,2,0,0,IRL,0,Unknown,0,135.0,1,N
19,5,20,15,1,3,3,0,0,CHN,0,Unknown,0,216.0,0,Y
133,7,30,27,0,3,2,0,0,PRT,0,Unknown,0,139.51,1,N
123,9,39,20,1,5,2,0,0,GBR,0,Unknown,0,143.1,1,Y
20,7,30,25,0,2,2,0,0,ESP,0,Unknown,0,140.0,1,Y
396,6,26,25,2,0,1,0,0,DEU,0,Unknown,1,95.5,1,N
23,5,21,21,1,1,1,0,0,US,0,Unknown,1,156.0,0,Y
170,6,27,27,1,1,2,0,0,PRT,0,Unknown,2,105.3,1,N
41,12,53,27,0,1,2,0,0,BRA,0,Unknown,0,65.0,1,N
1,1,2,7,0,1,1,0,0,PRT,0,Unknown,1,45.0,0,N
85,1,1,3,0,3,1,0,0,AUS,0,Unknown,2,79.2,2,N
107,6,22,2,1,2,3,0,0,CHE,0,Unknown,0,214.2,0,Y
256,3,12,24,0,2,2,0,0,ITA,0,Unknown,0,90.0,0,Y
239,6,25,15,0,2,2,0,0,PRT,0,Unknown,0,112.2,0,Y
153,6,24,13,0,4,2,0,0,AUT,0,Unknown,0,137.25,1,N
51,3,11,11,1,2,2,0,0,ARG,0,Unknown,0,76.5,0,Y
110,10,42,9,1,0,1,0,0,NLD,0,Unknown,1,120.0,0,N
45,7,27,2,2,0,2,0,0,CHN,0,Unknown,0,98.1,1,Y
201,9,37,8,1,3,2,0,0,POL,0,Unknown,0,119.85,2,N
194,4,13,1,1,1,2,0,0,FRA,0,Unknown,0,75.0,0,N
17,9,38,14,1,2,2,0,0,GBR,0,Unknown,0,84.0,0,N
134,4,15,10,1,3,2,0,0,AUT,0,Unknown,0,119.25,2,N
4,7,29,17,1,1,1,0,0,PRT,0,Unknown,0,65.0,2,N
3,3,13,27,1,0,2,0,0,PRT,0,Unknown,1,146.0,0,N
209,8,34,20,8,18,2,1,0,AGO,0,Unknown,3,127.99,1,Y
116,2,10,28,2,1,1,0,0,PRT,0,Unknown,0,61.0,0,Y
139,7,29,13,2,7,2,1,0,PRT,0,Unknown,0,86.92,0,Y
77,6,26,19,2,3,3,0,0,ESP,0,Unknown,0,153.18,2,N
16,12,53,28,2,4,2,0,0,PRT,0,Unknown,0,76.67,0,Y
2,6,23,2,0,1,1,0,0,PRT,0,Unknown,0,109.0,0,N
44,2,8,17,0,3,2,0,0,PRT,0,Unknown,0,75.0,0,Y
55,9,37,6,2,0,2,0,0,ESP,0,Unknown,0,75.0,0,N
176,7,27,7,0,1,1,0,0,PRT,0,Unknown,1,85.68,0,N
12,7,29,11,1,1,1,0,0,JPN,0,Unknown,0,145.0,1,N
88,4,15,4,1,2,2,0,0,POL,0,Unknown,0,90.3,1,N
281,4,16,14,0,2,2,0,0,PRT,0,Unknown,0,62.0,0,Y
220,11,49,29,2,5,2,0,0,ROU,0,Unknown,0,73.95,2,N
10,10,41,2,2,1,2,0,0,FRA,0,Unknown,0,85.0,0,N
108,4,17,24,1,2,2,0,0,FRA,0,Unknown,0,108.0,1,N
12,2,9,26,0,2,2,0,0,BEL,0,Unknown,0,93.0,1,N
108,3,10,10,1,2,2,0,0,FRA,0,Unknown,0,97.2,2,N
34,1,4,22,1,2,1,0,0,GBR,0,Unknown,0,99.3,1,N
3,9,39,25,1,2,2,0,0,JPN,0,Unknown,0,170.0,0,N
34,4,14,2,1,1,2,0,0,CHN,0,Unknown,0,131.4,1,N
58,11,48,20,2,1,2,0,0,FRA,0,Unknown,0,75.0,1,N
117,7,30,29,2,1,2,0,0,ITA,0,Unknown,0,80.1,0,N
320,8,34,18,0,2,2,0,0,DEU,0,Unknown,0,115.0,1,N
14,10,42,15,0,1,1,0,0,PRT,1,Unknown,0,100.0,0,Y
57,3,11,16,0,3,2,0,0,ITA,0,Unknown,0,75.0,0,N
3,8,34,16,2,0,2,0,0,PRT,0,Unknown,0,75.0,1,N
13,6,23,5,1,2,2,0,0,FRA,0,Unknown,0,186.67,2,N
321,9,36,3,0,2,2,0,0,PRT,1,Unknown,0,62.0,0,Y
396,6,26,25,2,0,2,0,0,DEU,0,Unknown,0,122.4,1,N
6,8,33,18,0,2,2,0,0,SWE,0,Unknown,0,136.8,2,N
82,5,22,29,1,4,2,0,0,NOR,0,Unknown,0,126.0,0,Y
219,9,40,30,1,2,2,0,0,PRT,0,Unknown,0,120.0,0,Y
290,8,32,3,1,3,2,0,0,PRT,1,Unknown,0,62.0,0,Y
159,9,39,19,1,2,1,0,0,PRT,0,Unknown,1,122.0,0,Y
36,11,48,25,0,4,1,0,0,TUR,0,Unknown,0,89.89,2,N
82,5,19,11,0,2,3,0,0,IRL,0,Unknown,1,240.0,3,N
0,10,43,24,0,1,2,0,0,ESP,0,Unknown,0,102.5,0,N
102,4,17,24,1,3,1,0,0,IRL,0,1,1,90.0,0,N
0,12,53,29,0,1,2,0,0,JPN,0,1,0,105.0,0,N
4,9,40,25,2,0,2,0,0,ESP,0,1,1,160.0,0,N
166,7,29,21,1,2,2,0,0,ESP,0,1,0,122.7,0,Y
96,5,18,1,1,3,2,0,0,FRA,0,1,0,85.0,0,N
76,9,38,16,0,2,2,0,0,PRT,0,1,0,62.0,0,Y
181,5,20,11,0,4,2,0,0,GBR,0,4,0,117.73,1,N
49,9,37,5,1,2,1,0,0,USA,0,4,0,115.5,1,Y
43,5,18,2,0,3,3,0,0,FRA,0,5,0,240.7,0,Y
99,2,8,19,0,1,1,0,0,PRT,0,1,0,80.0,0,N
233,9,38,18,0,1,2,0,0,PRT,1,1,0,100.0,0,Y
6,8,35,23,0,1,2,0,0,FRA,0,1,0,140.0,1,N
10,7,28,15,0,1,2,0,0,GBR,0,1,0,98.0,1,Y
248,2,7,14,0,5,1,0,0,PRT,0,1,0,80.75,0,Y
35,10,44,28,1,2,2,0,0,TUR,0,1,0,129.0,1,N
10,4,15,7,0,3,2,0,0,FRA,0,1,0,111.0,0,Y
162,6,26,28,0,4,2,0,0,FRA,0,1,2,117.85,3,N
76,11,47,14,1,3,2,0,0,POL,0,1,0,89.7,1,N
74,3,12,24,2,6,0,2,0,ARE,0,2,0,84.73,0,Y
74,1,2,11,2,5,2,0,0,PRT,0,1,0,76.94,2,N
74,5,19,4,0,1,1,0,0,PRT,0,1,0,95.0,0,N
368,6,26,28,0,3,2,0,0,PRT,0,1,0,90.0,0,Y
74,1,1,7,2,3,2,1,0,USA,0,4,4,108.0,3,N
62,4,14,1,1,2,2,0,0,FRA,0,4,0,106.2,0,N
152,5,18,3,0,3,2,0,0,PRT,0,1,0,100.0,0,Y
110,10,42,9,2,2,2,0,0,PRT,0,1,4,130.0,2,Y
74,1,1,6,2,2,3,0,0,DEU,0,5,0,144.29,1,N
13,9,38,13,2,2,2,0,1,ISR,0,1,0,102.0,2,N
238,10,41,6,0,3,2,0,0,ESP,0,4,0,140.4,0,Y
148,7,27,1,2,6,2,0,0,ESP,0,1,0,98.39,2,N
74,10,41,6,0,2,2,0,0,PRT,0,1,1,114.0,1,Y
76,1,1,3,2,9,3,0,0,FRA,0,4,0,130.9,3,Y
12,2,7,7,1,0,2,0,0,THA,0,1,0,93.0,2,Y
267,9,40,30,1,2,2,0,0,PRT,0,1,0,95.0,0,Y
35,10,42,17,1,1,2,0,0,ESP,0,1,0,104.85,1,N
2,10,44,27,0,2,1,0,0,USA,0,1,0,139.0,3,N
17,2,7,13,1,3,2,0,0,FRA,0,1,0,74.8,0,N
192,7,31,25,1,4,3,0,0,AUT,0,5,1,117.3,1,N
84,7,30,27,2,5,2,0,0,SLE,0,1,0,121.43,1,N
52,3,13,21,1,0,2,0,0,DEU,0,1,0,99.0,1,N
134,2,8,25,0,1,1,0,0,PRT,0,1,0,75.0,0,N
68,2,8,17,0,2,2,0,0,PRT,1,1,0,75.0,0,Y
2,7,30,25,2,2,2,0,0,PRT,0,1,0,62.0,0,N
84,5,21,22,1,1,2,0,0,BEL,0,1,0,144.0,0,N
31,9,37,5,1,2,4,0,0,PRT,0,7,0,197.65,1,N
55,12,53,31,0,3,2,0,0,PRT,0,1,0,71.33,0,N
0,8,34,20,1,0,3,0,0,PRT,0,4,0,198.0,0,N
0,10,45,30,1,0,1,0,0,GBR,0,1,0,140.0,0,N
138,6,24,17,2,2,1,1,0,GBR,0,1,0,72.42,1,N
32,4,16,16,1,1,3,0,0,GBR,0,1,0,142.2,2,N
54,11,47,18,2,2,2,0,0,USA,0,1,0,74.8,1,N
3,2,9,27,1,1,1,0,0,ZAF,0,1,1,88.0,2,N
250,7,29,21,0,1,2,2,0,GBR,0,6,2,100.0,0,N
154,8,32,12,2,3,2,0,0,RUS,0,1,0,112.5,0,Y
18,5,23,30,1,3,2,0,0,FRA,0,1,0,80.75,0,N
212,10,43,16,2,1,2,0,0,IRL,0,1,1,96.3,2,N
0,8,33,8,1,0,3,0,0,PRT,0,5,0,188.0,0,N
37,5,18,2,0,4,2,0,0,NLD,0,1,0,135.2,1,N
154,8,33,17,1,3,2,0,0,PRT,0,1,0,80.1,1,N
19,7,28,9,2,2,2,0,0,GBR,0,1,1,150.0,2,N
215,9,40,28,0,2,2,0,0,PRT,0,1,0,97.71,0,Y
2,6,27,30,0,1,2,0,0,ESP,0,1,0,75.0,0,N
129,1,2,8,2,1,1,0,0,PRT,0,4,0,67.0,0,Y
1,9,38,18,0,1,1,0,0,PRT,0,1,0,0.0,1,N
496,11,47,17,0,2,2,0,0,PRT,0,1,0,62.8,0,Y
10,10,41,5,1,3,2,0,0,NOR,0,1,0,135.5,1,N
96,5,19,11,0,3,2,0,0,DEU,0,5,0,139.2,0,N
0,10,43,23,2,2,1,0,0,USA,0,1,0,96.0,0,N
454,10,41,6,0,2,2,0,0,PRT,0,1,0,62.0,0,Y
264,4,15,12,0,3,2,0,0,DEU,0,1,0,99.0,1,Y
0,4,18,30,1,0,1,0,0,FRA,0,1,1,88.56,0,N
56,4,17,22,0,2,2,0,0,PRT,0,4,0,119.1,1,N
270,7,30,27,0,3,1,0,0,GBR,0,1,1,89.1,3,N
174,6,22,1,0,3,2,0,0,PRT,0,1,0,110.0,0,Y
426,9,37,8,0,2,2,0,0,PRT,0,1,0,62.0,0,Y
57,9,38,16,0,2,1,0,0,ITA,0,1,0,91.0,0,N
4,5,20,10,0,1,1,0,0,PRT,0,1,0,65.0,0,N
215,11,48,21,1,2,1,0,0,PRT,0,1,2,75.0,1,N
80,5,19,2,1,1,2,0,0,FRA,0,1,2,126.9,1,N
10,2,8,25,1,1,3,0,0,GBR,0,4,0,163.0,0,Y
13,1,1,6,2,2,2,0,0,FRA,0,1,0,100.0,1,Y
77,10,41,7,1,2,2,0,0,ESP,0,4,0,132.3,3,N
164,8,33,14,0,1,2,0,0,PRT,1,1,0,60.0,0,Y
35,10,44,30,1,2,2,0,0,FRA,0,4,0,70.0,0,N
224,5,20,14,1,0,4,0,0,PRT,0,7,1,232.2,4,N
151,1,4,19,0,3,1,0,0,PRT,0,1,0,80.0,0,Y
18,8,34,20,0,1,1,0,0,PRT,0,1,0,131.0,1,N
125,7,29,14,0,3,2,0,0,ESP,0,1,0,94.5,0,N
135,7,29,16,0,3,1,0,0,PRT,1,1,0,68.0,2,Y
112,5,22,27,1,2,2,0,0,IRL,0,4,0,140.4,1,N
104,5,20,16,0,3,1,0,0,USA,0,1,0,117.0,0,Y
1,1,3,17,0,1,1,0,0,AUT,0,1,0,79.0,0,N
216,10,43,19,1,2,2,0,0,PRT,0,1,0,12.0,0,Y
18,3,10,5,2,2,2,0,0,BEL,0,1,0,91.8,3,N
96,5,18,1,1,3,2,0,0,FRA,0,1,0,85.0,0,N
79,10,43,21,4,7,2,2,0,FRA,0,6,0,172.23,1,N
104,9,37,5,2,5,2,0,0,GBR,0,1,0,98.64,1,N
1,6,25,18,0,1,2,1,0,PRT,0,1,0,168.0,2,N
82,4,15,11,0,5,2,0,0,GBR,0,1,0,126.0,2,N
139,6,25,22,0,3,2,0,0,USA,0,4,0,100.0,1,Y
4,8,32,8,2,1,2,0,0,ITA,0,1,0,94.5,0,N
6,4,15,12,0,2,2,0,0,PRT,0,1,0,100.0,1,N
243,7,27,4,0,3,2,0,0,PRT,0,1,1,90.0,0,Y
184,7,27,4,2,3,2,0,0,PRT,1,1,0,76.5,0,Y
240,2,5,1,0,1,2,0,0,USA,0,1,0,79.2,2,N
40,10,43,21,0,2,2,0,0,ITA,0,4,0,175.0,0,Y
39,11,46,9,1,4,2,0,0,DEU,0,4,0,140.08,0,N
55,11,45,2,0,4,2,0,0,PAN,0,1,0,100.0,0,N
82,2,6,2,0,5,2,0,0,PRT,1,1,0,96.0,0,Y
86,12,53,30,0,3,2,0,0,CRI,0,1,0,81.86,1,N
121,6,26,24,1,2,2,0,0,PRT,0,1,0,90.0,0,Y
133,5,20,9,1,4,2,0,0,FRA,0,1,0,99.45,1,N
447,9,40,29,0,2,2,0,0,PRT,0,1,0,62.0,0,Y
4,4,16,14,0,3,2,0,0,ARG,0,1,2,110.15,0,N
244,9,36,3,0,1,2,0,0,DEU,0,1,1,85.5,1,N
68,2,8,17,0,2,2,0,0,PRT,1,1,0,75.0,0,Y
6,1,3,12,0,1,1,0,0,PRT,0,1,0,85.0,1,N
58,1,5,27,0,3,1,0,0,PRT,0,1,3,80.67,1,Y
174,3,10,5,2,2,2,0,0,FRA,0,1,0,90.0,1,N
267,9,40,30,1,2,2,0,0,PRT,0,1,0,95.0,0,Y
15,6,23,7,0,2,1,0,0,FRA,0,1,0,130.0,0,N
44,8,35,31,1,3,2,0,0,DEU,0,1,0,140.75,1,N
79,11,46,13,0,2,2,0,0,PRT,0,1,0,75.0,0,Y
27,7,28,8,0,1,2,0,0,SWE,0,1,0,139.0,0,Y
46,8,32,7,1,2,1,0,0,BHR,0,1,0,140.0,1,Y
28,10,42,12,1,1,2,0,0,ESP,0,1,0,110.65,2,N
113,4,16,20,1,3,1,0,0,FRA,0,4,0,139.5,2,Y
184,3,13,26,2,3,2,0,0,BRA,0,1,2,70.72,0,N
3,4,15,7,0,1,1,0,0,ESP,0,1,0,76.0,0,N
41,12,53,27,1,5,2,0,0,BRA,0,1,1,70.0,0,N
117,2,10,29,1,2,2,0,0,PRT,1,1,0,75.0,0,Y
37,2,8,17,0,4,2,0,0,PRT,0,1,4,79.5,0,N
281,7,30,25,2,2,2,0,0,PRT,1,1,0,62.0,0,Y
178,4,18,28,0,3,1,0,0,PRT,1,1,0,110.0,0,Y
81,11,49,29,1,0,2,0,0,PRT,0,1,1,85.0,1,Y
193,9,37,10,2,1,2,0,0,CN,0,1,0,97.71,1,N
48,5,20,10,0,5,2,0,0,FRA,0,4,0,140.4,1,N
159,7,31,31,1,2,2,3,0,BEL,0,7,0,260.0,1,N
8,7,30,25,0,1,1,0,0,PRT,1,1,0,65.0,0,N
153,6,25,21,0,4,1,0,0,PRT,0,1,0,110.0,0,Y
18,10,41,4,2,1,1,0,0,PRT,1,1,0,110.0,0,Y
6,12,50,10,0,2,1,0,0,PRT,1,1,0,0.0,0,Y
151,3,12,20,1,1,2,0,0,PRT,0,1,0,95.0,1,N
12,10,44,25,2,1,2,0,0,PRT,1,1,0,111.0,0,Y
16,6,27,30,2,5,2,0,0,PRT,0,1,0,151.0,1,N
103,8,35,29,0,5,1,0,0,CHN,0,4,1,153.6,0,N
137,1,5,27,0,2,1,0,0,PRT,1,1,0,70.0,0,Y
0,8,33,9,2,0,2,0,0,ESP,0,1,0,98.0,2,N
1,5,21,18,0,1,1,0,0,PRT,0,1,0,117.8,0,N
166,3,12,25,2,2,2,0,0,AUT,0,1,0,88.4,1,Y
132,7,30,23,0,1,2,0,0,PRT,0,1,0,90.0,0,N
2,1,3,15,2,2,3,0,0,COL,0,5,0,126.01,3,Y
8,7,31,26,0,1,2,0,0,PRT,0,1,0,75.0,0,N
80,4,14,8,2,1,1,2,0,FRA,0,1,0,122.0,0,N
92,5,20,18,1,3,2,1,0,DEU,0,1,0,155.25,2,N
28,4,17,27,1,3,3,0,0,GBR,0,1,1,155.0,2,N
9,12,51,16,0,1,2,0,0,PRT,0,1,0,98.0,0,N
103,4,17,19,0,2,1,0,0,PRT,0,1,0,115.0,0,Y
12,10,41,4,1,0,2,0,0,FRA,0,1,0,72.0,0,N
131,6,25,17,2,3,2,0,0,DEU,0,1,1,105.74,1,N
8,2,6,10,2,2,2,0,0,GBR,0,1,0,54.71,1,N
4,5,22,23,1,1,1,0,0,PRT,0,1,0,90.0,1,N
20,3,11,13,1,1,1,0,0,FRA,0,1,0,178.0,0,N
61,2,6,3,1,4,2,0,0,FRA,0,1,0,60.0,0,N
207,5,21,25,1,3,1,0,0,FRA,0,1,1,107.1,2,N
91,4,15,12,0,3,2,0,0,ARG,0,1,0,105.0,0,Y
78,10,41,7,1,2,3,0,0,CHE,0,4,0,151.2,2,N
41,6,26,21,0,3,2,0,0,FIN,0,1,0,76.92,1,N
2,6,27,26,2,3,2,0,0,PRT,0,1,0,63.75,0,N
57,6,24,10,1,2,2,0,0,PRT,0,Unknown,0,90.67,1,N
153,8,32,3,1,2,2,0,0,PRT,1,Unknown,0,60.0,0,Y
5,6,25,13,1,0,3,0,0,PRT,0,Unknown,0,137.0,3,N
115,8,35,23,0,3,2,2,0,PRT,0,Unknown,1,222.0,1,N
43,8,36,29,1,2,3,0,0,ESP,0,Unknown,0,144.9,0,Y
117,8,35,24,1,4,2,0,0,PRT,0,Unknown,0,72.25,0,Y
1,3,14,28,1,3,2,0,0,ESP,0,Unknown,0,103.5,0,N
10,8,34,20,1,3,2,0,0,PRT,0,Unknown,1,106.5,2,N
305,11,45,4,1,2,2,0,0,PRT,0,Unknown,0,89.0,0,Y
94,1,2,10,0,3,2,0,0,BRA,0,Unknown,0,93.6,0,Y
96,4,15,10,1,3,2,1,0,AUT,0,Unknown,0,183.75,0,N
1,12,51,12,1,1,1,0,0,BEL,0,Unknown,1,87.0,1,N
110,4,17,27,2,3,1,0,0,GBR,0,Unknown,0,100.8,1,N
160,5,20,15,1,2,2,1,0,CN,0,Unknown,0,204.75,1,Y
110,4,17,28,0,2,3,0,0,IRL,0,Unknown,1,139.0,0,N
74,6,26,20,1,0,1,0,0,DEU,0,Unknown,0,123.0,0,N
137,6,25,23,0,2,2,0,0,PRT,0,Unknown,0,125.0,0,Y
58,10,45,31,1,3,2,0,0,PRT,0,Unknown,0,90.68,2,N
8,6,25,14,0,2,1,0,0,PRT,0,Unknown,0,76.08,0,N
74,4,16,13,0,1,2,0,0,PRT,0,Unknown,0,90.0,1,N
0,9,37,9,0,1,2,0,0,CHN,0,Unknown,0,107.42,0,N
12,12,50,8,0,2,1,0,0,PRT,0,Unknown,0,67.0,1,N
39,9,40,25,1,0,1,0,0,SWE,0,Unknown,0,100.0,0,N
32,5,20,13,1,2,3,0,0,FRA,0,Unknown,0,100.0,2,N
74,6,23,4,2,2,2,0,0,CHN,0,Unknown,0,100.0,1,Y
188,8,32,7,1,1,3,0,0,BEL,0,Unknown,0,100.0,0,Y
178,10,44,24,1,3,2,0,0,FRA,0,Unknown,1,100.0,1,N
11,6,25,14,0,3,1,0,0,PRT,0,Unknown,0,90.0,0,N
46,8,34,17,1,1,2,0,0,ESP,0,Unknown,0,62.0,0,N
31,2,6,4,0,2,2,0,0,PRT,0,Unknown,1,81.5,0,N
19,5,18,1,1,0,2,0,0,DEU,0,Unknown,0,117.0,1,N
0,8,33,13,0,3,2,0,0,FRA,0,Unknown,0,148.67,0,N
209,7,29,17,1,4,2,0,0,BRA,0,Unknown,0,89.1,2,Y
468,10,43,20,0,2,2,0,0,PRT,0,Unknown,0,62.0,0,Y
163,10,41,5,0,3,1,0,0,ESP,0,Unknown,0,100.8,0,N
25,2,8,23,1,3,3,0,0,ITA,0,Unknown,0,134.3,0,N
212,7,26,1,2,1,2,0,0,DEU,0,Unknown,0,107.1,0,N
156,6,25,18,1,1,2,0,0,PRT,0,Unknown,0,96.0,0,Y
0,4,17,19,0,3,2,0,0,CN,0,Unknown,0,70.03,0,N
19,9,39,23,0,2,2,0,0,GBR,0,Unknown,0,158.0,3,N
3,8,32,1,1,0,2,2,0,FRA,0,Unknown,0,201.0,1,N
11,11,48,22,0,4,2,0,0,ROU,0,Unknown,0,80.07,0,N
138,7,30,25,0,1,2,0,0,BRA,0,Unknown,0,60.0,0,N
24,4,17,17,2,3,3,0,0,FRA,0,Unknown,1,145.4,2,N
16,6,25,12,2,0,1,0,0,ROU,0,Unknown,0,84.0,0,N
47,5,20,15,1,2,2,0,0,PRT,0,Unknown,0,164.0,0,N
33,1,5,25,1,1,2,0,0,BRA,0,Unknown,0,64.0,0,N
124,4,18,28,1,3,1,0,0,CHE,0,Unknown,0,96.48,0,Y
100,10,44,31,1,1,2,0,0,PRT,0,Unknown,0,62.0,0,Y
318,8,36,31,1,1,2,0,0,PRT,1,Unknown,0,62.0,0,Y
248,4,15,9,2,0,2,0,0,PRT,0,Unknown,0,80.0,0,Y
81,3,13,25,2,2,2,0,0,PRT,0,Unknown,0,65.0,0,Y
0,10,42,10,1,0,2,0,0,PRT,0,Unknown,0,0.0,0,N
65,2,7,15,2,8,2,1,0,RUS,0,Unknown,0,107.1,3,Y
0,7,31,28,0,0,2,0,0,PRT,0,Unknown,2,0.0,0,N
17,12,53,28,1,0,2,0,0,ESP,0,Unknown,0,97.0,2,N
302,5,19,5,0,2,2,0,0,PRT,0,Unknown,0,62.0,0,Y
146,6,26,27,0,1,2,0,0,ESP,0,Unknown,0,162.0,0,Y
69,6,25,12,2,4,1,0,0,PRT,0,Unknown,0,120.0,0,Y
34,10,44,26,0,3,2,1,0,FRA,0,Unknown,0,100.0,0,N
11,7,29,16,2,0,1,0,0,ITA,0,Unknown,0,129.0,1,N
120,6,25,18,2,2,2,0,0,FRA,0,Unknown,0,118.86,1,Y
122,8,33,9,0,3,1,0,0,ROU,0,Unknown,0,97.75,0,Y
99,2,8,19,0,1,2,0,0,PRT,1,Unknown,0,80.0,0,Y
25,8,31,3,1,3,2,0,0,FRA,0,Unknown,0,147.0,1,N
63,6,25,24,1,1,3,0,0,BEL,0,Unknown,0,220.0,1,N
350,6,25,17,0,2,2,0,0,PRT,0,Unknown,0,140.0,0,Y
112,4,17,18,1,4,2,0,0,DEU,0,Unknown,1,76.97,0,N
226,10,44,29,2,2,2,0,0,FRA,0,Unknown,1,70.0,1,N
160,12,53,30,0,3,2,0,0,PRT,0,Unknown,0,70.67,0,N
32,12,52,24,1,1,2,0,0,CHN,0,Unknown,0,79.2,0,Y
7,10,44,28,0,2,1,0,0,GBR,0,Unknown,0,92.4,1,N
478,8,32,8,0,4,1,0,0,PRT,0,Unknown,2,88.5,0,Y
104,8,36,30,2,1,2,0,0,ESP,0,Unknown,0,90.0,0,Y
62,4,15,14,1,2,2,0,0,FRA,0,Unknown,0,141.0,1,N
75,4,14,5,0,4,1,0,0,NLD,0,Unknown,0,85.0,0,N
150,3,12,19,2,5,2,0,0,AUT,0,Unknown,0,41.43,2,N
0,3,10,1,0,1,2,0,0,FRA,0,Unknown,0,101.0,0,N
265,12,53,26,1,3,2,0,0,ESP,0,Unknown,0,73.95,0,Y
5,11,47,17,0,2,2,0,0,ESP,0,Unknown,0,86.6,1,N
24,6,23,6,0,4,2,0,0,IRL,0,Unknown,0,89.0,0,N
50,1,3,14,0,3,2,0,0,PRT,0,Unknown,0,52.0,1,N
30,8,33,17,0,3,2,1,0,FRA,0,Unknown,0,138.02,2,N
122,4,15,13,0,3,2,0,0,GBR,0,Unknown,0,92.17,2,N
42,3,13,20,2,2,2,0,0,FRA,0,Unknown,0,97.63,1,N
0,10,43,17,1,1,1,0,0,ESP,0,Unknown,1,95.0,0,N
14,6,25,17,2,4,2,0,0,DEU,0,Unknown,0,95.0,0,N
7,12,53,29,0,3,2,0,0,FRA,0,Unknown,0,178.67,0,N
11,10,42,11,2,3,2,0,0,AGO,0,Unknown,0,100.0,0,N
5,3,10,1,0,4,1,0,0,CZE,0,1,1,51.0,0,N
46,8,34,17,1,1,2,0,0,ESP,0,1,0,62.0,1,N
159,8,32,4,1,3,3,0,0,FRA,0,1,0,115.25,1,N
316,5,21,19,0,2,2,0,0,PRT,0,1,0,62.0,0,Y
5,3,9,1,0,1,1,0,0,ESP,0,1,1,93.0,1,N
21,3,11,16,1,3,2,0,0,DEU,0,1,0,78.0,0,N
9,11,45,2,2,4,2,0,0,DEU,0,1,0,113.0,1,N
278,7,30,22,0,2,2,0,0,PRT,1,1,0,62.0,0,Y
88,9,39,26,2,2,2,0,0,PRT,0,1,0,170.0,0,Y
11,9,37,5,1,2,2,0,0,ESP,0,1,0,119.0,0,Y
7,11,47,16,1,0,1,0,0,CHE,0,1,0,91.0,2,N
31,5,20,14,2,1,1,0,0,PRT,0,1,1,130.0,0,N
86,7,27,1,1,2,2,0,0,ESP,0,1,3,86.36,0,N
187,10,40,1,2,2,2,0,0,BEL,0,4,0,122.4,1,Y
156,4,17,26,0,3,2,0,0,PRT,0,1,0,100.0,0,Y
77,7,28,4,1,4,3,0,0,BRA,0,4,0,159.3,2,N
93,8,33,13,0,1,0,2,0,FRA,0,2,0,109.83,1,N
143,5,18,4,0,3,2,0,0,PRT,0,1,0,100.0,0,Y
102,10,42,16,0,2,1,0,0,PRT,0,1,0,87.0,0,N
18,12,53,27,0,1,2,0,0,BRA,0,1,0,65.0,0,N
69,7,30,26,2,4,2,0,0,ITA,0,1,0,95.37,1,N
118,4,16,10,2,3,2,0,0,DEU,0,1,0,90.95,1,N
126,8,32,1,2,5,3,0,0,FRA,0,4,0,140.27,0,Y
15,2,7,12,0,2,2,0,0,AUS,0,1,0,79.0,0,Y
6,3,12,22,0,1,2,0,0,PRT,0,1,0,94.4,0,Y
262,11,46,9,1,2,2,0,0,PRT,1,1,0,62.8,0,Y
69,9,37,9,0,2,3,0,0,PRT,0,1,2,84.0,0,N
254,9,39,24,1,1,2,0,0,PRT,0,1,0,96.0,0,Y
0,1,2,7,0,1,1,0,0,PRT,0,1,0,45.0,0,N
29,8,36,31,0,3,1,0,0,CHN,0,1,0,92.4,0,Y
3,8,35,29,0,1,2,2,0,GBR,0,6,0,156.0,0,N
98,1,3,20,0,2,1,0,0,ESP,0,1,0,86.4,1,N
405,7,27,4,0,2,2,0,0,DEU,0,1,0,114.4,0,N
245,7,28,6,2,4,1,0,0,PRT,0,1,0,110.0,0,Y
285,7,28,15,2,3,2,0,0,DEU,0,1,0,107.1,1,Y
125,8,32,10,0,3,2,0,0,PRT,0,4,0,114.39,0,Y
215,11,48,21,1,2,1,0,0,MKD,0,1,0,75.0,1,N
10,6,25,14,0,5,3,0,0,PRT,0,4,0,169.0,2,N
98,11,48,23,1,2,1,0,0,PRT,0,1,0,84.0,0,Y
187,8,35,25,2,4,2,1,0,FRA,0,1,0,90.95,1,N
323,9,36,5,1,1,2,0,0,PRT,1,1,0,62.0,0,Y
65,9,36,5,1,1,2,0,0,PRT,0,1,0,62.0,0,Y
0,4,16,18,0,1,2,0,0,PRT,0,1,0,100.0,0,N
93,4,16,21,2,6,2,1,0,EST,0,1,0,184.5,1,N
20,5,23,29,2,4,2,0,0,DEU,0,4,0,121.25,1,N
87,7,28,10,3,7,2,0,0,PRT,0,1,0,58.9,1,Y
7,10,44,27,0,1,2,1,0,SVN,0,1,0,160.0,2,N
68,5,20,10,0,3,2,0,0,FRA,0,1,1,135.9,1,N
50,3,14,31,0,3,1,0,0,ISR,0,1,2,57.5,0,N
72,3,13,27,2,5,2,0,0,ITA,0,4,0,109.16,0,N
0,3,10,8,0,1,1,0,0,USA,0,1,1,64.95,0,N
169,7,29,13,0,3,1,0,0,CHE,0,1,0,103.5,1,N
10,5,20,14,2,0,1,0,0,FRA,0,1,3,101.37,2,N
9,3,10,8,0,3,1,0,0,NLD,0,1,0,101.33,1,N
286,7,31,30,0,2,2,0,0,PRT,1,1,0,62.8,0,Y
54,3,13,20,2,1,2,2,0,GBR,0,6,0,180.0,1,N
61,4,15,8,0,2,2,0,0,ESP,0,4,0,113.4,0,N
55,11,47,14,1,3,2,0,0,POL,0,1,0,88.4,2,N
38,1,5,29,1,0,2,0,0,BRA,0,1,0,84.08,2,N
30,3,10,4,0,2,1,0,0,PRT,0,1,2,86.4,0,N
75,5,19,3,0,2,2,0,0,KOR,0,4,0,140.4,1,Y
1,10,43,20,0,2,2,0,0,PRT,0,1,0,0.0,0,N
247,1,2,10,0,5,2,1,0,BRA,0,1,0,92.65,0,Y
40,2,7,17,2,3,3,0,0,POL,0,5,0,120.52,2,N
0,10,42,10,1,2,1,0,0,FRA,0,1,0,80.0,0,N
45,10,42,16,2,2,2,0,0,SGP,0,4,0,78.54,2,N
68,5,18,4,0,3,3,0,0,USA,0,5,0,216.0,1,N
8,9,36,2,0,1,2,0,0,GBR,0,1,0,119.0,1,N
69,9,37,9,0,2,2,0,0,PRT,0,1,0,62.0,0,N
54,4,14,3,1,2,2,2,0,GBR,0,5,0,225.0,1,N
320,8,35,29,2,5,2,0,0,DEU,0,1,0,112.76,3,Y
56,3,10,5,2,3,1,0,0,PRT,0,1,0,64.75,0,N
343,4,16,21,2,2,2,0,0,ITA,0,2,1,99.25,1,N
18,10,43,21,0,3,1,0,0,PRT,0,1,0,109.0,1,N
95,4,17,23,2,5,2,0,0,GBR,0,1,1,87.04,0,N
56,2,5,1,0,3,2,0,0,PRT,0,1,0,60.0,0,Y
266,5,18,3,0,3,2,0,0,PRT,0,1,0,100.0,0,Y
237,8,32,11,2,2,2,0,0,DEU,0,1,0,130.5,1,Y
12,9,39,21,1,2,2,0,0,FRA,0,1,0,124.0,2,N
74,6,22,1,0,2,2,0,0,GBR,0,1,0,144.0,0,Y
77,3,11,6,2,2,2,0,0,IRL,0,1,0,78.2,1,N
27,4,17,29,2,2,2,0,0,FRA,0,1,0,137.0,2,N
90,4,14,6,0,3,1,0,0,PRT,0,1,0,85.0,0,Y
7,1,4,25,0,1,1,0,0,ESP,0,1,0,78.4,0,N
68,2,8,17,0,2,2,0,0,PRT,1,1,0,75.0,0,Y
23,9,40,30,0,4,2,0,0,SWE,0,4,0,116.03,1,N
51,9,38,15,0,2,1,0,0,PRT,0,5,0,185.95,0,N
178,5,20,19,0,2,2,0,0,GBR,0,4,0,139.5,0,Y
330,6,23,2,0,2,2,0,0,PRT,0,1,0,62.0,0,Y
142,8,35,24,0,3,2,0,0,NOR,0,1,2,108.3,0,N
60,3,10,5,2,2,2,0,0,GBR,0,4,2,100.3,3,N
52,12,53,28,1,2,2,0,0,CHN,0,1,0,100.33,1,N
270,4,17,20,0,4,2,0,0,PRT,0,1,0,62.8,0,Y
86,12,53,30,0,3,2,0,0,PRT,0,1,0,81.86,1,N
5,9,39,20,2,0,2,0,0,PRT,1,1,0,100.0,0,Y
0,5,21,24,0,1,1,0,0,PRT,4,5,0,0.0,3,N
143,8,35,25,0,3,2,0,0,CZE,0,1,0,100.0,1,N
181,10,42,11,0,2,1,0,0,FRA,0,1,0,120.0,0,N
151,7,30,25,2,1,2,0,0,PRT,1,1,0,86.0,0,Y
2,7,31,29,0,1,1,0,0,PRT,0,1,0,65.0,0,N
296,9,39,21,0,4,2,0,0,ITA,0,1,0,117.0,1,N
3,2,9,23,0,2,2,0,0,FRA,0,1,0,84.0,0,N
107,12,49,3,2,1,2,2,0,ESP,0,6,0,156.6,1,Y
67,5,20,18,0,3,2,0,0,DEU,0,1,0,144.0,0,Y
49,6,23,3,1,2,2,0,0,ESP,0,4,0,131.4,0,Y
0,2,5,3,0,1,2,0,0,PRT,0,4,0,75.0,0,N
68,5,20,14,2,1,1,0,0,USA,0,1,3,110.0,0,N
305,11,45,4,1,2,2,0,0,PRT,0,1,0,89.0,0,Y
464,7,30,25,0,1,2,0,0,PRT,0,1,0,90.0,0,Y
8,2,5,2,1,3,2,0,0,FRA,0,1,0,105.0,0,N
100,10,42,16,0,1,2,0,0,PRT,0,1,0,108.0,0,Y
35,2,7,7,2,1,2,0,0,BEL,0,1,0,69.5,0,N
14,6,25,12,2,1,3,0,0,GBR,0,4,0,159.33,2,N
468,7,30,29,2,1,2,0,0,PRT,0,1,1,112.67,0,Y
265,7,28,9,0,2,2,0,0,PRT,1,1,0,62.8,0,Y
63,9,36,1,2,3,2,0,0,ESP,0,1,0,107.1,2,N
433,9,38,15,0,2,2,0,0,PRT,0,1,0,62.0,0,Y
163,8,33,8,1,3,2,0,0,ITA,0,1,0,78.96,1,N
158,3,13,27,1,1,1,0,0,ISR,0,1,1,95.0,0,N
318,8,36,31,1,1,2,0,0,PRT,1,1,0,62.0,0,Y
112,3,13,25,2,2,2,0,0,FRA,0,1,1,58.0,1,N
59,8,36,28,2,3,2,0,0,FRA,0,1,0,87.3,1,N
22,4,15,7,0,1,1,0,0,IRL,0,1,0,89.0,0,N
8,11,48,27,1,2,2,0,0,PRT,1,1,0,64.0,0,Y
297,5,20,14,1,1,2,0,0,PRT,0,1,0,65.0,0,N
8,9,39,24,0,1,2,0,0,PRT,0,1,0,133.0,0,N
45,7,31,31,1,4,2,0,0,ESP,0,1,0,198.0,2,Y
111,4,17,27,1,3,2,0,0,PRT,0,1,0,120.0,0,Y
0,9,39,18,2,0,1,0,0,PRT,0,1,0,0.0,0,N
179,5,20,17,0,4,2,0,0,NLD,0,4,0,175.05,3,N
67,5,21,21,0,0,2,0,0,ISL,0,4,1,0.0,1,N
78,9,37,5,2,5,2,0,0,DEU,0,4,0,149.4,3,N
150,5,22,28,2,0,2,0,0,FRA,0,1,0,140.0,0,Y
112,7,30,23,2,1,2,0,0,ITA,0,4,0,155.0,1,N
159,12,53,29,0,4,2,0,0,ITA,0,1,1,70.5,0,N
22,12,51,18,0,1,1,0,0,PRT,0,1,0,65.0,0,N
149,7,30,23,2,2,2,0,0,CHE,0,1,0,112.5,0,N
277,11,46,7,1,2,2,0,0,PRT,0,1,0,100.0,0,Y
48,10,41,5,0,2,2,0,0,PRT,0,1,0,120.0,0,Y
213,8,35,28,1,3,1,0,0,PRT,0,1,1,104.0,0,N
157,8,32,3,0,1,2,0,0,PRT,0,1,0,94.5,0,Y
9,7,29,15,0,1,3,0,0,FRA,0,4,0,197.0,1,Y
93,7,27,2,2,4,2,0,0,ESP,0,1,2,84.0,0,N
1,4,16,16,2,1,2,0,0,CHN,0,1,0,89.0,2,N
97,3,13,24,1,3,2,0,0,DEU,0,1,0,64.98,1,N
193,7,30,29,2,3,2,0,0,GBR,0,1,0,112.5,2,N
1,1,5,27,0,2,1,0,0,PRT,0,1,1,71.7,0,N
210,8,33,7,2,3,2,0,0,NLD,0,1,0,90.95,1,N
67,3,13,31,2,2,2,0,0,ITA,0,1,0,146.2,2,N
0,4,18,29,0,2,1,0,0,PRT,0,1,0,100.0,0,N
0,4,15,6,0,4,1,0,0,ITA,0,1,0,108.5,0,N
262,5,21,24,0,4,3,0,0,CHE,0,4,0,157.5,2,Y
175,5,20,19,0,1,1,0,0,PRT,0,1,0,90.0,0,Y
170,8,34,18,0,3,2,0,0,CYP,0,1,0,108.3,1,N
5,5,22,24,0,2,1,0,0,ESP,0,1,1,100.0,0,N
3,1,3,16,1,0,1,0,0,ESP,0,1,0,98.0,0,N
44,10,44,28,0,2,2,1,0,ESP,0,1,0,100.0,0,N
311,8,35,24,1,1,2,0,0,PRT,1,1,0,62.0,0,Y
66,5,20,20,2,1,2,1,0,ESP,0,1,0,180.0,1,Y
95,11,45,5,0,1,1,0,0,PRT,0,1,0,75.0,0,Y
275,6,23,4,1,1,2,0,0,PRT,0,1,0,62.8,0,Y
94,4,16,15,1,2,2,0,0,FRA,0,4,0,81.08,1,N
45,11,45,5,1,1,2,0,0,FRA,0,4,0,106.2,2,Y
88,5,19,3,0,3,1,0,0,PRT,0,1,1,96.0,0,Y
40,6,23,10,2,6,2,0,0,ROU,0,1,0,149.75,1,N
184,5,22,28,2,3,2,0,0,PRT,0,1,0,130.0,0,Y
100,4,18,27,0,3,2,0,0,ITA,0,1,0,91.5,0,Y
25,3,11,8,2,5,2,0,0,BRA,0,1,2,81.86,1,Y
11,2,7,13,2,1,1,0,0,FRA,0,1,0,62.91,1,N
305,1,3,21,2,2,2,0,0,BRA,0,1,0,77.35,1,Y
48,4,18,24,1,0,2,0,0,ESP,0,1,0,80.4,0,N
11,10,43,23,2,2,2,0,0,PRT,0,1,0,88.5,0,N
44,10,41,5,0,2,2,0,0,CHN,0,4,0,125.55,1,Y
95,3,14,28,1,0,3,0,0,CHE,0,1,0,102.5,1,N
88,9,39,26,2,2,2,0,0,PRT,0,1,0,170.0,0,Y
171,7,27,7,1,2,2,0,0,GBR,0,4,0,111.6,0,N
22,5,19,1,2,1,2,0,0,DEU,0,1,0,137.67,0,Y
1,5,19,9,0,1,1,0,0,ESP,0,4,0,110.0,0,N
34,7,27,5,0,2,1,0,0,AUT,0,1,1,115.0,0,N
75,4,15,15,2,1,2,1,0,FRA,0,4,0,180.0,3,N
3,9,36,5,2,2,1,0,0,PRT,0,1,0,0.0,0,Y
32,10,42,12,1,2,2,0,0,CHE,0,1,0,73.87,0,N
14,9,37,10,2,6,1,0,0,GBR,0,1,0,100.88,0,N
304,12,53,26,1,2,1,0,0,PRT,1,5,0,106.0,0,Y
29,2,7,13,1,4,2,0,0,DEU,0,1,0,67.15,1,N
64,8,34,26,1,1,3,0,0,PRT,0,7,0,212.8,1,Y
4,1,2,9,1,1,1,0,0,PRT,0,1,0,65.0,1,N
19,10,41,6,0,3,2,0,0,PRT,0,1,0,90.0,1,N
138,7,30,25,0,1,2,0,0,PRT,0,1,0,60.0,0,N
28,11,45,5,4,6,1,0,0,IND,0,4,0,148.91,1,Y
510,12,49,1,0,2,2,0,0,PRT,0,1,0,62.8,0,Y
2,8,34,21,2,2,2,0,0,MEX,0,1,0,89.0,2,N
134,4,15,9,1,1,2,0,0,PRT,0,1,0,90.0,1,N
337,6,24,9,0,2,2,0,0,PRT,0,1,0,62.0,0,Y
104,11,48,22,0,5,1,0,0,PHL,0,1,0,74.8,0,Y
75,5,20,9,3,6,3,0,0,FRA,0,4,0,150.45,0,N
204,7,30,29,2,5,2,0,0,BEL,0,1,0,80.1,0,N
106,11,46,6,2,4,1,0,0,PRT,0,1,1,79.0,0,Y
39,8,35,22,1,0,1,1,0,POL,0,1,1,144.9,1,Y
377,10,44,29,0,2,2,0,0,PRT,1,1,0,62.0,0,Y
454,10,41,6,0,2,2,0,0,PRT,0,1,0,62.0,0,Y
105,4,15,6,0,1,2,0,0,PRT,0,1,0,75.0,0,Y
20,11,49,28,1,1,1,0,0,PRT,0,1,0,79.0,1,N
189,10,44,28,1,2,2,0,0,AUT,0,4,0,109.8,0,Y
75,9,38,19,2,2,2,0,0,PRT,0,1,0,62.0,0,Y
314,8,35,27,0,2,2,0,0,PRT,1,1,0,62.0,0,Y
135,8,33,18,1,2,2,0,0,ESP,0,1,0,80.1,0,N
0,12,52,23,0,4,2,0,0,PRT,0,6,1,30.0,1,N
151,5,21,27,1,1,2,0,0,ITA,0,1,0,133.0,1,Y
222,10,41,2,2,3,2,0,0,DEU,0,1,0,102.85,1,N
61,12,50,7,0,4,2,0,0,ESP,0,4,0,96.9,1,N
109,8,33,16,0,4,3,0,0,FRA,0,5,0,225.0,1,N
304,8,34,17,1,1,2,0,0,PRT,1,1,0,62.0,0,Y
294,8,33,13,1,0,2,0,0,SWE,0,6,3,201.25,1,N
156,4,17,26,0,3,2,0,0,PRT,0,1,0,100.0,0,Y
35,3,12,16,0,2,2,0,0,BRA,0,1,1,116.1,0,Y
21,11,49,28,1,0,2,0,0,BRA,0,1,0,88.0,1,Y
214,8,33,18,2,2,2,0,0,USA,0,4,2,130.78,0,Y
106,10,41,6,0,2,1,0,0,DEU,0,1,0,97.2,3,N
90,9,37,5,1,5,2,0,0,PRT,0,1,1,95.0,3,N
76,8,32,3,1,2,2,0,0,PRT,0,1,0,12.0,0,Y
15,7,28,4,1,1,3,0,0,AUT,0,4,0,187.0,2,N
183,5,22,28,2,0,2,0,0,USA,0,4,1,139.5,1,N
181,6,26,27,0,2,2,0,0,CHE,0,1,0,126.0,0,N
147,7,30,21,0,2,2,0,0,PRT,1,1,0,75.0,0,Y
68,6,23,10,1,1,2,0,0,GBR,0,4,0,170.0,2,Y
275,4,17,17,2,0,2,0,0,PRT,0,1,0,110.0,0,Y
54,12,52,24,0,2,2,0,0,PRT,1,1,0,87.0,2,Y
221,6,24,10,1,2,2,0,0,PRT,1,1,0,80.0,0,Y
42,11,49,29,0,3,1,0,0,PRT,0,1,0,90.0,0,Y
101,8,32,6,2,1,2,0,0,KOR,0,1,0,107.1,0,Y
105,8,33,10,1,2,2,0,0,ESP,0,1,0,76.5,1,N
349,10,41,4,1,5,2,0,0,DEU,0,1,0,123.33,0,N
147,6,23,8,0,3,2,2,0,IRL,0,6,0,216.0,0,N
92,8,35,22,1,0,1,0,0,PRT,0,1,0,112.5,2,N
322,6,25,23,0,2,2,0,0,NOR,0,1,0,109.8,0,Y
101,12,50,8,0,3,2,2,0,ESP,0,6,0,165.6,1,N
27,8,36,31,0,2,2,0,0,GBR,0,1,1,110.0,3,N
89,7,30,17,2,2,2,0,0,GBR,0,1,0,72.25,3,N
0,9,40,27,0,1,3,0,0,PRT,0,4,2,205.0,0,N
105,10,42,12,1,2,2,0,0,PRT,0,1,0,110.0,0,Y
125,9,37,7,0,4,2,0,0,FRA,0,1,1,136.0,2,N
53,9,37,9,0,2,2,0,0,GBR,0,1,0,135.9,3,Y
33,7,28,9,2,2,2,0,0,IRN,0,1,0,130.0,1,N
283,7,31,27,1,1,1,0,0,PRT,1,1,1,60.0,0,Y
154,9,38,12,1,4,2,0,0,DEU,0,1,0,80.75,0,N
434,6,22,3,2,1,1,0,0,PRT,0,1,0,0.0,0,N
102,3,11,18,1,1,2,0,0,ESP,0,4,0,106.2,2,N
11,6,23,5,1,1,2,1,0,PRT,0,1,1,170.0,2,N
150,6,24,17,2,3,1,0,0,PRT,0,1,0,120.0,0,Y
7,8,32,4,0,3,2,0,0,ESP,0,1,0,151.0,2,Y
16,2,8,24,1,2,2,0,0,ISR,0,4,0,130.33,0,N
169,5,21,20,2,2,3,0,0,GBR,0,1,1,107.25,1,N
3,12,51,17,0,3,2,0,0,TWN,0,1,0,58.0,0,N
180,7,29,10,1,0,2,0,0,GBR,0,1,0,85.5,0,N
27,11,48,23,0,4,2,0,0,ITA,0,1,0,68.07,1,N
190,4,18,30,2,1,2,0,0,BEL,0,1,0,99.0,1,Y
240,8,35,24,0,3,2,0,0,DEU,0,1,0,105.3,1,Y
265,4,17,20,0,4,2,0,0,PRT,0,1,0,101.0,0,Y
80,10,43,21,2,2,3,0,0,FRA,0,4,0,151.2,0,N
68,9,36,3,2,3,2,0,0,PRT,0,1,0,106.75,0,N
3,12,52,25,1,2,1,0,0,FRA,0,1,0,75.0,0,N
10,12,49,2,3,7,1,0,0,AGO,0,1,0,76.59,0,Y
1,12,53,31,0,1,2,0,0,FRA,0,1,1,135.0,1,N
329,9,37,11,2,3,2,0,0,PRT,1,1,0,90.0,0,Y
172,6,26,24,0,2,1,0,0,PRT,0,1,0,95.0,0,Y
363,10,42,15,0,2,2,0,0,PRT,1,1,0,62.0,0,Y
4,2,9,22,1,1,1,0,0,ESP,0,1,0,73.8,0,N
180,5,19,2,1,1,2,0,0,ITA,0,1,0,100.0,1,N
84,10,42,16,1,2,2,0,0,NOR,0,1,0,89.25,2,N
184,5,18,1,1,2,2,0,0,RUS,0,1,0,99.0,0,Y
79,10,41,10,1,1,2,0,0,ESP,0,1,0,62.0,0,N
214,11,48,20,2,4,1,2,0,TUR,0,1,3,116.67,2,N
29,2,6,6,1,3,2,0,0,FRA,0,1,0,115.6,1,Y
14,9,36,4,2,3,2,0,0,FRA,0,4,0,78.54,1,N
13,8,35,23,0,2,2,0,0,KOR,0,1,0,129.0,1,Y
30,3,9,2,1,3,2,0,0,PRT,0,4,0,107.05,0,N
109,2,9,21,2,1,2,0,0,PRT,1,1,0,75.0,0,Y
54,6,23,2,0,2,2,0,0,NLD,0,1,0,94.5,0,N
118,6,24,6,1,1,2,0,0,PRT,0,1,1,120.0,0,Y
160,11,47,13,2,4,2,0,0,RUS,0,1,0,76.27,0,Y
91,5,20,18,0,1,2,0,0,CN,0,1,0,89.1,0,N
158,5,22,24,0,2,1,0,0,PRT,0,1,0,130.0,0,Y
54,1,3,18,0,3,2,0,0,PRT,0,1,0,65.0,0,Y
213,8,33,18,0,2,2,0,0,GBR,0,1,0,100.8,1,Y
20,9,39,19,1,2,1,0,0,POL,0,1,1,119.0,0,N
4,1,5,31,0,2,1,0,0,PRT,4,1,0,67.0,0,N
51,5,20,11,0,4,3,1,0,FRA,0,4,0,154.88,2,N
7,3,10,2,0,2,1,0,0,PRT,0,4,1,56.0,0,Y
196,4,16,16,2,1,2,0,0,USA,0,1,0,99.0,1,Y
5,9,36,3,0,3,2,0,0,MEX,0,1,0,117.67,2,N
1,9,39,20,0,1,2,2,0,PRT,0,6,0,275.0,1,N
108,4,16,16,2,2,2,0,0,FRA,0,2,0,75.76,0,N
84,8,36,28,2,1,3,0,0,USA,0,4,0,159.3,0,Y
277,11,46,7,1,2,2,0,0,PRT,0,1,0,100.0,0,Y
277,11,46,7,1,2,2,0,0,PRT,0,1,0,100.0,0,Y
157,12,50,8,0,3,2,0,0,ITA,0,1,2,68.0,0,N
482,11,45,3,0,2,2,0,0,PRT,0,1,0,62.8,0,Y
92,12,52,26,2,3,2,0,0,FRA,0,4,0,60.0,1,N
274,10,43,19,0,4,2,0,0,HUN,0,4,0,99.45,1,N
33,10,42,17,2,4,2,2,0,CHE,0,2,0,95.0,2,N
10,3,13,27,1,1,2,0,0,ISR,0,1,0,95.0,1,N
189,4,17,25,0,3,2,0,0,PRT,0,1,0,90.09,1,Y
8,5,21,21,2,1,2,0,0,IRL,0,4,0,163.33,1,N
9,4,18,29,0,2,2,0,0,PRT,0,1,0,110.0,0,N
161,8,32,6,2,4,2,0,0,FRA,0,1,0,164.7,1,N
286,5,20,11,0,4,2,0,0,AUT,0,1,0,99.0,1,N
204,4,16,21,0,1,2,0,0,NLD,0,2,1,103.05,2,Y
288,4,17,21,0,2,2,0,0,PRT,0,1,0,62.0,0,Y
0,12,53,31,0,1,1,0,0,PRT,0,3,0,0.0,0,N
47,9,38,11,2,0,2,0,0,FRA,0,1,0,125.1,1,N
34,8,34,16,2,7,3,0,0,ITA,0,4,0,168.3,1,N
8,1,1,2,2,1,2,0,0,ESP,0,1,0,91.45,0,Y
0,12,52,20,0,1,1,0,0,PRT,0,1,0,65.0,2,Y
43,1,4,24,0,1,1,0,0,ESP,0,1,0,96.0,0,N
24,5,22,31,2,5,1,0,0,FIN,0,4,4,76.29,0,N
92,3,11,15,0,3,2,0,0,PRT,0,1,0,85.0,0,Y
3,6,25,19,1,0,2,0,0,USA,0,4,0,130.0,0,N
112,7,30,18,1,1,2,0,0,DEU,0,1,1,104.5,1,N
109,4,17,20,1,4,2,0,0,DEU,0,1,0,77.89,1,N
33,8,36,29,1,1,2,0,0,FRA,0,1,0,103.05,0,Y
71,5,19,1,2,2,2,0,0,GBR,0,4,0,132.6,0,Y
13,12,50,5,1,0,1,0,0,NLD,0,1,0,96.0,0,N
20,1,3,10,1,0,1,0,0,PRT,0,1,0,66.0,0,N
14,4,16,18,0,3,2,0,0,GBR,0,1,0,115.0,1,N
0,12,53,31,0,1,2,0,0,TUN,0,1,0,135.0,0,N
108,6,23,8,1,3,2,0,0,IRL,0,4,2,161.5,0,N
190,4,15,9,1,1,2,0,0,PRT,11,1,0,70.0,0,Y
0,5,21,22,1,0,1,0,0,PRT,0,1,0,170.0,0,N
53,3,10,5,2,0,1,0,0,SWE,0,1,0,67.5,0,N
69,6,25,12,2,4,1,0,0,PRT,0,1,0,120.0,0,Y
84,8,32,1,1,2,2,1,0,GBR,0,5,0,169.0,1,N
18,2,9,28,0,5,2,0,0,GRC,0,1,0,74.8,0,N
207,5,18,5,1,2,2,0,0,GBR,0,1,0,99.0,1,N
91,4,16,21,1,2,2,0,0,BEL,0,1,0,126.0,0,Y
25,10,41,2,2,1,2,0,0,LUX,0,1,0,133.0,1,Y
181,5,21,25,0,2,2,0,0,PRT,0,1,0,130.0,0,Y
90,7,29,13,0,1,2,0,0,PRT,0,1,0,105.3,0,Y
129,4,14,8,2,3,2,2,0,PRT,0,6,0,168.0,0,Y
134,2,8,25,0,1,1,0,0,PRT,0,1,0,75.0,0,N
278,7,30,26,0,4,3,0,0,DEU,0,4,0,165.6,2,N
28,10,41,6,1,3,2,0,0,FRA,0,4,0,205.0,0,Y
22,11,47,17,0,1,1,0,0,AUT,0,1,0,62.0,0,N
193,6,26,20,1,2,2,0,0,PRT,0,1,0,120.0,0,Y
4,12,52,26,2,5,2,0,0,USA,0,4,0,92.43,1,N
181,6,23,8,0,2,2,0,0,PRT,0,1,0,100.0,0,Y
34,8,32,5,0,2,2,0,0,PRT,0,1,0,62.0,0,Y
20,3,12,19,2,3,2,0,0,DNK,0,1,2,128.2,1,N
53,3,14,29,0,4,2,0,0,BEL,0,4,0,98.6,1,N
73,6,23,8,0,3,1,0,0,CHE,0,4,0,170.0,0,N
200,10,41,3,1,4,3,0,0,DEU,0,4,0,115.6,4,N
31,8,36,28,2,1,3,0,0,FRA,0,4,2,218.0,0,Y
41,9,38,14,0,2,2,0,0,PRT,0,1,0,130.0,0,Y
245,12,53,27,2,5,2,0,0,GBR,0,1,0,58.36,1,Y
317,9,38,15,0,2,2,0,0,PRT,0,1,0,120.0,0,Y
8,9,37,9,0,1,2,0,0,DEU,0,1,0,158.0,2,N
70,6,26,26,1,1,2,0,0,PRT,0,1,0,89.1,0,Y
325,9,37,7,1,1,2,0,0,PRT,1,1,0,62.0,0,Y
172,6,26,25,4,7,2,0,0,DNK,0,4,0,126.0,0,Y
113,8,33,13,2,2,2,0,0,FRA,0,4,0,164.0,1,N
158,5,22,24,0,2,1,0,0,PRT,0,1,0,130.0,0,Y
78,12,53,29,1,3,3,1,0,PRT,0,7,0,274.2,0,Y
281,7,30,25,2,1,2,0,0,PRT,1,1,0,62.8,0,Y
350,6,25,17,0,2,2,0,0,PRT,0,1,0,140.0,0,Y
113,6,27,30,1,3,2,0,0,PRT,0,1,0,85.0,0,Y
63,7,31,26,0,5,2,1,0,PRT,0,5,0,131.75,2,N
292,8,32,5,0,2,1,0,0,PRT,1,1,0,60.0,0,Y
53,6,26,25,1,0,1,0,0,BRA,0,1,1,120.0,1,N
0,11,48,24,0,1,1,0,0,PRT,0,1,0,67.0,0,N
210,6,25,19,1,3,2,0,0,PRT,0,1,0,130.0,0,Y
169,8,34,25,1,2,2,0,0,USA,0,4,0,139.5,1,N
350,6,25,17,0,2,2,0,0,PRT,0,1,0,140.0,0,Y
169,3,11,16,1,3,2,0,0,LUX,0,4,0,96.9,0,Y
87,9,39,25,2,3,2,0,0,PRT,0,1,0,170.0,0,Y
3,9,39,20,0,3,0,2,0,PRT,0,2,0,155.68,4,N
12,2,5,4,0,1,3,0,0,PRT,0,4,0,158.0,0,Y
85,4,16,13,2,5,2,0,0,DEU,0,1,0,90.95,0,Y
11,12,50,11,1,2,2,0,0,FRA,0,1,0,58.0,0,N
109,2,9,21,2,1,2,0,0,PRT,1,1,0,75.0,0,Y
145,8,35,29,2,1,2,0,0,ITA,0,1,0,94.5,0,N
149,6,25,24,0,1,2,0,0,PRT,0,1,0,130.0,0,Y
377,10,42,14,0,2,1,0,0,DEU,0,1,1,90.0,0,N
158,8,31,3,1,3,2,0,0,DEU,0,1,0,137.75,0,N
112,4,14,4,0,2,2,0,0,PRT,0,1,0,95.0,0,Y
73,3,11,18,2,1,3,0,0,LUX,0,5,0,160.2,1,N
102,6,24,5,1,0,2,0,0,PRT,0,1,0,65.0,0,Y
224,9,37,11,1,2,2,0,0,PRT,1,1,0,90.0,0,Y
219,8,32,12,2,5,2,0,0,FRA,0,1,0,130.5,1,N
626,11,46,7,1,2,2,0,0,PRT,0,1,0,62.8,0,Y
11,9,39,22,0,2,2,0,0,DNK,0,1,0,98.0,0,N
1,2,10,28,2,1,1,0,0,PRT,0,1,0,60.0,0,Y
44,4,17,23,2,1,1,0,0,PRT,0,1,1,85.0,0,N
20,5,23,29,2,3,2,0,0,FRA,0,1,0,110.15,1,N
54,1,3,18,0,3,2,0,0,PRT,0,1,0,65.0,0,Y
64,3,11,17,1,2,3,0,0,ITA,0,4,0,144.0,0,Y
4,10,41,3,1,2,2,0,0,FRA,0,1,0,140.0,1,N
2,6,25,16,0,2,2,0,0,ITA,0,1,0,141.0,0,N
197,12,52,21,1,4,3,0,0,FRA,0,1,3,160.6,0,N
414,12,49,5,2,1,2,0,0,PRT,1,1,0,62.0,0,Y
23,5,21,22,1,2,2,0,0,ISR,0,4,0,129.2,1,N
178,4,18,28,0,3,2,0,0,PRT,1,1,0,120.0,0,Y
37,8,31,2,0,1,2,0,0,GBR,0,4,0,208.0,0,N
344,9,39,26,2,1,2,0,0,PRT,1,1,0,170.0,0,Y
19,3,12,19,2,1,2,0,0,NLD,0,1,0,88.0,1,N
1,6,25,15,0,3,3,0,0,PRT,0,4,0,177.0,4,N
19,6,23,7,0,2,2,0,0,DNK,0,1,0,120.0,1,N
130,4,16,21,0,2,2,0,0,PRT,0,1,0,95.0,0,Y
4,9,39,22,0,1,2,0,0,AUT,0,4,0,149.38,1,N
11,5,18,2,0,4,2,0,0,FRA,0,1,0,155.0,1,N
468,10,43,20,0,1,1,0,0,PRT,0,1,0,59.0,0,Y
170,5,19,9,0,4,2,0,0,FRA,0,1,0,112.5,0,N
0,3,11,17,0,1,3,0,0,PRT,0,1,1,88.2,0,N
221,10,42,17,2,1,2,0,0,FRA,0,1,0,65.0,0,N
165,7,30,17,1,0,2,0,0,AUS,0,1,0,94.5,0,N
67,2,7,12,2,0,2,0,0,PRT,0,1,0,80.0,0,Y
170,7,31,28,0,3,2,1,0,FRA,0,1,0,86.24,2,N
0,8,36,31,1,0,2,0,0,FRA,0,4,0,126.0,0,N
233,6,25,23,1,2,2,0,0,PRT,0,1,0,105.0,0,Y
309,8,34,22,2,1,2,0,0,PRT,1,1,0,62.8,0,Y
46,3,12,18,2,4,2,0,0,PRT,0,1,0,63.58,0,Y
8,11,45,2,1,4,2,0,0,FRA,0,1,0,115.6,1,N
333,9,39,20,0,2,2,0,0,PRT,1,1,0,90.0,0,Y
121,8,33,10,1,2,2,0,0,PRT,0,1,0,76.5,0,Y
54,5,22,29,1,2,2,0,0,GBR,0,1,0,121.6,1,N
58,10,42,15,2,3,2,0,0,DEU,0,2,1,110.36,2,N
80,5,19,11,1,3,3,0,0,ARG,0,4,1,167.7,1,N
396,6,26,25,2,0,2,0,0,DEU,0,1,0,122.4,1,N
1,10,44,27,0,1,1,0,0,GBR,0,1,0,120.0,0,N
38,2,8,22,0,4,2,0,0,ESP,0,4,0,100.3,2,N
143,7,27,2,2,1,2,0,0,POL,0,1,0,112.0,1,N
162,8,33,13,2,2,3,0,0,FRA,0,4,0,175.5,0,Y
42,8,35,27,2,4,2,0,0,FRA,0,4,0,147.9,2,N
139,6,24,12,1,1,2,0,0,PRT,0,1,0,110.0,0,Y
29,4,15,11,0,2,3,0,0,DEU,0,5,0,229.0,3,N
91,4,15,4,1,2,2,0,0,PRT,0,1,0,80.0,0,Y
92,6,23,1,0,4,1,0,0,ITA,0,4,3,132.6,2,N
0,8,32,12,0,1,2,0,0,FRA,0,4,1,240.0,2,N
158,5,22,24,0,2,1,0,0,PRT,0,1,0,130.0,0,Y
23,12,53,30,2,4,2,0,0,CHN,0,4,0,115.9,2,N
0,10,43,19,1,0,2,1,0,PRT,0,4,0,160.0,0,N
123,4,18,29,1,2,2,0,0,ESP,0,1,0,108.3,0,Y
275,1,2,13,0,1,2,0,0,AUS,0,1,3,67.15,0,N
64,7,30,26,0,3,2,0,0,ESP,0,1,0,104.0,0,N
91,4,16,12,0,3,1,0,0,DEU,0,1,2,90.9,1,N
162,4,13,1,2,1,1,0,0,PRT,0,1,0,98.0,0,Y
21,2,8,23,0,3,2,0,0,CHE,0,4,0,118.0,0,Y
215,11,48,21,1,1,1,0,0,ALB,0,1,0,75.0,0,N
44,2,8,17,0,3,2,0,0,PRT,0,1,0,75.0,0,Y
323,5,21,17,0,4,2,0,0,PRT,0,1,0,112.0,1,N
1,12,51,17,2,4,2,2,0,FRA,0,6,0,142.38,0,N
224,12,53,25,2,5,2,0,0,BRA,0,1,0,68.61,0,Y
50,11,47,18,1,2,2,0,0,BEL,0,1,0,93.6,2,Y
251,3,13,22,0,3,2,0,0,PRT,0,1,0,125.0,0,Y
10,5,23,29,3,5,1,0,0,DEU,0,1,0,110.0,0,N
19,4,18,27,0,1,3,0,0,BRA,0,4,0,167.0,0,Y
145,1,2,3,2,1,2,0,0,PRT,0,1,0,65.0,0,Y
16,9,37,11,0,2,2,0,0,PRT,0,1,0,100.0,0,N
158,5,22,24,0,2,1,0,0,PRT,0,1,0,130.0,0,Y
19,9,38,12,1,0,1,0,0,ESP,0,1,0,99.0,2,N
80,3,10,5,1,1,2,0,0,FRA,0,1,0,53.97,1,N
180,8,35,23,0,2,3,0,0,GBR,0,4,0,137.7,0,N
117,7,30,19,0,2,2,0,0,PRT,0,1,0,105.3,2,N
315,9,38,17,1,1,2,0,0,FRA,0,1,0,65.0,1,N
386,7,31,28,0,2,2,0,0,PRT,0,1,0,62.0,0,Y
16,10,41,8,1,1,2,0,0,FRA,0,1,0,85.0,1,N
368,6,26,28,0,3,2,0,0,PRT,0,1,0,90.0,0,Y
377,10,42,14,0,2,2,0,0,DEU,0,1,0,115.0,1,N
333,9,39,20,0,2,1,0,0,PRT,1,1,0,80.0,0,Y
0,2,7,16,0,1,1,0,0,PRT,0,1,0,65.0,0,N
531,12,52,22,0,2,2,0,0,PRT,0,1,0,62.8,0,Y
86,9,39,24,0,2,2,0,0,FRA,0,1,0,105.0,0,N
119,4,16,15,0,2,1,0,0,DEU,0,1,0,90.9,0,N
40,4,18,27,0,1,1,0,0,GBR,0,1,0,72.0,0,N
129,6,22,2,1,2,2,0,0,PRT,0,1,0,130.0,0,Y
159,4,15,9,1,1,1,0,0,ESP,0,1,1,65.0,1,N
250,7,27,2,2,2,2,2,0,BEL,0,6,0,179.1,0,Y
405,7,27,4,0,2,2,0,0,DEU,0,1,0,114.4,0,N
24,6,24,12,1,3,3,0,0,DNK,0,7,0,209.4,1,N
48,10,43,17,1,2,2,0,0,NLD,0,1,0,126.0,1,Y
122,3,14,27,2,1,2,0,0,PRT,0,1,0,107.0,1,N
7,6,23,3,0,1,2,0,0,PRT,0,7,0,0.0,2,N
23,9,37,6,2,2,2,0,0,DEU,0,1,0,54.75,0,N
115,2,9,27,2,2,2,0,0,PRT,0,1,2,87.0,0,N
116,6,25,19,1,1,2,0,0,IRL,0,1,0,99.0,0,Y
13,9,39,20,2,3,1,0,0,PRT,0,1,0,87.78,1,N
260,2,8,23,1,3,2,1,0,PRT,0,1,1,83.55,1,Y
70,3,13,28,0,3,2,0,0,FRA,0,1,0,75.0,0,N
6,10,44,26,1,1,1,0,0,PRT,0,1,0,65.0,0,N
63,1,4,19,0,2,1,0,0,BEL,0,1,2,71.0,0,N
12,8,33,12,2,5,2,0,0,DEU,0,1,0,151.0,1,N
44,10,41,2,2,1,2,0,0,PRT,0,1,0,108.0,1,Y
0,9,38,14,1,0,2,0,0,PRT,0,1,1,133.0,0,N
58,12,53,28,1,3,2,0,0,PRT,0,1,0,95.4,0,N
186,5,22,30,0,2,2,0,0,PRT,0,1,0,130.0,0,Y
75,5,20,20,2,1,2,0,0,GBR,0,1,0,112.67,1,N
222,12,49,2,1,2,3,0,0,LTU,0,4,0,110.7,2,N
454,10,41,6,0,2,2,0,0,PRT,0,1,0,62.0,0,Y
148,5,18,4,0,2,2,0,0,PRT,0,1,0,95.0,0,Y
25,11,47,16,1,0,1,0,0,FRA,0,1,0,77.77,0,N
213,6,26,26,1,1,2,0,0,PRT,0,1,0,115.0,0,Y
116,9,38,15,0,3,2,0,0,DEU,0,1,0,129.6,2,N
21,4,16,13,0,2,2,0,0,FRA,0,1,0,117.0,0,Y
95,11,45,5,0,1,1,0,0,PRT,0,1,1,75.0,0,Y
0,8,35,24,0,1,2,1,0,ESP,0,1,0,136.44,1,N
10,3,12,21,0,3,3,0,0,IRN,0,4,2,168.0,0,Y
99,10,44,30,2,2,2,0,0,PRT,0,1,0,65.0,0,Y
80,3,13,25,1,2,2,0,0,GBR,0,1,0,85.5,0,Y
90,7,28,7,2,5,3,0,0,ESP,0,4,0,144.13,2,N
28,10,41,6,0,1,2,0,0,BRA,0,1,0,129.0,1,N
420,9,36,3,2,2,2,0,0,PRT,0,1,0,75.0,0,Y
0,11,49,29,0,1,1,0,0,ESP,0,1,0,79.0,0,N
256,9,38,14,1,2,2,0,0,SWE,0,1,0,76.67,0,N
116,3,12,24,0,2,2,0,0,FRA,0,1,0,100.0,1,N
5,2,5,4,2,4,2,1,0,PRT,0,1,0,80.76,1,N
233,9,36,3,1,1,1,0,0,ITA,0,1,1,73.0,0,N
3,3,10,2,0,3,2,0,0,DEU,0,1,0,79.77,1,N
15,2,9,28,0,4,2,0,0,ROU,0,1,0,91.8,0,Y
199,10,44,28,0,2,3,0,0,FRA,0,1,1,123.0,1,N
116,3,12,24,0,2,1,0,0,FRA,0,1,0,90.0,0,N
96,7,27,7,0,2,2,0,0,RUS,0,1,1,120.0,1,N
0,10,42,10,1,2,2,0,0,PRT,0,1,1,90.0,2,N
277,11,46,7,1,2,2,0,0,PRT,0,1,0,100.0,0,Y
37,6,24,8,0,1,3,0,0,PRT,0,4,0,141.3,2,N
6,8,33,8,1,0,1,0,0,PRT,0,1,0,65.0,0,Y
12,3,11,14,0,1,1,0,0,ESP,0,1,0,98.0,1,Y
8,7,30,20,0,1,1,0,0,ESP,0,1,0,105.0,1,N
55,4,15,6,0,1,2,0,0,PRT,0,1,0,104.0,0,N
88,12,50,11,0,2,2,0,0,PRT,1,1,0,76.5,2,Y
608,3,10,9,0,2,2,0,0,PRT,0,1,0,62.0,0,Y
95,8,32,12,2,3,2,0,0,FRA,0,4,0,155.0,1,N
0,3,11,6,2,4,1,0,0,COL,0,5,0,97.0,0,N
125,4,16,12,0,5,2,0,0,IRL,0,4,0,99.45,0,N
26,10,42,17,2,1,2,0,0,GBR,0,4,0,75.0,0,N
240,10,43,21,1,2,2,0,0,PRT,0,1,0,110.0,0,Y
39,7,28,15,2,1,2,1,0,DEU,0,5,1,44.0,2,N
377,10,42,14,0,2,2,0,0,DEU,0,1,0,115.0,1,N
124,5,22,22,2,5,2,0,0,PRT,0,4,0,111.59,0,N
4,2,8,20,1,1,2,0,0,BRA,0,5,0,127.0,0,N
91,7,31,24,2,1,2,0,0,FRA,0,1,0,114.3,0,Y
86,10,40,3,2,1,2,0,0,PRT,0,1,0,86.0,0,Y
222,8,36,28,2,4,2,0,0,LBN,0,1,2,100.58,1,Y
76,9,38,16,0,2,2,0,0,ESP,0,1,0,62.0,0,N
289,8,34,26,2,1,2,0,0,DEU,0,1,0,107.1,2,N
180,10,42,10,1,2,2,0,0,FRA,0,3,1,130.0,0,N
68,9,37,12,2,2,2,0,0,PRT,0,1,0,62.0,0,N
3,8,32,8,0,5,2,0,0,SWE,0,1,0,124.63,1,N
34,12,50,8,0,2,1,0,0,PRT,1,1,0,90.0,0,Y
10,7,27,6,0,1,1,0,0,PRT,0,1,0,104.0,0,Y
250,9,40,26,1,3,2,0,0,PRT,0,1,0,95.0,0,Y
2,12,50,10,0,1,2,0,0,PRT,0,7,0,0.0,2,N
316,5,22,26,0,3,2,0,0,AUT,0,1,0,110.0,0,N
117,4,14,5,0,4,2,0,0,PRT,0,1,0,93.5,0,Y
297,8,33,10,1,1,2,0,0,PRT,1,1,0,62.0,0,Y
0,5,20,19,0,1,3,0,1,AGO,0,6,1,305.0,0,N
0,8,35,27,1,0,2,0,0,PRT,0,1,0,80.1,1,N
2,8,34,24,0,1,2,0,0,MEX,0,1,0,140.0,1,N
39,3,10,4,1,2,2,0,0,PRT,0,1,0,40.67,0,N
65,9,37,12,2,1,2,0,0,PRT,0,1,0,86.0,0,Y
88,9,39,26,2,2,2,0,0,PRT,0,1,0,170.0,0,Y
165,8,34,19,2,3,3,0,0,POL,0,1,0,180.2,0,Y
6,11,48,24,0,1,1,0,0,PRT,1,1,0,65.0,1,Y
95,5,18,6,2,3,2,0,0,IRL,0,4,0,135.0,0,Y
58,12,53,28,1,4,2,0,0,PRT,1,4,0,110.15,1,Y
277,11,46,7,1,2,2,0,0,PRT,0,1,0,100.0,0,Y
18,7,27,1,1,2,3,0,0,FRA,0,4,0,187.0,3,N
136,5,23,29,2,3,2,0,0,FRA,0,4,0,117.29,1,N
232,8,34,26,2,1,2,0,0,PRT,0,1,0,99.0,1,Y
422,6,24,13,0,4,2,0,0,GBR,0,1,3,90.0,1,N
211,5,21,20,0,2,2,0,0,PRT,0,1,0,100.0,0,Y
269,10,43,22,0,3,2,0,0,PRT,1,1,0,65.29,1,Y
2,8,34,24,0,1,1,0,0,BEL,0,1,0,107.1,0,N
0,8,36,31,1,0,2,0,0,ITA,0,1,0,106.0,0,N
48,10,41,5,0,2,2,0,0,PRT,0,1,0,120.0,0,Y
144,5,18,6,2,1,2,0,0,FRA,0,1,0,90.0,1,N
75,2,5,3,1,2,2,2,0,ITA,0,6,0,156.6,2,N
7,5,21,16,1,3,1,0,0,PRT,0,1,1,130.0,0,N
81,8,34,16,0,1,2,0,0,CN,0,1,0,125.1,2,N
3,3,10,9,0,1,2,0,0,PRT,0,1,0,98.0,2,N
86,9,39,24,0,2,2,0,0,FRA,0,1,0,105.0,0,N
18,9,38,12,1,0,2,0,0,CHN,0,1,0,89.0,0,N
302,7,30,29,1,1,2,1,0,DEU,0,1,0,123.3,4,N
73,3,10,6,1,3,2,0,0,FRA,0,1,0,74.8,0,N
137,1,5,27,0,2,1,0,0,PRT,1,1,0,70.0,0,Y
114,6,25,15,0,4,3,0,0,DEU,0,4,0,150.45,0,N
115,3,13,20,2,0,1,0,0,PRT,1,1,0,70.0,0,Y
35,10,42,15,1,1,3,0,0,PRT,0,4,0,175.5,1,N
91,12,50,8,0,3,3,0,0,ESP,0,1,0,92.65,0,N
50,11,48,20,2,5,2,0,0,DEU,0,1,0,74.8,1,Y
170,5,21,27,2,2,2,0,0,CHE,0,1,0,126.0,3,N
277,11,46,7,1,2,2,0,0,PRT,0,1,0,100.0,0,Y
263,9,39,21,1,0,2,0,0,PRT,0,1,0,67.0,0,N
151,1,4,19,0,2,1,0,0,PRT,0,1,2,71.0,0,N
162,9,38,17,0,3,1,0,0,PRT,0,1,1,60.0,0,N
37,10,42,13,0,3,1,0,0,PRT,0,1,0,95.0,0,Y
65,9,40,27,0,3,2,0,0,BEL,0,1,0,135.9,3,N
226,7,30,22,0,2,1,0,0,USA,0,1,0,64.25,0,N
4,2,5,4,0,1,2,0,0,PRT,2,1,0,75.0,0,N
35,10,43,20,0,4,2,0,0,FRA,0,1,0,96.3,2,N
233,7,28,13,1,3,2,0,0,FRA,0,1,0,86.63,1,N
206,10,44,24,1,2,2,1,0,IND,0,1,0,112.5,1,N
135,9,38,14,1,2,2,0,0,PRT,0,1,0,90.0,0,Y
53,9,40,26,1,2,2,0,0,PRT,0,1,0,105.0,0,Y
26,2,8,19,0,2,2,0,0,FRA,0,1,0,91.0,0,Y
16,4,17,26,0,2,1,0,0,NLD,0,4,0,174.5,0,N
14,1,4,18,5,10,1,0,0,ZAF,0,1,0,75.47,0,Y
8,3,11,17,2,2,2,0,0,PRT,0,4,0,87.04,0,Y
68,2,8,17,0,2,2,0,0,PRT,1,1,0,75.0,0,Y
77,3,14,31,0,3,2,0,0,IRL,0,1,0,76.5,0,Y
38,1,2,14,0,1,1,0,0,PRT,0,1,0,75.0,0,Y
152,7,27,8,0,1,2,0,0,PRT,0,4,0,116.1,2,N
13,1,4,21,2,8,1,0,0,MOZ,0,1,1,75.6,0,N
34,11,45,1,2,1,2,0,0,BEL,0,4,1,60.0,0,N
124,5,19,6,0,2,2,0,0,GBR,0,4,1,114.3,1,N
50,2,7,18,2,2,2,0,0,GBR,0,6,0,135.52,1,N
218,6,25,21,1,4,3,0,0,GBR,0,4,0,128.21,1,N
0,9,37,7,1,0,1,0,0,GBR,0,1,0,133.0,1,N
2,8,33,18,0,2,2,0,0,PRT,0,1,0,127.6,1,N
17,12,49,3,2,3,2,0,0,ESP,0,1,0,91.0,0,N
290,8,32,3,1,1,2,0,0,PRT,1,1,0,62.0,0,Y
16,3,12,18,0,1,1,0,0,ESP,0,2,1,103.0,1,N
34,9,39,23,0,3,1,0,0,PRT,0,1,1,177.33,0,N
3,9,36,2,0,1,2,0,0,GBR,0,1,0,129.0,3,N
5,2,9,24,0,2,1,0,0,PRT,0,1,0,80.0,0,N
22,10,42,11,0,3,2,0,0,GBR,0,1,0,95.0,0,N
5,8,32,8,0,2,1,0,0,NOR,0,1,0,136.0,1,N
164,6,26,19,2,2,2,0,0,PRT,0,1,0,100.3,1,N
140,8,33,12,0,2,2,0,0,ESP,0,1,0,103.5,1,N
134,8,32,1,1,4,2,2,0,ESP,0,6,0,176.45,1,N
184,7,28,11,2,5,2,0,0,GBR,0,4,0,120.6,1,N
4,1,2,9,1,3,2,0,0,IRL,0,1,0,54.15,0,N
0,9,39,25,2,2,2,0,0,UKR,0,4,0,180.0,1,N
358,6,27,30,0,2,2,0,0,PRT,0,1,0,62.0,0,Y
173,6,24,11,2,3,2,0,0,PRT,0,1,0,140.0,0,Y
1,3,10,5,0,1,2,0,0,CHE,0,1,2,98.0,0,N
27,6,27,29,0,1,1,0,0,PRT,1,1,1,65.0,0,Y
56,11,47,19,0,3,2,0,0,FRA,0,4,0,60.0,1,N
81,7,29,17,1,4,2,0,0,GBR,0,1,0,96.0,1,N
115,5,20,18,0,3,2,0,0,PRT,0,1,0,190.0,0,Y
274,7,29,18,2,2,2,0,0,PRT,1,1,0,62.0,0,Y
59,5,20,8,2,1,2,0,0,FRA,0,1,0,85.5,0,N
0,5,22,31,0,3,1,0,0,AUT,0,1,3,95.0,0,N
75,6,25,17,2,2,1,0,0,PRT,0,2,1,118.6,2,N
5,4,16,17,1,1,1,0,0,PRT,0,1,0,95.0,0,N
147,10,41,7,1,2,3,0,0,GBR,0,4,0,151.2,0,N
91,6,23,5,1,5,2,0,0,DEU,0,1,0,130.67,0,N
108,3,12,18,0,2,2,0,0,PRT,1,1,0,80.0,0,Y
129,6,22,2,1,2,2,0,0,PRT,0,1,0,130.0,0,Y
118,10,44,27,2,3,2,0,0,GBR,0,4,0,123.3,0,Y
229,8,31,2,0,2,2,0,0,CHE,0,1,0,139.5,1,N
191,8,35,22,1,2,2,0,0,BEL,0,1,0,94.5,0,Y
25,5,22,30,0,1,2,0,0,PRT,0,1,0,90.0,0,Y
15,5,23,30,2,5,2,0,0,FRA,0,4,0,115.84,0,Y
180,5,19,2,1,1,2,0,0,ITA,0,1,0,100.0,1,N
7,10,43,20,0,1,1,0,0,PRT,1,1,0,120.0,1,Y
80,7,31,28,0,3,2,0,0,FRA,0,4,0,120.0,0,N
12,11,47,18,2,2,2,0,0,BRA,0,1,0,87.63,1,N
358,6,27,30,0,2,2,0,0,PRT,0,1,0,62.0,0,Y
20,8,33,10,0,2,2,2,0,ISR,0,6,0,231.0,1,N
269,12,53,29,2,3,1,0,0,SWE,0,1,0,70.0,0,N
247,8,35,31,1,3,2,0,0,GBR,0,1,0,86.85,0,N
51,5,22,23,1,0,2,0,0,DEU,0,1,0,135.9,0,N
116,5,21,15,2,3,2,0,0,FRA,0,1,0,89.25,0,Y
20,7,30,25,0,1,2,0,0,PRT,0,1,0,160.0,1,Y
14,6,23,6,0,1,2,0,0,CHE,0,4,1,120.0,1,N
1,9,37,6,0,3,1,0,0,PRT,3,1,0,67.0,0,N
112,5,18,6,2,4,2,0,0,IRL,0,1,0,108.0,0,Y
211,11,47,18,0,1,2,0,0,FRA,0,1,0,78.3,0,Y
110,6,23,4,2,4,2,0,0,IRL,0,4,2,153.0,1,N
6,10,43,16,2,1,2,0,0,ESP,0,1,0,111.67,3,N
1,7,30,20,0,1,2,0,0,FRA,0,1,0,99.0,1,N
31,4,16,14,0,1,2,0,0,PHL,0,1,0,94.5,0,Y
56,3,10,10,1,2,2,0,0,NLD,0,1,0,97.2,0,Y
15,7,29,20,0,3,2,0,0,PRT,0,1,0,126.0,2,N
202,4,17,29,2,3,2,0,0,POL,0,1,0,99.0,0,Y
277,11,46,7,1,2,2,0,0,PRT,0,1,0,100.0,0,Y
221,10,41,10,2,1,2,0,0,FRA,0,1,0,65.0,0,N
107,9,37,5,1,3,2,0,0,VEN,0,1,0,118.8,1,Y
269,9,40,30,1,2,2,0,0,DEU,0,1,0,95.4,0,N
5,4,15,4,1,3,1,0,0,BEL,0,1,0,95.0,0,N
23,1,1,2,2,1,2,0,0,ITA,0,1,0,109.0,0,N
17,11,47,17,0,1,1,0,0,PRT,0,1,0,67.0,0,Y
172,5,21,27,2,1,2,0,0,FRA,0,1,0,108.0,0,N
14,6,25,22,0,1,1,0,0,FRA,1,1,0,95.0,0,N
1,10,41,6,0,2,1,0,0,GBR,0,5,0,164.0,0,N
108,6,27,26,2,2,1,0,0,NZL,0,4,0,86.4,1,N
102,10,42,16,0,2,2,0,0,DEU,0,1,0,109.0,0,N
265,7,28,9,0,2,2,0,0,PRT,1,1,0,62.0,0,Y
133,3,9,3,1,2,2,0,0,DEU,0,1,1,93.6,2,N
23,1,3,15,2,1,2,0,0,ITA,0,1,0,92.63,1,Y
171,12,53,31,2,2,2,0,0,PRT,0,1,0,76.08,1,N
180,5,19,2,1,1,2,0,0,PRT,0,1,0,100.0,1,N
11,10,42,11,2,1,1,0,9,GBR,0,1,1,95.0,0,N
13,9,37,8,1,5,2,0,0,ITA,0,4,0,85.0,0,N
188,9,36,1,0,3,2,0,0,GBR,0,1,0,116.1,1,N
100,4,16,22,2,2,2,0,0,PRT,0,1,0,105.0,0,Y
104,7,28,10,1,0,3,0,0,CN,0,4,0,150.0,0,Y
160,7,28,5,0,1,3,0,0,GBR,0,1,0,96.9,1,N
32,2,8,20,1,1,1,0,0,PRT,0,1,0,75.0,0,Y
68,5,21,24,0,2,2,0,0,ITA,0,4,0,171.0,0,Y
373,4,14,5,0,3,2,0,0,PRT,0,1,0,90.0,0,Y
11,6,24,12,1,1,2,0,0,PRT,0,1,1,95.0,2,N
22,9,39,24,2,1,2,0,0,USA,0,1,0,139.0,2,N
278,1,3,16,1,0,2,0,0,SGP,0,1,0,67.15,0,Y
9,1,1,1,2,2,3,0,0,ITA,0,4,0,146.2,0,Y
56,11,46,6,2,0,3,0,0,CHE,0,4,0,194.5,1,Y
167,7,31,30,2,0,2,0,0,BRA,0,1,0,80.1,0,N
29,10,43,19,0,4,2,0,0,NLD,0,1,0,119.0,2,Y
0,9,37,8,0,2,2,0,0,PRT,0,1,0,102.4,1,N
174,6,22,1,0,2,2,0,0,PRT,0,1,0,100.0,0,Y
192,10,43,21,0,2,2,0,0,PRT,0,1,0,95.0,0,Y
482,11,45,3,0,1,1,0,0,PRT,0,1,0,51.4,0,Y
211,8,35,22,1,4,3,0,0,FRA,0,4,1,121.55,2,N
111,3,12,24,1,2,2,0,0,POL,0,4,0,106.2,1,Y
48,3,10,2,0,3,2,0,0,BEL,0,1,2,73.1,1,Y
75,1,2,8,2,1,1,0,0,USA,0,4,0,67.0,2,N
74,9,38,18,0,2,2,0,0,PRT,0,1,0,101.5,0,Y
148,8,35,28,2,3,2,0,0,PRT,0,1,0,79.9,2,Y
31,5,19,5,0,3,2,0,0,FRA,0,1,0,81.67,0,N
27,2,9,22,1,2,3,0,0,PRT,0,4,0,130.0,2,N
57,8,34,24,0,3,3,0,0,GBR,0,4,0,202.67,0,Y
102,5,21,26,1,2,2,0,0,GBR,0,1,0,149.33,0,Y
38,12,49,2,0,2,2,0,0,PRT,0,1,0,85.0,0,N
66,11,48,25,2,3,2,0,0,SWE,0,1,0,88.4,3,N
120,5,19,1,2,0,2,0,0,GBR,0,1,0,105.3,1,Y
2,5,20,8,1,0,2,0,0,DEU,0,1,0,89.0,1,N
30,3,9,1,0,4,3,0,0,FRA,0,5,0,125.8,3,Y
42,8,34,16,0,2,2,1,0,PRT,0,1,0,152.1,1,N
195,2,8,24,2,3,2,0,0,ESP,0,1,0,74.8,2,Y
334,4,14,4,2,6,1,0,0,FRA,0,1,0,80.1,0,Y
418,9,40,26,1,2,2,0,0,PRT,0,1,0,107.0,0,N
241,6,26,20,3,6,2,0,0,DEU,0,1,0,106.2,1,N
108,6,22,2,0,2,2,0,0,FRA,0,1,0,126.0,1,N
58,1,2,14,1,1,2,0,0,SWE,0,1,0,79.2,0,N
336,9,38,18,0,2,2,0,0,PRT,1,1,0,101.5,0,Y
56,9,36,2,0,1,2,0,0,ITA,0,1,0,99.0,0,Y
358,10,41,10,1,1,2,0,0,PRT,1,1,0,62.0,0,Y
40,8,33,15,2,2,1,0,0,ESP,0,1,1,60.0,0,N
286,10,43,16,1,0,2,0,0,PRT,0,1,0,90.0,0,Y
6,1,5,24,1,0,2,0,0,PRT,0,1,0,87.0,0,N
157,5,18,1,1,3,2,0,0,PRT,0,1,0,130.0,0,Y
4,12,52,25,1,2,2,0,0,ESP,0,1,0,90.33,0,N
0,5,19,3,0,4,2,2,0,FRA,0,6,0,221.0,1,N
457,8,34,25,0,2,2,0,0,DEU,0,1,1,122.4,1,N
57,3,14,27,2,5,2,0,0,FRA,0,5,0,89.78,0,N
192,6,26,24,0,2,1,0,0,BRB,0,1,0,95.0,0,N
1,6,24,8,0,1,2,1,0,CN,0,4,0,139.0,2,N
17,1,5,25,1,4,2,0,0,MAR,0,2,1,77.25,0,Y
91,4,15,4,1,2,2,0,0,PRT,0,1,0,80.0,0,Y
11,9,37,5,1,0,1,0,0,DEU,0,1,0,112.88,0,N
16,3,12,17,0,3,2,0,0,ITA,0,1,0,109.0,1,N
182,6,26,27,2,5,2,0,0,NOR,0,1,0,86.82,1,N
103,4,17,19,0,2,1,0,0,PRT,0,1,0,115.0,0,Y
130,8,34,23,2,5,2,2,0,FRA,0,7,0,300.0,1,N
120,6,25,18,2,2,2,0,0,FRA,0,1,0,109.71,1,Y
70,2,7,15,0,4,2,0,0,ESP,0,1,0,78.0,0,N
46,3,12,25,2,3,3,0,0,BRA,0,4,0,139.4,3,N
47,9,39,23,0,2,2,0,0,BEL,0,1,0,94.5,1,N
364,10,42,16,0,2,2,0,0,PRT,1,1,0,101.5,0,Y
615,3,11,16,0,2,2,0,0,PRT,0,1,0,62.0,0,Y
60,3,13,30,0,3,2,0,0,DEU,0,1,0,85.8,0,N
2,8,33,9,2,0,2,0,0,ESP,0,1,0,99.0,2,N
117,2,10,29,1,2,2,0,0,PRT,1,1,0,75.0,0,Y
1,7,28,14,1,2,2,0,0,NOR,0,1,0,106.67,1,N
94,3,13,25,1,2,2,0,0,CHE,0,5,0,95.25,0,N
13,2,9,21,2,0,2,0,0,FRA,0,1,0,87.0,0,N
174,8,32,7,1,2,3,0,0,NLD,0,4,0,175.5,2,N
303,8,34,19,2,3,2,0,0,PRT,0,1,0,78.0,0,Y
130,5,21,23,1,5,2,0,0,DEU,0,1,0,89.1,1,N
0,5,20,10,0,3,1,0,0,PRT,0,1,0,108.8,0,N
72,12,53,26,1,3,2,0,0,CHE,0,1,0,84.15,0,N
160,10,42,13,2,3,2,0,0,FRA,0,4,0,200.7,2,N
196,5,20,12,1,3,2,0,0,USA,0,1,0,80.75,0,N
131,4,17,23,2,3,2,0,0,DEU,0,1,3,99.0,2,N
78,4,16,12,0,4,2,0,0,PRT,0,1,0,62.18,0,Y
94,3,10,4,0,2,2,0,0,PRT,1,1,0,80.0,0,Y
191,9,37,7,2,5,2,0,0,DEU,0,1,0,80.75,1,N
177,8,33,12,1,2,2,0,0,ESP,0,4,0,127.8,1,Y
41,12,53,27,1,5,2,0,0,PRT,0,1,1,70.0,0,Y
29,3,10,5,2,1,1,0,0,FRA,0,1,0,86.0,1,N
39,5,20,12,1,3,2,0,0,USA,0,1,0,116.1,0,Y
156,4,17,26,0,3,2,0,0,PRT,0,1,0,100.0,0,Y
75,9,38,19,2,2,2,0,0,PRT,0,1,0,62.0,0,Y
6,9,39,20,2,0,1,0,0,PRT,1,1,0,90.0,0,Y
28,12,49,2,1,2,2,0,0,ITA,0,1,0,88.0,1,N
25,9,36,5,0,1,2,0,0,PRT,0,1,0,105.0,1,Y
256,6,25,15,0,2,2,0,0,DEU,0,1,0,115.0,1,N
3,2,8,20,1,1,1,0,0,FRA,0,1,0,80.0,2,N
74,4,14,1,2,2,2,0,0,DEU,0,1,0,59.37,0,N
156,4,17,26,0,3,2,0,0,PRT,0,1,0,100.0,0,Y
221,5,19,13,2,1,3,0,0,CHN,0,4,0,163.5,1,Y
198,12,49,5,2,1,2,0,0,ESP,0,1,0,90.0,0,Y
119,6,27,29,0,2,3,0,0,PRT,0,1,0,146.7,2,N
15,12,49,2,0,2,1,0,0,ESP,0,1,0,79.0,0,N
162,9,38,17,0,3,2,0,0,PRT,0,1,2,70.0,0,N
163,6,24,5,2,2,1,0,0,PRT,0,1,0,100.0,0,Y
47,4,16,12,0,1,1,0,0,ESP,0,1,1,99.9,0,Y
132,7,29,13,2,4,2,0,0,CN,0,1,0,79.56,0,N
6,9,39,20,2,0,2,0,0,PRT,1,1,0,0.0,0,Y
47,10,41,4,0,3,2,0,0,ITA,0,1,0,118.8,1,N
183,10,42,11,0,1,1,0,0,FRA,0,1,0,98.1,0,Y
130,6,23,9,0,2,2,0,0,IRL,0,1,0,89.1,0,N
179,10,40,1,2,1,2,0,0,IRL,0,1,0,108.9,2,Y
221,12,53,31,1,1,2,0,0,CHN,0,1,0,71.28,0,N
162,5,21,23,0,5,1,0,0,DEU,0,1,0,108.0,1,N
58,10,43,21,1,2,2,2,0,EST,0,6,0,198.0,2,Y
174,4,15,10,1,1,3,0,0,PRT,0,4,0,158.4,1,N
88,5,20,17,0,3,2,0,0,ITA,0,1,0,117.0,0,Y
20,5,21,24,0,1,2,0,0,PRT,0,1,0,120.0,0,Y
465,7,30,26,0,3,2,0,0,GBR,0,1,0,112.67,1,N
1,1,1,4,0,1,2,0,0,PRT,0,1,1,0.0,1,N
346,9,38,13,0,2,2,0,0,DEU,0,1,0,115.0,1,N
67,2,5,3,1,2,2,0,0,GBR,0,1,0,93.6,0,Y
58,2,8,23,1,3,2,0,0,PRT,0,1,0,78.0,0,Y
277,11,46,7,1,2,2,0,0,PRT,0,1,0,100.0,0,Y
26,3,13,31,0,2,2,0,0,BEL,0,5,0,169.0,1,N
32,1,5,24,2,1,3,0,0,BRA,0,4,1,95.0,1,N
239,10,42,17,0,1,2,0,0,PRT,1,1,0,60.0,0,Y
94,8,32,4,0,2,0,2,0,BEL,0,2,0,90.25,1,N
6,5,23,31,0,2,1,0,0,ESP,0,1,0,95.0,0,N
1,2,10,28,2,1,1,0,0,PRT,0,1,0,60.0,0,Y
216,7,26,1,2,5,3,0,0,FRA,0,4,0,156.6,2,N
53,8,32,11,0,2,2,0,0,CHN,0,1,0,160.0,2,N
91,3,12,18,0,2,1,0,0,PRT,0,1,0,75.0,0,Y
164,10,40,2,0,1,2,0,0,PRT,0,1,1,100.0,1,N
32,5,20,19,0,2,2,0,0,AUT,0,1,0,160.0,1,N
132,8,32,9,0,3,3,0,0,FRA,0,4,0,195.0,2,Y
44,2,8,17,0,3,2,0,0,PRT,0,1,0,75.0,0,Y
34,1,3,18,0,1,1,0,0,ESP,0,1,0,75.0,0,N
1,2,5,2,0,1,2,0,0,PRT,0,1,0,88.0,0,Y
7,8,32,5,0,3,2,0,0,PRT,0,1,1,66.0,1,N
0,5,19,9,0,1,1,0,0,ITA,0,1,0,510.0,0,N
116,2,10,28,2,2,1,0,0,MAR,0,1,1,76.0,0,N
5,4,17,25,0,1,2,2,0,NLD,0,5,1,275.0,1,N
82,11,45,2,1,2,2,0,0,DEU,0,1,0,72.25,2,N
213,6,24,7,0,3,2,0,0,PRT,0,1,0,130.0,0,Y
9,10,44,30,0,1,1,0,0,PRT,0,1,0,95.0,0,N
185,5,20,18,0,3,2,0,0,BEL,0,4,0,139.2,2,N
9,10,44,29,2,1,2,0,0,DEU,0,1,0,105.0,1,N
3,9,36,5,2,2,2,0,0,ESP,0,1,0,62.0,0,N
60,11,47,15,2,4,2,0,0,PRT,0,1,0,76.0,1,N
114,8,32,2,0,2,2,3,0,PRT,0,7,0,266.3,0,Y
0,8,35,24,0,1,1,0,0,ITA,0,1,1,129.0,0,N
2,5,22,28,1,0,1,0,0,NOR,0,4,0,185.0,0,N
169,6,23,8,0,3,2,0,0,PRT,0,1,0,170.0,0,Y
28,8,32,3,1,3,2,0,0,PRT,0,1,0,62.0,0,Y
292,7,30,21,0,2,2,0,0,DEU,0,1,0,115.0,0,N
25,5,20,10,0,3,1,0,0,FRA,0,1,0,129.0,0,N
193,8,31,5,2,2,2,0,0,ESP,0,4,0,148.5,2,N
112,4,14,4,0,2,2,0,0,PRT,0,1,0,95.0,0,Y
32,5,21,26,1,2,2,0,0,BRA,0,1,0,160.0,2,Y
3,12,50,6,2,0,2,0,0,ESP,0,4,1,87.2,0,N
52,3,11,13,1,1,1,0,0,PRT,0,1,0,80.0,0,Y
4,9,40,30,0,1,1,0,0,PRT,0,1,1,90.6,0,N
302,5,19,5,0,2,2,0,0,PRT,0,1,0,62.0,0,Y
8,11,46,10,0,1,1,0,0,PRT,1,1,0,85.0,2,Y
281,12,53,26,1,5,2,0,0,FRA,0,1,0,79.62,2,Y
163,10,43,20,0,3,2,0,0,PRT,0,1,0,100.0,0,Y
132,5,19,6,0,2,2,0,0,ESP,0,1,0,105.3,0,N
1,4,15,7,0,2,1,0,0,CHE,0,1,0,101.0,1,N
605,10,43,17,1,2,2,0,0,PRT,0,1,0,60.0,0,Y
161,6,27,28,2,7,2,0,0,PRT,0,1,2,66.53,1,N
91,10,40,2,2,2,1,0,0,IRL,0,1,1,70.14,0,N
37,7,31,26,0,1,3,1,0,PRT,0,5,0,188.95,1,N
21,3,13,23,0,3,2,0,0,AUT,0,1,0,62.0,1,N
507,8,33,15,0,1,2,0,0,PRT,0,1,0,90.0,0,Y
79,4,15,9,2,1,2,0,0,BEL,0,1,0,99.0,0,Y
96,7,30,29,0,1,2,0,0,PRT,0,1,0,80.1,1,Y
24,2,6,5,2,5,1,0,0,MAR,0,1,1,75.0,0,N
213,9,40,26,1,2,1,0,0,PRT,0,5,0,106.0,0,Y
112,5,19,6,0,2,1,0,0,PRT,0,1,0,99.0,1,N
80,11,47,15,0,4,2,0,0,NLD,0,1,0,88.4,1,N
179,7,27,1,0,2,2,0,0,PRT,0,1,0,65.0,0,Y
155,7,29,17,1,1,2,3,0,PRT,0,7,0,215.27,1,Y
13,9,37,5,1,2,1,0,0,PRT,0,1,0,67.0,0,N
49,2,8,19,2,3,2,0,0,GBR,0,1,0,90.1,0,N
6,11,46,6,2,3,1,0,0,ESP,0,1,0,164.2,2,N
0,2,6,7,0,3,2,0,0,PRT,0,1,2,68.33,0,N
64,4,18,29,1,2,2,0,0,GBR,0,1,0,116.1,1,N
186,11,48,24,0,3,2,0,0,GBR,0,1,1,64.56,0,N
14,1,4,21,0,3,2,0,0,PRT,0,2,1,79.25,0,N
36,8,32,7,0,2,2,0,0,ESP,0,1,0,62.0,0,N
150,8,35,27,0,1,2,0,0,AUT,0,4,0,109.8,1,N
8,4,16,14,0,3,2,0,0,ESP,0,1,0,124.0,1,Y
316,5,22,26,0,3,1,0,0,PRT,0,1,2,0.0,0,N
332,9,38,14,1,1,2,0,0,PRT,1,1,0,62.0,0,Y
28,5,20,16,0,3,2,0,0,IRL,0,4,0,141.33,2,N
136,6,22,2,1,2,2,0,0,FRA,0,1,0,85.0,0,N
150,6,24,17,2,3,1,0,0,PRT,0,1,0,120.0,0,Y
179,7,30,17,2,2,1,0,0,BEL,0,1,0,90.95,1,N
9,1,5,29,4,10,2,0,0,PRT,0,1,0,74.8,0,Y
131,8,33,15,2,1,2,0,0,ITA,0,1,0,94.5,0,Y
25,7,31,29,0,1,2,2,0,BRA,0,7,0,193.45,0,N
88,7,30,18,1,2,3,0,0,GBR,0,1,1,96.9,1,N
177,7,28,9,1,1,2,0,0,PRT,0,1,0,96.0,0,N
5,4,16,12,0,3,3,0,0,CHE,0,4,0,157.0,2,N
32,7,30,18,1,1,1,0,0,PRT,0,1,1,85.0,0,N
127,7,28,7,0,3,2,0,0,ESP,0,1,0,103.5,0,Y
49,5,20,9,1,0,1,0,0,PRT,0,1,0,121.5,1,N
89,11,47,17,0,3,1,0,0,PRT,0,1,0,63.75,1,Y
132,7,26,1,2,1,2,0,0,FRA,0,1,0,89.1,2,N
43,4,15,11,0,2,2,0,0,ISR,0,1,0,140.0,2,N
0,8,33,15,0,1,2,1,0,PRT,0,1,0,199.0,0,N
60,4,14,8,2,2,2,1,0,ESP,0,1,0,186.3,2,N
69,6,25,12,2,4,1,0,0,PRT,0,1,0,120.0,0,Y
99,2,8,19,0,2,2,0,0,PRT,0,1,2,86.0,0,N
12,5,21,23,0,1,1,0,0,PRT,0,1,0,110.0,1,N
155,5,19,12,0,1,2,0,0,USA,0,1,0,144.0,1,N
457,10,43,21,0,2,2,0,0,PRT,0,1,0,65.0,0,Y
50,8,35,25,0,4,2,0,0,PRT,0,1,0,62.0,0,Y
69,7,31,28,2,5,3,0,0,DEU,0,1,1,88.4,1,N
175,5,20,19,1,2,2,0,0,PRT,0,1,0,110.0,0,Y
57,11,46,11,1,2,3,0,0,FRA,0,1,1,105.0,1,N
1,9,40,29,0,3,2,0,0,NLD,0,1,0,146.0,0,N
0,6,25,23,0,1,1,0,0,DEU,0,1,0,95.0,0,N
28,3,10,6,3,5,3,0,0,FRA,0,5,0,127.93,0,N
38,6,25,18,1,1,2,0,0,PRT,0,1,0,85.5,0,N
87,6,24,9,0,3,2,0,0,GBR,0,1,0,97.71,0,N
39,8,33,10,1,1,2,0,0,ESP,0,1,0,62.0,0,N
3,3,11,8,0,1,1,0,0,ESP,0,1,0,90.0,1,N
109,4,17,28,1,2,2,0,0,FRA,0,1,0,99.0,3,N
153,6,25,21,0,4,1,0,0,PRT,0,1,0,110.0,0,Y
7,11,46,6,2,4,2,0,0,CHE,0,1,0,111.4,1,N
108,6,22,2,0,2,2,0,0,FRA,0,1,0,126.0,1,N
35,4,14,4,0,4,2,0,0,GBR,0,1,1,120.0,2,N
156,10,41,9,1,2,2,0,0,PRT,0,1,0,89.25,1,N
42,7,28,8,0,1,3,0,0,BEL,0,4,0,150.3,0,Y
426,9,37,8,0,2,2,0,0,PRT,0,1,0,62.0,0,Y
32,7,29,15,1,2,3,0,0,ITA,0,4,0,168.3,0,Y
34,8,32,5,0,2,2,0,0,PRT,0,1,0,62.0,0,Y
80,12,53,27,0,3,2,0,0,DEU,0,4,0,114.9,1,N
277,11,46,7,1,2,2,0,0,PRT,0,1,0,100.0,0,Y
4,6,22,2,0,1,2,0,0,PRT,4,6,0,0.0,3,N
373,4,14,5,0,3,2,0,0,PRT,0,1,0,90.0,0,Y
81,3,13,25,1,2,3,0,0,ITA,0,1,2,94.0,0,N
23,10,42,16,0,2,1,0,0,PRT,0,1,0,109.0,0,N
434,6,22,3,2,1,2,0,0,GBR,0,1,0,112.67,1,N
1,2,9,26,1,0,2,2,0,PRT,0,6,0,188.4,0,N
4,2,8,19,0,1,1,0,0,PRT,0,1,1,81.0,0,N
4,4,14,4,0,1,2,0,0,ESP,0,1,0,108.0,1,N
40,6,24,9,0,2,2,0,0,ARG,0,4,0,165.6,0,Y
67,2,7,12,2,0,2,0,0,PRT,0,1,0,80.0,0,Y
13,2,8,17,0,1,1,0,0,PRT,0,1,0,67.0,0,N
56,3,12,21,0,3,2,0,0,PRT,0,1,0,85.0,0,Y
11,1,1,1,2,0,2,0,0,PRT,0,1,1,65.0,0,N
44,2,8,25,2,1,2,0,0,ESP,0,4,0,121.0,0,Y
77,4,15,8,2,2,2,0,0,BRA,0,1,0,80.75,2,N
86,9,39,24,0,2,1,0,0,FRA,0,1,1,87.5,0,N
1,4,18,26,0,1,3,0,0,PRT,0,6,0,205.95,1,N
1,6,23,2,0,2,2,0,0,PRT,0,1,1,119.0,1,N
15,12,53,29,1,3,2,0,0,FRA,0,1,0,102.0,2,N
105,10,42,12,1,2,2,0,0,PRT,0,1,0,110.0,0,Y
147,9,37,8,1,3,2,1,0,BRA,0,1,0,111.19,2,N
3,12,52,22,2,7,1,0,0,PRT,0,1,0,67.5,0,N
25,3,11,16,0,3,2,0,0,NLD,0,4,0,128.0,0,Y
3,11,45,6,0,2,1,0,0,DEU,0,1,0,101.0,2,N
15,8,35,27,0,2,1,0,0,PRT,0,1,0,80.0,1,Y
100,3,12,17,1,3,2,0,0,NLD,0,1,0,73.95,0,N
263,10,43,21,0,2,2,0,0,PRT,0,1,0,110.0,0,Y
54,5,21,26,1,2,2,0,0,GBR,0,1,0,121.6,1,N
189,6,22,2,0,2,2,0,0,PRT,0,1,0,100.0,0,Y
141,9,39,20,1,0,2,0,0,CN,0,1,0,90.0,0,N
166,5,18,1,1,1,2,0,0,USA,0,1,0,99.0,2,N
89,6,27,26,2,3,2,0,0,FRA,0,1,0,107.1,2,N
75,1,1,7,1,1,1,0,0,USA,0,1,0,86.4,1,Y
11,8,35,24,1,0,2,0,0,PRT,0,1,0,90.0,1,N
335,10,42,13,0,3,2,0,0,FRA,0,1,1,90.0,1,N
260,12,53,25,1,0,2,0,0,DEU,0,1,0,67.5,2,N
279,10,42,12,0,3,2,0,0,PRT,0,1,0,110.0,0,Y
58,5,21,18,0,1,3,0,0,RUS,0,4,0,159.3,0,Y
3,6,25,12,1,0,2,0,0,PRT,0,1,0,100.0,0,N
68,7,31,24,2,1,2,1,0,USA,0,1,0,121.5,0,Y
34,1,3,18,0,1,1,0,0,ESP,0,1,0,75.0,0,N
100,3,11,16,0,2,2,0,0,FRA,0,1,0,79.2,1,N
447,9,40,29,0,2,2,0,0,PRT,0,1,0,62.0,0,Y
8,12,51,16,0,4,2,0,0,FRA,0,1,0,77.6,0,N
3,2,9,25,0,1,1,0,0,PRT,0,1,0,66.0,1,N
1,5,21,21,2,2,2,0,0,FRA,0,1,0,99.0,0,N
220,9,36,3,1,1,2,1,0,DEU,0,1,0,143.1,1,Y
79,2,7,13,2,5,3,0,0,POL,0,4,0,130.9,1,Y
1,6,23,2,0,2,2,0,0,PRT,0,1,1,110.0,1,N
46,5,21,16,1,1,3,0,0,PRT,0,4,1,163.8,2,N
105,3,13,31,2,2,2,0,0,POL,0,1,0,110.7,1,Y
207,8,32,4,0,1,2,2,0,DEU,0,6,0,168.3,1,N
0,3,14,30,0,1,1,0,0,PRT,0,6,0,0.0,1,N
134,6,22,1,0,1,2,0,0,GBR,0,1,0,108.0,1,Y
130,4,15,12,0,3,2,0,0,FRA,0,1,2,123.0,2,N
114,11,49,30,2,5,2,0,0,DEU,0,1,0,41.43,0,N
11,3,11,14,0,2,1,0,0,PRT,0,1,0,0.0,0,N
11,5,23,29,2,3,2,0,0,DEU,0,1,0,111.35,1,N
9,9,38,14,0,3,2,2,0,FRA,0,6,0,249.0,1,N
21,5,19,4,0,1,2,0,0,GBR,0,4,0,165.0,1,N
157,8,34,19,2,3,2,2,0,POL,0,6,0,217.6,2,N
18,3,12,20,1,0,1,0,0,SWE,0,4,0,95.0,0,N
1,3,9,3,0,2,2,0,0,PRT,0,1,0,108.0,1,N
20,3,12,22,0,2,2,0,0,PRT,0,1,0,98.0,0,Y
457,8,34,25,0,2,2,0,0,DEU,0,1,1,122.4,1,N
199,11,45,4,1,2,2,0,0,GBR,0,1,0,68.0,1,N
97,3,10,6,1,1,2,0,0,BRA,0,1,0,79.2,0,Y
38,1,2,14,0,1,1,0,0,PRT,0,1,0,75.0,0,Y
47,11,46,12,2,3,2,0,0,DEU,0,1,0,89.08,1,N
27,1,2,5,0,1,1,0,0,USA,0,1,1,64.8,0,N
90,4,16,16,2,2,1,0,0,CHE,0,1,0,80.75,0,N
56,2,5,1,0,3,2,0,0,PRT,0,1,0,60.0,0,Y
273,7,29,17,0,2,1,0,0,PRT,0,1,1,87.0,0,N
170,7,30,18,1,3,2,0,0,DEU,0,1,0,95.2,1,Y
58,12,53,27,2,4,2,0,0,CHE,0,4,0,78.53,1,N
97,12,53,29,0,4,2,0,0,FRA,0,4,0,60.5,1,N
68,2,8,17,0,2,2,0,0,PRT,1,1,0,75.0,0,Y
89,7,30,17,2,2,2,0,0,GBR,0,1,0,72.25,3,N
10,7,27,6,0,1,2,0,0,ESP,0,1,0,118.0,2,Y
179,4,14,7,1,2,2,0,0,ESP,0,2,1,119.68,1,Y
314,10,42,12,0,3,2,0,0,PRT,0,1,0,75.0,0,Y
8,5,18,2,0,4,2,0,0,PRT,0,1,0,160.0,0,N
337,6,24,9,0,2,2,0,0,PRT,0,1,0,62.0,0,Y
134,2,8,25,0,1,1,0,0,PRT,0,1,0,75.0,0,N
168,9,37,11,0,2,2,0,0,PRT,0,1,0,60.0,0,N
4,11,49,29,0,3,2,0,0,ITA,0,1,1,138.33,0,N
57,4,14,3,1,4,2,2,0,FRA,0,6,0,277.0,0,Y
34,6,25,19,1,0,2,1,0,SWE,0,1,0,160.0,1,Y
152,8,34,20,2,4,2,1,0,CYP,0,1,0,148.5,2,N
0,9,37,7,1,1,2,0,0,PRT,0,4,0,118.8,0,Y
33,6,26,20,1,2,2,0,0,ISR,0,1,0,85.5,0,N
304,8,34,17,1,1,2,0,0,PRT,1,1,0,62.0,0,Y
115,3,13,20,2,0,1,0,0,PRT,1,1,0,70.0,0,Y
65,12,50,4,2,2,2,0,0,GRC,0,1,0,68.0,1,N
17,11,46,8,0,0,2,0,0,PRT,0,1,0,0.0,0,N
31,12,53,28,1,2,2,0,0,FRA,0,1,0,80.0,0,N
37,3,11,15,0,2,2,0,0,PRT,0,1,0,110.0,0,Y
116,4,17,29,1,1,3,0,0,ITA,0,5,0,189.0,0,Y
14,9,38,15,0,3,1,0,0,RUS,0,1,0,114.0,1,N
21,4,16,18,0,1,2,0,0,PRT,0,1,0,115.0,1,Y
414,12,49,5,2,1,2,0,0,PRT,1,1,0,62.0,0,Y
4,12,50,11,0,2,2,0,0,PRT,0,4,0,116.0,0,N
277,7,28,13,0,3,2,0,0,GBR,0,4,0,120.6,1,Y
116,3,12,24,0,2,1,0,0,FRA,0,1,1,90.0,0,N
14,2,8,20,1,2,2,1,0,DNK,0,4,0,109.73,1,N
5,3,10,8,0,1,1,0,0,PRT,0,1,0,80.0,2,N
1,8,34,20,0,1,2,0,0,FRA,0,1,0,159.0,0,N
111,4,14,3,1,1,2,0,0,ISR,0,1,0,95.0,1,N
364,6,24,16,0,1,1,0,0,PRT,0,1,1,64.5,0,N
282,12,53,29,1,3,2,0,0,ESP,0,1,0,115.6,0,Y
119,8,32,6,2,1,2,0,0,CHE,0,4,0,124.0,1,N
12,7,28,7,0,3,3,0,0,PRT,0,4,0,182.33,2,N
162,7,30,26,2,8,1,1,0,PRT,0,4,0,96.91,0,Y
504,8,32,12,2,1,1,0,0,PRT,0,1,3,0.0,0,N
88,3,12,22,0,4,2,0,0,ITA,0,4,0,100.3,1,Y
205,9,38,16,1,2,2,0,0,PRT,0,1,0,120.0,0,Y
133,4,16,19,0,4,2,0,0,POL,0,1,0,124.0,0,N
414,12,49,5,2,1,1,0,0,PRT,1,1,0,60.0,0,Y
409,5,22,31,0,3,2,0,0,AUS,0,1,0,112.67,2,N
222,7,28,13,2,4,2,0,0,USA,0,1,0,107.1,0,N
32,6,24,13,0,1,1,0,0,GBR,0,1,0,108.0,1,Y
28,4,16,16,1,1,2,0,0,PRT,0,1,0,114.0,1,N
178,4,18,28,0,3,2,0,0,PRT,1,1,0,120.0,0,Y
173,5,19,7,2,2,2,0,0,GBR,0,1,0,89.1,1,N
295,7,29,20,0,2,0,2,0,ZAF,0,2,0,91.4,1,N
247,6,24,6,1,1,2,0,0,DEU,0,1,0,115.0,1,N
170,8,32,1,1,2,2,0,0,BEL,0,1,0,105.3,0,N
49,3,9,3,2,3,2,0,0,DEU,0,1,0,68.0,0,N
74,9,38,18,0,2,1,0,0,PRT,0,1,0,80.0,0,Y
1,9,40,26,1,1,2,0,0,FRA,0,1,0,170.0,1,N
23,1,3,20,0,2,2,0,0,FRA,0,1,0,106.75,2,Y
9,5,20,15,1,4,2,0,0,NOR,0,4,0,129.2,2,N
140,11,47,18,0,3,2,0,0,PRT,0,1,0,75.0,0,N
407,5,18,6,2,1,2,0,0,PRT,0,1,0,90.0,0,Y
45,9,37,10,2,1,2,1,0,PRT,0,1,0,96.33,1,N
191,6,23,3,1,2,2,0,0,FRA,0,1,0,132.0,0,N
29,9,39,18,2,0,2,0,0,GBR,0,1,0,122.55,0,Y
56,3,10,6,1,0,2,0,0,IRL,0,2,1,79.74,0,N
11,6,24,12,1,1,1,0,0,DEU,0,1,1,95.0,0,N
156,7,27,2,2,1,2,0,0,AUT,0,1,0,96.3,2,N
423,7,29,22,1,1,2,0,0,DEU,0,1,0,122.4,1,N
328,9,37,10,0,2,2,0,0,PRT,1,1,0,62.0,0,Y
21,8,35,28,1,0,2,0,0,PRT,0,1,0,149.0,1,N
295,4,14,6,0,3,2,0,0,IRL,0,1,0,109.8,0,Y
137,1,5,27,0,2,1,0,0,PRT,1,1,0,70.0,0,Y
304,8,34,17,1,1,2,0,0,PRT,1,1,0,62.0,0,Y
23,8,36,30,0,3,2,0,0,ITA,0,1,0,93.5,2,N
243,4,16,16,2,3,1,2,0,FRA,0,2,0,97.65,1,N
0,6,25,16,0,1,2,0,0,PRT,0,1,0,0.0,1,Y
215,4,16,19,0,2,2,0,0,DEU,0,1,0,117.0,2,N
64,9,37,6,1,5,2,0,0,FRA,0,4,0,136.8,0,Y
26,4,17,18,1,1,2,0,0,DEU,0,1,0,89.0,1,N
39,11,47,15,2,5,2,0,0,BRA,0,1,0,97.4,1,N
15,2,7,14,0,2,1,0,0,GBR,0,1,0,98.0,0,Y
1,8,33,10,1,3,2,0,0,PRT,0,1,0,89.0,0,N
247,10,44,25,0,4,2,0,0,ROU,0,1,0,90.95,1,N
10,9,36,3,0,1,2,2,0,PRT,0,6,0,155.0,1,N
124,7,30,23,2,1,2,0,0,NLD,0,1,0,72.25,0,N
405,8,34,18,0,2,2,0,0,PRT,0,1,0,62.0,0,Y
161,7,29,16,2,2,2,0,0,GBR,0,1,0,87.13,1,N
517,12,50,8,0,2,2,0,0,PRT,0,1,0,62.8,0,Y
68,9,40,29,0,2,2,0,0,FRA,0,1,0,65.0,0,N
7,4,14,7,0,1,2,0,0,PRT,0,1,0,115.0,1,N
238,10,42,13,0,3,1,0,0,PRT,0,1,0,80.0,0,N
0,6,26,28,0,1,1,0,0,PRT,0,4,0,120.0,0,N
4,12,51,14,0,1,1,0,0,ESP,0,1,0,88.0,1,N
38,12,51,16,0,2,2,0,0,PRT,0,1,0,0.0,0,N
76,3,13,21,1,5,2,0,0,BRA,0,1,0,76.5,1,N
12,8,32,5,0,3,2,0,0,RUS,0,1,0,65.0,0,N
94,4,15,14,1,2,2,0,0,POL,0,1,1,80.1,0,N
323,5,22,26,0,2,2,0,0,PRT,0,1,0,62.0,0,Y
10,5,19,13,1,1,2,0,0,FRA,0,1,0,170.0,2,Y
332,9,38,14,1,1,2,0,0,PRT,1,1,0,62.0,0,Y
159,8,32,7,1,1,3,0,0,FRA,0,4,0,184.5,0,N
301,7,31,30,1,1,1,0,0,DEU,0,1,1,90.0,0,N
95,5,20,20,2,1,2,0,0,DEU,0,1,0,126.0,0,Y
316,5,19,10,0,2,2,0,0,PRT,0,1,0,109.8,1,Y
1,2,7,7,2,1,2,0,0,FRA,0,4,1,51.5,0,N
29,2,7,12,0,2,2,0,0,IRL,0,1,0,86.45,1,N
150,10,45,30,2,0,2,0,0,BRA,0,1,0,80.1,0,Y
104,6,24,9,0,3,2,1,0,BRA,0,1,0,143.1,0,Y
2,2,6,9,0,1,2,0,0,PRT,0,1,0,97.0,1,N
221,8,33,12,0,1,1,0,0,DEU,0,1,0,73.0,0,N
64,5,21,17,0,2,2,0,0,FRA,0,1,2,140.0,1,N
116,2,10,28,2,1,1,0,0,PRT,0,1,0,61.0,0,Y
277,11,46,7,1,2,2,0,0,PRT,0,1,0,100.0,0,Y
1,3,10,2,0,1,1,0,0,FRA,0,1,0,0.0,0,N
140,8,35,27,2,3,2,2,0,AUT,0,6,0,235.0,0,N
128,10,42,11,0,3,2,0,0,RUS,0,1,0,118.8,1,Y
169,6,24,16,2,2,2,0,0,DEU,0,4,0,130.5,0,N
99,4,15,15,2,4,1,0,0,DEU,0,1,2,113.0,0,N
155,6,23,10,1,1,2,0,0,BRA,0,1,0,144.0,2,Y
1,3,12,22,0,1,1,0,0,TUR,0,1,0,99.0,2,N
111,4,14,3,1,1,1,0,0,ISR,0,1,1,85.0,1,N
95,3,13,26,2,3,2,0,0,NLD,0,1,0,91.8,1,Y
131,6,24,15,0,3,3,0,0,AUT,0,4,1,171.0,0,Y
89,12,52,22,2,3,3,0,0,USA,0,4,0,119.0,1,Y
1,12,53,27,2,1,1,0,0,PRT,0,1,0,65.0,0,N
12,7,29,18,2,3,2,0,0,PRT,0,1,1,62.0,0,N
156,4,17,26,0,3,2,0,0,PRT,0,1,0,100.0,0,Y
14,5,20,9,3,10,1,0,0,AGO,0,5,0,170.85,0,Y
396,6,26,25,2,0,1,0,0,PRT,0,1,1,95.5,1,N
0,9,37,8,0,1,1,0,0,PRT,0,1,0,114.0,0,N
18,7,28,15,0,1,2,0,0,AUT,0,1,0,120.0,2,N
151,5,19,13,2,2,2,0,0,PRT,0,1,0,95.0,0,Y
44,4,17,23,2,1,2,0,0,PRT,0,2,0,95.0,0,N
6,8,33,14,2,3,1,0,0,FRA,0,1,0,83.2,1,N
27,6,24,9,0,1,2,0,0,PRT,0,1,0,120.0,0,Y
180,8,32,3,0,4,2,0,0,BEL,0,1,0,89.25,0,N
169,7,31,24,2,1,2,1,0,BEL,0,4,0,128.4,2,N
9,11,46,11,0,2,2,0,0,PRT,0,1,0,0.0,3,N
52,3,11,13,1,1,1,0,0,PRT,0,1,0,80.0,0,Y
0,11,47,14,1,0,2,0,0,PRT,0,1,0,105.0,0,N
364,10,42,16,0,2,2,0,0,PRT,1,1,0,101.5,0,Y
419,9,36,1,0,2,2,0,0,PRT,0,1,0,62.0,0,Y
1,2,6,3,0,2,1,0,0,FRA,0,1,0,92.0,2,N
38,6,22,2,0,1,2,0,0,ESP,0,1,0,140.0,1,N
97,5,18,5,0,2,3,0,0,ITA,0,4,0,171.0,0,Y
221,10,41,10,2,1,2,0,0,FRA,0,1,0,65.0,0,N
50,4,15,8,0,2,1,0,0,PRT,0,1,1,112.5,0,Y
13,8,35,29,0,1,1,0,0,PRT,1,1,0,65.0,0,N
27,11,48,22,0,1,2,0,0,IRL,0,1,1,98.0,0,N
131,7,31,30,2,6,3,0,0,ESP,0,4,0,137.19,0,Y
601,3,9,2,0,2,2,0,0,PRT,0,1,0,62.0,0,Y
60,10,42,12,1,3,2,0,0,PRT,0,1,0,65.0,1,N
250,9,40,26,1,3,2,0,0,PRT,0,1,0,95.0,0,Y
89,3,10,3,0,3,2,0,0,FRA,0,1,0,80.3,0,N
91,4,17,27,0,3,2,0,0,DEU,0,1,0,117.0,1,N
245,12,53,29,1,3,2,0,0,DEU,0,1,0,145.8,1,N
156,4,17,26,0,3,2,0,0,PRT,0,1,0,100.0,0,Y
6,4,15,8,2,2,3,0,0,KOR,0,4,0,148.5,0,Y
9,2,9,22,1,1,2,0,0,ESP,0,4,1,86.8,0,N
145,6,27,28,0,2,2,0,0,ESP,0,1,0,105.3,1,N
4,2,7,12,0,2,2,0,0,ESP,0,1,0,88.0,1,N
433,9,38,15,0,2,2,0,0,PRT,0,1,0,62.0,0,Y
457,8,34,25,0,2,2,0,0,PRT,0,1,0,80.0,0,Y
136,8,33,7,2,5,2,0,0,PRT,0,1,0,107.95,0,Y
48,4,14,7,1,2,3,0,0,BRA,0,4,0,180.0,1,Y
193,8,34,23,0,3,2,0,0,DEU,0,4,0,126.0,1,N
207,12,53,30,1,2,2,0,0,FRA,0,1,0,95.0,0,N
113,6,27,30,1,3,2,0,0,PRT,0,1,0,85.0,0,Y
48,2,8,22,0,2,2,0,0,ESP,0,1,1,75.0,1,N
395,3,13,21,1,2,2,0,0,PRT,1,1,0,62.8,0,Y
29,12,49,2,0,2,2,0,0,PRT,0,1,3,85.0,2,N
352,6,23,4,2,2,2,0,0,DEU,0,1,0,83.75,1,N
150,6,24,17,2,3,1,0,0,PRT,0,1,0,120.0,0,Y
140,4,17,28,2,2,2,0,0,FRA,0,1,0,130.0,1,N
45,6,25,17,1,2,2,0,0,PRT,0,1,0,65.0,1,N
304,11,45,3,0,3,2,0,0,PRT,0,1,0,89.0,0,Y
63,9,36,1,2,4,2,0,0,FRA,0,4,0,111.6,1,N
5,4,17,26,0,1,1,0,0,PRT,0,4,2,0.0,3,N
243,7,30,26,0,4,2,0,0,PRT,0,1,0,110.0,0,Y
172,7,31,26,1,5,2,0,0,DEU,0,1,0,72.25,0,N
103,5,18,2,0,4,1,0,0,FRA,0,1,0,117.0,0,Y
90,4,15,9,2,3,2,1,0,DEU,0,1,0,136.8,2,Y
29,12,49,2,0,2,2,0,0,PRT,0,1,0,85.0,0,N
242,7,31,29,0,2,2,0,0,BEL,0,2,0,81.45,0,N
98,12,53,29,0,3,2,0,0,PRT,1,1,0,106.0,1,Y
204,7,30,27,0,1,3,0,0,ITA,0,4,2,144.0,0,Y
20,11,46,10,0,4,2,0,0,ROU,0,1,0,75.0,0,N
86,5,21,20,1,2,2,0,0,PRT,0,1,0,65.0,1,N
109,2,9,21,2,1,2,0,0,PRT,1,1,0,75.0,0,Y
64,8,31,1,0,1,2,0,0,GBR,0,1,0,130.0,1,Y
95,5,18,2,0,5,3,0,0,NLD,0,4,0,171.0,1,N
3,12,50,6,2,0,2,0,0,ESP,0,4,0,78.2,0,N
234,10,44,25,0,4,2,0,0,DEU,0,4,0,103.7,1,N
2,11,47,16,0,1,2,0,0,CHE,0,1,1,105.0,0,Y
91,6,24,16,0,2,3,0,0,PRT,0,6,0,256.5,0,Y
140,11,47,18,0,3,2,0,0,PRT,0,1,0,75.0,1,N
141,8,32,1,1,5,3,0,0,ESP,0,4,0,131.47,1,N
292,7,30,21,0,2,1,0,0,DEU,0,1,1,90.0,0,N
138,5,23,31,0,3,2,0,0,BRA,0,1,0,105.9,1,N
217,7,30,18,1,1,2,0,0,FRA,0,2,0,95.63,1,Y
114,7,27,1,1,2,1,0,0,PRT,0,1,0,75.0,0,Y
475,10,44,27,0,2,2,0,0,PRT,0,1,0,62.0,0,Y
59,1,4,23,1,1,2,0,0,PRT,0,1,0,80.0,0,Y
5,10,43,19,1,3,2,0,0,ESP,0,1,1,123.0,1,N
16,9,39,25,2,2,1,0,0,BEL,0,1,1,170.0,0,N
113,5,23,31,0,3,1,0,0,PRT,0,1,0,100.0,0,Y
278,7,30,22,0,2,2,0,0,PRT,1,1,0,62.0,0,Y
17,10,42,11,2,5,1,0,0,PRT,1,4,0,128.71,0,Y
91,7,29,16,2,1,2,0,0,NLD,0,4,0,118.8,2,N
151,1,4,19,0,3,1,0,0,PRT,0,1,0,80.0,0,Y
7,5,18,5,0,2,2,0,0,DEU,0,1,0,170.0,1,N
101,4,16,16,0,1,2,1,0,BRA,0,1,0,65.83,2,N
2,2,7,10,2,4,2,0,0,AGO,0,1,5,80.67,0,N
39,4,17,26,0,3,3,2,0,CHE,0,7,0,289.0,0,N
139,4,14,8,2,2,2,0,0,BRA,0,1,0,117.0,0,Y
184,7,30,29,2,6,3,0,0,ROU,0,1,0,107.1,1,N
111,4,14,3,1,1,2,0,0,ISR,0,1,0,95.0,1,N
36,10,42,13,0,1,1,0,0,PRT,0,1,0,102.6,0,Y
7,6,26,19,2,2,2,0,0,FRA,0,4,0,156.0,1,N
187,8,32,11,1,2,2,0,0,NLD,0,1,0,112.5,1,N
147,8,33,13,2,5,2,1,0,ESP,0,1,0,122.04,0,Y
126,8,35,24,0,3,2,0,0,ESP,0,4,0,121.13,0,N
178,9,37,9,0,2,1,0,0,PRT,0,1,0,135.0,0,Y
0,10,44,26,0,0,1,0,0,PRT,0,1,0,0.0,1,N
59,10,44,29,0,2,1,0,0,PRT,0,1,0,75.0,0,N
97,10,41,7,0,2,2,0,0,PRT,0,1,0,62.0,0,N
153,10,44,27,0,1,2,0,0,PRT,0,1,0,80.1,2,Y
197,10,45,31,1,0,2,0,0,CHE,0,1,0,96.3,3,Y
71,6,26,29,1,3,3,0,0,NLD,0,4,1,190.0,1,N
66,3,10,10,1,2,2,0,0,PRT,0,1,0,80.0,1,N
19,4,16,14,1,3,3,0,0,GBR,0,4,0,156.5,0,Y
368,8,35,28,1,2,2,0,0,PRT,0,1,1,80.1,0,Y
24,9,40,26,1,1,2,0,0,CHN,0,1,0,107.1,0,Y
198,4,18,24,2,2,2,0,0,PRT,0,1,2,95.4,0,Y
86,3,14,31,1,3,2,0,0,FRA,0,1,0,82.45,1,N
87,9,37,11,0,2,1,0,0,FRA,0,1,0,100.0,0,Y
39,8,33,14,0,2,2,0,0,DEU,0,1,0,109.0,0,N
68,2,8,17,0,2,2,0,0,PRT,1,1,0,75.0,0,Y
66,2,7,9,0,3,2,0,0,POL,0,2,1,80.55,1,N
110,6,25,17,2,2,2,0,0,GBR,0,1,0,109.65,1,N
143,4,14,6,0,3,3,0,0,ITA,0,4,0,166.5,1,N
115,5,19,11,0,3,2,0,0,GBR,0,1,0,120.0,0,N
161,5,18,5,0,2,2,0,0,PRT,0,1,0,120.0,0,Y
36,10,42,13,0,1,1,0,0,AUS,0,1,0,102.6,2,N
337,6,24,9,0,2,2,0,0,PRT,0,1,0,62.0,0,Y
14,5,21,24,0,2,1,0,0,ARG,0,4,0,157.5,0,N
39,8,33,10,1,1,2,0,0,PRT,0,1,0,62.0,0,N
219,9,40,30,1,2,2,0,0,PRT,0,1,0,120.0,0,Y
200,7,29,15,3,7,2,0,0,GBR,0,1,0,90.95,1,Y
33,11,45,7,2,5,2,0,0,DEU,0,1,0,41.43,0,N
0,8,35,28,1,0,2,1,1,PRT,0,4,2,150.0,0,N
44,7,27,1,0,2,2,0,0,PRT,0,1,0,101.15,0,Y
222,9,38,14,0,3,2,0,0,CHE,0,2,1,116.1,0,N
3,9,39,19,1,1,1,0,0,ESP,0,1,0,95.0,0,N
18,1,3,15,2,5,2,0,0,KOR,0,4,0,97.0,0,Y
6,10,44,28,0,3,2,0,0,ISR,0,1,1,75.0,0,N
183,5,20,20,2,5,3,0,0,FRA,0,4,0,175.11,0,Y
55,11,48,22,2,1,2,0,0,BEL,0,4,0,60.0,0,N
203,5,22,31,0,4,2,0,0,NLD,0,1,0,91.51,3,N
68,4,14,5,0,3,1,0,0,NLD,0,1,1,100.0,0,N
21,8,36,28,2,1,2,0,0,DEU,0,1,0,125.0,1,N
11,4,18,30,1,1,2,2,0,ESP,0,6,0,225.0,2,N
126,5,21,21,2,3,2,0,0,NLD,0,4,0,136.8,2,N
113,2,9,25,0,3,2,0,0,PRT,1,1,0,75.0,0,Y
58,2,7,14,0,1,2,0,0,FRA,0,1,0,95.4,1,N
65,1,2,12,0,2,1,0,0,PRT,0,1,0,65.0,0,Y
166,8,34,18,2,6,2,0,0,ITA,0,1,2,100.12,0,Y
87,4,15,15,2,2,2,0,0,PRT,0,1,0,95.0,0,Y
1,7,28,4,1,2,2,0,0,CN,0,1,0,107.03,1,N
1,7,30,21,0,1,1,0,0,PRT,0,1,0,88.0,1,N
56,2,5,1,0,3,2,0,0,PRT,0,1,0,60.0,0,Y
156,3,13,28,0,3,2,0,0,BRA,0,4,0,79.0,1,N
258,7,27,2,0,2,2,0,0,PRT,1,1,0,62.0,0,Y
161,3,13,25,1,2,2,0,0,PRT,0,1,0,130.0,0,Y
144,6,22,1,0,3,2,0,0,IRL,0,1,0,116.67,1,N
15,2,7,17,0,2,2,0,0,PRT,0,1,0,95.0,0,Y
192,10,43,21,0,2,2,0,0,PRT,0,1,0,95.0,0,Y
15,3,11,10,2,4,2,0,0,RUS,0,1,0,88.0,0,Y
159,4,15,9,1,1,2,0,0,FRA,0,1,0,70.0,1,N
1,3,9,3,2,2,3,0,0,ITA,0,4,0,134.3,0,N
277,11,46,7,1,2,2,0,0,PRT,0,1,0,100.0,0,Y
240,7,30,23,2,1,2,0,0,PRT,0,1,0,110.0,0,Y
29,6,23,8,0,3,2,0,0,BEL,0,4,0,214.67,1,Y
4,8,36,30,0,2,3,0,0,FRA,0,4,0,175.0,2,N
60,4,15,9,2,3,3,0,0,PRT,0,1,0,41.76,1,Y
201,8,35,28,1,3,2,0,0,DEU,0,4,0,126.0,0,N
33,8,35,28,1,3,3,0,0,PRT,0,4,0,210.0,0,Y
64,5,21,17,0,2,2,0,0,PRT,0,1,1,140.0,0,Y
84,8,35,22,1,1,2,0,0,CN,0,5,0,150.3,0,N
2,2,9,27,1,1,2,0,0,FIN,0,1,0,80.0,1,N
18,1,3,16,2,2,2,0,0,FRA,0,1,0,65.0,0,N
10,5,19,7,0,1,1,0,0,PRT,0,1,0,141.0,0,Y
230,5,21,25,0,3,3,0,0,GBR,0,4,0,157.5,1,Y
117,8,33,12,1,2,3,0,0,PRT,0,4,0,155.7,1,N
43,6,23,8,2,3,2,0,0,FRA,0,1,0,156.0,1,N
188,6,25,15,0,2,1,0,0,PRT,0,1,0,130.0,0,Y
136,3,12,21,0,3,2,0,0,AUT,0,1,0,93.6,1,Y
1,12,52,18,1,0,2,0,0,PRT,0,1,1,89.5,1,N
0,11,45,5,2,2,2,0,0,AGO,0,1,1,89.0,0,N
127,9,36,1,1,3,2,0,0,FRA,0,4,0,143.1,0,Y
15,7,27,6,0,1,1,0,0,ITA,0,1,1,125.0,0,N
247,6,24,6,1,1,2,0,0,DEU,0,1,0,115.0,1,N
6,9,37,10,1,3,2,0,0,NLD,0,1,0,116.25,2,N
240,10,43,21,1,2,2,0,0,PRT,0,1,0,110.0,0,Y
215,8,33,8,1,2,2,0,0,ITA,0,1,0,96.3,1,Y
28,4,17,28,0,2,2,0,0,ESP,0,1,0,115.0,1,Y
292,8,32,5,0,2,2,0,0,PRT,1,1,0,62.0,0,Y
11,2,8,20,1,3,2,1,0,ARG,0,1,0,103.7,1,N
12,6,24,8,0,2,1,0,0,PRT,0,1,0,90.0,1,Y
114,10,44,27,0,1,1,0,0,BRA,0,1,0,125.1,1,N
110,7,30,25,2,1,1,0,0,ITA,0,1,1,36.25,0,N
283,7,31,27,1,1,2,0,0,PRT,1,1,0,62.0,0,Y
21,3,10,1,0,2,3,0,0,FRA,0,4,0,142.0,2,N
271,9,39,23,0,2,2,0,0,GBR,0,1,0,95.4,0,N
54,8,36,30,0,4,2,0,0,DEU,0,1,0,109.8,3,N
215,11,48,21,1,2,1,0,0,MLT,0,1,0,75.0,0,N
377,10,42,14,0,2,2,0,0,DEU,0,1,0,115.0,1,N
46,2,7,7,2,3,2,0,0,DEU,0,2,1,65.11,0,N
44,10,44,25,2,0,1,0,0,GRC,0,1,0,75.6,0,N
587,2,7,16,0,1,1,0,0,PRT,0,1,0,59.0,0,Y
62,4,14,1,1,2,2,0,0,FRA,0,4,0,106.2,0,N
96,4,15,11,0,3,2,0,0,FRA,0,1,0,120.0,1,N
72,9,37,11,0,2,2,0,0,LUX,0,1,0,126.0,0,N
15,9,37,8,0,4,2,0,0,ESP,0,1,0,105.0,1,N
11,10,41,4,0,2,2,0,0,PRT,1,1,2,0.0,0,N
128,5,21,26,0,2,2,0,0,NLD,0,1,1,126.0,1,N
129,6,25,24,2,1,1,0,0,PRT,0,1,0,120.0,0,Y
352,5,21,24,0,3,2,0,0,GBR,0,1,0,99.0,0,Y
85,9,40,30,0,3,2,0,0,DEU,0,1,0,125.0,0,N
75,10,41,8,1,1,3,0,0,DEU,0,4,1,151.2,1,N
2,12,49,3,2,1,2,0,0,ESP,0,1,0,109.0,1,N
238,9,39,20,0,4,2,0,0,AUT,0,4,0,107.0,1,N
74,11,47,13,2,0,2,0,0,ITA,0,1,0,79.2,2,N
68,9,37,12,2,2,2,0,0,PRT,0,1,0,62.0,0,N
50,5,21,22,1,2,2,0,0,CHN,0,1,0,144.0,1,Y
105,10,42,12,1,2,2,0,0,PRT,0,1,0,110.0,0,Y
233,6,26,29,2,3,2,0,0,DEU,0,1,0,111.06,2,N
52,2,8,19,2,3,2,0,0,FRA,0,1,0,74.8,0,N
8,6,24,17,2,2,1,0,0,PRT,2,4,0,110.0,0,Y
180,11,49,27,2,2,2,0,0,NLD,0,1,0,85.0,0,Y
6,5,18,4,0,1,1,0,0,PRT,0,1,0,120.0,0,N
262,7,28,9,2,2,2,0,0,FRA,0,1,0,89.1,0,Y
10,2,7,17,1,2,2,0,0,PRT,0,1,0,68.0,0,Y
241,10,43,19,1,2,2,0,0,PRT,1,1,0,60.0,0,Y
335,9,38,17,0,1,2,0,0,PRT,1,1,0,85.0,0,Y
1,1,5,30,1,1,2,0,0,SWE,0,1,0,101.0,1,N
30,11,47,13,1,0,1,0,0,PRT,0,1,0,67.0,0,N
9,10,45,30,2,0,1,0,0,NOR,0,1,0,80.47,1,N
88,4,14,6,0,3,2,2,0,BEL,0,6,0,189.0,1,N
28,8,35,21,2,1,2,0,0,LUX,0,1,0,118.15,1,N
350,6,22,2,2,4,2,0,0,DEU,0,1,1,89.17,1,N
2,3,10,10,0,2,3,0,0,PER,0,6,0,243.0,1,N
297,5,20,14,1,1,2,0,0,FRA,0,1,0,65.0,0,N
3,10,43,19,1,0,1,0,0,PRT,0,1,0,128.0,0,N
53,8,32,6,0,1,2,0,0,GBR,0,4,0,168.3,1,N
29,1,3,18,0,3,1,0,0,PRT,0,1,0,65.0,0,Y
174,12,50,7,0,4,3,0,0,PRT,0,4,0,87.72,0,N
74,9,38,18,0,2,2,0,0,PRT,0,1,0,101.5,0,Y
2,7,27,3,1,0,1,0,0,PRT,0,1,1,112.0,0,N
18,12,53,30,0,2,2,1,0,ESP,0,1,0,158.0,2,Y
130,4,16,13,0,4,2,0,0,PRT,1,1,0,100.0,0,Y
38,11,45,3,0,2,2,0,0,CN,0,1,0,88.0,1,Y
357,5,21,24,0,3,3,0,0,GBR,0,4,0,193.5,0,Y
163,6,24,5,2,2,1,0,0,PRT,0,1,0,100.0,0,Y
225,7,27,6,0,3,2,0,0,GBR,0,1,0,107.1,0,N
34,12,50,8,0,2,1,0,0,PRT,1,1,0,90.0,0,Y
206,4,17,28,0,2,2,0,0,AUT,0,4,0,130.5,3,Y
93,6,25,22,2,3,2,0,0,DEU,0,1,0,85.0,0,N
7,2,6,7,0,2,1,0,0,DEU,0,1,0,98.0,2,N
99,12,49,5,2,1,2,0,0,ESP,0,1,0,72.25,2,N
74,9,38,18,0,2,2,0,0,PRT,0,1,0,109.0,0,N
189,5,21,19,0,3,2,0,0,PRT,0,1,0,65.0,0,N
49,10,42,12,0,2,2,0,0,BEL,0,4,0,139.5,4,N
221,8,34,14,4,5,2,0,0,BEL,0,1,0,90.95,1,N
11,2,8,24,0,2,2,0,0,GBR,0,4,0,123.0,0,N
34,8,32,5,0,2,2,0,0,ESP,0,1,0,62.0,0,N
50,3,14,31,0,3,2,0,0,ISR,0,1,0,65.0,0,N
24,12,52,24,2,3,2,0,0,FRA,0,1,0,58.0,1,N
164,8,32,10,2,4,2,0,0,PRT,0,1,0,80.1,0,Y
37,12,53,28,0,3,2,0,0,FRA,0,1,0,120.0,0,Y
19,9,40,28,1,1,1,0,0,GBR,0,1,1,170.0,0,N
181,10,42,11,0,2,1,0,0,FRA,0,1,0,120.0,0,N
1,5,21,20,0,1,3,0,0,PRT,0,4,0,206.0,2,N
95,4,16,20,0,3,2,0,0,BRA,0,4,0,136.8,1,N
103,10,45,31,1,0,2,0,0,BGR,0,1,0,80.1,0,N
3,1,3,10,0,0,2,0,0,GBR,0,1,0,0.0,1,N
108,4,17,27,2,3,2,0,0,GBR,0,1,0,118.8,0,Y
74,9,38,18,0,2,2,0,0,PRT,0,1,0,101.5,0,Y
16,11,47,16,0,4,2,0,0,CIV,0,1,0,68.0,1,N
176,7,28,8,1,2,2,0,0,BEL,0,1,0,85.5,0,N
52,5,22,27,1,2,2,0,0,BRA,0,4,0,108.11,2,N
56,10,43,21,0,3,2,0,0,ITA,0,1,0,94.5,3,N
256,8,35,26,0,2,2,0,0,DEU,0,1,0,72.25,1,N
37,3,12,24,3,7,2,2,0,BRA,0,6,0,210.4,1,Y
40,5,20,17,0,2,1,0,0,FRA,0,5,0,215.0,1,Y
83,11,48,20,2,1,2,0,0,HUN,0,1,0,93.6,0,Y
147,5,22,29,1,4,2,0,0,BEL,0,1,2,135.7,3,N
169,6,23,8,0,3,2,0,0,PRT,0,1,0,170.0,0,Y
38,3,12,18,1,2,1,0,0,LUX,0,4,0,131.4,0,Y
313,4,17,29,2,1,2,0,0,PRT,0,1,0,90.0,0,Y
124,8,32,8,2,1,2,0,0,ITA,0,1,0,94.5,0,Y
123,3,14,30,0,3,2,0,0,PRT,0,2,0,89.92,0,Y
32,10,41,6,0,3,2,0,0,PRT,0,1,0,94.5,2,Y
356,10,41,8,0,2,2,0,0,PRT,1,1,0,62.0,0,Y
69,3,13,30,0,2,2,1,0,ITA,0,1,0,108.2,0,N
88,8,34,19,0,2,3,0,0,BRA,0,4,0,150.3,2,N
62,3,13,31,1,2,2,2,0,GBR,0,6,0,212.67,0,Y
208,8,31,2,0,1,2,0,0,FRA,0,1,0,157.0,1,N
420,5,20,20,2,1,2,0,0,PRT,0,1,0,90.0,0,Y
114,6,22,1,2,3,2,0,0,HRV,0,1,0,174.6,0,Y
314,8,35,27,0,2,2,0,0,PRT,1,1,0,62.8,0,Y
152,2,5,2,0,3,2,0,0,GBR,0,1,6,88.0,2,Y
8,2,7,13,1,3,3,0,0,FRA,0,4,0,138.55,0,Y
100,1,4,24,0,3,2,0,0,DEU,0,1,0,93.6,1,Y
95,4,18,27,0,4,2,0,0,PRT,0,4,0,82.07,1,Y
277,11,46,7,1,2,2,0,0,PRT,0,1,0,100.0,0,Y
0,3,12,18,0,1,1,0,0,PRT,0,1,0,64.4,0,N
85,8,34,18,0,1,2,0,0,ESP,0,1,0,107.1,0,Y
47,10,44,25,2,4,2,2,0,PRT,0,6,0,198.68,1,Y
59,4,18,26,1,5,2,2,0,FRA,0,6,0,177.93,0,Y
190,4,14,7,0,2,2,0,0,DEU,0,1,0,99.0,1,Y
29,4,16,13,0,4,3,0,0,FRA,0,4,0,143.18,1,N
116,2,10,28,2,1,1,0,0,PRT,0,1,0,61.0,0,Y
104,7,30,18,3,6,2,0,0,FRA,0,4,0,120.8,3,N
262,11,46,9,1,2,2,0,0,PRT,1,1,0,62.8,0,Y
73,8,31,2,2,6,2,0,0,DEU,0,1,0,145.0,0,N
8,11,47,15,0,2,2,0,0,PRT,0,1,0,90.0,0,N
256,6,25,15,0,2,1,0,0,DEU,0,1,1,90.0,0,N
292,7,30,21,0,2,1,0,0,DEU,0,1,1,90.0,0,N
94,3,10,4,0,2,2,0,0,PRT,1,1,0,80.0,0,Y
14,2,8,15,2,5,2,0,0,DEU,0,1,0,43.43,0,N
164,10,40,2,0,2,1,0,0,PRT,0,1,0,100.0,0,N
41,9,38,14,0,4,2,0,0,ITA,0,1,1,117.0,0,N
12,10,41,3,1,2,2,0,0,PRT,0,1,0,85.0,0,N
271,9,39,21,0,3,2,0,0,BEL,0,1,0,101.33,1,N
169,6,23,8,0,3,2,0,0,PRT,0,1,0,170.0,0,Y
86,6,25,17,2,3,2,0,0,FRA,0,1,0,126.9,1,N
74,9,38,18,0,2,2,0,0,PRT,0,1,0,101.5,0,Y
0,11,45,7,0,0,1,0,0,PRT,0,1,0,0.0,0,N
118,6,24,6,1,2,1,0,0,ESP,0,1,0,110.0,0,N
24,6,26,26,1,3,2,0,0,PER,0,1,1,100.0,0,N
138,7,29,11,1,4,2,2,0,ITA,0,6,2,169.15,0,Y
151,8,32,5,1,2,2,0,0,GBR,0,1,0,63.75,0,N
45,1,4,23,1,1,2,0,0,BEL,0,1,0,79.8,0,N
510,12,49,1,0,2,2,0,0,PRT,0,1,0,62.8,0,Y
140,4,17,28,2,2,2,0,0,FRA,0,1,0,130.0,1,N
99,4,18,28,0,2,2,0,0,BRA,0,1,0,114.3,1,N
23,3,11,8,0,3,2,0,0,HUN,0,1,0,91.67,0,N
2,10,42,11,1,0,1,0,0,FRA,0,1,3,88.0,0,N
283,10,43,16,2,0,2,0,0,PRT,0,1,0,96.0,0,Y
14,11,45,3,0,1,1,0,0,ESP,0,1,0,112.0,1,Y
1,3,11,12,0,1,2,0,0,FRA,0,1,0,97.0,1,N
396,6,26,25,2,0,2,0,0,DEU,0,1,0,122.4,1,N
59,3,14,29,2,5,2,0,0,PRT,0,4,0,101.27,2,N
305,11,45,4,1,2,2,0,0,PRT,0,1,0,89.0,0,Y
274,4,15,7,0,2,2,0,0,PRT,0,1,0,62.0,0,Y
130,1,4,25,0,2,2,0,0,CHN,0,1,0,71.28,2,Y
168,8,31,1,2,6,2,1,0,BEL,0,1,0,148.5,0,Y
178,4,18,28,0,3,1,0,0,PRT,1,1,0,110.0,0,Y
4,2,9,28,0,3,1,0,0,ESP,0,1,1,98.0,3,N
215,6,24,15,2,3,2,0,0,GBR,0,1,0,122.4,3,N
139,4,14,6,0,3,2,0,0,IRL,0,4,1,166.5,2,N
350,6,25,17,0,2,2,0,0,PRT,0,1,0,140.0,0,Y
56,12,52,19,1,0,2,2,0,AUT,0,6,0,156.6,0,Y
67,4,14,6,1,3,3,0,0,BEL,0,4,0,162.0,0,N
29,6,24,8,0,2,2,0,0,POL,0,1,0,103.55,0,N
261,10,42,16,0,1,2,0,0,PRT,1,1,0,120.0,0,Y
72,4,18,24,2,1,1,1,0,ITA,0,1,0,115.5,0,Y
83,8,34,25,2,3,3,0,0,PRT,0,4,0,168.0,0,Y
130,3,13,25,1,2,2,0,0,CHE,0,2,0,102.58,1,N
168,9,37,11,0,2,2,0,0,PRT,0,1,0,60.0,0,N
4,6,25,20,0,2,1,0,0,DEU,0,5,0,215.0,0,N
350,6,25,17,0,2,2,0,0,PRT,0,1,0,140.0,0,Y
205,7,31,26,0,5,2,0,0,GBR,0,1,0,70.03,1,N
6,8,34,17,0,1,2,0,0,DEU,0,1,0,118.0,2,N
20,5,20,20,2,1,2,0,0,GBR,0,1,1,0.0,1,N
410,5,19,9,0,1,2,0,0,PRT,0,1,0,90.0,0,Y
35,2,5,2,0,3,2,0,0,DEU,0,1,0,72.0,0,N
4,11,47,13,2,0,1,0,0,GBR,0,1,0,75.0,1,N
440,9,39,22,0,2,2,0,0,PRT,0,1,0,62.0,0,Y
63,9,36,2,0,3,2,0,0,ESP,0,1,0,60.0,0,N
106,5,18,1,1,5,2,0,0,DEU,0,1,0,126.0,0,Y
300,8,33,13,0,2,2,0,0,PRT,1,1,0,62.8,0,Y
221,8,32,10,0,2,2,1,0,GBR,0,1,0,148.5,2,N
6,2,5,1,0,1,1,0,0,ESP,0,1,1,93.0,0,N
130,6,23,8,0,3,2,0,0,GBR,0,1,0,144.0,2,N
113,5,23,31,0,3,1,0,0,PRT,0,1,0,100.0,0,Y
6,9,39,18,2,1,2,0,0,BEL,0,1,0,162.33,2,N
158,3,13,25,1,2,2,0,0,GBR,0,1,0,70.0,0,N
168,7,28,9,2,4,2,0,0,PRT,0,4,0,98.6,2,N
15,5,21,25,0,1,2,0,0,CN,0,1,0,128.0,1,N
322,12,50,9,0,2,2,0,0,PRT,0,1,0,52.0,0,Y
85,11,45,7,1,1,2,0,0,PRT,0,1,0,111.0,0,Y
272,8,32,5,0,1,2,0,0,PRT,1,1,0,65.0,0,Y
320,8,34,18,0,2,2,0,0,DEU,0,1,0,115.0,1,N
339,9,39,21,1,1,2,0,0,PRT,1,1,0,62.0,0,Y
76,9,38,16,0,2,2,0,0,ESP,0,1,0,62.0,0,N
55,9,37,6,2,0,2,0,0,ESP,0,1,0,75.0,0,N
185,11,47,15,0,3,2,0,0,ITA,0,4,0,95.4,0,Y
208,5,21,24,0,2,2,0,0,DEU,0,1,0,114.4,0,N
87,12,52,18,2,2,2,0,0,FRA,0,1,0,75.0,0,N
162,4,13,1,2,1,2,0,0,PRT,0,1,0,98.0,0,Y
152,6,26,29,2,5,2,0,0,GBR,0,1,0,80.1,1,N
4,6,22,2,0,2,2,1,0,PRT,0,1,0,144.0,3,N
44,4,18,27,0,2,2,0,0,FRA,0,1,0,106.2,1,N
9,5,23,31,0,3,2,0,0,FRA,0,1,0,104.8,0,N
10,5,20,18,0,1,1,0,0,PRT,0,7,1,275.0,0,Y
256,6,25,15,0,2,2,0,0,DEU,0,1,0,115.0,1,N
278,8,34,25,2,3,2,0,0,DEU,0,1,0,89.1,1,N
28,2,6,6,2,1,1,0,0,DEU,0,1,0,81.1,2,N
305,11,45,4,1,2,2,0,0,PRT,0,1,0,89.0,0,Y
107,6,26,29,0,1,3,0,0,FRA,0,1,0,126.0,0,Y
107,4,15,14,0,1,2,0,0,BRA,0,1,0,126.0,1,N
170,7,30,28,2,5,2,0,0,FRA,0,1,0,110.0,1,N
147,9,38,14,2,5,2,0,0,NOR,0,1,0,126.9,1,N
52,10,43,17,1,1,2,0,0,DEU,0,1,1,108.0,1,N
89,7,29,11,1,1,2,0,0,FRA,0,1,0,72.42,1,N
1,8,35,24,0,1,1,0,0,USA,0,1,1,81.19,0,N
184,7,29,11,1,0,2,0,0,NLD,0,1,0,96.3,1,N
1,6,26,28,0,1,2,2,0,PRT,0,5,0,0.0,1,N
245,6,25,17,0,2,2,0,0,PRT,0,1,0,75.0,0,Y
85,1,4,22,0,1,2,0,0,PRT,1,1,0,85.0,0,Y
279,10,43,21,0,2,2,0,0,PRT,0,1,0,65.0,0,Y
69,4,16,19,0,4,2,0,0,PRT,0,1,0,100.0,0,Y
25,10,43,19,1,2,2,0,0,FRA,0,4,0,75.0,0,N
26,6,25,14,0,3,2,0,0,ITA,0,1,0,111.35,0,Y
482,11,45,3,0,2,2,0,0,PRT,0,1,0,62.8,0,Y
13,6,25,12,2,1,2,0,0,DNK,0,1,0,102.33,0,N
47,10,40,1,1,3,2,0,0,PRT,0,1,0,103.05,1,N
27,5,21,21,2,1,2,0,0,CHN,0,4,0,171.0,0,Y
276,5,20,13,2,3,2,0,0,PRT,0,1,0,61.0,0,Y
286,7,31,30,0,2,2,0,0,PRT,1,1,0,62.0,0,Y
92,5,21,23,0,1,2,0,0,FRA,0,1,0,99.0,0,Y
224,10,40,2,1,2,2,0,1,FRA,0,1,1,65.0,1,N
47,8,34,20,2,3,2,0,0,FRA,0,1,0,135.9,1,Y
230,7,27,4,0,3,2,0,0,DEU,0,1,0,107.1,1,Y
173,12,51,16,0,2,3,0,0,NLD,0,4,0,122.4,0,Y
50,10,43,24,1,1,2,0,0,PRT,0,1,0,75.0,0,Y
393,3,12,19,2,1,2,0,0,PRT,0,1,0,70.53,0,Y
129,10,42,10,1,5,2,0,0,NOR,0,4,0,132.3,0,Y
281,8,32,7,1,3,2,0,0,MAR,0,1,0,107.1,1,Y
212,8,33,13,1,1,2,0,0,PRT,0,1,0,96.0,0,Y
121,8,33,18,1,2,2,0,0,GBR,0,1,0,125.0,0,Y
272,8,32,5,0,1,2,0,0,PRT,1,1,0,65.0,0,Y
6,9,38,14,1,2,1,1,0,PRT,0,1,7,109.0,2,N
22,12,49,1,2,3,2,1,0,UKR,0,1,1,133.5,0,Y
3,2,8,24,2,3,2,0,0,BEL,0,4,0,100.3,3,N
263,9,40,29,2,4,2,0,0,DEU,0,1,0,100.3,0,Y
158,4,17,27,0,1,2,0,0,BRA,0,4,0,130.5,1,N
364,10,42,16,0,2,2,0,0,PRT,1,1,0,101.5,0,Y
468,10,43,20,0,2,2,0,0,PRT,0,1,0,62.0,0,Y
69,11,49,29,2,1,2,0,0,PRT,1,4,0,60.0,0,Y
1,2,10,28,2,1,1,0,0,PRT,0,1,0,60.0,0,Y
278,7,30,22,0,2,2,0,0,PRT,1,1,0,62.0,0,Y
90,3,11,6,2,3,1,0,0,ITA,0,1,1,74.95,0,N
203,8,33,8,1,4,2,0,0,DEU,0,1,0,65.49,1,N
10,8,34,21,1,1,3,0,0,BEL,0,4,2,210.0,2,N
64,4,16,12,0,3,2,0,0,BEL,0,1,0,94.5,0,Y
142,6,23,9,1,2,3,0,0,GBR,0,1,1,175.33,1,N
39,8,33,14,0,2,2,0,0,PRT,0,1,0,101.5,0,Y
180,10,44,28,0,2,1,0,0,GBR,0,1,0,80.1,0,N
56,8,31,5,0,1,2,1,0,USA,0,4,2,210.0,2,N
0,9,38,13,0,2,1,0,0,PRT,0,1,0,65.0,0,N
192,6,26,24,0,2,1,0,0,BRB,0,1,0,95.0,0,N
86,8,33,7,2,2,3,0,0,ESP,0,4,0,159.3,1,N
26,4,17,28,1,2,2,0,0,ESP,0,1,0,115.0,1,Y
140,11,47,18,0,3,1,0,0,PRT,0,1,1,65.0,0,N
61,1,4,25,0,2,2,0,0,PRT,0,1,0,80.0,0,Y
154,6,26,26,2,5,2,0,0,HRV,0,4,0,123.17,0,Y
310,12,53,27,2,10,2,0,0,DEU,0,1,2,68.57,2,N
178,7,29,11,1,0,1,0,0,PRT,0,1,0,72.68,1,N
9,1,3,16,4,11,1,0,0,MOZ,0,1,2,81.0,0,Y
31,8,33,10,0,4,2,0,0,FRA,0,1,1,141.55,1,N
21,3,11,16,1,3,1,0,0,DEU,0,1,1,70.0,0,N
6,4,17,23,1,1,2,2,0,NLD,0,6,0,196.0,1,N
457,8,34,25,0,2,2,0,0,AUT,0,1,1,122.4,1,N
164,8,33,14,0,1,2,0,0,PRT,1,1,0,60.0,0,Y
137,3,11,17,1,2,2,0,0,FRA,0,1,0,93.6,2,N
20,3,9,1,0,3,2,0,0,PRT,0,1,0,80.0,0,N
179,8,34,21,1,4,2,1,0,BEL,0,5,0,165.0,1,N
83,12,53,26,1,3,2,0,0,ESP,0,4,0,105.61,1,Y
11,3,10,3,1,3,2,0,0,ITA,0,1,0,138.0,0,Y
140,8,33,18,2,2,2,0,0,FRA,0,4,0,193.0,2,Y
320,7,28,11,2,5,2,0,0,GBR,0,1,0,89.1,1,N
115,5,19,11,0,3,2,0,0,GBR,0,1,0,120.0,0,N
117,2,10,29,1,2,2,0,0,PRT,1,1,0,75.0,0,Y
12,9,36,2,0,1,2,0,0,PRT,0,1,0,119.0,2,N
189,6,22,2,0,2,2,0,0,PRT,0,1,0,100.0,0,Y
1,4,15,7,0,1,1,0,0,ISR,0,1,0,89.0,1,N
21,12,52,19,1,3,2,0,0,FRA,0,1,0,88.4,0,Y
50,1,3,14,0,3,2,0,0,FRA,0,1,0,52.0,1,N
26,12,52,26,2,2,2,0,0,AUT,0,1,0,43.5,1,N
162,8,33,19,1,1,2,0,0,PRT,0,1,0,140.0,0,Y
4,1,1,2,1,1,1,0,0,PRT,0,1,0,65.0,1,N
42,11,46,9,0,4,2,0,0,DEU,0,1,0,133.03,1,N
44,11,46,11,0,3,2,0,0,FRA,0,4,0,60.0,1,N
29,1,3,18,0,3,1,0,0,AGO,0,1,0,65.0,0,N
20,6,27,28,0,2,2,0,0,ESP,0,4,0,156.0,1,Y
27,8,33,14,1,1,3,0,0,ITA,0,4,1,239.0,1,Y
475,10,44,27,0,2,2,0,0,PRT,0,1,0,62.0,0,Y
118,6,24,6,1,2,1,0,0,TUR,0,1,0,110.0,0,N
1,1,1,4,0,1,2,0,0,PRT,1,1,0,89.0,2,N
50,6,27,29,0,3,3,0,0,BRA,0,4,0,150.3,0,Y
9,1,2,13,2,2,2,0,0,ESP,0,1,0,86.0,0,N
337,9,38,19,2,2,2,0,0,PRT,1,1,0,62.0,0,Y
111,4,14,3,1,5,1,0,0,NLD,0,1,0,85.0,0,N
158,3,13,27,1,1,2,0,0,ISR,0,1,0,95.0,0,N
12,5,20,16,2,5,1,0,0,CHN,0,4,0,156.75,1,N
200,9,37,12,2,1,2,0,0,PRT,1,1,0,86.0,0,Y
34,8,35,30,0,3,1,0,0,FRA,1,1,0,85.0,0,N
56,6,24,8,0,1,2,0,0,PRT,0,1,0,120.0,0,Y
6,11,46,9,0,1,2,0,0,JPN,0,1,0,179.38,0,N
129,7,31,25,1,4,2,0,0,ESP,0,1,0,131.75,0,Y
14,11,47,14,1,3,2,0,0,BEL,0,4,0,75.27,2,N
57,9,39,24,2,5,2,0,0,USA,0,4,0,146.96,1,N
59,3,12,19,2,2,1,0,0,GBR,0,1,0,93.5,1,N
321,9,36,3,0,2,2,0,0,PRT,1,1,0,62.0,0,Y
12,7,29,18,2,2,2,0,0,PRT,0,1,0,62.0,0,N
12,10,41,4,1,0,2,0,0,FRA,0,1,0,72.0,0,N
10,10,41,2,2,1,2,0,0,FRA,0,1,0,85.0,0,N
110,3,13,20,2,1,2,0,0,FRA,0,1,0,58.0,0,N
267,10,44,25,0,2,2,0,0,DEU,0,1,0,80.75,0,N
132,7,27,8,2,1,2,0,0,DEU,0,1,0,107.1,2,N
233,10,42,14,1,2,2,0,0,PRT,0,1,0,90.0,0,Y
2,3,12,19,2,3,1,0,0,IRL,0,6,0,163.52,2,N
54,3,10,1,0,4,2,0,0,SWE,0,1,0,49.43,0,N
27,6,25,12,2,0,2,0,0,BRA,0,1,0,94.35,0,Y
68,10,41,8,2,1,2,1,0,FRA,0,1,0,135.0,3,N
112,6,23,2,0,2,2,0,0,FRA,0,1,0,100.0,0,N
148,6,26,25,2,5,2,0,0,PRT,0,1,0,79.53,0,Y
301,8,33,14,0,2,2,0,0,PRT,1,1,0,101.5,0,Y
504,8,32,12,2,1,2,0,0,AUS,0,1,0,112.67,1,N
55,1,3,18,0,2,1,0,0,PRT,0,1,0,79.0,0,Y
451,6,25,20,0,1,2,0,0,PRT,0,1,0,90.0,0,Y
41,12,53,27,2,5,2,0,0,PRT,0,1,0,69.29,0,Y
205,3,13,31,1,2,2,0,0,ESP,0,1,0,143.4,1,Y
4,5,21,21,1,1,2,0,0,PRT,0,1,0,112.0,1,N
65,9,37,4,2,5,2,0,0,ITA,0,1,0,106.84,0,Y
58,2,8,23,1,3,2,0,0,PRT,0,1,0,78.0,0,Y
165,6,26,20,1,2,2,0,0,BEL,0,1,0,95.4,1,N
69,11,47,19,1,3,2,0,0,PRT,1,1,0,98.0,0,Y
137,1,5,27,0,2,1,0,0,PRT,1,1,0,70.0,0,Y
104,5,20,15,1,2,2,0,0,PRT,0,1,0,170.0,0,Y
45,3,9,4,1,1,1,0,0,GBR,0,1,0,79.2,0,Y
97,7,27,6,0,2,2,0,0,DEU,0,1,0,120.0,1,N
29,2,7,9,0,3,2,0,0,FRA,0,1,0,66.0,0,N
55,3,13,22,0,3,3,0,0,GIB,0,4,0,131.4,2,Y
256,10,44,23,2,3,2,0,0,GBR,0,1,0,94.35,2,Y
9,9,37,7,1,1,2,0,0,NLD,0,1,0,91.6,0,N
103,7,29,11,1,2,2,1,0,FRA,0,1,2,108.34,1,N
285,4,17,28,2,2,1,0,0,GBR,0,1,0,104.4,2,Y
21,12,50,10,0,2,2,0,0,ARG,0,1,0,70.0,0,N
67,12,51,16,0,2,2,0,0,ESP,0,1,0,68.0,0,N
66,4,15,9,2,0,2,0,0,PRT,0,1,0,100.0,0,Y
53,3,11,14,0,3,1,0,0,PRT,0,1,0,65.0,0,Y
236,2,8,20,1,1,2,0,0,NLD,0,4,0,103.5,1,N
1,9,39,22,1,3,2,0,0,BRA,0,1,0,176.0,0,N
64,4,17,17,2,1,2,0,0,DEU,0,1,0,99.3,1,N
61,9,36,5,2,2,2,0,0,PRT,0,1,0,62.0,0,Y
0,9,39,21,1,3,2,0,0,PRT,0,1,0,147.0,1,N
468,10,43,20,0,2,2,0,0,PRT,0,1,0,62.0,0,Y
2,3,12,16,0,3,2,0,0,PRT,0,1,0,40.0,1,N
111,4,17,27,1,3,2,0,0,PRT,0,1,0,120.0,0,Y
36,11,45,3,0,5,2,0,0,FRA,0,4,1,60.0,0,N
5,9,40,28,0,1,1,0,0,PRT,0,1,0,67.0,0,N
30,11,46,7,1,3,1,0,0,SWE,0,1,0,137.83,1,N
221,10,41,10,2,1,2,0,0,FRA,0,1,0,65.0,0,N
1,6,24,11,1,0,1,1,0,PRT,0,1,1,148.0,1,N
10,12,53,31,0,2,2,0,0,PRT,0,1,0,206.55,0,N
150,6,24,17,2,3,1,0,0,PRT,0,1,0,120.0,0,Y
54,1,2,14,0,1,1,0,0,PRT,0,1,0,75.0,0,Y
63,4,16,18,0,3,2,0,0,FRA,0,4,0,135.0,0,N
142,6,23,9,1,2,2,0,0,GBR,0,1,0,135.33,0,Y
30,3,11,11,2,2,2,0,0,PRT,0,1,0,85.0,1,N
45,6,25,17,1,2,2,0,0,PRT,0,1,0,65.0,1,N
207,8,36,29,1,3,2,0,1,FRA,0,1,1,123.25,1,Y
99,2,8,19,0,1,1,0,0,PRT,0,1,0,81.0,0,N
164,10,40,2,0,2,1,0,0,PRT,0,1,0,100.0,0,N
147,7,30,21,0,2,2,0,0,PRT,1,1,0,75.0,0,Y
80,11,45,2,1,1,2,0,0,PRT,0,1,0,111.0,0,Y
10,1,4,17,2,0,2,0,0,AND,0,1,0,75.0,1,Y
81,8,33,12,1,2,2,1,0,ESP,0,1,0,134.1,0,Y
10,1,5,30,1,3,2,0,0,AUT,0,1,0,77.0,0,N
47,9,39,18,2,2,2,0,0,FRA,0,4,0,119.52,0,N
15,10,40,1,2,1,3,0,0,GBR,0,6,0,182.14,0,N
468,7,30,29,2,1,2,0,0,PRT,0,1,0,112.67,0,Y
10,11,48,26,0,2,1,0,0,FRA,0,1,0,79.0,0,N
69,6,25,12,2,4,1,0,0,PRT,0,1,0,120.0,0,Y
46,8,34,17,1,1,2,0,0,ESP,0,1,0,62.0,0,N
75,5,21,21,2,0,2,0,0,FRA,0,1,0,123.12,0,N
7,9,37,8,0,3,1,0,0,PRT,0,1,0,95.0,0,N
28,3,9,2,0,3,2,0,0,PRT,0,1,0,95.0,0,Y
39,10,44,30,1,2,2,0,0,GBR,0,4,0,60.0,0,N
116,5,18,5,1,2,2,0,0,FRA,0,1,0,126.0,0,Y
74,5,21,17,0,3,1,0,0,NLD,0,1,0,126.9,0,N
262,7,28,6,1,1,2,0,0,PRT,1,1,0,62.0,0,Y
1,1,4,27,0,1,2,0,0,PRT,0,1,0,88.2,1,N
33,3,11,8,0,2,2,0,0,CHN,0,1,1,67.52,0,N
8,4,14,5,0,1,1,0,0,CHE,0,1,0,114.0,0,N
29,1,3,18,0,3,1,0,0,DNK,0,1,0,65.0,0,N
38,11,45,2,0,4,2,0,0,PRT,0,4,0,77.23,3,Y
25,7,31,27,1,1,2,0,0,ESP,0,1,0,62.0,0,N
164,10,40,2,0,2,1,0,0,PRT,0,1,0,100.0,0,N
15,12,50,7,0,1,1,0,0,PRT,0,1,0,65.0,0,Y
0,8,33,11,0,1,2,0,0,FRA,0,1,0,133.0,1,N
4,8,33,13,0,1,2,0,0,ESP,0,1,0,167.0,1,N
187,8,32,11,1,2,2,0,0,NLD,0,1,0,112.5,0,Y
100,10,42,16,0,1,2,0,0,PRT,0,1,0,108.0,0,Y
23,10,42,16,0,2,2,0,0,PRT,0,1,0,98.4,2,N
5,9,36,3,2,1,2,2,0,ESP,0,6,0,209.7,1,N
93,5,20,18,0,3,1,0,0,SWE,0,1,0,126.0,0,N
48,11,45,4,0,2,2,0,0,ESP,0,1,0,97.2,2,N
44,11,48,21,1,2,2,0,0,FRA,0,1,0,82.13,1,N
5,5,18,6,0,1,1,0,0,PRT,0,1,1,170.0,1,N
103,4,15,5,0,4,2,0,0,ITA,0,1,0,84.58,1,N
213,8,33,18,0,2,2,0,0,GBR,0,1,1,100.8,1,Y
239,10,42,17,0,1,2,0,0,PRT,1,1,0,60.0,0,Y
6,9,37,7,1,1,1,0,0,PRT,0,1,0,104.5,2,Y
300,8,33,13,0,2,2,0,0,PRT,1,1,0,62.0,0,Y
49,1,1,2,1,1,2,0,0,SGP,0,1,0,93.6,2,Y
71,11,48,25,0,2,2,0,0,PRT,0,1,0,75.0,0,Y
31,6,23,1,0,1,2,0,0,RUS,0,1,0,89.1,0,Y
122,6,27,30,0,3,2,0,0,AUT,0,4,0,97.0,2,N
0,6,25,13,1,2,2,0,0,FRA,0,1,0,80.75,0,N
4,2,10,28,2,2,3,0,0,PRT,0,4,0,133.0,2,N
121,7,31,31,1,2,2,0,0,NOR,0,1,0,93.33,1,N
3,6,24,10,1,2,2,0,0,PRT,0,1,0,90.67,0,N
302,8,33,15,2,2,2,0,0,PRT,1,1,0,62.0,0,Y
177,6,23,3,0,2,2,0,0,PRT,0,1,0,100.0,0,Y
72,10,44,28,0,3,2,0,0,ISR,0,1,0,85.67,0,N
121,7,28,10,1,2,1,0,0,DEU,0,1,0,117.0,0,Y
78,4,15,6,1,4,2,0,0,PRT,0,4,0,99.45,1,N
68,2,8,17,0,2,2,0,0,PRT,1,1,0,75.0,0,Y
245,7,28,6,2,4,1,0,0,PRT,0,1,0,110.0,0,Y
240,7,27,5,1,4,2,0,0,GBR,0,1,2,91.08,1,Y
239,10,44,28,0,2,2,0,0,DEU,0,1,0,85.5,0,Y
158,7,26,1,1,1,2,0,0,BRA,0,1,0,89.1,0,Y
75,4,15,9,2,3,2,1,0,FRA,0,1,0,136.8,0,Y
84,11,48,27,1,2,1,0,0,PRT,0,1,1,56.0,0,N
273,7,29,17,0,2,2,0,0,PRT,1,1,0,101.5,0,Y
129,6,26,29,0,3,2,0,0,GBR,0,1,0,95.7,0,Y
28,1,2,4,1,3,2,0,0,ESP,0,1,0,87.0,1,N
386,10,44,23,2,0,2,0,0,DEU,0,1,0,115.0,1,N
208,8,36,30,0,3,2,0,0,CHE,0,1,0,85.5,0,Y
200,9,37,12,2,1,2,0,0,PRT,1,1,0,86.0,0,Y
279,10,42,12,0,3,2,0,0,PRT,0,1,0,110.0,0,Y
125,9,39,20,1,5,2,0,0,GBR,0,4,0,143.1,0,Y
40,7,31,26,0,1,2,0,0,PRT,0,1,0,125.0,1,N
155,7,29,14,0,3,2,0,0,FRA,0,1,0,112.0,0,N
57,6,24,10,1,2,2,0,0,PRT,0,1,0,0.0,1,N
34,12,50,8,0,2,1,0,0,PRT,1,1,0,90.0,0,Y
107,6,24,10,0,2,2,0,0,PRT,0,1,0,130.0,1,N
17,9,39,26,2,1,1,0,0,DEU,0,1,2,170.0,0,N
62,4,14,6,0,3,2,0,0,GBR,0,1,0,117.0,1,N
210,8,33,13,2,1,2,2,0,NLD,0,6,0,211.5,0,N
56,3,12,21,0,3,2,0,0,PRT,0,1,0,85.0,0,Y
56,3,13,28,0,3,2,0,0,CHN,0,1,0,79.2,1,N
102,5,21,21,2,2,2,0,0,FRA,0,1,0,137.25,1,N
31,9,37,11,1,2,2,0,0,GBR,0,1,0,134.1,1,N
43,7,30,27,0,3,2,0,0,ESP,0,1,1,153.0,1,N
72,12,53,27,2,0,2,0,0,PRT,1,1,0,90.0,0,Y
13,10,41,7,0,3,2,0,0,PRT,1,4,0,155.0,2,Y
98,10,44,26,0,2,2,0,0,DNK,0,1,0,80.1,0,Y
41,1,3,16,2,5,3,0,0,SWE,0,6,1,147.9,0,N
49,9,38,18,1,2,2,0,0,PRT,0,1,0,94.5,1,Y
68,11,47,19,1,1,2,0,0,IRL,0,1,1,85.75,0,N
47,9,37,10,1,1,2,0,0,ITA,0,1,0,96.0,1,N
6,4,14,2,2,1,2,2,0,FRA,0,6,0,224.0,0,N
169,4,17,22,2,2,2,0,0,PRT,0,1,0,106.0,0,Y
21,9,39,23,1,2,2,0,0,PRT,0,1,1,84.0,1,N
104,5,20,15,1,2,1,0,0,PRT,0,1,0,160.0,0,Y
134,7,27,7,2,2,2,0,0,NOR,0,1,0,89.1,0,Y
18,11,48,23,0,1,1,0,0,PRT,0,1,0,86.0,1,N
76,9,38,16,0,2,2,0,0,ESP,0,1,0,62.0,0,N
63,2,8,15,1,3,2,0,0,GBR,0,2,1,65.66,1,N
11,10,41,3,1,1,1,0,0,DEU,0,4,0,130.9,1,N
232,12,49,1,0,3,2,0,0,GBR,0,4,0,91.8,2,N
15,2,6,9,2,4,2,0,0,PRT,0,1,0,75.0,0,N
2,9,37,10,0,2,2,0,0,RUS,0,1,0,152.0,2,N
414,7,28,13,0,2,2,0,0,DEU,0,1,0,122.4,1,N
125,4,16,20,0,3,2,0,0,PRT,0,1,0,85.0,0,Y
175,8,36,31,0,4,2,0,0,SWE,0,1,0,112.63,0,Y
174,10,44,29,2,2,2,2,0,FRA,0,6,0,162.9,0,Y
1,1,1,5,0,2,2,0,0,GTM,0,1,1,59.0,0,N
39,8,36,28,2,3,2,0,0,FRA,0,1,0,100.62,0,N
7,5,21,21,1,1,2,0,0,FRA,0,1,0,112.0,1,N
167,8,32,6,0,1,2,0,0,ISR,0,1,0,105.3,0,Y
40,11,49,28,1,2,1,0,0,DEU,0,1,0,96.0,1,N
33,6,23,6,0,2,2,0,0,CHL,0,4,0,159.0,1,N
66,12,50,7,0,3,2,0,0,ITA,0,4,0,102.6,1,Y
16,9,38,11,2,0,2,0,0,PRT,0,1,0,89.0,1,N
108,5,19,4,0,3,1,1,0,BEL,0,1,0,92.4,0,N
80,7,29,10,2,5,2,0,0,FRA,0,1,0,142.07,1,N
12,7,28,9,2,2,2,0,0,BEL,0,1,0,85.0,0,N
70,4,15,11,0,3,3,0,0,USA,0,5,0,192.0,3,N
451,7,28,12,0,3,2,0,0,GBR,0,1,0,112.67,1,N
101,4,15,6,0,3,2,0,0,AUS,0,1,0,90.3,1,N
457,8,34,25,0,2,2,0,0,DEU,0,1,1,122.4,1,N
28,8,32,3,1,3,2,0,0,ESP,0,1,0,62.0,0,N
69,10,44,25,2,1,2,0,0,PRT,0,1,0,85.67,0,N
5,2,7,8,1,3,2,1,0,NLD,0,1,0,58.88,1,N
34,3,10,3,2,3,2,0,0,DEU,0,4,0,97.4,1,N
288,4,17,21,0,2,2,0,0,PRT,0,1,0,62.0,0,Y
61,3,12,20,1,4,2,0,0,FRA,0,4,0,100.3,1,Y
209,7,29,17,1,1,2,0,0,BRA,0,1,0,89.1,2,N
62,4,14,6,0,3,1,0,0,PRT,0,1,0,135.0,0,Y
42,3,10,4,1,2,2,0,0,PRT,0,1,0,65.0,0,N
3,9,37,10,2,5,2,0,0,DEU,0,1,0,137.29,2,N
0,8,34,19,0,1,2,0,0,PRT,0,1,0,124.0,0,N
1,1,4,21,0,1,1,0,0,PRT,0,4,0,41.0,1,N
25,5,20,20,2,1,2,0,0,PRT,0,1,0,90.0,0,Y
256,5,18,2,0,4,2,0,0,DEU,0,1,0,99.0,0,N
18,5,19,7,2,3,2,0,0,FRA,0,4,0,138.0,0,Y
72,5,19,1,2,1,3,0,0,GBR,0,4,0,159.3,2,Y
0,10,44,31,0,1,2,0,0,DZA,0,1,0,107.0,1,N
61,10,41,4,2,0,2,0,0,FRA,0,1,0,91.0,0,N
34,1,3,18,0,1,2,0,0,PRT,0,1,0,75.0,0,Y
101,4,15,9,2,4,2,0,1,POL,0,1,1,85.28,2,N
355,10,41,7,0,2,1,0,0,PRT,1,1,0,60.0,0,Y
32,1,5,30,1,4,3,0,0,BRA,0,5,0,115.6,3,N
68,3,13,29,1,4,2,0,0,DEU,0,1,0,78.84,0,N
51,3,12,13,4,7,2,0,0,DEU,0,4,0,71.22,0,N
230,6,24,5,2,0,2,0,0,PRT,1,2,0,89.0,1,Y
0,11,45,5,2,1,1,0,0,SWE,0,1,2,150.0,0,N
247,12,52,24,2,3,0,2,0,PRT,0,2,0,67.26,1,N
76,2,9,27,1,3,2,0,0,DEU,0,4,0,99.45,2,Y
41,12,53,27,2,5,2,0,0,PRT,0,1,0,69.29,0,Y
193,8,33,12,2,2,2,0,0,FRA,0,1,0,108.45,1,N
37,10,44,29,1,3,2,0,0,FRA,0,4,0,71.25,0,N
161,3,13,25,1,2,2,0,0,PRT,0,1,0,130.0,0,Y
128,4,14,2,2,0,2,0,0,LUX,0,1,0,99.0,1,Y
284,5,21,23,0,5,2,1,0,BGR,0,1,0,134.55,3,Y
45,7,29,18,0,2,1,0,0,PRT,0,1,0,126.0,0,Y
20,9,39,22,0,3,2,0,0,PRT,0,1,1,124.0,2,Y
46,7,27,3,1,0,2,0,0,PRT,0,1,0,89.38,0,Y
234,6,26,24,0,2,2,0,0,PRT,0,1,0,65.0,0,Y
15,8,34,14,1,0,2,0,0,NLD,0,4,0,175.0,1,N
48,2,8,22,0,2,1,0,0,ESP,0,1,0,65.0,1,N
54,1,3,18,0,3,2,0,0,PRT,0,1,0,65.0,0,Y
608,3,10,9,0,2,2,0,0,PRT,0,1,0,62.0,0,Y
146,8,33,11,0,2,2,2,0,FRA,0,6,0,186.3,0,N
219,9,36,4,1,2,1,0,0,SWE,0,1,0,76.67,0,N
12,9,36,1,0,3,2,1,0,ESP,0,1,1,98.5,1,N
19,2,7,12,2,2,3,0,0,GBR,0,4,0,134.3,0,Y
7,3,9,1,0,4,2,0,0,SWE,0,1,0,91.8,1,N
48,2,8,22,0,2,1,0,0,ESP,0,1,0,65.0,1,N
72,10,44,28,0,3,2,0,0,PRT,0,1,0,85.67,0,N
38,6,23,9,0,2,2,0,0,FRA,0,1,0,140.0,2,Y
177,4,16,21,0,2,2,0,0,IRL,0,1,0,99.0,0,Y
31,4,14,7,0,2,2,0,0,ITA,0,4,2,159.0,0,N
73,3,14,29,0,4,2,0,0,BEL,0,1,0,82.45,1,N
48,2,7,13,1,1,2,0,0,ITA,0,1,0,95.4,2,N
301,7,31,30,1,1,2,0,0,DEU,0,1,0,115.0,1,N
73,5,21,24,0,4,2,1,0,PRT,0,7,0,317.5,0,Y
201,7,28,15,2,2,2,0,0,AUT,0,1,1,89.1,0,N
22,11,47,14,1,2,2,0,0,PRT,0,1,0,64.37,1,N
14,10,42,15,0,1,1,0,0,ITA,0,1,1,100.0,0,N
5,12,51,15,0,3,2,0,0,FRA,0,1,0,96.0,1,N
147,7,29,18,2,8,3,0,0,PRT,0,4,0,116.1,0,Y
4,8,33,15,0,1,2,0,0,PRT,0,1,0,124.0,1,N
88,7,31,24,1,0,2,0,0,FRA,0,1,0,105.3,0,Y
23,1,1,2,2,1,1,0,0,ITA,0,1,0,87.0,0,N
64,7,30,17,2,2,2,0,0,GBR,0,1,0,105.3,0,Y
423,7,29,22,1,1,1,0,0,DEU,0,1,1,95.5,0,N
173,5,21,24,0,4,2,0,0,FRA,0,1,0,108.0,2,Y
580,2,6,9,0,2,2,0,0,PRT,0,1,0,62.0,0,Y
346,9,40,28,1,1,2,0,0,PRT,1,1,0,62.0,0,Y
72,5,20,14,2,3,2,0,0,FRA,0,4,0,127.5,0,N
31,5,22,22,1,0,2,0,0,FRA,0,1,0,108.9,2,N
300,11,46,11,0,2,2,0,0,PRT,0,1,0,65.0,0,Y
0,2,8,20,0,1,2,0,0,PRT,0,1,0,89.0,0,N
24,2,9,26,2,3,2,0,0,DEU,0,1,0,68.0,2,N
1,11,46,14,0,1,2,2,0,PRT,0,6,0,78.0,0,N
0,8,35,29,2,5,2,0,0,AUS,0,1,0,99.14,0,N
47,11,45,7,2,2,2,0,0,FRA,0,4,0,60.0,1,N
12,8,36,30,0,1,3,0,0,PRT,0,5,0,138.0,0,N
34,11,46,7,1,2,1,0,0,ARG,0,1,1,147.93,0,N
87,8,32,8,2,5,2,0,0,NLD,0,4,0,155.0,1,N
0,1,2,8,0,1,2,0,0,PRT,0,1,0,67.5,0,N
179,10,40,1,2,1,2,0,0,IRL,0,1,0,108.9,1,N
190,5,18,6,2,2,2,0,1,FRA,0,1,1,117.0,3,Y
0,8,35,23,0,1,2,2,0,PRT,0,5,0,159.0,0,N
34,7,30,29,1,1,2,2,0,USA,0,7,0,250.96,1,N
2,8,33,13,0,1,2,0,0,PRT,0,1,0,124.0,2,N
96,4,17,26,0,2,2,0,0,PRT,0,1,0,130.0,0,Y
65,8,35,26,2,2,2,0,0,PRT,0,1,0,134.0,0,N
180,8,33,16,0,2,1,1,0,PRT,0,1,0,121.0,0,Y
302,8,33,15,2,2,2,0,0,PRT,1,1,0,62.0,0,Y
28,3,9,2,0,3,2,0,0,PRT,0,1,0,95.0,0,Y
112,3,14,30,0,2,2,0,0,PRT,0,1,0,64.0,0,Y
178,4,18,28,0,3,1,0,0,PRT,1,1,0,110.0,0,Y
21,11,49,30,0,2,1,0,0,POL,0,1,0,76.0,0,N
159,10,44,26,1,4,3,0,0,FRA,0,4,0,123.3,1,Y
47,8,33,16,0,2,1,0,0,PRT,0,1,0,93.6,0,Y
219,9,40,30,1,2,2,0,0,PRT,0,1,0,120.0,0,Y
32,2,6,6,1,1,2,0,0,BRA,0,1,0,67.5,1,Y
48,8,35,24,0,4,1,0,0,NLD,0,4,1,149.4,1,N
107,4,17,27,0,3,2,0,0,PRT,0,1,0,99.0,0,N
43,3,9,4,2,1,2,0,0,FRA,0,1,0,75.0,0,N
42,7,28,9,2,0,2,0,0,FRA,0,1,0,130.0,2,Y
14,10,42,15,0,2,2,0,0,FRA,0,1,0,97.02,2,N
221,8,33,12,0,1,2,0,0,DEU,0,1,0,48.0,1,N
123,4,17,21,1,3,2,0,0,CHE,0,1,0,93.08,0,N
281,4,16,14,0,2,2,0,0,PRT,0,1,0,62.0,0,Y
72,10,44,28,0,3,2,0,0,ISR,0,1,0,85.67,1,N
17,3,11,11,1,2,2,0,0,FRA,0,1,0,97.0,0,Y
153,8,32,3,1,2,2,0,0,PRT,1,1,0,60.0,0,Y
58,11,46,11,0,1,1,0,0,THA,0,1,1,80.0,0,N
37,2,9,25,0,3,2,1,1,ITA,0,6,3,144.9,1,N
213,8,35,28,1,3,1,0,0,PRT,0,1,1,104.0,1,N
74,9,38,18,0,2,2,0,0,PRT,0,1,0,109.0,0,N
11,12,49,5,2,2,2,0,0,PRT,0,1,0,104.0,0,N
0,5,22,30,0,1,1,0,0,PRT,0,1,0,95.0,0,N
100,10,44,31,1,1,2,0,0,PRT,0,1,0,62.0,0,Y
3,2,6,11,0,1,2,0,0,PRT,0,1,0,108.0,2,N
0,3,13,24,0,1,2,0,0,CHN,0,1,0,141.0,0,N
45,10,44,29,0,3,2,0,0,PRT,1,1,0,70.0,0,Y
105,5,19,13,1,1,2,0,0,PRT,0,1,0,135.0,0,Y
36,5,20,11,0,3,2,0,0,BEL,0,1,0,126.9,2,N
405,7,27,4,0,2,2,0,0,DEU,0,1,0,114.4,0,N
195,4,16,21,2,2,2,0,0,ITA,0,1,0,99.0,1,Y
18,9,40,27,2,1,1,0,0,CHE,0,1,1,170.0,0,N
59,1,4,23,1,1,2,0,0,PRT,0,1,0,80.0,0,Y
84,4,18,27,0,4,2,0,0,NOR,0,1,0,105.4,1,N
111,5,20,20,1,1,2,0,0,GBR,0,4,0,153.0,3,N
12,2,8,14,2,3,2,2,0,FRA,0,6,1,230.0,0,N
50,10,43,24,0,1,2,0,0,PRT,0,1,0,146.0,0,Y
5,1,4,23,1,3,1,0,0,BEL,0,1,0,74.8,1,N
0,12,53,31,0,1,2,0,0,FRA,0,1,0,135.0,0,N
32,11,47,18,2,2,2,0,0,ITA,0,1,0,54.71,1,N
391,8,32,4,0,2,2,0,0,PRT,0,1,0,62.0,0,Y
26,2,5,4,2,2,2,0,0,ESP,0,1,0,83.3,0,Y
75,10,40,1,0,1,2,0,0,DEU,0,1,0,89.75,0,N
33,2,7,13,1,4,1,2,0,FRA,0,1,0,150.0,1,N
7,10,42,13,0,2,2,2,0,GBR,0,7,0,231.78,1,N
18,6,25,12,2,1,2,0,0,DEU,0,1,0,149.0,0,N
1,3,11,12,1,0,1,0,0,ITA,0,1,0,80.0,0,N
33,12,50,9,0,2,2,0,0,PRT,1,1,0,110.0,0,Y
183,8,34,21,1,2,2,0,0,ITA,0,1,0,117.0,2,N
18,11,46,11,2,3,2,0,0,FRA,0,1,0,93.84,1,N
12,1,1,1,2,2,3,0,0,ITA,0,4,0,146.2,0,Y
288,5,19,5,0,3,2,0,0,FRA,0,1,0,81.67,0,N
87,10,43,19,0,2,2,0,0,NLD,0,1,1,118.8,1,N
11,7,29,15,0,1,2,2,0,BRA,0,6,0,231.0,1,N
41,8,34,22,0,3,2,1,0,FRA,0,1,0,152.67,1,N
219,9,36,4,0,1,2,0,0,DEU,0,1,0,108.0,0,N
8,3,10,1,0,3,1,0,0,ESP,0,1,0,56.0,0,N
104,4,15,5,0,2,2,0,0,PRT,0,1,0,96.0,0,Y
52,3,10,11,0,1,2,0,0,GBR,0,1,0,79.2,1,Y
66,1,3,21,2,6,3,0,0,CHN,0,4,0,117.81,2,Y
16,11,46,6,2,3,1,0,0,EGY,0,1,1,155.6,2,N
24,8,36,31,0,3,2,0,0,FRA,0,1,0,110.0,0,N
316,5,22,26,0,3,2,0,0,PRT,0,1,0,110.0,0,N
34,4,15,13,0,2,2,0,0,ROU,0,5,0,180.0,0,Y
56,3,14,30,2,4,2,0,0,BEL,0,4,0,101.72,1,N
133,6,26,27,2,5,3,0,0,NOR,0,4,0,157.76,0,N
330,6,23,2,0,2,2,0,0,PRT,0,1,0,62.0,0,Y
13,5,18,2,0,2,1,0,0,ESP,0,1,0,120.0,1,Y
391,8,32,4,0,2,2,0,0,PRT,0,1,0,62.0,0,Y
245,6,25,17,0,2,2,0,0,PRT,0,1,0,75.0,0,Y
148,5,21,18,0,4,2,0,0,CHE,0,4,0,86.43,1,N
13,6,24,5,1,0,2,0,0,AUT,0,1,0,111.85,1,N
365,10,42,17,1,1,2,0,0,PRT,1,1,0,62.8,0,Y
112,3,14,30,0,2,2,0,0,PRT,0,1,0,64.0,0,Y
58,10,41,9,0,2,2,0,0,FRA,0,1,0,94.5,1,N
81,3,13,25,1,2,2,0,0,PRT,0,1,4,65.0,1,N
273,7,29,17,0,2,1,0,0,PRT,0,1,1,87.0,0,N
99,6,25,19,1,2,2,0,0,IRL,0,1,2,130.67,0,Y
185,12,51,16,1,2,2,0,0,DEU,0,4,0,103.5,0,Y
15,2,7,13,1,2,2,0,0,NGA,0,4,1,126.4,0,N
379,10,44,31,1,1,2,0,0,PRT,1,1,0,62.0,0,Y
205,9,40,27,2,6,2,0,0,ITA,0,1,0,111.35,0,Y
4,8,36,30,0,1,1,0,0,PRT,0,1,0,67.0,0,N
0,9,39,21,1,0,1,0,0,PRT,0,1,0,77.0,0,N
61,1,4,25,0,2,2,0,0,PRT,0,1,0,80.0,0,Y
0,3,13,29,0,1,1,0,0,PRT,0,1,0,80.0,0,N
198,5,21,20,0,1,2,0,0,PRT,0,1,0,65.0,0,N
63,8,33,13,2,3,2,1,0,DEU,0,1,0,180.0,1,Y
98,4,15,14,0,1,2,0,0,BEL,0,1,0,108.0,1,Y
162,6,26,25,2,3,2,0,0,GBR,0,4,0,98.41,1,N
94,8,33,16,0,4,2,0,0,FRA,0,1,3,155.75,1,N
276,9,39,22,0,3,1,0,0,NLD,0,1,0,95.67,0,N
155,7,28,7,0,3,2,0,0,DEU,0,1,0,103.5,0,Y
368,6,26,28,0,3,2,0,0,PRT,0,1,0,90.0,0,Y
305,11,45,4,1,2,2,0,0,PRT,0,1,0,89.0,0,Y
84,10,42,12,0,2,3,0,0,CHE,0,4,1,176.3,0,N
359,9,38,16,2,2,1,0,0,IRL,0,1,0,95.0,0,N
75,8,33,14,1,3,2,0,0,ESP,0,1,0,130.0,1,N
22,5,21,24,0,2,2,0,0,GBR,0,6,0,265.0,0,N
420,9,36,3,2,2,2,0,0,PRT,0,1,0,75.0,0,Y
239,12,53,26,1,4,2,1,0,FRA,0,1,0,92.65,0,Y
2,3,9,1,0,3,2,0,0,BRA,0,1,0,98.0,0,N
180,11,47,13,1,0,2,0,0,GBR,0,1,0,54.75,2,N
6,9,39,21,1,3,1,0,0,HUN,0,1,0,114.0,1,N
5,8,34,20,0,1,2,0,0,GBR,0,1,0,130.0,1,N
136,7,29,16,1,1,2,1,0,ESP,0,1,0,121.5,0,Y
151,5,19,13,2,2,2,0,0,PRT,0,1,0,95.0,0,Y
87,4,15,7,1,3,2,0,0,CHE,0,1,0,82.45,1,N
171,4,17,27,0,3,2,0,0,DEU,0,1,0,89.0,0,N
7,7,28,15,2,2,2,0,0,ESP,0,1,0,122.5,1,N
1,10,43,20,0,2,2,0,0,FRA,0,1,0,135.0,2,N
47,8,31,3,2,3,2,0,0,IRL,0,1,0,126.0,0,N
22,1,2,9,2,1,2,0,0,ITA,0,1,0,65.75,0,N
5,12,53,30,0,2,2,0,0,ESP,0,1,2,139.0,1,N
2,2,6,6,1,1,2,0,0,PRT,0,1,0,131.0,1,N
79,11,46,13,0,2,2,0,0,PRT,0,1,0,75.0,0,Y
134,2,8,25,0,1,1,0,0,PRT,0,1,0,75.0,0,Y
25,5,21,22,1,2,3,0,0,COL,0,4,0,210.0,1,N
10,11,49,29,2,1,2,1,0,ITA,0,1,0,93.33,2,N
3,10,44,24,1,0,1,0,0,PRT,0,1,0,75.0,0,N
135,5,22,28,1,1,2,0,0,PRT,0,1,0,96.0,0,Y
146,6,27,28,0,5,2,1,0,TUN,0,1,0,106.25,2,N
67,7,30,24,1,3,2,0,0,ESP,0,1,0,112.05,1,N
135,8,32,2,0,2,2,1,0,PRT,0,1,0,130.5,0,N
166,11,45,1,0,3,1,0,0,PRT,0,1,0,110.0,0,Y
22,3,10,3,0,3,2,0,0,GBR,0,1,0,84.33,0,N
128,4,16,16,2,1,2,0,0,PRT,0,1,0,100.0,0,Y
68,9,40,29,0,2,1,0,0,FRA,0,1,1,49.5,0,N
22,9,36,4,1,2,2,0,0,PRT,0,1,2,105.0,2,N
199,4,18,29,1,2,2,0,0,PRT,0,1,0,106.2,1,Y
141,5,19,8,1,2,2,0,0,DEU,0,4,0,126.88,1,N
7,2,6,9,0,1,2,0,0,FRA,0,4,0,113.0,0,N
88,5,23,29,2,2,2,0,0,PRT,0,2,1,112.01,1,N
7,1,4,26,0,3,1,0,0,USA,0,1,0,57.05,0,N
181,7,27,1,1,4,2,0,0,PRT,0,1,0,76.5,0,N
7,12,53,30,1,2,2,0,0,IRL,0,1,0,120.0,0,N
62,11,46,12,2,2,2,0,0,CHE,0,1,0,105.0,2,N
66,10,44,25,0,4,2,0,0,FRA,0,4,0,99.2,1,N
47,5,23,30,1,3,1,0,0,PRT,0,1,0,89.0,0,Y
19,12,53,31,2,2,2,0,0,BIH,0,4,0,119.0,0,Y
13,1,4,25,0,2,1,0,0,PRT,1,1,0,67.0,1,N
213,2,8,20,1,2,3,0,0,NOR,0,4,0,122.4,0,Y
83,11,48,25,0,2,2,0,0,DEU,0,1,0,93.6,2,N
451,7,28,12,0,3,2,0,0,GBR,0,1,0,112.67,1,N
67,2,7,12,2,0,2,0,0,PRT,0,1,0,80.0,0,Y
54,10,45,30,2,4,2,0,0,ITA,0,4,0,111.0,1,Y
133,3,11,11,1,2,2,0,0,USA,0,1,0,84.33,1,N
36,8,36,28,2,1,2,0,0,FRA,0,1,0,101.7,0,N
19,9,38,16,0,1,2,2,0,PRT,0,6,0,155.0,2,Y
21,11,45,1,0,4,2,0,0,ITA,0,1,0,102.0,1,N
23,6,24,13,0,2,2,0,0,DEU,0,1,2,148.0,1,Y
33,5,21,19,0,1,2,0,0,IRL,0,1,0,116.1,2,N
14,9,38,15,0,3,1,0,0,RUS,0,1,0,114.0,1,N
8,1,1,4,0,4,3,0,0,NLD,0,5,0,115.6,2,N
19,5,21,21,2,1,2,0,0,FRA,0,1,0,130.0,1,Y
165,5,21,25,0,3,2,0,0,AUT,0,1,0,126.0,1,N
96,4,17,26,0,2,2,0,0,PRT,0,1,0,130.0,0,Y
199,9,39,21,1,1,2,0,0,PRT,1,1,0,48.0,0,Y
39,3,12,24,1,2,2,0,0,NLD,0,4,0,121.33,2,N
78,3,13,24,0,3,2,0,0,ESP,0,1,0,105.3,1,N
217,2,7,13,7,18,2,0,0,ARE,0,1,0,85.0,0,Y
317,9,38,15,0,2,2,0,0,PRT,0,1,0,120.0,0,Y
11,9,39,25,1,2,2,0,0,PRT,0,1,0,200.0,1,N
46,5,18,1,1,3,1,0,0,CHN,0,1,0,128.79,0,Y
35,9,40,26,1,0,1,0,0,BEL,0,1,0,81.0,0,Y
396,6,26,25,2,0,2,0,0,PRT,0,1,1,80.0,0,Y
265,4,17,20,0,4,2,0,0,PRT,0,1,0,101.0,0,Y
25,5,20,10,0,3,1,0,0,FRA,0,1,0,129.0,0,N
305,11,45,4,1,2,2,0,0,PRT,0,1,0,89.0,0,Y
301,8,33,18,2,3,2,0,0,DEU,0,1,0,121.5,2,Y
4,1,5,30,1,3,1,0,0,PRT,0,1,0,65.0,1,N
1,8,35,27,1,0,2,0,0,ESP,0,1,0,109.0,2,N
106,4,18,27,0,4,2,0,0,ITA,0,1,0,95.2,0,N
405,7,27,4,0,2,2,0,0,DEU,0,1,0,114.4,0,N
159,4,15,9,1,1,2,0,0,PRT,0,1,0,70.0,1,N
1,4,15,8,0,1,2,0,0,CHE,0,1,0,101.0,1,N
261,10,40,1,1,1,2,0,0,PRT,0,1,0,96.0,0,N
143,10,41,6,0,3,3,0,0,ITA,0,4,0,151.2,1,Y
1,3,11,9,0,1,2,0,0,SWE,0,1,0,101.0,1,N
25,4,18,30,2,0,2,0,0,FRA,0,1,0,142.0,1,N
444,12,49,1,0,3,1,0,0,PRT,1,1,0,75.0,0,Y
126,8,34,15,1,4,2,0,0,FRA,0,4,0,126.0,0,N
150,7,31,30,2,2,2,0,0,PRT,0,4,2,123.3,0,Y
24,3,13,26,1,1,2,0,0,NLD,0,1,0,141.0,1,N
4,9,38,11,1,0,1,0,0,FRA,0,1,0,149.0,1,N
1,8,32,2,0,2,2,0,0,SVK,0,1,0,133.0,1,N
3,10,43,19,1,3,1,0,0,VEN,0,1,0,134.25,0,N
102,7,29,10,2,4,2,0,0,BGR,0,4,0,156.0,3,N
149,6,26,25,2,1,2,0,0,GBR,0,1,0,80.75,1,N
0,10,42,11,2,1,2,0,0,BRA,0,1,1,114.0,0,N
35,9,40,25,2,0,2,0,0,NLD,0,1,0,117.0,2,N
11,6,25,14,0,3,2,0,0,PRT,0,4,0,90.0,0,Y
92,9,37,9,2,2,2,0,0,CZE,0,4,0,149.4,0,Y
233,6,25,23,1,2,2,0,0,PRT,0,1,0,105.0,0,Y
24,4,18,29,2,2,2,0,0,GBR,0,4,0,156.0,0,N
213,8,35,28,1,3,1,0,0,PRT,0,1,1,104.0,0,N
165,7,32,31,2,4,2,0,0,PRT,0,1,0,72.25,2,Y
195,8,31,4,0,2,2,0,0,GBR,0,1,0,118.75,0,Y
75,11,47,18,1,2,2,0,0,ITA,0,1,0,93.6,2,Y
364,10,42,16,0,2,2,0,0,PRT,1,1,0,101.5,0,Y
4,1,3,12,0,3,2,0,0,ESP,11,1,0,80.3,1,N
138,3,13,30,0,2,2,0,0,SWE,0,1,0,93.6,0,Y
10,2,7,17,1,2,2,0,0,PRT,0,1,0,68.0,0,Y
192,5,22,31,0,4,2,0,0,DEU,0,4,0,148.05,0,Y
5,10,43,19,1,2,1,0,0,PRT,0,1,0,0.0,0,N
134,2,8,25,0,1,1,0,0,PRT,0,1,0,75.0,0,Y
0,10,40,2,1,2,1,0,0,PRT,0,1,1,145.0,0,N
101,5,22,30,0,4,2,0,0,BEL,0,4,0,144.0,2,N
11,5,20,9,5,10,1,0,0,FRA,0,1,1,95.0,0,N
15,10,43,20,0,3,1,0,0,PRT,0,1,0,109.0,0,N
151,5,19,13,2,2,2,0,0,PRT,0,1,0,95.0,0,Y
25,6,26,27,0,1,2,0,0,MAR,0,1,0,100.0,0,N
215,8,34,14,2,5,2,0,0,NLD,0,1,0,92.16,1,N
124,4,14,8,1,1,2,0,0,GBR,0,1,0,99.0,1,N
5,10,41,5,0,2,1,0,0,PRT,0,1,0,65.0,0,N
0,6,24,14,0,2,2,0,0,PRT,0,1,1,160.0,0,N
31,5,20,16,0,3,2,0,0,CHE,0,4,0,194.0,0,N
88,5,19,8,1,1,1,0,0,PRT,0,1,0,120.0,0,Y
412,8,35,25,0,2,2,0,0,PRT,0,1,0,62.0,0,Y
113,9,39,24,1,1,2,0,0,CZE,0,1,0,135.9,0,Y
37,6,26,19,2,2,1,0,0,GBR,0,4,0,116.55,0,N
0,10,42,12,1,2,1,0,0,PRT,0,1,0,65.0,0,N
26,6,24,8,0,1,2,0,0,PRT,0,1,0,120.0,0,Y
99,10,44,30,2,2,2,0,0,PRT,0,1,0,65.0,0,Y
184,10,42,12,1,3,2,0,0,BRA,0,1,0,89.25,0,N
140,10,41,3,1,3,2,0,0,GBR,0,1,0,118.8,1,N
14,3,10,4,2,7,2,0,0,CHN,0,1,0,132.33,0,Y
0,12,53,30,0,2,2,1,0,PRT,0,1,1,121.5,2,N
79,3,12,25,0,1,3,0,0,BEL,0,4,0,151.2,1,N
281,4,16,14,0,2,2,0,0,PRT,0,1,0,62.0,0,Y
0,1,3,21,0,1,1,0,0,DEU,0,1,1,88.0,0,N
79,6,24,12,1,3,2,1,0,ITA,0,1,1,111.6,0,N
92,7,30,18,3,6,3,0,0,SWE,0,4,0,148.7,2,N
184,8,34,25,2,2,2,0,0,GBR,0,4,0,126.0,0,Y
5,4,17,19,0,1,2,0,0,NLD,0,1,0,89.0,0,N
8,11,48,23,0,4,2,0,0,BEL,0,1,0,91.38,1,N
261,10,40,1,1,1,1,0,0,ITA,0,1,1,73.0,0,N
55,7,29,21,0,2,2,0,0,ESP,0,4,0,148.5,1,N
127,12,52,22,0,2,2,1,0,IND,0,1,0,106.2,3,N
4,11,47,13,1,0,1,0,0,USA,0,1,0,65.46,1,N
11,11,47,18,0,2,2,0,0,FRA,0,1,0,111.0,1,Y
4,5,21,21,1,1,2,0,0,ITA,0,1,0,112.0,1,N
60,4,18,30,1,1,2,1,0,ESP,0,1,0,114.57,0,N
169,8,32,5,2,4,2,0,0,DEU,0,1,0,99.45,1,N
67,4,16,21,2,2,2,0,0,ITA,0,1,0,126.0,0,Y
286,5,20,11,0,4,2,0,0,AUT,0,1,1,99.0,1,N
125,7,32,31,2,5,2,0,0,FRA,0,4,1,126.51,0,N
247,6,24,6,1,1,2,0,0,PRT,0,1,0,109.0,0,Y
1,11,47,16,0,2,2,0,0,PRT,0,4,0,130.0,1,N
266,9,37,9,0,2,2,0,0,PRT,0,1,0,105.0,0,Y
288,10,42,17,2,3,1,1,0,DEU,0,1,0,55.63,0,N
12,11,48,25,0,1,1,0,0,PRT,0,1,0,65.0,0,N
20,6,23,2,0,1,2,0,0,PRT,0,1,0,121.0,0,Y
77,9,39,25,1,2,2,0,0,GBR,0,1,1,136.0,0,N
84,11,48,27,1,2,2,0,0,PRT,0,1,0,64.0,1,N
0,8,32,11,0,2,2,0,0,ITA,0,4,0,209.0,0,N
0,8,34,19,0,2,2,0,0,ESP,0,1,0,148.0,0,N
184,7,29,16,1,1,2,0,0,ITA,0,1,1,125.0,1,N
124,8,32,8,2,1,2,0,0,ITA,0,1,0,94.5,0,Y
8,4,16,16,2,3,2,1,0,BRA,0,1,0,135.0,0,N
143,8,35,25,0,3,2,0,0,CZE,0,1,0,100.0,0,N
19,4,18,29,1,2,2,2,0,ESP,0,6,0,217.67,0,Y
105,6,24,11,2,5,2,0,0,JPN,0,1,0,119.85,2,N
209,8,33,15,0,3,2,0,0,GBR,0,1,0,130.5,1,Y
93,5,18,1,1,2,2,0,0,PRT,0,4,0,98.1,0,Y
174,4,18,30,2,1,2,0,0,DEU,0,1,0,117.0,2,N
21,6,22,3,0,1,2,0,0,CHE,0,5,0,209.0,2,N
28,8,33,13,2,3,3,0,0,ESP,0,1,1,194.8,0,N
24,9,38,12,1,0,1,0,0,CHN,0,1,0,108.0,1,N
8,2,6,7,0,4,1,2,0,FRA,0,2,0,91.1,0,N
60,1,4,25,0,3,2,0,0,CHN,0,1,1,120.1,1,N
92,3,13,26,2,1,2,0,0,PRT,0,1,0,100.0,0,Y
70,4,15,8,2,2,3,1,0,ITA,0,5,0,173.35,0,N
48,6,23,9,2,2,3,0,0,AUT,0,4,0,170.0,0,Y
36,2,6,9,0,2,1,0,0,FRA,0,1,2,90.0,1,N
15,2,8,18,0,3,1,0,0,PRT,0,1,0,86.0,0,N
260,3,10,10,0,2,2,0,0,DEU,0,1,0,90.0,0,Y
99,3,12,15,0,4,2,0,0,BEL,0,1,0,73.95,0,Y
103,4,17,19,0,2,1,0,0,PRT,0,1,0,115.0,0,Y
22,7,28,6,0,2,2,0,0,GBR,0,1,0,139.0,1,N
4,8,33,11,0,5,2,0,0,FRA,0,1,0,90.0,2,N
0,8,33,13,1,0,2,0,0,FRA,0,1,1,98.4,0,N
28,6,24,13,0,1,2,0,0,DEU,0,1,0,109.0,2,N
105,5,20,19,0,2,1,0,0,PRT,0,1,0,160.0,0,Y
6,5,20,8,2,0,1,0,0,GBR,0,1,0,99.0,2,N
3,11,48,25,0,2,2,0,0,PRT,0,1,0,0.0,1,N
99,5,19,1,2,1,3,0,0,GBR,0,1,0,137.7,0,Y
8,3,10,1,0,3,1,0,0,ESP,0,1,0,56.0,0,N
67,12,49,5,2,1,2,0,0,PRT,0,1,0,95.4,2,N
139,5,19,8,1,3,2,1,0,FRA,0,1,0,144.0,2,N
135,5,22,29,1,2,2,1,0,GBR,0,4,0,133.06,1,N
28,9,40,30,0,2,2,0,0,PRT,0,1,0,105.0,1,Y
70,12,49,2,0,2,2,0,0,FRA,0,1,0,75.0,0,N
56,7,30,29,1,1,2,0,0,CHN,0,1,0,126.0,0,N
8,2,9,23,0,2,1,0,0,ESP,0,1,0,72.0,0,N
61,1,4,25,0,2,2,0,0,PRT,0,1,0,80.0,0,Y
15,6,23,5,1,3,2,0,0,FRA,0,4,0,155.0,0,N
297,5,20,14,1,1,2,0,0,FRA,0,1,0,65.0,0,N
594,2,8,23,0,2,2,0,0,PRT,0,1,0,62.0,0,Y
30,9,38,11,1,0,2,0,0,SWE,0,4,0,149.4,1,N
230,7,27,3,1,2,2,0,0,PHL,0,1,0,107.1,1,Y
39,7,31,25,1,0,1,0,0,PRT,0,1,0,67.0,0,N
2,4,16,13,0,1,1,0,0,ESP,0,4,0,104.2,0,N
9,12,51,16,2,4,2,0,0,BRA,0,1,0,74.8,0,Y
0,2,7,16,0,2,2,0,0,PRT,0,1,0,108.0,0,N
61,5,20,13,1,2,1,0,0,PRT,0,1,0,121.5,0,N
276,7,30,20,1,1,2,0,0,PRT,1,1,0,62.0,0,Y
114,6,25,23,0,2,3,0,0,PRT,0,5,1,198.0,0,Y
169,6,24,16,1,2,2,0,0,SWE,0,4,0,130.5,1,N
56,3,12,21,0,3,2,0,0,PRT,0,1,0,85.0,0,Y
41,1,1,4,0,4,2,0,0,PRT,0,1,0,88.4,0,N
60,6,23,5,1,1,1,0,0,ESP,0,1,0,130.0,1,N
90,4,15,8,0,1,2,0,0,DEU,0,1,0,85.5,1,N
84,6,26,27,0,3,2,0,0,IRL,0,1,0,120.0,1,Y
35,8,33,9,0,1,2,1,0,ESP,0,1,2,152.1,1,N
14,6,26,30,2,2,2,0,0,GBR,0,4,0,180.0,1,N
169,8,35,22,1,1,3,0,0,ISR,0,1,1,137.7,0,N
1,3,12,19,2,4,1,0,0,CPV,0,4,1,65.0,0,N
65,9,39,25,2,3,1,0,0,SVN,0,1,0,118.14,1,N
36,10,43,16,1,0,1,0,0,CHN,0,1,0,107.1,1,Y
61,10,44,26,1,1,2,0,0,CHN,0,1,0,72.24,1,N
168,9,37,11,0,2,2,0,0,PRT,0,1,0,60.0,0,Y
38,10,41,2,2,2,2,0,0,FRA,0,1,0,126.0,0,N
115,12,53,29,0,2,2,0,0,CN,0,4,0,107.41,2,N
44,4,18,26,0,3,2,0,0,PRT,0,1,0,95.1,0,N
194,5,21,24,0,3,3,0,0,PRT,0,4,0,134.67,1,Y
107,5,18,4,1,3,3,0,0,POL,0,4,0,171.0,0,Y
503,11,48,24,0,2,2,0,0,PRT,0,1,0,62.8,0,Y
56,9,38,17,0,2,2,0,0,FRA,0,1,0,82.0,0,N
69,4,17,23,2,2,2,1,0,NLD,0,1,0,110.5,1,N
272,7,29,16,0,2,2,0,0,PRT,1,1,0,62.8,0,Y
14,5,21,18,0,4,1,0,0,FRA,0,1,0,0.0,0,N
4,7,27,3,1,0,2,0,0,CN,0,1,0,98.0,0,N
60,3,12,14,1,3,2,0,0,AUT,0,4,1,82.45,1,N
12,5,19,10,0,1,1,0,0,ESP,0,4,1,175.0,0,N
6,11,45,6,0,2,2,0,0,DEU,0,1,0,116.0,0,N
325,10,43,17,1,2,2,0,0,PRT,1,1,0,95.0,0,Y
297,8,32,11,4,8,2,1,0,PRT,0,1,1,39.67,0,N
83,4,16,10,2,1,2,0,1,PRT,0,1,1,96.3,2,N
134,2,8,25,0,1,1,0,0,PRT,0,1,0,75.0,0,N
111,4,17,27,1,3,2,0,0,PRT,0,1,0,120.0,0,Y
234,8,34,22,0,3,2,0,0,DEU,0,1,0,80.1,1,N
99,7,29,16,2,1,2,0,0,USA,0,1,0,94.5,1,Y
190,9,40,30,2,7,2,0,0,ISL,0,1,2,110.9,0,N
47,11,46,12,2,2,2,0,0,IND,0,1,0,85.75,1,Y
26,3,10,11,1,1,2,0,0,ARE,0,5,0,153.0,0,Y
219,8,34,20,1,1,2,0,0,ITA,0,1,0,96.0,0,N
18,7,29,21,0,1,2,1,0,NLD,0,1,0,157.0,2,N
102,4,15,15,2,1,3,0,0,ITA,0,4,0,181.5,0,Y
116,8,34,21,1,1,1,0,0,DEU,0,1,1,125.0,0,N
1,9,39,24,0,1,1,0,0,PRT,0,1,0,147.0,0,N
50,2,10,29,1,0,2,0,0,CN,0,1,0,76.5,0,Y
168,9,37,11,0,2,2,0,0,PRT,0,1,0,0.0,0,Y
10,12,50,11,1,2,2,0,0,FRA,0,1,0,58.0,0,N
282,10,41,10,2,1,2,0,0,SWE,0,1,0,76.67,0,N
47,9,37,9,0,2,2,0,0,GBR,0,1,0,125.1,1,N
52,7,30,24,1,2,2,0,0,FRA,0,1,0,119.33,1,Y
4,9,38,15,0,2,1,0,0,PRT,0,1,0,40.0,0,N
65,5,18,1,1,2,2,0,0,LUX,0,1,1,141.2,0,N
170,8,32,11,2,2,3,0,0,FRA,0,4,0,139.5,0,Y
120,4,17,28,1,2,2,0,0,ESP,0,5,0,153.0,1,N
241,10,43,19,1,2,2,0,0,USA,0,1,0,60.0,0,N
0,12,51,19,2,2,2,0,0,BRA,0,2,1,87.0,1,N
164,5,20,15,1,2,1,0,0,PRT,0,1,0,160.0,0,Y
157,8,33,14,0,1,2,0,0,PRT,0,1,0,76.5,1,N
116,2,6,10,1,2,2,0,0,FRA,0,1,0,60.98,1,N
53,3,12,15,2,5,1,0,0,FRA,0,1,0,83.92,1,N
419,9,36,1,0,2,2,0,0,PRT,0,1,0,62.0,0,Y
14,5,22,27,0,1,1,0,0,PRT,0,1,0,62.5,0,N
283,7,31,27,1,1,2,0,0,PRT,1,1,0,62.0,0,Y
37,10,42,13,0,3,2,0,0,PRT,0,1,0,105.0,0,Y
19,11,45,4,0,4,2,0,0,DEU,0,4,0,52.5,2,N
38,6,23,7,0,3,2,0,0,CHN,0,1,0,131.4,0,Y
141,6,25,18,2,2,2,0,0,FIN,0,1,2,109.0,2,N
63,8,35,31,0,3,3,0,0,SWE,0,4,0,195.33,2,N
79,12,50,9,1,2,3,0,0,ITA,0,4,0,126.0,2,Y
196,4,15,9,2,3,2,0,0,GBR,0,1,0,90.09,1,N
163,10,43,20,0,3,2,0,0,PRT,0,1,0,100.0,0,Y
52,10,44,28,2,2,2,0,0,BEL,0,4,0,120.6,1,N
313,8,35,26,0,2,2,0,0,PRT,1,1,0,62.0,0,Y
121,1,1,6,2,2,2,0,0,ITA,0,1,0,104.0,1,N
34,1,3,20,0,2,2,0,0,DEU,0,1,0,106.75,2,N
19,2,8,19,2,3,2,0,0,LTU,0,1,0,69.36,0,Y
94,4,15,11,0,3,3,0,0,FRA,0,4,0,169.5,2,N
0,1,2,9,1,3,2,0,0,TUR,0,1,0,65.16,2,N
93,6,26,20,1,1,1,0,0,CHN,0,1,2,126.9,1,N
102,10,42,16,0,2,2,0,0,PRT,0,1,0,101.5,0,Y
76,3,14,27,2,3,2,0,0,NLD,0,1,0,58.9,1,N
102,10,42,16,0,2,2,0,0,DEU,0,1,0,109.0,0,N
230,9,37,6,0,5,2,0,0,PRT,0,1,0,137.0,0,Y
5,1,3,15,5,12,2,0,0,BRA,0,4,0,88.12,1,N
135,6,23,10,1,1,2,0,0,DEU,0,4,0,109.0,1,N
158,6,23,8,0,3,3,0,0,ITA,0,4,0,193.5,1,Y
54,3,11,15,0,1,1,0,0,PRT,2,4,1,65.0,3,N
17,5,18,5,1,2,2,0,0,KOR,0,1,0,150.0,0,Y
9,4,16,19,0,1,1,0,0,ESP,0,4,1,110.0,1,N
39,3,13,20,2,0,3,0,0,GBR,0,4,0,114.3,1,Y
1,12,53,29,0,1,2,2,0,ITA,0,6,0,208.0,0,N
0,3,11,15,0,2,2,0,0,PRT,0,1,1,134.0,0,N
110,7,30,25,2,1,2,0,0,ITA,0,1,0,94.5,0,Y
74,6,27,27,1,0,2,1,0,FIN,0,1,0,112.5,0,N
322,5,18,5,0,1,2,0,0,PRT,0,1,0,75.0,0,N
11,5,23,30,1,3,3,0,0,FRA,0,4,0,141.95,2,N
134,2,8,25,0,1,2,1,0,PRT,0,1,1,90.0,0,N
194,8,35,26,2,2,2,2,0,ITA,0,6,0,163.2,0,Y
0,11,46,14,0,0,2,0,0,PRT,0,1,1,0.0,2,N
63,11,49,28,1,3,2,0,0,FRA,0,1,0,75.0,0,N
66,12,50,5,1,1,2,0,0,DEU,0,1,1,67.91,2,N
311,2,8,25,2,2,3,0,0,BRA,0,4,0,107.95,1,Y
99,10,44,30,2,2,2,0,0,PRT,0,1,0,65.0,0,Y
86,3,14,30,1,4,2,0,0,BEL,0,2,0,71.19,1,N
28,2,8,25,2,2,3,0,0,ITA,0,4,0,134.3,0,Y
109,7,28,6,2,4,2,1,0,FRA,0,1,3,105.21,4,N
8,3,9,1,0,3,3,0,0,CHE,0,4,0,120.08,0,N
334,5,18,2,0,5,2,0,0,FRA,0,4,0,132.3,3,N
123,8,35,29,1,5,1,0,0,JPN,0,4,0,155.0,1,Y
215,11,48,21,1,2,1,0,0,MKD,0,1,1,75.0,0,N
166,11,45,1,0,3,1,0,0,PRT,0,1,0,110.0,0,Y
150,6,26,30,0,2,2,0,0,NLD,0,4,0,130.05,0,N
36,6,26,19,2,1,2,0,0,FIN,0,1,0,108.9,1,N
86,7,30,27,0,1,2,0,0,GBR,0,1,0,129.0,1,N
80,10,41,9,0,2,2,0,0,PRT,0,4,0,136.0,0,N
47,11,48,21,1,4,2,0,0,GBR,0,1,0,68.07,1,N
91,5,20,13,1,2,2,1,0,FRA,0,4,0,140.4,0,Y
37,10,42,13,0,3,1,0,0,PRT,0,1,0,95.0,0,Y
110,7,28,10,1,1,2,1,0,FRA,0,1,0,144.0,0,N
3,1,1,7,2,2,2,0,1,DEU,0,1,0,93.69,3,N
94,3,10,4,0,2,2,0,0,PRT,1,1,0,80.0,0,Y
35,5,21,25,0,3,3,2,0,CHE,0,7,1,335.0,0,N
1,1,5,29,0,2,2,0,0,PRT,0,1,0,80.0,1,N
158,5,22,24,0,2,1,0,0,PRT,0,1,0,130.0,0,Y
162,7,27,1,1,2,2,0,0,SWE,0,1,0,96.3,0,Y
35,3,12,14,1,2,2,0,0,BEL,0,1,0,85.0,0,N
72,6,26,30,2,2,2,0,0,IRL,0,1,0,120.0,2,N
213,8,35,28,1,3,1,0,0,PRT,0,1,1,104.0,0,N
15,12,53,27,2,1,2,0,0,FIN,0,1,0,66.0,0,N
135,3,13,31,2,3,2,0,0,BRA,0,1,0,86.49,1,N
68,2,8,17,0,2,2,0,0,PRT,1,1,0,75.0,0,Y
265,4,17,20,0,4,2,0,0,PRT,0,1,0,101.0,0,Y
13,9,37,4,2,1,2,0,0,PRT,0,4,0,160.0,1,N
47,11,46,7,1,3,1,0,0,FIN,0,1,0,152.2,0,Y
11,2,8,20,1,3,2,0,0,FRA,0,1,1,84.7,1,N
104,6,22,2,1,2,1,0,0,FRA,0,1,0,135.0,0,N
68,7,28,11,0,2,2,0,0,AUT,0,1,2,108.0,2,N
196,8,32,3,1,4,2,0,0,NOR,0,1,0,80.75,1,N
142,7,29,21,0,2,2,0,0,BEL,0,4,0,137.25,0,Y
42,3,10,8,1,4,2,0,0,FRA,0,1,0,105.0,0,N
203,3,9,2,0,3,2,0,0,GBR,0,1,0,57.93,2,N
0,11,47,14,1,3,1,0,0,AGO,0,1,2,95.0,2,N
4,11,48,20,1,0,2,0,0,PRT,0,6,0,133.98,1,N
1,10,41,7,0,2,2,0,0,ISR,0,1,2,160.0,2,N
169,6,23,8,0,3,2,0,0,PRT,0,1,0,170.0,0,Y
43,7,28,9,2,1,3,0,0,BRA,0,4,0,196.67,2,Y
2,5,20,17,0,1,1,0,0,NLD,0,5,0,220.0,1,N
64,7,31,25,1,0,2,0,0,MEX,0,1,0,94.5,0,N
40,8,33,15,2,2,2,0,0,PRT,0,1,0,62.0,0,Y
157,5,21,26,0,2,2,1,0,ITA,0,1,0,144.0,2,N
8,10,44,29,2,1,2,0,0,NGA,0,1,0,126.67,1,Y
79,11,49,29,0,4,2,1,0,ITA,0,1,0,122.0,2,N
104,8,36,30,2,1,2,0,0,ESP,0,1,0,90.0,0,Y
278,1,3,16,1,0,2,0,0,SGP,0,1,0,67.15,0,Y
109,6,24,8,0,3,3,0,0,GBR,0,4,0,129.59,2,N
117,2,10,29,1,2,2,0,0,PRT,1,1,0,75.0,0,Y
35,3,12,25,0,1,2,0,0,PRT,0,1,0,108.0,1,N
38,5,20,20,2,1,2,0,0,PRT,0,1,0,90.0,0,Y
104,5,22,30,0,4,1,0,0,DEU,0,1,0,84.6,1,N
12,6,26,19,2,2,2,0,0,GBR,0,1,0,141.0,1,N
228,6,23,4,3,5,2,0,0,FRA,0,1,0,113.57,1,N
46,10,41,10,0,1,2,0,0,PRT,0,4,0,118.8,0,Y
0,10,43,20,0,1,1,0,0,PRT,0,1,0,112.0,0,N
116,3,12,24,0,2,1,0,0,FRA,0,1,1,90.0,0,N
197,12,52,21,1,4,2,0,0,FRA,0,1,2,113.4,0,N
70,11,48,25,0,3,2,0,0,PRT,1,2,0,61.56,0,Y
46,1,1,1,2,0,2,0,0,PRT,0,1,0,65.0,0,Y
5,8,33,15,2,1,2,0,0,ITA,0,1,0,94.5,0,N
156,4,17,26,0,3,2,0,0,PRT,0,1,0,100.0,0,Y
101,6,24,11,2,1,2,0,0,FRA,0,5,0,112.5,0,N
426,9,37,8,0,2,2,0,0,PRT,0,1,0,62.0,0,Y
37,5,22,27,0,1,2,0,0,PRT,0,4,0,140.4,0,Y
5,3,11,8,0,2,2,0,0,FRA,0,1,0,103.0,0,N
25,1,5,29,0,2,2,0,0,DEU,0,1,0,78.3,0,Y
121,5,18,5,1,2,2,0,0,CZE,0,1,0,126.0,0,N
29,9,37,12,0,1,2,0,0,DEU,0,1,0,76.5,0,N
309,8,33,15,0,4,2,0,0,ITA,0,1,0,89.1,0,Y
209,8,33,14,1,2,2,0,0,ESP,0,4,1,188.0,1,N
144,10,44,23,2,3,2,0,0,GBR,0,1,0,91.26,2,N
92,12,52,22,0,4,2,0,0,FRA,0,4,0,60.0,0,N
16,7,29,21,0,1,2,0,0,FRA,0,1,0,118.0,1,N
20,1,1,3,0,2,2,0,0,ESP,0,1,0,97.0,1,N
72,12,53,27,2,0,1,0,0,PRT,1,1,0,65.0,0,Y
81,6,26,23,0,1,1,0,0,ISR,0,1,0,90.9,0,Y
0,8,35,28,0,1,1,0,0,FRA,0,1,1,96.0,2,N
8,8,33,14,0,2,1,0,0,PRT,0,1,1,87.0,0,N
0,3,9,1,0,1,1,0,0,PRT,1,1,0,0.0,2,N
53,3,11,6,2,3,2,0,0,PRT,0,1,0,65.75,0,N
33,2,6,4,0,3,2,0,0,IRL,0,1,0,69.5,0,N
148,12,53,30,1,4,2,0,0,PRT,0,1,0,67.0,0,Y
90,3,11,7,1,4,2,0,0,FRA,0,1,0,73.95,0,Y
72,4,16,13,2,5,2,0,0,DEU,0,1,0,86.82,0,N
229,10,43,22,2,2,2,0,0,PRT,0,1,0,89.25,0,Y
566,1,4,26,0,2,2,0,0,PRT,0,1,0,62.0,0,Y
54,7,28,11,0,5,2,0,0,ROU,0,4,0,154.0,0,Y
45,3,14,28,1,3,2,0,0,FRA,0,4,0,143.65,0,Y
295,4,18,28,0,2,2,0,0,PRT,0,1,0,62.0,0,Y
195,8,35,23,1,5,2,0,0,CHE,0,4,5,147.0,0,Y
138,7,29,14,0,2,2,1,0,SWE,0,1,0,130.5,1,N
54,11,47,19,1,1,2,0,0,FRA,0,1,0,75.0,0,N
295,8,32,8,2,2,2,0,0,PRT,1,1,0,62.0,0,Y
0,3,13,31,0,1,2,0,0,PRT,0,6,0,204.0,0,N
0,2,6,9,0,1,2,0,0,PRT,0,1,0,12.0,0,Y
0,5,21,17,0,1,2,0,0,PRT,0,1,0,95.94,0,N
45,11,46,7,2,5,2,0,0,FRA,0,1,0,75.0,1,N
53,10,42,14,0,1,1,0,0,PRT,0,1,0,120.0,0,N
124,8,32,8,2,1,2,0,0,ITA,0,1,0,94.5,0,N
0,12,50,12,0,1,2,0,0,PRT,0,1,0,85.0,0,Y
31,3,12,17,2,5,2,0,0,UKR,0,1,0,63.0,0,N
87,9,39,25,2,3,2,0,0,PRT,0,1,0,170.0,0,Y
76,7,29,13,0,4,2,0,0,PRT,0,1,0,79.56,0,Y
274,1,2,9,1,2,2,1,0,ARG,0,1,0,98.1,0,Y
139,7,29,16,0,1,3,0,0,ESP,0,1,0,137.7,0,N
54,8,33,11,2,3,2,0,0,PRT,0,1,0,85.0,0,Y
18,1,4,22,2,5,2,0,0,FRA,0,1,0,83.3,0,N
35,4,16,17,3,6,2,1,0,PRT,0,4,0,185.0,3,Y
13,1,4,20,2,8,1,0,0,AGO,0,1,0,81.7,0,Y
220,6,23,4,2,1,2,0,0,USA,0,1,0,73.33,1,N
7,11,47,17,0,1,1,0,0,PRT,0,1,0,67.0,1,N
20,7,29,11,1,4,1,0,0,AZE,0,1,0,139.0,0,Y
0,8,34,18,0,1,2,1,0,ITA,0,4,1,113.0,0,N
73,8,32,6,1,1,2,0,0,FRA,0,4,0,140.4,1,Y
22,1,1,2,1,1,2,0,0,ESP,0,1,0,97.0,1,N
12,12,53,26,1,3,2,0,0,HUN,0,4,0,92.0,1,N
168,9,37,11,0,2,1,0,0,PRT,0,1,1,50.0,0,N
305,10,40,1,1,1,2,0,0,PRT,1,1,0,100.0,0,Y
304,8,34,17,1,1,2,0,0,PRT,1,1,0,62.0,0,Y
314,8,35,27,0,2,2,0,0,PRT,1,1,0,62.0,0,Y
1,8,34,18,0,1,1,0,0,PRT,0,1,0,114.0,0,Y
11,9,39,23,0,3,2,0,0,PRT,0,1,0,114.0,0,N
178,9,37,9,0,2,1,0,0,PRT,0,1,0,135.0,0,Y
69,5,20,17,1,4,2,0,0,GBR,0,1,0,129.6,1,N
9,10,41,4,2,0,1,0,0,USA,0,1,0,109.0,0,N
87,8,33,14,0,1,2,0,0,PRT,0,1,0,12.0,0,Y
59,2,6,6,2,2,1,0,0,AUT,0,1,0,51.0,0,N
364,10,42,16,0,2,2,0,0,PRT,1,1,0,101.5,0,Y
215,7,28,6,3,9,2,0,0,GBR,0,4,0,99.45,1,N
27,9,40,30,0,2,2,0,0,PRT,0,1,0,108.0,0,Y
51,2,5,4,2,1,2,0,0,DEU,0,1,0,95.4,1,N
42,3,11,15,0,1,1,0,0,PRT,0,4,0,65.0,0,N
2,8,33,16,0,3,2,0,0,FRA,0,1,0,128.0,0,N
336,9,38,18,0,2,2,0,0,PRT,1,1,0,101.5,0,Y
175,5,20,19,0,1,1,0,0,PRT,0,1,0,90.0,0,Y
68,2,8,17,0,2,2,0,0,PRT,1,1,0,75.0,0,Y
41,3,12,24,3,7,3,0,0,BRA,0,5,2,144.98,2,Y
9,1,3,15,1,2,1,0,0,ECU,0,1,0,82.0,2,N
145,8,36,31,1,2,2,0,0,PRT,0,1,0,90.0,0,Y
45,11,48,24,2,3,2,0,0,FRA,0,4,0,96.9,2,N
221,5,19,11,1,3,2,0,0,GBR,0,1,0,138.6,1,N
26,4,17,29,1,1,2,0,0,CHN,0,1,0,103.5,1,Y
329,5,19,10,0,4,1,0,0,NOR,0,1,2,109.8,2,Y
35,3,10,3,2,3,2,0,0,GBR,0,1,0,83.9,2,N
0,5,21,20,0,1,2,0,0,PRT,0,1,0,88.56,0,Y
132,5,22,28,2,2,2,0,0,PRT,0,1,0,99.0,0,Y
96,6,25,13,1,1,3,0,0,ITA,0,4,0,159.3,2,N
74,9,38,18,0,2,2,0,0,PRT,0,1,0,109.0,0,N
36,2,9,24,0,1,1,0,0,PRT,0,1,0,72.9,1,N
74,9,38,18,0,2,2,0,0,PRT,0,1,0,109.0,0,N
290,12,49,1,1,3,2,0,0,SVK,0,1,0,73.95,0,Y
559,1,3,19,0,2,2,0,0,PRT,0,1,0,62.0,0,Y
62,9,37,4,2,2,2,0,0,USA,0,2,1,96.23,0,Y
4,1,4,28,1,1,2,0,0,GBR,0,1,0,108.0,0,N
3,2,6,6,1,1,1,0,0,FRA,0,1,0,60.06,0,N
56,7,28,11,0,1,2,0,0,SWE,0,1,0,140.0,2,Y
6,4,15,13,0,2,2,0,0,PRT,0,1,0,160.0,1,N
131,4,14,8,2,1,2,0,0,BRA,0,4,0,166.5,1,Y
40,1,1,3,0,3,2,0,0,PRT,0,1,0,88.0,0,Y
239,10,44,24,1,3,2,0,0,DEU,0,1,0,80.75,1,N
105,4,17,25,0,3,2,1,0,FRA,0,1,0,141.0,2,N
156,4,17,26,0,3,2,0,0,PRT,0,1,0,100.0,0,Y
6,5,18,2,0,1,1,0,0,ITA,0,1,0,95.0,0,N
0,8,34,19,3,9,2,0,0,AGO,0,1,2,106.84,2,N
2,6,26,28,0,1,1,0,0,AUT,0,1,0,180.0,0,N
7,3,12,23,0,3,2,0,0,ITA,0,4,0,125.0,2,N
79,9,38,15,2,3,1,0,0,GBR,0,4,0,183.6,1,Y
85,6,23,4,1,1,2,0,0,AUT,0,1,0,131.4,1,N
111,5,20,19,0,2,2,0,0,IRL,0,1,0,126.0,0,Y
286,10,44,28,0,2,2,0,0,PRT,0,1,0,65.0,0,Y
138,7,30,28,0,2,2,0,0,CN,0,1,0,130.5,0,N
114,6,25,18,2,2,2,2,0,ITA,0,6,0,206.0,0,N
110,7,31,25,1,2,2,0,0,POL,0,1,2,105.3,1,N
24,2,6,11,2,1,2,0,0,FRA,0,1,0,75.0,0,N
156,3,13,23,0,4,2,0,0,GBR,0,1,0,14.0,0,N
197,10,44,29,2,1,3,0,0,ITA,0,4,0,128.7,0,Y
111,6,25,20,0,1,2,0,0,AUS,0,1,0,108.0,0,N
113,5,20,20,2,1,1,0,0,PRT,0,1,0,190.0,0,Y
53,10,44,26,1,2,2,0,0,NLD,0,1,0,94.5,1,N
20,9,38,14,1,3,2,0,0,FRA,0,1,0,105.0,2,N
11,10,43,23,2,2,2,0,0,PRT,0,1,0,88.5,0,N
5,10,40,1,0,1,1,0,0,PRT,0,1,1,110.0,0,Y
62,1,3,16,1,3,2,0,0,FRA,0,1,0,74.8,2,N
143,4,15,12,0,1,2,0,0,GBR,0,1,0,99.0,2,N
99,2,8,19,0,1,1,0,0,PRT,0,1,0,81.0,0,N
62,5,18,6,2,1,2,0,0,BEL,0,1,0,178.2,0,N
0,8,33,14,0,2,2,0,0,PRT,0,1,0,109.0,0,Y
8,4,17,24,1,0,3,0,0,ITA,0,4,0,215.0,3,N
155,4,16,19,0,4,2,0,0,DEU,0,1,0,124.0,0,N
314,7,30,26,0,4,2,0,0,PRT,0,1,0,110.0,0,Y
150,6,22,2,2,2,2,0,0,DEU,0,1,0,126.0,0,N
7,6,26,27,0,1,1,0,0,GBR,0,1,0,130.0,1,N
17,1,5,30,1,1,2,0,0,NLD,0,1,2,60.0,1,Y
1,8,34,24,0,1,2,0,0,FRA,0,1,0,128.0,1,N
96,10,44,26,0,2,2,0,0,CHN,0,4,0,93.96,0,Y
44,4,18,29,1,2,2,2,0,ESP,0,6,0,207.9,0,N
259,5,19,5,0,3,2,0,0,PRT,0,1,0,90.0,0,Y
54,1,3,18,0,3,2,0,0,PRT,0,1,0,65.0,0,Y
9,1,5,31,0,4,2,0,0,NLD,0,1,0,74.8,2,N
225,8,33,12,0,2,2,0,0,BRA,0,1,0,96.3,0,N
19,4,18,27,0,1,3,0,0,BRA,0,4,0,167.0,0,Y
213,8,35,28,1,3,1,0,0,PRT,0,1,1,104.0,0,N
16,3,11,11,0,1,1,0,0,PRT,0,1,1,75.0,0,N
108,5,19,4,0,3,2,0,0,CHE,0,1,0,75.38,0,N
273,5,20,13,1,2,2,0,0,PRT,0,1,0,95.0,0,Y
5,2,9,28,0,5,2,0,0,NOR,0,4,0,100.3,0,N
148,4,17,23,2,2,2,0,0,BEL,0,1,0,80.75,1,N
39,4,15,12,0,2,2,0,0,ESP,0,1,0,120.0,0,Y
71,11,46,10,0,2,2,0,0,GBR,0,1,1,145.0,1,N
626,11,46,7,1,2,2,0,0,PRT,0,1,0,62.8,0,Y
38,4,18,25,1,3,2,1,0,FRA,0,1,0,121.95,1,N
97,10,41,5,1,3,1,0,0,PRT,0,1,0,140.0,0,Y
292,7,30,21,0,2,2,0,0,DEU,0,1,0,115.0,0,N
175,5,21,21,2,1,2,0,0,DEU,0,4,0,148.5,2,N
2,2,7,16,0,2,2,0,0,PRT,0,1,0,99.0,1,N
2,3,10,3,0,1,1,0,0,FRA,0,1,0,79.0,0,N
31,6,24,12,1,4,2,0,0,TUN,0,1,0,132.0,1,Y
18,5,20,9,1,1,1,0,0,GBR,0,1,0,88.8,0,N
209,8,33,16,1,4,2,0,0,PRT,0,5,0,103.5,0,N
13,3,13,30,0,2,1,0,0,FRA,0,4,0,110.0,1,N
104,4,16,15,2,2,2,0,0,ITA,0,1,0,76.5,1,Y
3,8,35,25,1,3,2,0,0,AUS,0,4,0,110.8,1,N
18,12,53,30,1,2,2,0,0,PRT,0,1,1,75.0,1,N
159,9,40,28,1,4,2,0,0,DEU,0,4,0,133.2,1,N
47,1,4,28,1,1,2,0,0,KOR,0,1,0,76.32,0,N
468,10,43,20,0,2,2,0,0,PRT,0,1,0,62.0,0,Y
83,8,33,14,1,2,2,1,0,FRA,0,1,1,135.0,3,N
197,8,35,27,2,3,2,0,0,GBR,0,4,1,137.7,2,N
145,8,34,17,0,2,2,0,0,ITA,0,4,1,123.3,2,N
157,8,32,10,1,3,2,1,0,ROU,0,1,0,148.5,2,N
34,8,32,5,0,2,2,0,0,ESP,0,1,0,62.0,0,N
160,3,12,25,0,1,3,0,0,PRT,0,4,0,135.0,1,N
115,6,25,23,0,2,2,0,0,GBR,0,1,0,108.0,0,Y
1,9,39,20,0,1,1,0,0,PRT,0,1,0,179.0,2,N
0,8,32,11,0,1,2,3,0,BEL,0,6,1,250.0,0,N
8,8,31,1,0,1,2,0,0,CHE,0,1,0,119.0,1,N
139,11,46,7,1,3,2,0,0,CHE,0,1,0,171.9,1,N
177,10,45,30,2,1,2,0,0,FRA,0,1,0,90.9,0,N
99,6,23,4,0,1,1,0,0,DEU,0,4,0,90.95,0,N
2,5,20,9,1,0,2,0,0,PRT,0,1,0,89.0,2,N
364,10,42,16,0,2,2,0,0,PRT,1,1,0,101.5,0,Y
82,3,12,18,2,3,3,0,0,GBR,0,1,1,107.25,1,N
17,8,35,29,0,1,2,2,1,PRT,0,6,1,153.0,2,N
147,4,16,11,1,5,2,0,0,PRT,0,1,0,90.95,0,Y
5,5,22,24,0,2,2,0,0,URY,0,1,0,110.0,0,N
70,4,16,14,1,3,2,0,0,FRA,0,1,0,89.25,0,Y
160,7,30,23,1,0,2,0,1,BRA,0,1,0,89.1,2,N
243,5,20,18,0,3,2,0,0,ESP,0,1,2,159.3,2,N
6,9,39,20,2,0,2,0,0,PRT,1,1,0,100.0,0,Y
83,9,40,30,0,1,2,0,0,ITA,0,1,0,112.2,0,N
271,9,39,23,0,2,3,0,0,GBR,0,1,1,125.4,0,N
34,12,53,25,2,2,2,0,0,FRA,0,1,0,95.2,0,Y
32,11,47,20,0,2,1,0,0,PRT,0,1,0,73.0,0,N
10,9,36,3,0,3,2,0,0,PRT,0,1,0,117.67,1,N
138,4,16,13,0,1,2,0,0,PRT,0,1,0,90.0,1,N
156,4,17,26,0,3,2,0,0,PRT,0,1,0,100.0,0,Y
174,6,26,30,2,2,3,0,0,BEL,0,4,0,150.24,0,N
82,6,26,23,0,1,2,0,0,ISR,0,1,0,85.5,0,Y
0,2,8,25,0,1,2,0,0,PRT,0,1,0,98.0,0,N
35,6,23,7,0,2,2,0,0,GBR,0,1,2,159.0,1,Y
124,3,13,27,1,4,2,0,0,DEU,0,4,0,96.25,0,N
69,10,44,25,2,1,2,0,0,ISR,0,1,0,85.67,0,N
51,3,9,3,0,2,2,0,0,FRA,0,1,0,97.2,0,Y
95,11,45,5,0,1,1,0,0,PRT,0,1,0,75.0,0,Y
34,10,44,26,0,3,2,0,0,FRA,0,1,0,109.0,3,Y
101,4,15,4,1,2,1,0,0,PRT,0,1,0,70.0,0,Y
150,8,31,2,0,1,2,2,0,ISR,0,6,1,244.0,0,N
1,8,36,30,0,2,2,0,0,FRA,0,1,0,148.0,1,N
6,2,9,24,0,4,2,0,0,ITA,0,4,0,109.5,1,N
15,12,49,4,2,2,2,0,0,ESP,0,1,2,113.5,1,N
4,2,8,20,1,0,1,0,0,DEU,0,1,0,98.0,1,N
32,7,29,16,1,0,2,2,0,NOR,0,7,0,295.0,1,N
78,1,4,25,0,2,1,0,0,PRT,0,1,0,85.0,0,Y
510,12,49,1,0,2,2,0,0,PRT,0,1,0,62.8,0,Y
134,2,8,25,0,1,1,0,0,PRT,0,1,0,75.0,0,N
4,9,37,8,2,6,2,0,0,PRT,0,1,0,132.13,0,N
53,3,13,30,0,3,2,0,0,FRA,0,4,0,91.47,1,N
201,2,9,27,1,3,0,2,0,NLD,0,2,0,76.16,2,N
5,10,43,19,1,2,2,0,0,POL,0,1,0,90.0,0,N
93,4,17,17,2,3,2,0,0,NLD,0,4,0,99.45,1,N
122,12,50,8,0,3,2,0,0,PRT,0,1,1,68.0,0,N
56,6,24,8,0,2,2,0,0,ISR,0,1,0,113.4,0,Y
587,2,7,16,0,2,2,0,0,PRT,0,1,0,62.0,0,Y
0,7,27,2,1,0,2,0,0,PRT,0,2,1,98.0,0,N
139,8,32,9,2,5,2,0,0,ITA,0,4,0,111.6,0,N
33,3,12,13,2,2,2,0,0,TUR,0,1,0,71.1,0,Y
95,6,24,9,2,4,2,0,0,BEL,0,1,0,119.85,2,N
345,12,52,20,0,2,2,0,0,PRT,0,1,0,78.3,2,N
30,3,12,21,0,5,2,0,0,DEU,0,1,0,76.5,2,N
2,1,4,23,0,1,1,0,0,PRT,0,4,1,0.0,0,N
204,10,41,9,2,2,2,0,0,FRA,0,1,0,72.75,0,N
147,7,30,21,0,2,2,0,0,PRT,1,1,0,75.0,0,Y
67,2,7,12,2,0,2,0,0,PRT,0,1,0,80.0,0,Y
176,4,15,9,1,1,2,0,0,PRT,1,1,0,125.0,0,Y
41,1,1,4,0,1,2,0,0,BRA,0,1,0,88.0,1,N
31,5,21,26,0,1,3,0,0,PRT,0,4,0,230.0,1,Y
247,6,24,6,1,1,2,0,0,DEU,0,1,0,115.0,1,N
146,12,53,29,0,3,1,0,0,AUT,0,1,1,65.0,0,N
316,5,22,26,0,3,2,0,0,AUT,0,1,0,110.0,0,N
62,4,18,25,1,2,2,0,0,ROU,0,1,0,94.8,0,N
45,6,26,19,2,2,2,0,0,PRT,0,1,0,79.33,1,N
316,5,21,19,0,2,2,0,0,PRT,0,1,0,62.0,0,Y
13,2,9,26,2,1,2,1,0,ROU,0,1,0,95.0,0,N
54,2,9,26,0,2,2,0,0,NLD,0,1,0,80.3,0,N
99,7,29,18,0,5,2,0,0,BEL,0,1,0,80.1,0,N
30,7,29,14,1,3,2,1,0,PRT,0,1,0,88.56,1,N
58,9,36,2,1,2,2,0,0,ESP,0,4,0,123.3,2,N
149,6,25,24,0,1,2,0,0,ITA,0,1,1,154.0,0,N
4,4,16,15,1,2,2,0,0,PRT,0,1,0,93.17,1,N
1,7,31,31,1,1,2,0,0,ITA,0,1,0,145.0,1,N
0,7,31,29,0,1,2,0,0,PRT,0,1,0,89.0,0,N
63,2,9,27,1,3,3,0,0,PRT,0,4,3,99.45,2,N
48,11,46,6,2,3,2,0,0,FRA,0,1,0,75.0,0,N
100,4,16,22,2,2,2,0,0,PRT,0,1,0,105.0,0,Y
37,4,15,11,0,2,2,0,0,FRA,0,1,0,135.0,1,N
198,8,32,11,0,2,2,0,0,DEU,0,1,0,80.1,0,N
134,2,8,25,0,1,1,0,0,PRT,0,1,0,75.0,0,Y
197,8,33,18,1,2,2,0,0,NLD,0,1,0,118.2,1,N
23,1,3,11,1,0,2,0,0,USA,0,1,0,62.0,0,N
129,6,25,24,2,1,2,0,0,PRT,0,1,0,130.0,0,Y
286,5,21,17,0,1,2,0,0,PRT,0,1,0,65.0,0,Y
135,8,35,23,0,5,1,0,0,GBR,0,1,0,94.5,1,Y
42,5,19,8,1,2,1,0,0,PRT,0,1,0,139.0,1,Y
4,10,44,27,0,3,2,0,0,PRT,0,1,0,133.33,1,Y
17,9,39,26,2,2,1,0,0,PRT,0,1,0,170.0,0,N
4,7,27,4,0,1,1,0,0,JPN,0,1,0,82.08,0,N
136,7,28,11,0,4,2,0,0,CN,0,4,0,116.1,1,N
6,1,4,24,0,1,2,0,0,AUT,0,1,0,83.16,0,N
72,10,43,20,0,3,2,0,0,DEU,0,1,0,118.8,2,Y
4,9,37,7,1,3,1,0,0,PRT,0,1,0,119.0,0,N
84,8,33,14,1,3,2,0,0,IRL,0,1,2,170.0,0,N
173,2,5,2,0,3,2,0,0,GBR,0,1,0,79.2,2,N
282,10,41,10,2,1,2,0,0,SWE,0,1,0,76.67,0,N
66,1,4,25,2,5,1,0,0,CHN,0,4,0,87.21,0,Y
393,3,12,19,2,1,2,0,0,PRT,0,1,0,70.53,0,Y
235,9,38,13,0,4,2,0,0,ROU,0,1,0,103.06,1,Y
258,10,43,16,1,0,2,0,0,PRT,0,1,0,110.0,0,Y
24,6,24,6,1,2,1,0,0,PRT,0,1,0,120.0,0,Y
2,2,8,14,2,1,1,0,0,AGO,0,1,0,79.0,0,Y
101,5,20,19,1,2,3,0,0,ESP,0,1,0,144.0,0,Y
0,5,19,3,0,0,1,0,0,RUS,0,1,0,0.0,1,N
25,6,24,12,1,0,2,0,0,AUS,0,1,0,109.0,0,N
78,3,13,25,1,2,2,0,0,PRT,0,1,0,100.0,0,Y
11,11,47,18,3,7,1,0,0,EGY,0,1,0,76.93,1,Y
112,4,14,4,0,2,2,0,0,PRT,0,1,0,95.0,0,Y
5,5,19,9,0,1,2,0,0,PRT,0,1,0,90.0,0,Y
110,12,50,9,0,4,2,0,0,FRA,0,1,0,70.0,0,N
284,10,43,16,2,3,2,0,0,FIN,0,2,0,81.82,0,Y
64,5,21,17,0,2,1,0,0,TUR,0,1,0,130.0,0,N
41,8,33,12,0,2,2,0,0,PRT,0,1,0,62.0,0,N
14,11,45,2,0,1,1,0,0,PRT,0,1,0,100.0,1,N
28,9,38,15,0,3,2,0,0,FRA,0,1,0,105.0,1,N
203,8,34,20,2,1,2,1,0,DEU,0,1,0,135.0,0,Y
62,9,38,14,1,4,2,0,0,CHE,0,4,0,149.4,3,Y
113,7,27,1,2,6,3,0,0,USA,0,4,0,138.55,0,Y
27,8,35,28,1,3,2,0,0,DEU,0,4,2,169.0,0,N
95,11,45,5,0,1,1,0,0,PRT,0,1,0,75.0,0,Y
164,10,40,2,0,2,1,0,0,PRT,0,1,0,100.0,0,N
106,7,29,13,0,3,2,1,0,UKR,0,1,0,91.89,1,N
42,10,44,26,1,4,1,0,0,DEU,0,1,0,73.15,1,N
80,5,19,11,1,3,2,0,0,ARG,0,1,1,112.55,0,N
102,10,42,16,0,2,2,0,0,PRT,0,1,0,101.5,0,Y
44,1,1,2,2,1,1,0,0,PRT,0,1,1,1.0,0,N
52,5,20,14,2,3,2,0,0,FRA,0,1,0,126.9,0,N
7,7,30,20,0,1,2,0,0,NLD,0,1,0,99.0,1,N
159,5,21,24,0,4,2,0,0,PRT,0,1,0,89.1,0,N
273,5,19,9,0,1,2,0,0,PRT,0,1,0,89.1,0,Y
107,7,29,13,1,4,2,0,0,GBR,0,1,0,105.3,0,Y
314,10,42,12,0,3,2,0,0,PRT,0,1,0,75.0,0,Y
21,6,23,3,1,2,2,0,0,DEU,0,4,0,109.23,1,N
26,2,7,13,1,2,2,0,0,PRT,0,1,0,54.21,1,Y
6,5,21,17,0,1,1,0,0,PRT,0,1,0,90.0,0,N
134,2,8,25,0,1,1,0,0,PRT,0,1,0,75.0,0,N
34,9,39,23,0,3,2,0,0,ESP,0,1,0,224.67,0,N
14,9,39,22,0,1,1,0,0,USA,0,4,0,184.0,2,Y
83,9,40,30,0,1,2,0,0,PRT,0,1,0,112.2,0,N
8,2,9,26,2,0,2,0,0,PRT,0,1,0,97.0,0,N
143,5,18,4,0,3,2,0,0,PRT,0,1,0,100.0,0,Y
0,8,34,17,1,0,2,0,0,PRT,0,1,1,124.0,0,N
196,8,32,4,0,3,2,0,0,ESP,0,1,0,105.3,0,Y
82,7,28,3,2,2,3,0,0,PRT,0,1,1,112.96,1,N
28,10,42,13,0,1,1,0,0,PRT,0,1,0,120.0,0,Y
75,5,19,12,1,2,2,0,0,GBR,0,5,0,174.0,3,N
2,10,43,18,2,2,1,0,0,BEL,0,1,0,98.21,0,N
45,4,17,17,2,2,2,0,0,PRT,0,1,2,90.88,1,N
9,10,41,2,2,1,2,0,0,NLD,0,1,0,85.0,1,N
277,11,46,7,1,2,2,0,0,PRT,0,1,0,100.0,0,Y
75,7,30,18,1,2,2,1,0,PRT,0,1,0,0.0,0,Y
183,2,7,15,0,3,2,1,0,GBR,0,1,0,106.2,1,Y
192,6,26,24,0,2,1,0,0,SRB,0,1,2,110.0,0,N
1,2,7,16,0,1,2,0,0,PRT,0,1,0,95.2,0,N
273,7,29,17,0,2,2,0,0,PRT,0,1,0,109.0,0,N
457,8,34,25,0,2,2,0,0,DEU,0,1,1,122.4,1,N
147,7,30,21,0,2,2,0,0,PRT,1,1,0,75.0,0,Y
41,8,33,12,0,2,3,0,0,PRT,0,1,1,84.0,1,N
110,11,45,2,0,3,1,0,0,PRT,0,1,0,85.87,1,N
30,1,2,3,1,0,0,2,0,PRT,0,2,2,15.0,1,N
140,4,17,28,2,2,2,0,0,FRA,0,1,0,130.0,0,N
17,5,23,30,1,2,2,0,0,PRT,0,4,0,102.15,0,Y
86,4,14,2,2,1,2,0,0,FRA,0,1,0,76.5,1,Y
81,6,26,23,0,1,1,0,0,ISR,0,1,0,90.9,0,Y
128,4,16,16,2,1,2,0,0,PRT,0,1,0,100.0,0,Y
86,10,44,26,0,2,1,0,0,GBR,0,4,0,104.4,2,Y
5,2,6,1,1,2,1,0,0,FRA,0,1,0,68.22,1,N
13,12,49,2,2,4,3,0,0,BGD,0,4,0,131.89,0,Y
206,10,44,28,2,2,1,0,0,GBR,0,4,0,109.8,3,N
64,4,16,13,0,2,2,0,0,CHN,0,1,0,94.5,1,N
39,8,33,10,1,1,2,0,0,PRT,0,1,0,62.0,0,N
3,8,35,29,0,1,2,1,0,PRT,0,1,1,90.0,2,N
20,1,2,13,1,2,2,0,0,ITA,0,1,0,82.88,1,Y
63,9,36,4,0,2,2,0,0,PRT,0,1,0,116.0,0,N
107,8,34,20,2,1,3,0,0,PRT,0,1,0,96.9,0,Y
26,7,28,3,2,3,2,0,0,PRT,0,1,0,85.0,0,N
142,4,17,22,2,3,2,0,0,POL,0,1,0,103.0,0,Y
162,5,18,6,2,1,1,0,0,PRT,0,1,0,80.0,0,Y
14,2,7,15,0,2,2,1,0,FRA,0,1,0,86.4,0,N
287,8,35,24,1,4,2,0,0,DEU,0,2,1,76.71,0,N
97,4,18,25,1,2,2,0,0,PRT,0,1,0,85.5,0,N
257,7,27,1,0,2,2,0,0,PRT,0,1,0,101.5,0,N
18,11,49,28,1,0,2,0,0,CHE,0,1,0,88.0,2,N
15,12,53,27,0,1,1,0,0,BRA,0,1,2,60.0,0,N
14,2,6,10,2,2,2,1,0,GBR,0,6,0,198.0,1,N
88,4,18,30,0,1,2,0,0,PRT,0,1,0,126.9,1,N
301,8,33,14,0,2,2,0,0,PRT,1,1,0,101.5,0,Y
38,6,26,19,2,1,1,0,0,PRT,0,1,0,81.0,0,Y
16,7,29,21,0,2,2,0,0,ESP,0,1,0,139.0,1,N
30,8,35,25,0,3,2,0,0,DEU,0,5,0,137.52,0,N
8,5,22,27,2,2,3,0,0,GBR,0,4,1,176.34,3,N
134,8,34,20,0,1,2,0,0,PRT,0,1,0,63.75,1,N
178,5,22,27,0,2,2,0,0,DEU,0,1,0,114.3,1,N
41,9,38,14,0,2,1,0,0,GBR,0,1,1,108.0,0,N
31,5,20,14,2,3,1,0,0,GBR,0,1,0,130.0,0,N
59,2,6,6,2,2,1,0,0,AUT,0,1,0,1.0,0,N
0,9,38,16,0,2,2,0,0,ESP,0,1,0,95.0,0,N
198,12,49,5,2,1,1,0,0,ESP,0,1,0,65.0,0,Y
316,5,22,26,0,3,2,0,0,PRT,0,1,0,110.0,0,N
148,8,34,15,1,3,2,2,0,FRA,0,6,0,182.83,1,N
119,10,43,16,2,3,2,0,0,DEU,0,4,2,129.96,2,N
338,10,41,7,1,2,2,0,0,PRT,0,1,0,80.0,0,Y
1,12,50,6,0,2,1,0,0,ISR,0,1,0,72.38,1,N
364,10,42,16,0,2,2,0,0,PRT,1,1,0,101.5,0,Y
19,6,25,19,1,1,2,0,0,GBR,0,4,0,150.0,3,Y
98,11,48,23,1,2,1,0,0,FRA,0,1,0,70.0,0,N
33,10,41,6,0,4,2,2,0,PRT,0,6,0,159.75,2,Y
2,9,37,10,0,1,2,0,0,PRT,0,1,0,0.0,1,N
55,3,11,12,2,4,2,0,0,BEL,0,1,0,91.8,1,N
239,10,42,17,0,1,2,0,0,PRT,1,1,0,60.0,0,Y
92,9,40,30,0,1,2,0,0,PRT,0,1,0,170.0,0,Y
368,6,26,28,0,3,2,0,0,GBR,0,1,0,112.67,1,N
62,11,48,22,0,3,2,0,0,IRL,0,1,0,93.6,2,Y
35,10,43,19,0,3,2,0,0,FRA,0,1,0,85.0,0,N
1,2,5,2,0,3,3,0,0,PRT,0,6,1,152.46,3,N
6,12,52,25,2,2,2,0,0,CHE,0,1,0,43.5,1,N
55,6,26,25,1,0,2,0,0,BRA,0,1,0,120.0,1,N
0,4,16,13,0,1,3,0,0,FRA,0,4,0,137.0,0,N
24,4,18,28,2,7,2,0,0,DEU,0,4,0,107.0,0,N
123,3,11,16,0,3,2,0,0,FRA,0,1,0,127.8,2,N
1,11,48,25,0,1,1,0,0,PRT,0,1,1,59.03,0,N
55,4,15,6,0,1,2,0,0,PRT,0,1,0,104.0,0,N
91,4,16,21,1,2,2,0,0,BEL,0,4,0,135.0,0,Y
192,6,25,18,2,2,2,0,0,AUT,0,1,0,80.75,0,N
1,3,9,1,0,4,2,0,0,IND,0,1,0,74.8,0,N
110,5,19,7,2,2,2,0,0,BEL,0,1,0,117.0,0,Y
80,11,46,14,2,1,2,0,0,CHE,0,4,0,65.45,1,N
181,10,42,11,0,2,1,0,0,FRA,0,1,0,120.0,0,N
95,4,15,15,2,4,2,2,0,FRA,0,6,0,201.0,1,N
55,5,19,6,2,3,2,0,0,FRA,0,4,1,164.9,1,N
178,8,32,12,2,4,2,0,0,FRA,0,1,0,139.5,0,N
59,4,14,2,2,0,2,0,0,LUX,0,1,0,109.0,2,N
93,12,50,10,1,1,3,0,0,PRT,0,1,0,92.65,0,N
14,11,47,16,0,1,1,0,0,PRT,0,1,0,65.0,0,N
15,2,8,19,0,1,1,0,0,PRT,0,1,0,81.0,0,N
5,1,2,10,0,2,1,0,0,PRT,3,1,0,65.0,0,N
83,9,39,23,0,2,2,0,0,ESP,0,1,0,62.0,0,N
93,12,52,26,2,1,2,0,0,PRT,1,1,0,106.2,1,Y
101,5,18,6,1,1,2,0,0,FRA,0,4,0,135.0,1,N
21,8,36,31,1,3,1,0,0,PRT,0,1,0,91.25,1,Y
80,7,31,31,2,7,2,0,0,PRT,0,1,0,63.46,0,N
110,7,28,9,2,1,2,0,0,GBR,0,1,0,71.1,0,N
461,10,42,13,0,2,2,0,0,PRT,0,1,0,62.0,0,Y
4,10,42,11,0,1,1,0,0,PRT,0,4,0,110.0,0,Y
70,12,53,29,0,4,2,0,0,FRA,0,1,0,160.03,1,N
0,7,31,27,0,1,1,0,0,PRT,0,1,0,45.0,1,Y
28,10,42,13,0,1,1,0,0,PRT,0,1,0,120.0,0,Y
89,7,30,21,0,3,2,2,0,ITA,0,6,0,183.3,0,Y
158,6,25,24,2,1,2,0,0,GBR,0,4,0,118.13,0,N
46,8,34,17,1,1,2,0,0,ESP,0,1,0,62.0,1,N
2,10,45,30,2,0,2,0,0,PRT,1,1,0,0.0,4,Y
60,4,14,1,1,2,2,0,0,GBR,0,4,0,106.2,1,N
71,7,27,7,1,2,2,0,0,NOR,0,4,0,150.0,1,N
7,8,34,19,0,2,2,0,0,PRT,0,1,2,65.0,0,N
137,3,12,24,1,2,2,0,0,DEU,0,1,0,72.0,1,N
16,8,32,8,2,2,1,0,0,POL,0,1,1,60.0,0,N
55,6,25,23,0,2,2,0,0,NOR,0,1,1,130.0,1,N
410,5,19,9,0,1,2,0,0,PRT,0,1,0,90.0,0,Y
405,7,27,4,0,2,2,0,0,DEU,0,1,0,114.4,0,N
116,3,12,24,0,2,1,0,0,FRA,0,1,0,90.0,0,N
168,9,37,11,0,2,1,0,0,PRT,0,1,1,50.0,0,N
292,8,32,5,0,2,2,0,0,PRT,1,1,0,62.0,0,Y
0,2,7,8,0,0,2,0,0,PRT,0,1,0,0.0,0,N
54,3,11,12,2,1,2,0,0,ITA,0,1,0,78.3,1,N
71,6,25,14,0,3,1,0,0,PRT,0,1,0,120.0,0,Y
2,12,50,11,0,1,2,0,0,PRT,0,1,0,94.0,0,N
0,11,49,30,0,2,2,0,0,CHN,0,4,0,63.2,0,N
157,5,18,1,1,3,2,0,0,PRT,0,1,0,130.0,0,Y
9,12,51,13,0,1,1,0,0,ESP,0,1,0,88.0,2,N
7,5,19,5,0,3,1,0,0,DEU,0,1,0,112.0,0,N
81,7,31,31,1,4,3,0,0,MAR,0,5,0,224.0,2,Y
23,1,4,25,0,4,2,0,0,NLD,0,1,0,82.88,0,N
50,12,49,2,1,2,2,0,0,FRA,0,1,0,93.6,2,N
7,7,29,16,2,0,2,0,0,USA,0,1,0,122.5,1,N
99,2,8,19,0,1,2,0,0,PRT,1,1,0,80.0,0,Y
350,9,40,30,1,2,2,0,0,PRT,1,1,0,90.0,0,Y
1,7,30,20,0,1,2,0,0,PRT,0,1,0,108.0,1,N
30,8,32,6,2,3,2,0,0,GBR,0,1,0,103.5,2,N
5,5,19,8,1,0,2,0,0,DEU,0,1,0,170.0,1,N
137,3,10,6,1,1,2,0,0,ISR,0,1,0,80.0,1,N
115,9,37,6,2,8,2,0,0,BEL,0,1,0,129.6,2,N
18,7,29,18,1,1,2,0,0,PRT,0,1,0,75.0,0,N
6,9,39,20,2,0,1,0,0,PRT,1,1,0,90.0,0,Y
151,1,4,19,0,3,1,0,0,PRT,0,1,0,80.0,0,Y
45,3,11,16,0,1,2,0,0,USA,0,1,0,97.2,0,Y
38,5,22,31,0,2,2,0,0,BEL,0,5,0,205.0,0,N
52,4,15,7,0,1,1,0,0,GBR,0,1,0,99.9,0,Y
26,3,13,26,2,0,2,0,0,FRA,0,1,0,113.0,2,N
12,1,3,17,2,5,1,0,0,SEN,0,4,0,98.36,0,Y
26,11,46,7,1,1,1,0,0,FRA,0,1,0,153.23,1,N
188,8,32,12,1,1,3,0,0,NLD,0,4,0,175.5,0,Y
0,7,30,24,1,0,1,0,0,PRT,0,1,0,65.0,0,N
14,8,34,17,0,1,2,0,0,GBR,0,1,0,109.0,1,Y
34,12,50,8,0,2,1,0,0,PRT,1,1,0,90.0,0,Y
17,12,53,30,2,5,2,0,0,FRA,0,1,0,90.34,1,N
64,6,24,10,0,2,2,0,0,DEU,0,1,0,126.9,0,Y
54,1,3,18,0,3,2,0,0,PRT,0,1,0,65.0,0,Y
67,1,5,29,0,2,2,0,0,GBR,0,1,0,57.0,0,N
301,8,33,14,0,2,2,0,0,PRT,1,1,0,101.5,0,Y
341,9,39,23,0,2,2,0,0,PRT,1,1,0,62.0,0,Y
192,12,53,26,1,3,2,0,0,ESP,0,4,4,93.39,0,Y
31,3,10,11,1,1,2,0,0,GBR,0,4,0,127.0,0,N
180,10,42,16,0,1,2,0,0,PRT,0,1,0,70.0,0,Y
273,5,20,13,1,2,2,0,0,PRT,0,1,0,95.0,0,Y
190,4,15,9,1,1,2,0,0,PRT,11,1,0,70.0,0,Y
121,5,19,9,0,3,2,0,0,CHE,0,1,0,108.0,0,Y
43,2,8,18,0,3,2,0,0,NLD,0,4,0,96.3,1,N
77,2,7,16,0,3,3,0,0,GBR,0,4,2,138.6,0,N
162,3,11,8,0,5,2,0,0,GBR,0,4,0,62.0,1,N
36,2,7,13,2,2,2,0,0,FRA,0,1,2,78.3,1,N
196,8,32,6,1,1,2,0,0,GBR,0,1,0,85.5,0,Y
27,9,40,30,0,2,2,0,0,PRT,0,1,0,108.0,0,Y
135,7,28,5,0,2,2,1,0,KOR,0,1,0,126.0,1,N
377,10,42,14,0,2,2,0,0,DEU,0,1,0,115.0,1,N
101,8,33,16,0,2,3,0,0,FRA,0,5,0,225.0,2,N
0,5,20,17,0,1,2,0,0,PRT,0,6,0,265.0,0,Y
86,9,39,24,0,1,2,0,0,FRA,0,1,1,120.0,0,N
45,8,34,19,0,1,2,0,0,PRT,0,4,0,149.4,1,N
167,6,26,27,0,3,2,0,0,BRA,0,1,0,99.0,1,Y
9,9,39,21,1,1,2,1,0,PRT,0,1,0,90.5,1,N
165,3,10,9,1,3,1,0,0,DEU,0,1,0,88.4,3,N
139,5,21,21,2,1,2,0,0,GBR,0,4,0,124.5,1,Y
12,3,11,15,0,1,1,0,0,BEL,0,1,0,108.0,1,N
5,10,43,19,1,2,1,0,0,PRT,1,4,0,136.0,2,Y
2,5,22,28,0,1,2,0,0,GBR,0,1,0,149.0,1,N
68,4,16,20,1,3,2,0,0,NLD,0,1,0,126.0,4,N
188,6,25,15,0,2,1,0,0,PRT,0,1,0,130.0,0,Y
95,11,45,5,0,1,1,0,0,PRT,0,1,0,75.0,0,Y
83,10,43,19,0,4,2,0,0,BEL,0,4,0,132.3,2,N
26,2,8,20,1,2,1,0,0,FRA,0,1,0,90.0,0,Y
59,2,6,6,2,2,2,0,0,AUT,0,1,0,62.0,0,N
32,5,21,21,0,1,2,0,0,PRT,0,4,0,129.2,0,Y
102,10,42,16,0,2,2,0,0,PRT,0,1,0,101.5,0,Y
150,6,24,17,2,3,1,0,0,PRT,0,1,0,120.0,0,Y
132,7,32,31,2,5,2,0,0,ESP,0,4,0,121.37,0,Y
56,2,5,1,0,3,2,0,0,PRT,0,1,0,60.0,0,Y
20,7,30,19,0,2,1,0,0,NLD,0,1,0,91.63,1,N
45,2,7,12,2,2,2,0,0,DNK,0,1,0,90.1,0,N
38,1,2,14,0,1,1,0,0,PRT,0,1,0,75.0,0,Y
293,8,32,6,0,2,2,0,0,PRT,1,1,0,62.0,0,Y
107,3,12,17,0,3,2,0,0,GBR,0,1,0,58.0,0,N
7,4,17,22,0,2,2,0,0,DEU,0,1,0,119.0,1,Y
62,5,19,8,2,5,2,0,0,PRT,0,6,0,228.21,0,Y
20,1,5,29,1,2,2,0,0,ITA,0,4,0,99.0,1,N
273,5,20,13,1,2,2,0,0,PRT,0,1,0,95.0,0,Y
0,4,14,1,0,1,1,0,0,PRT,0,1,0,67.0,0,N
53,6,23,5,1,3,2,0,0,IRL,0,4,0,170.0,1,N
141,7,27,3,1,2,3,0,0,NOR,0,4,0,152.1,0,N
147,7,30,21,0,2,2,0,0,PRT,1,1,0,75.0,0,Y
1,9,40,27,0,1,2,0,0,PRT,0,1,1,115.0,0,N
115,6,25,23,0,2,2,0,0,GBR,0,1,0,108.0,0,Y
107,8,33,19,2,2,3,0,0,DEU,0,4,0,116.1,1,N
12,5,23,30,1,2,1,0,0,PRT,0,4,0,112.42,0,Y
120,7,30,28,2,5,3,0,0,AUT,0,4,0,195.0,1,N
68,7,30,26,2,5,3,0,0,ESP,0,4,0,153.49,0,N
192,8,32,6,2,3,2,0,0,DEU,0,1,0,76.5,2,N
38,1,2,14,0,1,1,0,0,PRT,0,1,0,75.0,0,Y
56,12,53,30,1,4,2,0,0,ESP,0,4,1,105.75,2,N
52,4,17,26,0,3,2,1,0,FRA,0,4,0,129.96,1,N
11,11,45,2,0,4,2,0,0,FRA,0,4,0,119.0,0,N
135,10,40,1,2,1,2,0,0,TWN,0,4,0,132.3,0,Y
457,8,34,25,0,2,2,0,0,DEU,0,1,1,122.4,1,N
71,6,25,14,0,3,1,0,0,PRT,0,1,0,120.0,0,Y
381,7,30,25,0,2,2,0,0,ROU,0,1,2,145.55,0,N
2,4,17,21,0,3,2,0,0,FRA,0,1,0,95.0,0,N
153,8,32,1,1,0,2,0,1,FRA,0,1,3,105.3,2,N
4,7,29,17,1,0,1,0,0,FRA,0,1,3,145.0,0,N
32,7,31,28,0,3,3,0,0,SWE,0,4,0,168.3,1,N
133,5,22,27,2,2,2,0,0,FRA,0,4,0,118.15,0,Y
3,8,35,28,1,2,1,0,0,LBN,0,1,0,140.0,2,N
16,2,6,6,0,1,1,0,0,CHE,0,5,2,86.0,0,N
112,4,15,9,2,2,2,2,0,ESP,0,6,1,198.0,0,N
291,8,34,19,0,2,2,0,0,PRT,0,1,0,115.0,0,Y
56,5,19,3,0,1,2,0,0,PRT,0,4,0,0.0,0,N
29,2,6,5,6,14,1,0,0,BRA,0,1,0,70.91,0,Y
3,9,39,22,0,1,1,0,0,ROU,0,4,0,161.7,1,N
87,3,12,14,1,4,2,0,0,FRA,0,1,0,72.25,2,N
210,8,33,16,0,4,2,0,0,ITA,0,1,0,115.65,1,Y
119,5,22,23,1,2,1,0,0,SWE,0,1,0,90.0,0,N
8,11,46,11,0,2,2,0,0,PRT,0,1,1,76.5,0,Y
98,11,48,23,1,3,2,0,0,JOR,0,1,2,75.0,0,N
76,4,14,2,2,1,2,0,0,DEU,0,1,0,87.3,1,N
59,1,4,23,1,1,2,0,0,PRT,0,1,0,80.0,0,Y
55,4,15,6,0,1,2,0,0,PRT,0,1,2,104.0,0,N
7,3,10,10,1,2,2,0,0,PRT,0,4,0,124.67,1,N
28,10,44,26,1,4,2,0,0,FRA,0,2,0,99.45,0,N
28,1,1,3,0,3,1,0,0,NLD,0,1,0,96.0,1,N
62,10,41,8,1,3,2,0,0,SRB,0,1,0,89.25,2,N
4,10,42,10,1,2,1,0,0,PRT,0,4,0,110.0,0,N
326,12,53,30,0,2,2,2,0,DEU,0,6,2,188.88,1,N
6,8,34,20,1,1,2,0,0,ESP,0,1,0,117.8,0,N
351,6,26,23,0,2,2,0,0,PRT,0,1,0,62.0,0,Y
70,7,28,11,0,1,2,0,0,GBR,0,1,0,120.0,1,N
328,9,37,10,0,2,2,0,0,PRT,1,1,0,62.0,0,Y
52,12,49,1,1,3,2,0,0,DEU,0,1,0,74.8,2,N
0,10,41,7,0,1,1,0,0,IRL,0,4,0,119.35,0,N
202,11,45,2,0,4,2,0,0,DEU,0,1,2,94.33,0,Y
164,9,40,30,2,2,2,0,0,BEL,0,4,0,126.9,1,N
29,1,3,18,0,4,1,0,0,SWE,0,1,1,65.0,0,N
96,2,7,13,1,1,2,0,0,PRT,0,1,0,67.5,1,N
337,6,24,9,0,2,2,0,0,PRT,0,1,0,62.0,0,Y
180,8,31,3,0,3,2,0,0,GBR,0,1,0,80.1,1,N
81,8,32,5,0,2,2,0,0,GBR,0,4,0,131.4,0,Y
47,12,49,5,2,1,1,0,0,ESP,0,1,1,0.0,0,N
343,4,16,21,2,2,2,0,0,ESP,0,2,1,99.25,1,N
19,10,41,6,0,3,2,0,0,TUR,0,1,0,90.0,0,N
1,12,53,25,2,0,4,0,0,USA,0,6,1,120.0,2,N
275,6,23,4,1,1,2,0,0,PRT,0,1,0,62.8,0,Y
423,7,29,22,1,1,2,0,0,PRT,0,1,0,80.0,0,Y
26,12,51,13,2,2,2,0,0,BEL,0,1,0,75.0,0,N
5,3,12,19,2,1,1,0,0,USA,0,1,1,79.17,0,N
320,8,34,18,0,2,2,0,0,DEU,0,1,0,115.0,1,N
101,4,16,20,0,3,2,0,0,GBR,0,4,0,139.5,0,N
6,6,26,20,1,0,2,0,0,PRT,0,4,0,0.0,1,N
112,4,15,12,0,3,2,0,0,ITA,0,1,0,105.0,2,N
21,1,2,5,2,8,1,0,0,PRT,1,1,0,55.2,0,Y
16,12,52,24,0,3,1,1,0,PRT,1,1,0,67.5,1,Y
112,4,14,4,0,2,2,0,0,PRT,0,1,0,95.0,0,Y
168,9,37,11,0,2,1,0,0,PRT,0,1,1,50.0,0,N
15,2,7,12,0,2,2,0,0,AUS,0,1,0,79.0,0,Y
18,5,21,22,1,1,2,0,0,PRT,0,1,0,120.0,1,N
13,9,39,20,2,3,1,0,0,PRT,0,4,0,90.98,1,N
10,2,6,5,2,1,2,0,0,ESP,0,1,0,108.0,3,N
0,8,33,12,0,4,2,0,0,ITA,0,1,0,76.5,1,N
98,11,48,23,1,2,1,0,0,PRT,0,1,0,84.0,0,Y
301,7,31,30,1,1,1,0,0,DEU,0,1,1,90.0,0,N
19,4,15,9,2,3,3,0,0,FRA,0,4,0,158.2,0,Y
86,3,10,5,2,3,2,0,0,FRA,0,1,0,91.8,2,N
20,7,28,11,0,3,2,0,0,GBR,0,1,0,126.67,2,N
163,6,26,29,0,3,2,0,0,ISR,0,4,0,122.7,0,Y
0,12,53,30,0,1,2,0,0,FRA,0,1,0,117.0,0,N
161,3,12,15,0,3,2,0,0,BRA,0,1,0,60.98,1,N
45,10,43,22,0,3,1,0,0,PRT,0,1,0,85.5,2,Y
81,3,13,25,1,2,2,0,0,IRL,0,1,4,65.0,1,N
13,2,6,1,1,3,2,0,0,FRA,0,1,0,66.0,0,N
49,3,11,11,0,2,3,0,0,DEU,0,1,1,65.0,1,N
20,1,1,3,0,2,2,0,0,ITA,0,1,0,88.0,1,Y
50,10,43,24,0,1,2,0,0,PRT,0,1,0,146.0,0,Y
247,6,24,6,1,1,1,0,0,DEU,0,1,1,90.0,0,N
29,3,12,23,2,3,2,0,0,PRT,0,5,0,132.3,2,Y
108,12,53,26,1,4,2,0,0,ESP,0,1,0,158.4,1,Y
123,7,28,9,2,1,2,0,0,GBR,0,1,0,108.0,1,N
207,7,28,12,2,5,2,0,0,FRA,0,1,0,89.1,1,N
71,6,25,14,0,3,1,0,0,PRT,0,1,0,120.0,0,Y
17,9,39,26,2,1,2,0,0,ITA,0,1,1,170.0,0,N
215,11,48,21,1,1,2,0,0,PRT,0,1,1,147.0,0,Y
0,11,48,26,0,1,1,0,0,PRT,0,1,0,0.0,1,N
132,7,26,1,1,1,3,0,0,ESP,0,4,0,152.1,0,N
65,5,19,12,1,2,2,0,0,FRA,0,4,0,171.0,2,N
94,8,35,26,1,2,2,0,0,GBR,0,4,0,131.4,1,Y
156,7,29,16,2,2,1,0,0,ROU,0,1,0,68.0,1,N
405,8,33,10,0,2,2,0,0,PRT,0,1,0,65.0,0,Y
10,9,36,1,0,1,2,0,0,PRT,0,1,0,95.0,1,N
180,8,34,14,2,5,3,0,0,GBR,0,1,1,95.13,2,N
73,4,14,3,1,3,2,0,0,PRT,0,1,0,105.0,0,Y
67,3,10,10,1,2,2,0,0,GBR,0,1,0,106.2,1,N
111,4,14,3,1,1,2,0,0,ISR,0,1,0,95.0,1,N
77,5,19,2,1,3,2,2,0,DEU,0,6,0,187.85,1,N
134,2,8,25,0,1,1,0,0,PRT,0,1,0,75.0,0,N
25,7,29,20,0,1,3,0,0,BEL,0,4,1,210.0,1,N
414,7,28,13,0,2,1,0,0,DEU,0,1,1,95.5,0,N
0,4,17,22,0,1,2,0,0,PRT,0,1,0,109.87,0,N
72,3,13,27,2,5,2,0,0,ITA,0,4,0,109.16,0,N
5,5,22,23,1,1,1,0,0,PRT,0,1,0,100.0,1,N
240,10,43,21,1,2,2,0,0,PRT,0,1,0,110.0,0,Y
8,6,24,11,2,1,3,0,0,ITA,0,1,0,129.0,1,N
148,12,53,31,1,3,2,0,0,PRT,0,1,0,77.5,0,Y
290,8,32,3,1,3,2,0,0,PRT,1,1,0,62.0,0,Y
11,5,23,31,0,2,2,0,0,ITA,0,1,0,119.0,1,Y
457,8,34,25,0,2,2,0,0,DEU,0,1,1,122.4,1,N
605,10,43,17,1,2,2,0,0,PRT,0,1,0,60.0,0,Y
4,5,18,2,0,2,1,0,0,PRT,6,1,1,65.0,1,N
4,6,25,16,0,2,2,2,0,CHE,0,6,0,220.0,2,N
247,6,24,6,1,1,2,0,0,DEU,0,1,0,111.0,0,N
414,12,49,5,2,1,2,0,0,PRT,1,1,0,62.0,0,Y
322,5,18,5,0,1,2,0,0,PRT,0,1,0,75.0,0,N
122,7,29,16,0,2,2,0,0,PRT,0,1,0,85.5,0,Y
323,9,36,5,2,2,2,0,0,PRT,1,1,0,62.0,0,Y
48,9,37,11,1,2,2,0,0,PRT,0,1,0,60.0,0,N
327,7,28,11,0,4,2,0,0,BEL,0,1,0,89.1,2,Y
140,5,23,29,2,1,2,0,0,DEU,0,1,0,105.3,1,N
16,5,19,7,2,1,2,0,0,ISR,0,1,0,150.0,2,N
0,3,9,2,0,1,1,0,0,SWE,0,1,0,98.0,0,N
39,7,27,2,2,0,2,0,0,USA,0,4,0,139.0,0,Y
0,2,6,7,0,1,1,0,0,PRT,2,1,0,45.0,1,N
182,3,10,11,2,6,2,0,0,GBR,0,1,0,90.0,1,N
43,3,13,25,1,2,2,0,0,NLD,0,1,0,68.0,0,N
356,5,19,13,1,1,2,2,0,BHR,0,6,0,189.9,3,Y
55,9,37,6,2,0,2,0,0,FRA,0,1,0,75.0,0,N
130,3,13,25,0,1,0,2,0,ITA,0,1,1,6.0,2,N
212,11,47,18,0,2,2,0,0,HUN,0,1,0,67.5,1,N
0,5,18,1,1,0,2,0,0,BRA,0,4,0,139.5,2,N
137,7,32,31,2,3,2,0,0,FRA,0,4,3,99.38,2,N
142,4,17,22,2,3,1,0,0,POL,0,1,0,89.0,0,Y
273,5,20,13,1,2,2,0,0,PRT,0,1,0,95.0,0,Y
113,2,9,25,0,3,2,0,0,PRT,6,1,0,75.0,0,Y
309,5,20,13,1,2,2,0,0,PRT,0,1,0,101.0,0,Y
384,7,30,20,0,2,2,0,0,PRT,0,1,0,65.0,0,Y
153,10,43,17,1,3,2,0,0,GBR,0,1,0,118.8,2,N
301,7,31,30,1,1,2,0,0,DEU,0,1,0,115.0,1,N
19,7,30,25,2,2,2,0,0,PRT,0,1,0,62.0,1,N
28,11,48,22,0,4,2,0,0,NLD,0,1,0,77.0,0,N
74,2,8,23,0,1,1,0,0,GBR,0,1,0,65.0,0,N
26,3,11,16,0,3,3,0,0,ESP,0,5,0,198.0,0,Y
56,2,6,11,1,1,2,0,0,BEL,0,1,0,95.4,1,Y
118,6,24,6,1,1,1,0,0,CHE,0,1,1,110.0,0,N
74,5,20,20,2,1,2,0,0,PRT,0,1,0,90.0,0,Y
95,5,18,4,0,3,3,0,0,FIN,0,4,0,171.0,0,N
0,10,43,21,0,2,2,0,0,AGO,0,4,0,145.0,0,Y
48,11,45,4,0,2,2,0,0,ESP,0,1,0,97.2,2,N
74,3,14,31,0,3,1,0,0,PRT,0,1,1,57.5,0,N
106,1,2,5,0,4,2,0,0,PRT,0,4,0,62.0,0,N
0,6,26,27,0,1,2,0,0,CHN,0,1,0,100.3,1,N
143,9,37,5,1,2,2,0,0,AUT,0,1,0,126.9,1,N
138,11,48,22,0,2,2,0,0,ITA,0,1,0,79.2,1,N
74,11,46,11,1,2,2,0,0,DEU,0,1,0,93.6,2,N
98,8,33,12,2,5,3,0,0,FRA,0,4,0,212.4,2,Y
34,10,44,25,2,3,2,0,0,FRA,0,4,0,75.0,0,N
367,10,43,19,1,1,2,0,0,PRT,1,1,0,62.0,0,Y
260,7,27,4,2,2,2,0,0,PRT,0,1,0,62.0,0,N
2,6,26,30,0,1,2,2,0,GBR,0,6,0,295.0,1,N
12,7,30,20,0,1,1,0,0,DEU,0,1,0,89.0,0,Y
192,5,20,15,1,2,2,0,0,IRL,0,1,0,89.1,1,N
127,3,10,11,1,1,2,0,0,PRT,0,1,0,80.0,0,Y
116,2,10,28,2,1,1,0,0,PRT,0,1,0,61.0,0,Y
121,5,21,17,0,1,2,0,0,DEU,0,1,0,103.5,1,N
451,5,21,16,1,2,2,0,0,PRT,0,1,0,60.0,0,Y
130,4,17,18,1,3,2,0,0,DEU,0,1,0,84.15,0,N
0,5,20,15,1,0,2,0,0,PRT,0,1,0,12.0,0,Y
239,6,25,15,0,2,2,0,0,PRT,0,1,0,112.2,0,Y
135,12,49,5,2,1,2,0,0,ESP,0,1,0,62.0,0,N
339,9,39,21,1,1,2,0,0,PRT,1,1,0,62.0,0,Y
48,3,13,24,0,3,3,0,0,ESP,0,5,1,190.2,1,N
24,3,13,26,2,1,2,0,0,AUT,0,1,2,100.0,1,N
245,6,25,17,0,2,2,0,0,PRT,0,1,0,75.0,0,Y
34,12,50,8,0,2,1,0,0,PRT,1,1,0,90.0,0,Y
266,5,18,3,0,3,2,0,0,PRT,0,1,0,100.0,0,Y
36,8,32,7,0,2,2,0,0,ESP,0,1,0,62.0,0,N
102,10,42,16,0,2,1,0,0,DEU,0,1,1,87.0,0,N
221,10,41,10,2,1,2,0,0,FRA,0,1,0,65.0,0,N
62,6,26,19,2,2,2,0,0,PRT,0,1,0,106.65,0,Y
53,3,12,17,0,3,2,0,0,FRA,0,4,0,101.4,0,N
29,11,48,22,0,2,1,0,0,SWE,0,1,0,75.0,1,N
74,9,38,18,0,2,1,0,0,PRT,0,1,0,80.0,0,Y
13,4,14,4,0,4,2,2,0,FRA,0,6,0,224.0,0,Y
213,4,16,18,0,3,2,0,0,FRA,0,1,0,99.0,2,N
188,6,25,15,0,2,1,0,0,PRT,0,1,0,130.0,0,Y
212,5,19,8,2,5,2,0,0,BRA,0,1,0,111.34,0,Y
218,1,4,27,0,2,2,0,0,PRT,0,1,0,79.2,0,Y
27,6,24,12,1,3,1,0,0,FRA,0,1,1,131.75,1,N
10,8,34,22,0,1,2,2,0,FRA,0,6,1,97.0,1,N
202,8,33,8,3,7,2,0,0,FRA,0,1,0,90.95,2,N
45,4,16,11,1,2,2,2,0,FRA,0,6,0,177.3,2,N
5,1,5,24,2,1,2,0,0,BEL,0,4,0,81.73,1,N
140,8,33,12,0,2,2,0,0,ESP,0,1,0,112.5,1,N
128,6,27,30,0,2,2,0,0,PRT,0,1,2,65.83,1,N
200,9,37,12,2,1,2,0,0,PRT,1,1,0,86.0,0,Y
107,5,19,11,1,3,2,0,0,DEU,0,4,0,144.0,0,N
26,9,36,5,2,1,3,1,0,LUX,0,6,0,157.25,1,N
18,10,41,3,1,1,2,0,0,ESP,0,1,0,85.0,0,N
39,1,4,26,2,3,2,0,0,CPV,0,1,0,69.02,1,Y
215,11,48,21,1,1,1,0,0,ITA,0,1,1,75.0,0,N
5,12,51,12,1,0,1,0,0,PRT,0,1,0,65.0,1,N
323,9,36,5,2,2,2,0,0,PRT,1,1,0,62.0,0,Y
193,7,27,4,0,5,2,0,0,CHE,0,1,0,116.1,0,N
151,1,4,19,0,2,1,0,0,PRT,0,1,2,71.0,0,N
364,10,42,16,0,2,2,0,0,PRT,1,1,0,101.5,0,Y
41,2,8,19,2,0,2,0,0,FRA,0,4,0,148.0,1,Y
54,12,52,20,0,3,3,0,0,FRA,0,1,0,98.1,1,N
311,8,35,24,1,1,2,0,0,PRT,1,1,0,62.0,0,Y
367,10,43,19,1,1,2,0,0,PRT,1,1,0,62.0,0,Y
7,10,44,24,1,3,1,0,0,DEU,0,1,0,119.0,0,N
102,4,17,24,1,1,1,0,0,IRL,0,1,1,90.0,0,N
262,7,28,6,1,1,2,0,0,PRT,1,1,0,62.0,0,Y
32,9,39,20,0,1,2,0,0,NLD,0,1,2,95.0,0,N
19,3,12,19,2,0,2,0,0,FIN,0,4,0,118.0,0,Y
130,9,40,29,0,3,2,0,0,NLD,0,4,0,139.5,2,Y
212,5,21,25,1,3,2,0,0,GRC,0,1,0,107.1,1,Y
19,11,47,18,0,2,2,0,0,ITA,0,1,0,88.0,1,N
111,6,26,29,0,1,2,2,0,FRA,0,6,0,230.0,0,Y
86,1,4,22,0,1,2,0,0,PRT,1,1,0,85.0,0,Y
65,9,36,5,1,1,2,0,0,PRT,0,1,0,62.0,0,Y
215,11,48,21,1,1,1,0,0,NLD,0,1,1,75.0,0,N
1,5,18,4,0,2,2,0,0,PRT,1,6,0,0.0,2,Y
29,9,40,25,2,1,3,0,0,BRA,0,4,0,154.93,2,N
2,8,33,13,0,1,2,1,0,PRT,0,4,0,175.65,2,N
355,10,41,7,0,2,2,0,0,PRT,1,1,0,62.0,0,Y
0,9,39,26,0,1,2,0,0,PRT,0,1,0,170.0,0,Y
20,5,22,22,2,1,1,0,0,GBR,0,1,0,90.0,0,N
398,8,33,11,0,1,1,0,0,PRT,0,1,0,59.0,0,Y
29,2,8,22,0,4,2,0,0,LIE,0,4,0,98.6,1,Y
35,6,26,21,0,1,2,0,0,MOZ,0,1,0,89.1,1,Y
39,9,37,9,2,2,3,0,0,BEL,0,4,0,168.3,1,N
99,12,53,30,0,3,2,0,0,FRA,0,4,0,60.67,0,N
101,4,18,26,0,1,2,0,0,PRT,0,1,0,98.0,0,N
395,5,20,17,0,3,2,0,0,CN,0,1,0,112.67,1,N
11,1,1,2,2,1,2,0,0,ESP,0,2,1,83.58,0,Y
149,6,27,28,2,5,2,1,0,ROU,0,1,0,106.25,0,Y
251,3,13,22,0,3,2,0,0,PRT,0,1,0,125.0,0,Y
11,1,4,23,1,0,1,0,0,ESP,0,1,0,107.0,1,N
19,10,41,6,0,3,2,0,0,PRT,1,1,0,90.0,0,Y
97,10,41,5,1,3,1,0,0,PRT,0,1,0,140.0,0,Y
63,8,31,1,2,5,2,0,0,PRT,0,1,0,130.0,1,Y
260,11,47,16,1,4,2,0,0,USA,0,1,0,56.94,1,N
25,9,37,5,1,0,1,0,0,PRT,0,1,0,65.0,1,N
103,5,19,4,0,3,2,0,0,PRT,0,1,0,95.0,0,Y
9,1,3,16,5,13,2,0,0,AGO,0,4,0,94.35,0,Y
104,8,36,30,2,1,2,0,0,ESP,0,1,0,90.0,0,Y
317,6,22,2,1,2,1,0,0,DEU,0,1,2,104.4,3,N
48,8,34,25,1,2,2,0,0,BEL,0,1,0,121.67,1,N
36,8,32,7,0,2,2,0,0,ESP,0,1,0,62.0,0,N
17,4,16,14,0,2,2,1,0,ESP,0,1,0,145.0,0,Y
56,10,43,21,0,3,2,0,0,ITA,0,1,0,103.5,3,N
136,6,27,28,2,5,2,0,0,DNK,0,1,0,80.75,0,N
176,7,27,2,2,1,2,1,0,DEU,0,5,0,134.1,0,N
26,1,4,23,1,3,3,0,0,PRT,0,1,1,100.3,0,Y
18,4,16,13,0,1,2,0,0,DEU,0,1,0,129.0,0,N
233,6,25,23,1,2,2,0,0,PRT,0,1,0,105.0,0,Y
55,9,37,6,2,0,2,0,0,ESP,0,1,0,75.0,0,N
1,11,46,9,2,4,1,0,0,AGO,0,1,0,0.0,1,N
28,10,41,3,1,0,2,0,0,CHN,0,1,0,126.0,0,Y
177,7,28,9,1,1,3,0,0,PRT,0,1,1,139.2,0,N
43,10,43,23,0,1,1,0,0,PRT,0,1,1,0.0,0,N
25,3,10,11,1,1,2,0,0,FRA,0,1,1,68.0,0,N
14,3,10,4,2,7,1,0,0,CHN,0,1,0,88.33,0,Y
1,10,42,11,0,1,1,0,0,PRT,0,1,0,67.0,0,N
65,9,39,25,2,3,1,0,0,GRC,0,1,0,130.9,2,N
153,9,37,8,1,3,1,0,0,NLD,0,4,1,123.11,1,N
181,7,31,30,2,2,2,0,0,ESP,0,1,0,103.95,1,N
13,11,47,13,2,4,2,2,0,GBR,0,6,0,147.9,0,Y
61,10,42,9,2,1,3,0,0,BEL,0,5,0,125.8,0,N
18,6,23,5,1,1,2,0,0,IRL,0,1,0,130.0,1,Y
33,11,48,26,0,1,2,0,0,PRT,0,1,0,113.0,1,N
41,4,17,21,0,3,2,2,0,PRT,0,7,0,191.58,0,Y
249,6,24,15,2,5,2,0,0,GBR,0,1,0,117.0,2,N
11,3,11,12,0,1,2,0,0,DEU,0,1,0,97.0,1,N
321,9,36,3,0,2,2,0,0,PRT,1,1,0,62.8,0,Y
68,6,23,3,1,2,2,0,0,JAM,0,4,0,137.4,1,N
36,8,32,7,0,2,2,0,0,PRT,0,1,0,62.0,0,Y
290,6,25,17,1,2,2,0,0,FRA,0,1,0,72.0,1,N
193,12,53,28,0,4,2,0,0,FRA,0,4,0,102.85,1,Y
69,6,25,12,2,4,1,0,0,PRT,0,1,0,120.0,0,Y
318,8,36,31,1,1,2,0,0,PRT,1,1,0,62.0,0,Y
0,8,35,27,1,0,1,0,0,CHN,0,1,0,95.0,0,N
144,7,31,25,1,1,2,0,0,CHE,0,1,0,81.08,0,N
0,11,47,17,0,1,2,0,0,ESP,0,1,0,89.0,0,N
117,6,27,28,0,4,2,0,0,PRT,0,2,0,97.75,1,N
124,8,32,8,2,1,2,0,0,ITA,0,1,0,94.5,0,Y
51,6,25,18,2,1,2,0,0,MAR,0,5,0,200.0,2,N
1,8,33,10,1,1,2,0,0,FRA,0,1,0,114.0,0,N
18,12,51,18,0,1,2,0,0,PRT,0,1,0,75.0,2,N
279,10,42,12,0,3,2,0,0,PRT,0,1,0,110.0,0,Y
49,10,41,5,0,2,1,0,0,USA,0,1,0,113.4,2,N
153,2,8,21,0,4,3,0,0,FRA,0,4,0,119.0,2,N
250,9,40,26,1,3,2,0,0,PRT,0,1,0,95.0,0,Y
60,1,6,31,2,0,2,0,0,FRA,0,1,0,60.0,1,N
105,10,42,12,0,3,2,0,0,PRT,0,1,0,75.0,0,N
8,8,34,21,2,5,2,0,0,FRA,0,1,0,85.57,0,N
110,1,1,3,0,2,0,2,0,ESP,0,2,0,91.6,1,N
79,11,46,13,0,2,2,0,0,PRT,0,1,0,75.0,0,Y
89,11,48,23,1,2,2,0,0,PRT,0,1,0,72.25,2,Y
148,5,23,29,2,2,2,0,0,GBR,0,4,0,108.16,1,N
0,3,10,7,0,4,2,0,0,RUS,0,1,0,90.0,3,N
414,7,28,13,0,2,2,0,0,DEU,0,1,0,122.4,1,N
212,8,35,28,2,5,2,0,0,PRT,0,1,0,85.59,0,N
314,8,35,27,0,2,2,0,0,PRT,1,1,0,62.8,0,Y
27,5,22,29,1,0,3,0,0,FRA,0,4,0,139.0,0,N
8,4,18,27,0,3,2,0,0,FRA,0,1,0,140.0,2,N
108,8,35,24,1,2,2,0,0,ESP,0,1,0,76.5,1,N
1,8,32,10,0,1,2,0,0,USA,0,1,0,190.0,0,N
1,12,51,14,0,1,2,0,0,CHE,0,1,0,78.0,2,N
212,4,17,29,2,1,2,0,0,BEL,0,1,0,99.0,1,Y
29,3,10,2,1,4,2,0,0,FRA,0,1,0,87.0,0,N
44,3,13,31,2,2,3,0,0,FRA,0,4,0,163.95,1,N
28,9,38,13,0,2,2,2,0,AUS,0,6,0,231.0,1,N
20,11,46,6,2,2,1,0,0,EST,0,1,0,124.16,1,N
2,1,1,4,0,3,2,0,0,ESP,0,1,0,97.0,4,N
433,9,38,15,0,2,2,0,0,PRT,0,1,0,62.0,0,Y
0,7,28,10,1,0,2,0,0,PRT,0,1,0,85.0,0,N
13,4,18,28,0,1,2,0,0,ESP,0,1,0,169.0,0,Y
0,7,27,3,1,0,2,1,0,PRT,0,1,0,138.0,2,N
90,4,16,19,0,4,2,0,0,PRT,0,1,0,100.0,0,Y
15,12,53,29,0,2,2,0,0,CN,0,1,0,60.0,0,N
9,1,1,2,1,3,2,1,0,ITA,0,1,0,116.15,0,N
8,5,22,25,0,1,2,0,0,USA,0,1,0,99.0,1,N
44,3,11,15,0,4,3,0,0,PRT,0,1,0,110.0,0,Y
296,9,39,21,0,4,1,0,0,ITA,0,1,1,81.0,0,N
18,11,46,10,0,3,2,0,0,AGO,0,1,1,123.33,1,N
24,12,52,20,0,1,2,1,0,PRT,0,1,0,132.0,0,N
4,8,32,6,1,0,1,0,0,PRT,0,1,0,144.5,0,Y
31,5,20,14,2,3,1,0,0,PRT,0,1,0,130.0,0,N
190,5,19,6,2,2,2,0,0,DEU,0,2,0,109.3,0,N
124,8,34,20,2,4,2,0,0,PRT,0,1,0,125.0,2,N
66,11,46,7,1,3,2,0,0,POL,0,1,0,179.1,2,N
19,2,9,25,0,3,2,0,0,IRL,0,1,0,79.0,1,Y
194,10,41,8,2,4,2,0,0,DEU,0,1,0,105.6,1,N
154,6,23,5,3,7,2,0,0,BEL,0,1,0,144.0,1,N
123,8,32,1,1,3,2,0,0,DEU,0,1,0,105.3,0,Y
262,11,46,9,1,2,2,0,0,PRT,1,1,0,62.8,0,Y
4,9,40,30,0,2,1,0,0,PRT,0,1,4,110.0,0,Y
71,4,18,24,2,1,2,0,0,PRT,0,4,0,112.8,0,N
50,2,5,3,0,2,2,0,0,DEU,0,1,0,88.0,0,N
301,8,33,14,0,2,2,0,0,PRT,1,1,0,101.5,0,Y
98,11,48,23,1,2,1,0,0,FRA,0,1,0,70.0,0,Y
3,11,49,30,3,8,2,0,0,PRT,1,1,0,89.45,2,Y
11,2,8,20,1,2,1,0,0,CN,0,1,0,69.3,0,N
1,5,22,30,0,1,2,0,0,CHN,0,6,1,206.1,0,N
309,8,32,7,2,5,2,0,0,ESP,0,1,0,141.3,1,N
1,8,34,18,0,2,1,0,0,PRT,0,1,0,65.0,0,N
52,1,5,28,0,2,3,1,0,ITA,0,6,0,173.0,1,N
96,4,17,26,0,2,2,0,0,PRT,0,1,0,130.0,0,Y
279,10,42,12,0,3,2,0,0,PRT,0,1,0,110.0,0,Y
147,7,27,1,2,2,2,0,0,NOR,0,4,0,103.7,2,N
45,3,10,11,1,1,2,0,0,FRA,0,1,0,75.0,0,N
98,12,52,26,2,1,2,0,0,PRT,1,1,0,118.0,1,Y
19,5,19,12,2,3,2,2,0,BRA,0,6,0,262.0,0,Y
89,3,13,21,2,5,2,0,0,PRT,0,1,0,83.66,1,N
213,8,35,28,1,3,1,0,0,PRT,0,1,1,104.0,0,N
164,1,5,30,3,5,2,0,0,BRA,0,1,0,74.8,1,Y
196,5,21,27,1,1,1,0,0,MEX,0,1,0,107.1,2,Y
77,4,14,3,1,2,3,0,0,BEL,0,1,0,92.0,0,N
131,8,33,15,2,1,2,0,0,ITA,0,1,0,94.5,0,N
79,8,34,19,0,2,2,0,0,AUS,0,4,0,149.4,0,Y
100,9,40,28,0,4,2,0,0,ITA,0,1,0,140.0,1,N
121,8,33,16,0,4,1,0,0,DEU,0,1,1,125.0,1,N
7,9,39,22,0,1,1,0,0,PRT,0,4,0,150.15,1,Y
355,10,41,7,0,2,2,0,0,PRT,1,1,0,62.0,0,Y
98,11,48,23,1,2,1,0,0,FRA,0,1,0,70.0,0,N
19,5,20,20,1,1,2,0,0,GBR,0,1,1,155.0,1,N
39,8,33,14,0,2,1,0,0,PRT,0,1,1,87.0,0,N
203,9,37,5,1,2,2,0,0,DEU,0,1,0,80.75,0,N
24,2,6,5,2,5,1,0,0,MAR,0,1,1,75.0,0,N
0,1,1,2,1,0,2,0,0,FRA,0,1,0,96.0,2,N
38,8,35,22,3,6,3,0,0,DZA,0,4,0,159.6,0,N
219,6,25,20,2,8,2,0,0,DEU,0,4,0,130.5,1,N
38,1,2,14,0,1,1,0,0,PRT,0,1,0,75.0,0,Y
14,7,29,19,0,1,1,0,0,BEL,0,1,0,150.0,2,N
0,12,50,10,2,1,1,0,0,PRT,0,1,0,103.5,0,N
98,5,19,3,0,4,2,0,0,DEU,0,1,0,95.0,1,N
279,7,30,23,0,2,2,0,0,PRT,1,1,0,62.0,0,Y
166,11,45,1,0,3,1,0,0,PRT,0,1,0,110.0,0,Y
80,7,27,6,2,4,2,0,0,BEL,0,1,0,120.0,1,N
62,5,22,29,1,2,2,2,0,GBR,0,5,0,187.5,0,N
6,6,25,15,1,4,2,0,0,CHE,0,1,0,72.25,0,N
39,10,42,12,1,2,2,0,0,GBR,0,4,0,83.16,2,N
10,3,13,27,1,1,2,0,0,ISR,0,1,0,95.0,1,N
94,4,16,12,0,4,2,0,0,NLD,0,1,0,90.95,1,N
234,7,28,12,0,4,3,0,0,POL,0,4,0,156.6,0,N
208,5,21,24,0,2,2,0,0,DEU,0,1,0,114.4,0,N
6,9,39,20,2,0,2,0,0,PRT,1,1,0,100.0,0,Y
336,9,39,21,2,6,2,0,0,DEU,0,1,1,84.13,0,N
350,6,25,17,0,2,2,0,0,PRT,0,1,0,140.0,0,Y
159,9,39,19,1,2,2,0,0,BRA,0,1,3,144.0,0,N
140,7,30,18,1,3,2,0,0,FRA,0,4,0,114.33,1,N
146,4,17,29,0,1,2,0,0,BRA,0,4,0,130.5,1,Y
1,11,47,20,0,2,1,0,0,FRA,0,1,0,0.0,0,N
241,10,43,19,1,2,1,0,0,USA,0,1,1,50.0,0,N
9,11,47,17,0,2,2,0,0,GBR,0,4,0,95.0,1,N
0,7,29,14,0,1,1,0,0,PRT,0,5,0,140.0,0,N
15,2,7,17,0,2,2,0,0,PRT,0,1,0,95.0,0,Y
264,7,28,8,0,2,2,0,0,PRT,0,1,0,62.0,0,N
174,6,22,1,0,3,2,0,0,PRT,0,1,0,110.0,0,Y
111,4,17,27,1,3,2,0,0,PRT,0,1,0,120.0,0,Y
129,8,35,25,0,2,2,0,0,ESP,0,4,0,118.8,0,N
9,4,17,28,2,2,3,0,0,PRT,0,7,0,290.0,0,Y
2,8,34,21,1,2,2,0,0,ESP,0,1,0,100.67,2,N
147,12,53,29,0,3,2,0,0,PRT,0,1,0,72.25,2,Y
423,6,24,14,0,3,2,0,0,AUS,0,1,0,112.67,1,N
44,8,34,22,2,1,2,0,0,PRT,0,1,0,86.0,0,N
287,7,30,26,1,4,2,2,0,USA,0,6,0,179.1,0,N
122,12,53,25,2,2,2,1,0,FRA,0,1,0,113.78,1,Y
61,12,52,24,0,3,3,0,0,PRT,1,1,2,152.2,2,Y
409,5,22,31,0,3,2,0,0,AUS,0,1,0,112.67,1,N
423,7,29,22,1,1,1,0,0,DEU,0,1,1,95.5,0,N
41,6,27,27,1,1,2,0,0,ESP,0,1,0,98.1,1,Y
35,8,36,28,2,1,2,1,0,PRT,0,1,0,171.45,0,Y
213,6,24,7,0,3,2,0,0,PRT,0,1,0,130.0,0,Y
14,6,26,19,2,2,2,0,0,FRA,0,4,0,156.0,1,N
25,9,37,10,0,1,2,0,0,PRT,0,1,1,168.0,2,N
240,5,21,25,0,3,2,0,0,BEL,0,4,0,138.6,1,Y
94,5,21,22,1,1,2,0,0,ITA,0,4,0,139.5,1,N
32,11,47,20,0,2,1,0,0,PRT,0,1,0,73.0,0,N
8,11,45,2,0,1,2,0,0,ESP,0,1,0,120.0,2,N
320,8,34,18,0,2,2,0,0,DEU,0,1,0,115.0,1,N
85,12,49,3,1,1,1,0,0,IRL,0,1,4,98.0,0,N
136,5,20,14,2,2,2,0,0,NOR,0,4,2,113.05,1,N
78,4,15,10,1,3,2,0,0,BEL,0,1,0,119.25,1,N
96,4,15,13,0,2,2,1,0,URY,0,1,0,144.0,2,N
16,12,53,28,2,4,2,0,0,PRT,0,1,0,76.67,0,Y
53,5,21,17,0,1,2,0,0,USA,0,1,0,126.9,1,N
21,2,9,27,1,3,2,1,0,ESP,0,1,0,108.0,2,N
22,9,38,15,0,2,1,0,0,ESP,0,1,2,139.0,2,N
40,12,49,5,2,1,2,2,0,ESP,0,6,0,160.2,0,N
123,5,19,8,1,0,2,0,0,PRT,0,1,0,108.0,1,Y
0,2,7,12,0,1,3,0,0,CHN,0,4,1,127.0,3,N
188,6,25,15,0,2,1,0,0,PRT,0,1,0,130.0,0,Y
18,12,51,11,1,0,2,0,0,PRT,0,1,0,80.0,0,N
181,8,32,12,2,4,1,0,0,FRA,0,1,0,121.5,0,Y
41,10,43,19,1,2,2,0,0,VEN,0,1,0,103.5,2,N
21,2,8,21,0,2,2,0,0,IND,0,1,2,80.0,0,N
103,4,17,19,0,2,1,0,0,PRT,0,1,0,115.0,0,Y
19,5,22,29,1,0,2,0,0,USA,0,1,1,140.0,2,N
15,7,30,27,1,3,2,0,0,FRA,0,1,0,157.0,1,N
10,4,15,9,1,1,1,0,0,PRT,0,1,1,70.0,0,N
0,5,21,17,0,0,2,0,0,PRT,0,1,0,0.0,0,N
63,5,19,7,2,1,2,0,0,FRA,0,1,0,144.0,1,N
28,9,40,28,0,2,2,0,0,RUS,0,4,0,163.0,1,N
114,8,32,4,0,2,3,0,0,AUS,0,4,0,137.7,0,N
24,5,23,31,0,4,2,0,0,PRT,0,4,0,127.48,1,N
30,12,50,4,2,0,1,0,0,CHE,0,4,0,114.0,2,N
49,2,5,1,0,3,2,0,0,BEL,0,1,0,95.4,0,Y
136,7,28,9,2,3,2,2,0,ITA,0,6,0,172.55,0,Y
4,11,49,28,1,0,1,0,0,PRT,0,1,0,67.0,1,N
119,2,5,4,2,1,2,0,0,CHN,0,1,0,84.24,1,Y
60,4,14,7,1,2,2,0,0,ESP,0,1,0,126.0,0,Y
40,9,38,13,0,4,1,0,0,FRA,0,1,2,108.0,0,N
167,8,35,30,0,2,2,0,0,CN,0,1,0,112.5,2,N
198,5,21,20,0,1,2,0,0,PRT,0,1,0,65.0,0,N
0,9,40,29,1,3,1,0,0,PRT,0,1,1,131.0,0,Y
49,1,3,19,0,3,2,0,0,FRA,0,5,2,153.87,0,Y
301,8,33,14,0,2,2,0,0,PRT,1,1,0,101.5,0,Y
62,4,14,1,1,2,2,0,0,FRA,0,4,0,106.2,0,N
271,12,49,3,2,1,2,0,0,ESP,0,1,0,78.3,0,N
302,8,32,2,2,8,2,0,0,DEU,0,2,0,74.6,1,N
64,10,42,16,0,1,2,0,0,FRA,0,1,0,85.0,0,N
149,5,18,6,2,3,2,0,0,CN,0,1,0,79.0,1,N
16,5,22,29,1,3,2,0,0,ITA,0,1,0,125.0,1,N
315,7,27,7,0,1,2,0,0,USA,0,2,1,91.85,3,Y
308,11,48,23,0,3,1,0,0,NOR,0,1,0,78.3,2,N
92,3,11,15,0,3,2,0,0,PRT,0,1,0,85.0,0,Y
40,8,35,29,0,1,1,0,0,PRT,0,4,0,95.0,0,N
115,7,31,29,2,5,2,0,0,FRA,0,1,0,76.5,1,N
67,2,9,26,2,1,1,1,0,NLD,0,1,0,73.46,2,N
19,6,24,11,2,0,2,0,0,BRA,0,1,0,109.0,1,N
42,2,7,15,0,4,2,0,0,ESP,0,1,0,74.8,2,N
42,11,48,22,0,3,2,0,0,ITA,0,1,0,72.0,0,N
53,11,48,21,1,4,2,0,0,FRA,0,1,0,88.4,1,N
253,5,19,4,0,4,2,0,0,PRT,0,1,0,90.0,0,Y
292,8,32,5,0,2,2,0,0,PRT,1,1,0,62.0,0,Y
65,9,37,5,1,3,2,0,0,BEL,0,4,0,123.98,0,N
116,2,10,28,2,1,1,0,0,PRT,0,1,0,61.0,0,Y
92,4,18,25,1,3,2,0,0,ITA,0,1,0,90.95,0,Y
153,7,27,8,2,1,3,0,0,CHE,0,4,0,116.1,1,N
27,9,40,30,0,2,2,0,0,PRT,0,1,0,108.0,0,Y
169,6,23,8,0,3,2,0,0,PRT,0,1,0,170.0,0,Y
32,5,19,7,2,3,3,0,0,THA,0,4,0,225.2,0,Y
27,3,13,22,0,4,2,2,1,ESP,0,7,1,277.5,0,Y
7,6,25,16,2,4,2,0,0,LBN,0,4,0,156.0,1,Y
71,6,25,14,0,3,1,0,0,PRT,0,1,0,120.0,0,Y
33,6,25,18,2,1,2,0,0,FRA,0,1,0,133.33,1,N
20,2,7,14,0,3,2,0,0,FRA,0,1,0,75.0,0,N
16,12,53,28,2,4,2,0,0,PRT,0,1,0,76.67,0,Y
54,3,12,19,2,1,1,0,0,IRL,0,1,0,55.8,0,N
103,5,19,4,0,3,2,0,0,FRA,0,1,0,80.0,0,N
30,9,38,16,0,2,1,0,0,PRT,0,1,0,85.5,2,N
56,7,28,15,2,1,2,0,0,DEU,0,1,0,133.33,0,Y
47,12,49,5,2,1,2,0,0,PRT,0,1,0,62.0,0,N
102,10,42,16,0,2,2,0,0,DEU,0,1,0,109.0,0,N
236,8,33,17,1,3,2,0,0,FRA,0,5,1,193.28,2,N
64,6,23,5,1,3,2,0,0,IRL,0,1,0,140.0,0,N
101,4,15,9,2,5,2,0,0,FIN,0,1,0,70.99,2,N
350,9,40,30,1,2,2,0,0,PRT,1,1,0,90.0,0,Y
132,3,10,9,0,3,2,0,0,FRA,0,1,0,79.2,2,N
51,3,11,10,1,3,2,0,0,ITA,0,1,0,63.75,1,N
21,3,10,7,0,4,2,0,0,FRA,0,4,0,134.73,1,N
1,3,12,15,0,1,2,0,0,ESP,0,1,0,97.0,1,N
70,7,30,26,0,1,2,0,0,IRL,0,1,0,159.0,1,N
192,7,31,31,1,2,2,0,0,FRA,0,1,2,120.83,0,N
15,2,7,17,0,2,2,0,0,PRT,0,1,0,95.0,0,Y
188,6,25,15,0,2,1,0,0,PRT,0,1,0,130.0,0,Y
23,5,20,17,0,1,1,0,0,PRT,1,1,0,104.0,2,N
6,9,40,28,1,1,2,0,0,GBR,0,1,0,170.0,0,N
188,8,33,13,1,1,2,0,0,ISR,0,1,0,105.3,0,Y
297,5,20,14,1,1,2,0,0,FRA,0,1,0,65.0,0,N
20,2,6,7,0,2,1,0,0,IRL,0,1,0,98.0,0,N
137,5,21,26,0,2,2,0,0,IRL,0,1,0,126.0,0,Y
104,5,19,3,0,2,2,0,0,TWN,0,1,0,105.3,1,N
57,6,24,8,0,3,2,0,0,ARG,0,1,0,117.9,0,Y
615,3,11,16,0,2,2,0,0,PRT,0,1,0,62.0,0,Y
95,11,45,5,0,1,1,0,0,PRT,0,1,0,75.0,0,Y
83,9,39,23,0,2,2,0,0,ESP,0,1,0,62.0,0,N
303,8,34,19,2,3,2,0,0,PRT,0,1,0,78.0,0,Y
117,4,18,29,0,2,2,0,0,PRT,0,1,0,72.67,0,Y
3,2,9,26,2,1,2,0,0,PRT,0,1,0,86.4,0,Y
426,9,37,8,0,2,2,0,0,PRT,0,1,0,62.0,0,Y
135,5,22,28,1,1,2,0,0,PRT,0,1,0,96.0,0,Y
66,8,36,29,1,1,2,0,0,DEU,0,1,0,72.25,0,N
384,7,30,20,0,2,2,0,0,PRT,0,1,0,65.0,0,Y
304,8,34,17,1,1,2,0,0,PRT,1,1,0,62.0,0,Y
51,3,13,31,1,2,3,0,0,IRL,0,4,0,164.4,1,N
51,7,27,3,1,0,2,0,0,IRL,0,1,0,120.0,1,Y
53,7,29,22,2,1,3,0,0,USA,0,5,0,219.33,0,Y
48,4,16,11,1,2,3,0,0,CHE,0,4,0,137.7,1,Y
13,4,18,28,0,3,2,0,0,GBR,0,1,0,137.67,1,Y
129,4,18,27,2,5,2,0,0,RUS,0,1,0,92.89,0,Y
55,4,15,6,0,1,1,0,0,PRT,0,4,1,92.0,0,N
2,10,42,13,0,1,1,0,0,PRT,0,1,0,109.65,0,N
63,3,10,7,0,5,2,0,0,RUS,0,1,0,68.0,1,N
161,3,13,31,1,2,3,0,0,DNK,0,4,0,157.2,0,Y
138,5,22,23,1,2,2,0,0,NLD,0,5,0,135.9,0,N
138,8,33,19,0,1,2,0,0,PRT,0,1,0,125.0,2,N
184,10,41,4,0,3,1,0,0,NOR,0,2,0,101.05,0,Y
21,8,34,19,2,2,2,0,0,BEL,0,1,0,151.0,1,N
21,3,12,22,0,2,2,1,0,GBR,0,1,0,137.0,3,N
0,9,40,30,0,1,2,0,0,BRA,0,1,0,114.0,1,N
1,8,35,26,0,3,2,1,0,ESP,0,1,1,99.3,0,N
165,5,20,19,2,2,2,0,0,PRT,0,1,0,225.0,0,Y
166,11,45,1,0,3,1,0,0,PRT,0,1,0,110.0,0,Y
9,2,7,17,2,2,2,0,0,FRA,0,1,0,92.65,1,N
174,9,36,2,2,2,2,0,0,SWE,0,1,0,119.85,1,N
23,3,12,16,0,1,2,0,0,PRT,0,1,0,80.0,0,N
102,8,35,31,2,5,3,0,0,FRA,0,5,0,225.43,2,N
320,8,34,18,0,2,2,0,0,DEU,0,1,0,115.0,1,N
207,9,40,29,0,2,2,0,0,PRT,1,1,0,48.0,0,Y
174,6,22,1,0,3,2,0,0,PRT,0,1,0,110.0,0,Y
68,2,8,17,0,2,2,0,0,PRT,1,1,0,75.0,0,Y
24,2,8,19,1,2,1,0,0,DEU,0,1,0,38.33,0,N
1,6,25,12,2,0,2,0,0,PRT,0,1,0,104.0,0,N
8,11,45,4,2,5,2,0,0,BRA,0,1,0,113.6,1,N
274,4,15,7,0,2,2,0,0,PRT,0,1,0,62.0,0,Y
305,11,45,4,1,2,2,0,0,PRT,0,1,0,89.0,0,Y
5,4,16,11,1,3,1,0,0,PRT,0,1,0,95.0,0,N
83,9,39,23,0,2,1,0,0,ESP,0,1,1,60.0,0,N
64,5,21,17,0,2,1,0,0,GBR,0,1,0,130.0,0,N
282,6,24,9,0,3,2,0,0,FRA,0,1,0,73.33,1,N
113,5,23,31,0,3,1,0,0,PRT,0,1,0,100.0,0,Y
11,6,25,19,1,3,2,0,0,IRL,0,1,0,128.0,1,N
114,2,7,15,0,4,2,0,0,ESP,0,1,0,78.0,0,N
30,2,6,6,1,3,2,2,0,FRA,0,6,0,142.8,0,N
50,12,53,31,0,3,2,0,0,ITA,0,1,0,71.33,0,N
196,3,13,29,0,4,2,0,0,FRA,0,1,0,75.0,0,N
4,2,8,14,2,1,2,0,0,FRA,0,5,0,127.0,0,N
20,5,18,4,0,1,1,0,0,FRA,0,1,0,130.0,1,N
70,6,23,3,0,2,2,0,0,FRA,0,2,0,100.0,0,N
4,12,51,16,0,1,1,0,0,PRT,0,1,0,70.0,0,N
30,6,23,2,0,2,2,0,0,PRT,0,1,0,140.0,0,Y
503,11,48,24,0,2,2,0,0,PRT,0,1,0,62.8,0,Y
270,5,19,13,2,3,2,0,0,BRA,0,1,0,109.44,2,Y
18,8,34,26,1,1,2,0,0,CHE,0,1,0,134.5,1,N
5,10,43,19,1,2,2,0,0,POL,0,1,0,90.0,0,N
46,5,20,8,2,3,2,1,0,BRA,0,1,0,143.1,0,Y
32,5,22,26,0,2,3,0,0,FRA,0,5,0,207.0,0,Y
257,7,27,1,0,2,2,0,0,PRT,0,1,0,101.5,0,N
238,6,26,28,0,4,2,0,0,FRA,0,1,0,114.53,1,N
5,8,35,22,1,4,2,0,0,DEU,0,4,0,155.0,2,N
1,2,7,16,0,1,1,0,0,GBR,0,1,0,89.0,0,N
1,7,30,20,0,1,2,0,0,PRT,0,1,0,111.0,1,N
157,7,27,5,0,4,2,0,0,ESP,0,4,0,116.1,0,Y
118,9,38,17,2,2,2,0,0,GBR,0,1,2,118.8,1,N
13,7,31,30,1,0,1,0,0,SWE,0,1,0,118.0,1,N
45,6,23,10,2,1,2,0,0,FRA,0,1,0,120.0,0,Y
490,7,30,29,2,1,2,0,0,PRT,0,1,0,90.0,0,Y
37,3,10,5,2,3,2,0,0,GBR,0,1,0,68.0,0,N
33,10,43,21,0,4,1,0,0,PRT,1,1,0,17.6,1,Y
105,11,48,27,1,2,2,0,0,NLD,0,1,0,72.25,2,N
391,8,32,4,0,2,2,0,0,PRT,0,1,0,62.0,0,Y
9,8,34,14,2,0,2,0,0,ESP,0,1,1,153.0,2,N
20,10,43,18,2,1,2,0,0,FRA,0,4,0,84.0,0,N
263,10,43,21,0,2,2,0,0,PRT,0,1,0,110.0,0,Y
69,6,25,12,2,4,1,0,0,PRT,0,1,0,120.0,0,Y
192,4,18,30,2,0,2,0,0,BEL,0,1,1,117.0,0,N
7,6,25,12,4,6,2,2,0,SAU,0,6,0,213.0,0,Y
123,5,22,22,2,2,2,0,1,IRL,0,4,1,107.95,2,N
102,7,30,23,2,2,3,0,0,AUT,0,4,0,140.4,0,N
198,12,49,5,2,1,2,0,0,ESP,0,1,0,90.0,0,Y
0,5,21,20,0,1,1,0,0,ARG,0,1,1,149.0,0,N
119,4,16,15,0,2,1,0,0,PRT,0,1,0,90.9,0,N
22,11,45,1,0,4,2,0,0,GBR,0,1,0,111.0,2,N
10,11,46,6,2,3,1,0,0,PRT,0,1,1,99.0,0,N
94,4,16,13,0,2,2,0,0,NLD,0,1,0,85.5,1,N
108,10,41,7,0,2,2,0,0,FRA,0,1,0,118.8,1,N
9,8,35,23,0,2,2,0,0,ESP,0,1,0,137.0,2,N
489,11,46,10,0,2,2,0,0,PRT,0,1,0,62.8,0,Y
626,11,46,7,1,2,2,0,0,PRT,0,1,0,62.8,0,Y
173,6,23,4,2,2,2,0,0,PRT,0,1,0,120.0,0,Y
146,4,18,24,2,0,2,0,0,PRT,0,1,0,95.0,0,Y
39,1,1,2,1,3,2,0,0,ITA,0,1,0,88.4,0,Y
450,7,28,11,0,1,2,0,0,PRT,0,1,0,90.0,0,Y
31,2,6,5,0,1,2,0,0,USA,0,1,0,89.3,1,N
75,3,12,17,0,2,2,0,0,ESP,0,1,0,72.0,0,Y
161,3,13,25,1,2,2,0,0,PRT,0,1,0,130.0,0,Y
1,2,10,28,2,1,1,0,0,PRT,0,1,0,60.0,0,Y
43,11,49,30,0,4,2,0,0,ITA,0,1,0,88.4,4,Y
32,2,8,19,2,1,2,0,0,FRA,0,1,0,75.0,0,N
12,10,43,21,0,2,2,0,0,DEU,0,1,0,140.0,1,N
33,2,8,17,0,4,2,0,0,DEU,0,4,1,72.38,0,N
142,8,33,16,0,4,2,0,0,ITA,0,1,0,125.0,0,Y
134,12,49,4,2,2,2,0,0,PRT,0,1,0,65.0,0,Y
20,9,39,20,2,3,2,0,0,CHE,0,4,0,118.15,1,N
59,9,36,1,0,3,2,0,0,FRA,0,4,0,123.3,2,N
0,5,22,29,1,0,1,0,0,PRT,0,1,0,130.0,0,N
213,6,24,7,0,3,2,0,0,PRT,0,1,0,130.0,0,Y
93,6,25,22,2,3,2,0,0,PRT,0,1,0,99.0,0,Y
184,10,41,4,0,3,2,0,0,NOR,0,4,0,122.4,0,Y
309,5,20,13,1,2,2,0,0,PRT,0,1,0,101.0,0,Y
2,1,4,27,0,2,2,0,0,ESP,0,1,1,97.0,0,N
11,9,39,22,0,2,1,0,0,DNK,0,1,0,84.0,0,N
42,9,37,4,2,3,2,2,0,GBR,0,6,0,182.34,1,Y
189,6,22,2,0,2,2,0,0,PRT,0,1,0,100.0,0,Y
329,5,19,10,0,4,2,0,0,NOR,0,1,14,104.4,2,N
127,6,25,23,1,2,2,0,0,DEU,0,4,0,126.0,0,N
2,4,18,29,2,4,2,0,0,CN,0,4,0,151.0,1,N
25,9,38,19,2,4,2,0,0,PRT,0,4,0,118.15,1,N
14,10,42,15,0,2,1,0,0,DZA,0,1,0,100.0,0,N
144,9,39,22,1,3,2,0,0,GBR,0,1,0,129.6,2,Y
53,3,11,14,0,5,2,0,0,GBR,0,1,1,69.0,1,N
241,7,27,6,0,3,2,0,0,GBR,0,1,0,89.1,1,N
100,5,19,4,0,4,2,0,0,CZE,0,1,0,119.85,0,Y
15,11,48,26,0,2,2,0,0,BRA,0,4,0,72.07,0,N
49,12,53,30,0,4,1,1,0,PRT,1,5,0,134.0,1,Y
351,10,40,3,2,2,1,0,0,PRT,1,1,0,60.0,0,Y
8,1,3,17,0,1,1,0,0,NLD,0,1,0,70.0,0,Y
27,3,13,21,1,3,2,0,1,FRA,0,1,1,62.8,0,N
297,8,33,10,1,1,2,0,0,PRT,1,1,0,62.0,0,Y
9,2,7,18,2,5,2,1,0,FRA,0,1,0,106.13,0,Y
67,7,30,29,0,1,2,2,0,NOR,0,6,0,240.0,0,N
148,5,19,5,0,3,2,0,0,DEU,0,1,0,105.3,0,N
50,12,50,9,0,2,2,0,0,PRT,0,1,0,87.0,2,N
142,4,17,22,2,3,2,0,0,POL,0,1,0,103.0,0,Y
12,5,18,2,2,5,2,0,0,DEU,0,1,0,137.14,0,Y
179,7,28,4,1,4,1,0,0,GBR,0,1,0,66.76,1,N
274,4,15,7,0,2,2,0,0,PRT,0,1,0,62.0,0,Y
34,12,50,8,0,2,1,0,0,PRT,1,1,0,90.0,0,Y
304,11,45,3,0,3,2,0,0,PRT,0,1,0,89.0,0,Y
187,8,33,12,1,2,2,1,0,BEL,0,1,0,121.5,1,N
11,2,8,23,0,3,2,0,0,RUS,0,4,0,121.33,1,N
3,2,7,8,1,0,1,0,0,PRT,0,1,1,129.0,1,N
36,8,32,7,0,2,2,0,0,ESP,0,1,0,62.0,0,N
302,9,38,16,1,2,2,0,0,PRT,0,1,0,100.0,0,Y
227,7,31,28,2,4,2,3,0,FRA,0,2,2,79.26,0,Y
34,4,15,14,0,2,3,0,0,BRA,0,5,0,220.0,0,Y
1,2,7,8,1,3,2,2,0,FRA,0,5,1,157.0,2,N
20,12,50,8,0,1,2,0,0,ITA,0,1,0,88.0,1,Y
396,6,26,25,2,0,2,0,0,PRT,0,1,1,186.4,1,N
56,9,39,25,2,2,2,0,0,PRT,0,1,0,185.0,0,N
177,3,12,23,1,3,2,1,0,TWN,0,1,2,103.7,0,Y
80,10,41,9,0,2,2,0,0,PRT,0,4,0,136.0,0,N
12,5,21,24,0,3,2,0,0,GBR,0,1,0,99.0,0,N
17,5,22,28,2,0,1,0,0,PRT,0,1,1,0.0,1,N
169,6,23,8,0,3,2,0,0,PRT,0,1,0,170.0,0,Y
34,9,40,25,2,1,2,0,0,FRA,0,1,0,117.0,2,N
40,10,41,5,1,1,2,0,0,ITA,0,1,0,70.0,0,N
42,3,11,11,0,2,2,0,0,BEL,0,1,0,81.9,0,N
105,8,33,13,2,2,2,0,0,ITA,0,1,0,125.0,0,Y
47,4,16,12,0,1,1,0,0,ESP,0,1,0,99.9,0,Y
13,8,34,20,0,3,2,0,0,PRT,0,1,0,90.0,2,N
119,12,52,24,1,1,2,0,0,GBR,0,4,0,102.6,0,Y
89,7,28,9,2,0,2,0,0,FIN,0,1,0,71.1,1,N
353,10,41,5,1,1,2,0,0,PRT,1,1,0,62.0,0,Y
191,4,14,6,2,3,2,0,0,DEU,0,1,0,88.4,0,N
33,10,43,19,1,1,2,0,0,FRA,0,1,0,96.3,2,N
104,5,20,15,1,2,1,0,0,PRT,0,1,0,160.0,0,Y
398,8,33,11,0,2,2,0,0,PRT,0,1,0,62.0,0,Y
293,8,32,6,0,2,2,0,0,PRT,1,1,0,62.0,0,Y
17,2,6,10,1,2,2,0,0,ESP,0,1,0,97.0,0,N
55,4,15,6,0,1,2,0,0,PRT,0,1,0,104.0,0,N
103,4,17,19,0,2,1,0,0,PRT,0,1,0,115.0,0,Y
64,9,36,2,0,2,2,0,0,CN,0,1,0,82.45,0,N
152,5,21,26,1,2,2,0,0,GBR,0,1,0,112.0,0,N
0,2,8,20,1,2,3,0,0,NLD,0,4,0,193.0,2,N
605,10,43,17,1,2,2,0,0,PRT,0,1,0,60.0,0,Y
248,5,21,25,0,3,0,2,0,FRA,0,2,0,123.05,2,N
12,10,44,25,2,1,2,0,0,PRT,0,1,0,85.67,0,N
116,3,12,24,0,2,1,0,0,FRA,0,1,0,90.0,0,N
384,7,30,20,0,2,2,0,0,PRT,0,1,0,65.0,0,Y
0,8,34,16,0,1,2,0,0,PRT,0,2,0,138.0,0,N
56,3,12,21,0,3,2,0,0,PRT,0,1,0,85.0,0,Y
164,5,20,15,1,2,1,0,0,PRT,0,1,0,160.0,0,Y
197,6,23,3,1,2,2,0,0,PRT,1,1,0,80.0,0,Y
61,5,19,7,2,1,3,0,0,FRA,0,1,0,159.3,0,Y
150,6,24,17,2,3,1,0,0,PRT,0,1,0,120.0,0,Y
88,10,41,5,1,1,2,0,0,ITA,0,1,0,112.2,0,N
33,12,50,9,0,2,2,0,0,PRT,1,1,0,110.0,0,Y
43,6,23,6,0,2,2,0,0,LUX,0,6,1,259.0,0,N
227,6,25,23,0,2,2,0,0,ITA,0,1,0,99.0,0,Y
447,9,40,29,0,2,2,0,0,PRT,0,1,0,62.0,0,Y
2,11,48,25,0,2,2,0,0,PRT,0,6,0,144.8,0,N
74,9,38,18,0,2,2,0,0,PRT,0,1,0,109.0,0,N
102,8,33,18,0,2,2,0,0,GBR,0,1,0,125.0,1,Y
86,4,13,1,2,2,3,0,0,DEU,0,4,1,157.25,1,N
99,2,8,19,0,1,2,0,0,PRT,1,1,0,80.0,0,Y
16,4,16,21,0,2,2,0,0,ISR,0,1,0,124.0,1,N
19,11,45,5,2,5,2,0,0,DEU,0,5,0,147.71,0,N
77,4,16,13,0,4,2,0,0,DEU,0,1,0,90.95,0,N
170,6,26,30,2,2,3,0,0,BEL,0,4,0,156.38,0,Y
52,3,12,17,2,3,1,0,0,BEL,0,4,2,104.08,2,N
30,11,46,12,2,2,2,0,0,ITA,0,1,0,68.71,0,Y
20,5,20,14,2,0,2,0,0,DEU,0,4,0,170.0,1,Y
38,9,39,19,1,2,1,0,0,ROU,0,1,1,81.0,1,N
47,9,38,13,0,3,1,0,0,ESP,0,4,0,120.0,0,N
115,2,9,27,2,3,1,0,0,MAR,0,1,1,76.0,0,N
0,10,44,30,2,5,1,0,0,DEU,0,1,0,62.0,0,N
19,2,7,7,2,1,2,0,0,ESP,0,4,0,82.8,2,N
64,4,15,13,0,2,2,0,0,ESP,0,4,0,144.0,2,N
27,4,17,29,1,1,2,0,0,LUX,0,1,0,115.0,2,Y
250,7,27,8,2,3,0,2,0,JOR,0,2,0,93.65,1,N
201,11,45,1,0,4,2,1,0,CHE,0,1,1,82.28,3,N
7,2,6,5,1,2,2,0,0,BRA,0,1,0,79.0,0,Y
23,8,31,1,0,1,2,0,0,FRA,0,1,0,108.0,1,N
351,10,40,3,2,2,2,0,0,PRT,1,1,0,62.0,0,Y
189,8,34,22,0,3,2,0,0,PRT,0,1,0,80.1,1,Y
132,7,29,11,1,3,2,0,0,GBR,0,1,0,101.58,1,N
152,6,26,26,1,3,2,0,0,CHE,0,4,0,126.0,0,Y
115,8,34,20,2,1,1,0,0,GBR,0,4,1,125.0,0,N
40,9,36,3,1,1,2,0,0,PRT,0,1,0,96.0,0,Y
336,9,38,18,0,2,2,0,0,PRT,1,1,0,109.0,0,Y
20,8,33,18,0,2,2,0,0,PRT,0,1,0,128.0,1,Y
39,8,33,14,0,2,2,0,0,DEU,0,1,1,109.0,0,N
133,7,29,12,0,3,3,0,0,GBR,0,1,0,137.7,2,N
72,3,14,31,0,3,2,0,0,NLD,0,1,0,67.22,1,N
86,9,39,24,0,2,2,0,0,PRT,0,1,0,120.0,0,Y
102,10,42,16,0,2,2,0,0,DEU,0,1,0,109.0,0,N
27,6,23,7,0,4,2,0,0,ITA,0,4,0,153.0,0,N
28,11,46,11,1,2,3,0,0,USA,0,4,0,166.67,0,Y
227,6,22,1,0,3,3,0,0,FRA,0,4,0,157.5,2,N
143,11,48,24,1,3,2,2,0,USA,0,5,0,122.1,0,N
0,9,38,15,0,1,2,0,0,PRT,0,1,0,133.0,0,N
168,7,31,31,1,3,2,2,0,FRA,0,6,0,235.0,0,N
320,6,25,18,2,4,2,0,0,POL,0,1,0,109.8,1,N
50,11,46,11,1,2,2,0,0,FRA,0,1,0,75.0,1,N
151,7,28,6,1,4,2,0,0,GBR,0,4,0,120.7,1,N
125,4,15,10,1,5,2,0,0,NOR,0,1,0,121.5,2,N
27,5,23,29,2,2,2,0,0,PRT,0,1,0,80.75,1,Y
40,5,22,30,0,2,2,0,0,PRT,0,1,0,130.0,0,Y
198,12,49,5,2,1,3,0,0,ESP,0,1,0,130.5,0,Y
245,4,15,13,0,3,2,0,0,CYP,0,1,0,99.0,1,Y
217,8,33,7,2,4,2,0,0,BEL,0,1,0,80.75,1,N
281,7,30,25,2,2,2,0,0,PRT,1,1,0,62.0,0,Y
19,6,25,13,1,0,1,0,0,NOR,0,1,0,94.0,0,N
23,11,48,25,1,2,2,0,0,KOR,0,1,2,104.0,1,N
55,2,7,12,2,1,2,0,0,FRA,0,1,0,79.2,2,N
114,4,15,3,2,3,2,0,0,DEU,0,1,0,80.75,0,N
398,8,33,11,0,2,2,0,0,PRT,0,1,0,62.0,0,Y
92,10,41,7,0,4,2,0,0,PRT,0,1,0,100.0,0,N
14,3,12,13,2,2,2,0,0,NLD,0,1,0,100.0,1,N
19,1,1,2,1,3,2,0,0,DEU,0,1,0,100.0,1,N
212,7,27,8,1,1,1,0,0,KOR,0,1,0,100.0,2,Y
67,3,13,26,0,1,2,0,0,PRT,0,1,0,100.0,1,N
5,9,39,21,1,0,1,0,0,GBR,0,1,0,100.0,0,N
77,7,31,26,0,4,2,0,0,DEU,0,4,2,100.0,1,N
0,5,18,6,2,5,2,0,0,NOR,0,5,0,100.0,2,N
35,5,19,9,0,2,2,0,0,DEU,0,1,0,100.0,0,N
2,9,39,22,0,1,2,0,0,IRL,0,4,0,155.81,0,N
191,8,32,1,1,2,3,0,0,PRT,0,1,2,96.9,0,N
24,5,20,11,0,4,1,0,0,FRA,0,1,0,135.0,0,N
180,8,33,16,0,1,1,1,0,PRT,0,1,0,121.0,0,Y
122,4,16,15,0,2,2,0,0,PRT,0,1,1,85.0,0,N
130,8,31,1,2,1,2,0,0,PRT,0,1,0,85.5,1,Y
1,8,34,16,0,1,2,0,0,PRT,0,1,0,184.5,2,N
15,1,3,18,0,1,1,0,0,PRT,1,1,0,89.0,2,N
379,7,30,21,0,2,2,0,0,PRT,0,1,0,62.0,0,Y
113,5,23,31,0,3,1,0,0,PRT,0,1,0,100.0,0,Y
66,4,15,9,2,0,2,0,0,PRT,0,1,0,100.0,0,Y
372,4,14,4,0,1,2,0,0,PRT,0,1,0,90.0,0,Y
70,2,7,15,0,4,2,0,0,ESP,0,1,0,78.0,0,N
127,5,19,6,0,2,2,0,0,ESP,0,1,0,105.3,0,Y
207,12,53,30,1,2,2,0,0,FRA,0,1,0,161.67,0,N
103,3,12,18,0,2,2,0,0,ITA,0,1,1,78.3,0,N
17,2,7,18,2,1,2,0,0,GBR,0,1,0,80.0,0,N
95,11,45,5,0,1,1,0,0,PRT,0,1,0,75.0,0,Y
143,8,34,23,0,4,2,0,0,ITA,0,4,0,155.0,1,N
272,8,34,20,4,5,2,0,0,GBR,0,1,0,105.1,0,Y
4,4,16,21,0,2,2,2,0,PRT,0,6,1,0.0,2,N
14,5,18,1,1,0,2,0,0,POL,0,1,0,140.0,2,N
91,3,12,18,0,2,1,0,0,PRT,0,1,0,75.0,0,Y
1,2,7,14,0,1,2,0,0,PRT,0,1,1,98.0,2,N
57,7,30,18,1,0,2,0,0,USA,0,1,0,84.6,0,N
60,12,49,2,2,2,2,0,0,ESP,0,1,2,74.8,0,Y
10,10,40,2,1,2,2,0,0,BEL,0,4,0,186.67,2,N
106,6,22,1,0,2,3,0,0,ESP,0,4,0,180.0,2,Y
3,1,4,18,1,2,1,0,0,PRT,2,1,0,66.0,0,N
12,8,34,22,0,1,2,0,0,DEU,0,1,2,81.0,0,N
10,3,14,31,0,1,1,0,0,PRT,0,1,0,95.0,0,Y
15,6,25,21,0,1,1,0,0,GBR,0,1,0,128.0,1,N
32,6,26,28,0,3,3,0,0,IRL,0,4,0,216.67,0,Y
118,6,24,6,1,1,1,0,0,RUS,0,1,1,110.0,0,N
99,7,30,22,0,3,2,0,0,PRT,0,1,1,68.5,0,Y
21,3,10,4,0,1,2,0,0,SVN,0,1,0,129.0,0,Y
101,6,27,27,1,5,1,0,0,PRT,0,1,0,140.0,0,Y
309,5,18,2,0,4,2,0,0,CHE,0,1,0,109.8,3,N
0,5,19,8,1,1,2,0,0,CN,0,4,0,139.5,0,Y
27,6,26,20,1,3,2,0,0,FIN,0,1,0,80.75,0,N
457,8,34,25,0,2,2,0,0,DEU,0,1,1,122.4,1,N
255,5,21,27,2,1,2,0,0,SWE,0,1,0,119.0,0,Y
348,6,22,3,2,1,2,0,0,PRT,0,1,0,90.0,0,Y
116,9,38,18,1,2,2,0,0,PRT,0,1,0,96.05,0,Y
49,6,23,4,1,1,2,0,0,SWE,0,4,0,135.9,1,N
184,5,22,28,2,3,2,0,0,PRT,0,1,0,130.0,0,Y
2,6,25,21,0,1,1,0,0,ESP,0,4,0,185.0,0,Y
137,8,32,4,1,3,3,0,0,UKR,0,4,2,136.34,1,N
0,8,33,14,0,2,2,0,0,PRT,0,1,0,109.0,0,Y
156,8,35,21,2,1,2,0,0,FRA,0,1,0,103.5,0,N
102,12,49,1,2,3,2,2,0,FIN,0,6,0,147.9,1,N
51,4,14,1,1,2,2,0,0,IRL,0,4,0,106.2,0,N
10,8,33,13,1,1,2,0,0,FRA,0,1,0,156.0,2,N
79,5,19,2,1,2,2,0,0,BEL,0,1,0,116.1,0,N
59,7,28,10,1,2,3,0,0,DEU,0,4,0,138.0,1,N
273,7,29,17,0,2,2,0,0,PRT,1,1,0,101.5,0,Y
77,4,16,14,0,1,1,0,0,ESP,0,1,0,90.9,1,Y
0,10,41,5,0,1,2,0,0,PRT,0,1,0,150.0,1,N
97,5,21,22,1,1,2,0,0,CHN,0,1,0,101.25,0,N
1,10,41,10,1,1,2,0,0,PRT,0,1,0,62.0,0,N
64,9,36,1,1,3,2,0,0,CHE,0,1,0,107.1,2,N
153,8,32,10,1,3,2,0,0,GBR,0,1,0,90.0,0,N
414,7,28,13,0,2,2,0,0,PRT,0,1,0,80.0,0,Y
108,7,31,30,2,3,2,0,0,ESP,0,1,0,81.25,0,N
69,10,44,25,2,1,2,0,0,PRT,0,1,0,85.67,0,N
335,10,42,13,0,3,2,0,0,PRT,0,1,1,90.0,1,Y
182,5,20,16,0,3,2,0,0,BRA,0,4,0,138.6,2,Y
102,5,19,5,1,3,2,0,0,DEU,0,4,0,132.6,1,N
85,10,41,6,1,3,2,0,0,CN,0,1,0,85.0,1,N
51,2,8,25,2,1,2,2,0,PRT,0,6,0,212.4,2,Y
0,2,7,10,0,0,2,0,0,PRT,0,1,0,0.0,1,N
192,5,20,19,0,1,1,0,0,PRT,0,1,0,90.0,0,Y
233,10,42,14,1,2,2,0,0,PRT,0,1,0,90.0,0,Y
9,2,6,4,0,3,2,0,0,DEU,0,1,0,79.0,0,Y
195,1,1,4,0,4,2,0,0,USA,0,1,0,74.8,0,Y
137,1,5,27,0,2,1,0,0,PRT,1,1,0,70.0,0,Y
178,6,23,9,0,2,2,0,0,PRT,0,1,0,130.0,0,Y
121,3,13,31,0,2,2,0,0,FRA,0,1,0,89.1,0,N
134,12,49,4,2,2,2,0,0,PRT,0,1,0,65.0,0,Y
270,3,12,23,0,3,2,0,0,DEU,0,1,0,90.0,3,Y
180,10,42,10,1,2,1,0,0,PRT,0,1,1,120.0,0,N
4,3,13,22,0,2,3,0,0,PRT,0,4,0,137.0,0,N
49,12,53,28,1,4,2,0,0,ESP,0,1,0,145.61,1,N
71,3,11,17,2,3,2,1,0,PRT,0,4,0,76.5,2,Y
59,3,11,10,1,3,2,0,0,ITA,0,4,0,82.45,0,Y
241,10,43,19,1,2,1,0,0,USA,0,1,1,50.0,0,N
396,6,26,25,2,0,2,0,0,DEU,0,1,0,122.4,1,N
6,11,48,24,2,3,1,0,0,ITA,0,1,0,68.67,0,N
156,8,32,11,1,2,2,1,0,ESP,0,1,0,157.5,2,N
80,6,22,2,1,2,3,1,0,FRA,0,7,0,315.0,2,Y
107,11,48,25,0,2,2,0,0,ESP,0,1,0,68.0,0,N
17,3,11,11,0,2,2,0,0,BEL,0,1,0,97.0,1,Y
1,2,6,8,0,1,1,0,0,PRT,0,1,0,89.0,1,N
124,7,30,29,0,1,2,0,0,PRT,0,1,0,125.0,0,N
316,5,22,26,0,3,2,0,0,AUT,0,1,0,110.0,0,N
61,7,31,31,1,0,2,0,0,FRA,0,1,1,185.0,1,N
37,10,42,13,0,3,2,0,0,PRT,0,1,0,105.0,0,Y
267,9,40,30,1,2,2,0,0,PRT,0,1,0,95.0,0,Y
72,9,38,18,0,1,2,0,0,PRT,0,1,0,108.0,0,N
159,9,39,19,1,2,2,0,0,BRA,0,1,0,144.0,0,N
25,12,52,26,2,1,2,0,0,FRA,0,1,0,62.64,0,N
440,9,39,22,0,2,2,0,0,PRT,0,1,0,62.0,0,Y
27,9,40,26,1,3,2,0,0,HUN,0,4,0,127.94,0,N
96,4,17,26,0,2,2,0,0,PRT,0,1,0,130.0,0,Y
42,8,34,14,2,2,2,0,0,FRA,0,1,0,144.9,1,N
72,8,33,16,0,1,3,0,0,GBR,0,4,0,267.0,3,N
215,11,48,21,1,1,1,0,0,CZE,0,1,1,75.0,0,N
91,4,18,25,1,3,2,0,0,PRT,0,1,0,90.95,1,N
237,4,16,22,2,2,2,0,0,FRA,0,1,0,113.4,0,Y
106,12,50,9,0,2,2,0,0,PRT,0,1,0,75.0,0,Y
336,9,38,18,0,2,2,0,0,PRT,1,1,0,101.5,0,Y
54,1,3,18,0,3,2,0,0,PRT,0,1,0,65.0,0,Y
62,4,16,17,1,1,2,0,0,GBR,0,1,0,108.0,0,N
45,5,18,6,2,2,2,0,0,NLD,0,1,0,152.1,0,Y
0,1,5,30,1,0,1,0,0,GBR,0,1,0,65.0,1,N
330,6,23,2,0,2,2,0,0,PRT,0,1,0,62.0,0,Y
96,10,42,13,0,3,2,0,0,ARG,0,6,1,190.8,2,N
117,4,17,29,0,1,1,0,0,BRA,0,5,0,153.0,0,Y
20,7,30,22,0,2,2,0,0,PRT,0,1,0,62.0,0,Y
68,2,8,17,0,2,2,0,0,PRT,1,1,0,75.0,0,Y
2,10,44,27,0,2,2,0,0,ITA,0,1,0,130.0,3,N
265,6,25,24,4,8,2,0,0,PRT,0,1,0,112.87,2,Y
113,1,1,4,2,4,3,0,0,RUS,0,4,2,119.0,1,Y
29,5,18,1,1,2,2,0,0,CHN,0,1,0,135.2,1,N
25,6,23,2,0,2,2,0,0,ISR,0,4,1,148.0,1,N
28,8,36,29,1,3,2,0,0,DEU,0,1,0,90.98,0,N
17,9,36,3,0,3,1,1,0,DEU,0,2,0,89.25,1,N
315,9,40,30,1,2,2,0,0,PRT,0,1,0,160.0,0,Y
323,9,36,5,1,1,2,0,0,PRT,1,1,0,62.0,0,Y
276,3,12,24,2,2,2,1,0,TUR,0,1,0,100.3,2,N
159,5,20,13,2,2,2,0,0,DEU,0,1,1,114.75,1,N
24,9,38,17,0,3,2,0,0,FRA,0,1,0,117.67,1,N
342,9,39,24,2,4,2,0,0,PRT,1,1,0,170.0,0,Y
125,4,16,20,0,3,2,0,0,PRT,0,1,0,85.0,0,Y
20,6,27,26,1,0,2,0,0,PRT,0,1,0,89.0,1,N
96,9,40,28,1,1,2,0,0,PRT,0,5,0,138.0,0,Y
184,3,13,26,2,3,2,0,0,BRA,0,1,2,70.72,0,N
68,9,40,29,0,2,1,0,0,PRT,0,1,1,58.0,0,Y
87,6,22,3,2,2,2,0,0,SWE,0,5,0,180.0,0,Y
12,10,42,10,1,0,2,0,0,PRT,0,1,0,130.0,0,N
91,4,15,4,1,2,2,0,0,PRT,0,1,0,80.0,0,Y
9,11,48,20,1,0,2,0,0,NLD,0,1,1,95.0,0,N
258,9,40,29,0,1,2,0,0,CN,0,1,0,106.2,1,Y
2,8,34,24,0,1,2,0,0,MEX,0,1,0,140.0,1,N
6,7,28,15,2,2,2,0,0,GBR,0,1,0,101.0,1,N
82,9,37,6,1,5,2,0,0,PRT,0,1,2,95.0,0,N
386,7,31,28,0,2,2,0,0,PRT,0,1,0,62.0,0,Y
55,4,15,6,0,1,1,0,0,PRT,0,4,1,92.0,0,N
10,10,44,29,2,1,2,0,0,ITA,0,1,0,120.0,3,Y
396,6,26,25,2,0,2,0,0,DEU,0,1,0,122.4,1,N
20,6,27,26,1,0,2,0,0,PRT,0,1,0,89.0,1,N
136,5,19,6,0,2,2,0,0,ESP,0,1,0,105.3,1,N
60,10,42,12,1,3,2,0,0,PRT,0,1,0,65.0,1,N
45,6,25,17,1,2,2,0,0,FRA,0,1,0,65.0,1,N
44,7,31,30,2,2,2,0,0,DEU,0,1,0,169.0,1,N
64,5,21,17,0,2,1,0,0,PRT,0,1,0,130.0,0,Y
23,2,6,7,0,4,3,0,0,ROU,0,5,0,125.8,2,N
14,1,4,21,0,3,1,0,0,PRT,0,1,0,81.0,1,N
111,8,33,11,0,2,3,0,0,ESP,0,4,0,155.7,1,N
336,9,38,18,0,2,1,0,0,PRT,1,1,1,80.0,0,Y
92,3,11,15,0,3,2,0,0,PRT,0,1,0,85.0,0,Y
17,11,45,3,0,2,2,0,0,NLD,0,4,0,130.0,2,N
15,3,12,22,0,2,1,0,0,FRA,0,4,0,98.4,0,N
6,12,50,10,0,2,1,0,0,DEU,0,1,0,0.0,0,N
42,11,49,29,0,3,2,0,0,PRT,0,1,0,90.0,0,Y
7,8,34,17,1,1,2,2,0,NLD,0,6,1,153.0,0,N
51,12,50,5,1,2,2,0,0,FRA,0,1,0,108.0,2,N
11,11,45,1,2,1,2,0,0,DEU,0,1,0,87.0,1,N
2,2,6,10,0,2,2,0,0,AGO,0,1,0,98.0,2,N
16,2,9,26,0,2,2,0,0,FRA,0,1,0,87.0,0,N
73,6,24,11,2,1,3,0,0,DEU,0,4,0,210.0,0,Y
55,9,37,6,2,0,2,0,0,PRT,0,1,0,75.0,0,Y
75,8,34,23,2,8,2,0,0,BEL,0,1,0,81.0,0,N
9,1,3,13,4,12,2,0,0,ECU,0,1,0,69.5,1,Y
1,2,9,23,0,1,2,0,0,AUS,0,1,0,107.0,1,N
75,5,19,9,0,2,2,0,0,FRA,0,1,1,112.1,0,N
30,11,48,26,2,1,2,0,0,CHE,0,1,1,98.0,0,Y
139,5,19,13,1,1,2,0,0,PRT,0,1,0,135.0,0,N
114,6,26,29,0,3,3,0,0,GBR,0,4,0,171.0,0,N
122,4,16,15,0,2,2,0,0,PRT,0,1,0,85.0,0,N
13,4,18,26,0,3,2,0,0,DEU,0,1,0,96.0,0,N
33,12,50,9,0,2,2,0,0,PRT,1,1,0,110.0,0,Y
0,5,21,16,1,0,2,0,0,USA,0,1,0,62.73,0,N
254,9,39,24,1,1,2,0,0,PRT,0,1,0,96.0,0,Y
230,8,31,2,1,4,2,1,0,BRA,0,1,0,148.5,1,Y
175,9,40,30,2,2,2,0,0,GBR,0,1,0,87.32,1,N
242,7,29,20,0,3,2,0,0,GBR,0,1,0,65.18,1,N
28,8,32,3,1,3,2,0,0,ESP,0,1,0,62.0,0,N
440,9,39,22,0,2,2,0,0,PRT,0,1,0,62.0,0,Y
144,7,30,23,2,5,2,0,0,FRA,0,1,0,99.45,1,Y
29,7,28,9,1,0,2,0,0,ESP,0,1,0,79.0,0,N
261,7,31,30,2,2,2,0,0,TWN,0,1,0,89.1,1,Y
10,2,9,26,1,2,2,0,0,POL,0,4,0,106.0,0,Y
34,9,38,15,0,3,2,0,0,ESP,0,5,2,152.8,0,N
26,10,43,19,1,2,1,0,0,IRL,0,1,0,77.0,0,N
89,7,30,27,0,2,2,0,0,USA,0,1,0,96.0,1,N
160,4,18,27,2,4,2,0,0,PRT,0,1,0,90.0,0,Y
334,9,38,16,0,2,2,0,0,PRT,1,1,0,62.0,0,Y
40,6,24,17,0,1,2,0,0,NZL,0,1,0,140.0,0,N
335,9,38,17,0,2,2,0,0,PRT,1,1,0,62.0,0,Y
137,8,33,8,1,3,3,0,0,ESP,0,4,0,198.0,0,Y
0,1,2,10,0,1,1,0,0,ESP,0,1,0,79.5,0,N
175,8,32,7,1,0,3,0,0,POL,0,1,0,155.1,3,N
115,4,18,26,0,4,2,0,0,PRT,0,1,0,70.03,2,N
106,7,29,16,1,1,1,0,0,AUS,0,1,0,99.9,0,Y
5,4,15,5,0,1,1,0,0,PRT,0,1,1,89.0,1,N
89,4,16,19,0,3,2,0,0,FRA,0,4,0,135.0,0,N
0,3,12,13,2,1,1,0,0,PRT,0,4,1,95.4,1,N
50,12,53,27,0,1,2,1,0,BRA,0,1,0,111.6,0,Y
1,11,48,26,0,1,1,0,0,PRT,0,1,0,79.0,0,N
10,3,9,2,0,1,2,0,0,ITA,0,1,4,108.0,0,Y
26,5,21,22,1,0,1,0,0,IRL,0,1,0,160.0,1,Y
103,4,17,19,0,2,1,0,0,PRT,0,1,0,115.0,0,Y
88,4,17,24,1,5,2,0,0,ITA,0,1,0,121.5,1,Y
358,6,27,30,0,1,1,0,0,PRT,0,1,0,59.0,0,Y
233,8,33,16,0,4,2,0,0,ESP,0,1,0,106.65,0,Y
53,10,42,14,0,1,1,0,0,PRT,0,1,0,120.0,0,N
1,10,41,7,0,2,2,0,0,GBR,0,1,0,144.0,0,N
199,9,39,21,1,1,2,0,0,PRT,1,1,0,48.0,0,Y
277,11,46,7,1,2,2,0,0,PRT,0,1,0,100.0,0,Y
179,7,30,25,2,5,3,0,0,GBR,0,1,0,93.6,1,N
10,11,49,27,2,2,2,0,0,BEL,0,1,0,89.89,3,Y
64,1,2,8,2,3,2,0,0,ITA,0,1,0,79.2,0,Y
176,7,29,17,3,7,2,1,0,DEU,0,1,0,136.8,2,N
14,1,5,27,0,2,2,0,0,BEL,0,1,0,81.9,1,Y
30,5,21,22,1,1,1,0,0,PRT,0,1,0,144.0,0,Y
18,10,40,2,0,2,2,0,0,PRT,1,1,0,116.5,2,Y
113,5,20,20,2,1,1,0,0,PRT,0,1,0,190.0,0,Y
29,2,6,6,1,4,3,0,0,FRA,0,5,0,108.8,3,N
34,10,44,29,1,1,2,0,0,ESP,0,1,0,109.0,1,Y
11,6,25,20,0,2,1,0,0,DEU,0,1,3,95.0,0,N
275,4,14,6,1,3,2,0,0,DEU,0,1,0,84.55,2,N
0,8,32,3,1,0,2,0,0,PRT,0,4,0,0.0,0,N
27,5,20,10,0,3,2,0,0,TJK,0,1,0,141.0,0,Y
4,10,44,25,0,4,2,0,0,DEU,0,1,0,145.0,2,N
111,5,18,3,0,2,2,0,0,GBR,0,1,0,89.1,1,N
20,9,39,24,2,2,2,0,0,GBR,0,1,0,101.2,0,N
158,5,22,24,0,2,1,0,0,PRT,0,1,0,130.0,0,Y
292,7,30,21,0,2,2,0,0,DEU,0,1,0,115.0,0,N
29,9,37,9,2,2,2,0,0,SWE,0,1,0,144.68,3,N
120,10,42,13,0,3,1,0,0,SWE,0,4,0,132.3,2,N
44,8,34,22,2,1,2,0,0,PRT,0,1,0,86.0,0,Y
28,4,17,17,2,0,2,0,0,ITA,0,1,0,101.0,1,N
75,6,23,5,1,2,3,0,0,AUT,0,4,0,198.0,1,N
12,2,7,13,1,3,1,0,0,DEU,0,4,0,113.0,0,Y
91,4,15,4,1,2,2,0,0,PRT,0,1,0,80.0,0,Y
14,11,49,29,0,1,1,0,0,PRT,0,1,0,79.0,0,N
434,6,22,3,2,1,2,0,0,PRT,0,1,0,90.0,0,Y
6,4,16,15,0,1,2,0,0,BRA,0,1,0,131.0,1,N
92,9,40,30,0,1,2,0,0,PRT,0,1,0,170.0,0,Y
386,10,44,23,2,0,2,0,0,DEU,0,1,0,115.0,1,N
292,6,22,3,2,5,2,1,0,LUX,0,1,0,168.75,1,Y
87,9,37,11,0,2,1,0,0,FRA,0,1,0,100.0,0,Y
3,9,38,12,1,1,1,0,0,PRT,0,4,0,170.0,0,Y
302,10,41,6,0,3,2,0,0,PRT,1,1,0,105.0,0,Y
135,7,28,5,0,2,2,0,0,KOR,0,1,0,99.0,1,N
109,2,9,21,2,1,2,0,0,PRT,1,1,0,75.0,0,Y
153,8,32,3,1,2,2,0,0,PRT,1,1,0,60.0,0,Y
35,11,49,28,1,1,2,0,0,PRT,0,1,2,75.0,0,Y
57,8,33,15,0,4,2,0,0,ITA,0,1,0,160.0,1,Y
87,2,8,14,2,1,2,1,0,GBR,0,1,0,117.79,1,N
115,5,19,7,2,0,2,0,0,KOR,0,1,0,126.0,0,Y
11,5,23,31,0,2,2,0,0,ITA,0,1,1,119.0,1,Y
292,5,22,31,0,3,2,0,0,PRT,0,1,0,90.0,0,Y
1,1,1,5,0,1,2,0,0,DEU,0,1,0,95.0,1,N
174,4,18,27,1,4,2,0,0,PRT,0,1,2,92.65,0,Y
57,7,30,29,0,1,2,0,0,DEU,0,1,0,80.1,0,N
154,11,49,30,0,1,2,0,0,LUX,0,1,0,68.0,0,N
1,9,39,26,0,1,2,0,0,GBR,0,1,0,180.0,0,N
30,8,32,8,2,1,2,0,0,PRT,0,1,0,86.0,0,Y
164,8,33,14,0,1,2,0,0,PRT,1,1,0,60.0,0,Y
377,10,42,14,0,2,2,0,0,DEU,0,1,0,115.0,1,N
6,4,17,26,0,1,1,0,0,ESP,0,4,0,185.0,0,N
28,5,21,19,0,1,1,0,0,GBR,0,1,0,135.0,1,N
105,4,15,6,0,1,2,0,0,PRT,0,1,0,75.0,0,Y
64,9,38,16,0,2,2,0,0,ESP,0,4,0,149.4,1,N
105,12,53,26,1,1,2,1,0,FRA,0,1,0,83.05,0,N
128,1,4,27,0,1,2,0,0,GBR,0,1,0,57.93,1,N
21,5,23,29,2,3,2,0,0,SWE,0,1,0,101.15,0,N
64,7,30,24,1,5,2,0,0,SWE,0,1,0,144.67,1,N
426,9,37,8,0,2,2,0,0,PRT,0,1,0,62.0,0,Y
245,6,25,17,0,2,2,0,0,PRT,0,1,0,75.0,0,Y
43,3,10,10,0,2,3,0,0,PRT,0,1,1,99.0,1,N
8,9,36,4,0,2,2,0,0,NLD,0,1,0,124.0,2,N
40,6,27,27,1,5,1,0,0,AGO,0,1,0,104.1,0,Y
129,6,24,17,2,1,2,0,0,NLD,0,1,0,99.0,0,Y
56,6,26,21,0,2,2,0,0,ITA,0,1,0,99.9,0,Y
244,10,43,22,2,2,2,0,0,FRA,0,1,0,90.95,2,N
69,7,30,29,2,6,2,0,0,RUS,0,1,0,126.0,2,N
350,7,29,17,2,5,2,0,0,FRA,0,4,0,113.4,1,Y
83,9,39,23,0,2,2,0,0,ESP,0,1,0,62.0,0,N
2,6,22,1,0,1,1,0,0,ESP,0,4,0,110.0,0,N
16,9,38,12,1,0,2,0,0,PRT,0,1,0,99.0,0,N
39,5,18,1,1,0,2,0,0,JPN,0,1,0,149.0,0,Y
79,10,43,16,2,2,3,0,0,NLD,0,4,0,151.2,1,N
16,7,29,14,0,2,2,0,0,ESP,0,1,0,160.0,1,N
28,3,9,2,0,3,2,0,0,PRT,0,1,0,95.0,0,Y
172,10,41,4,0,3,2,1,0,NOR,0,1,0,108.9,0,Y
4,7,28,14,0,1,2,0,0,PRT,0,4,0,150.0,1,N
75,4,18,26,0,4,2,0,0,POL,0,1,0,75.0,0,N
20,8,32,8,0,5,2,0,0,FRA,0,1,0,180.0,1,N
21,9,36,2,2,2,2,0,0,GBR,0,4,0,141.0,1,Y
60,3,10,5,2,2,2,1,0,GBR,0,1,2,108.8,3,N
55,9,37,6,2,0,2,0,0,ESP,0,1,0,75.0,0,N
90,10,43,17,1,3,2,0,0,LUX,0,1,0,80.75,0,N
58,4,16,11,1,3,2,0,0,SWE,0,1,0,99.45,0,N
145,7,30,23,1,1,3,0,0,PRT,0,1,0,142.2,1,N
374,10,44,26,1,1,2,0,0,PRT,1,1,0,62.0,0,Y
211,5,21,20,0,2,2,0,0,PRT,0,1,0,100.0,0,Y
212,6,22,2,1,2,2,0,0,FRA,0,1,2,127.33,0,N
98,10,42,9,2,1,2,0,0,USA,0,1,0,108.0,3,N
136,7,29,17,1,2,2,0,0,PRT,1,1,0,60.0,0,Y
6,10,40,1,2,3,2,0,0,CZE,0,1,0,58.4,0,N
76,10,42,10,1,0,1,0,0,PRT,0,1,0,120.0,0,Y
99,6,25,19,1,3,2,0,0,GBR,0,1,0,126.0,0,N
12,1,2,14,2,2,2,0,0,MAR,0,1,0,82.88,0,Y
20,10,43,18,2,1,3,0,0,GBR,0,4,0,105.0,1,N
5,8,35,21,1,0,2,0,0,PRT,0,1,0,167.0,0,Y
154,6,25,23,0,2,2,2,0,ITA,0,6,1,220.0,0,N
146,8,32,12,2,1,3,0,0,DEU,0,4,0,175.5,2,N
349,10,41,4,1,5,1,0,0,PRT,0,1,0,80.0,0,Y
8,5,18,1,1,1,2,0,0,ESP,0,1,0,128.0,2,N
21,8,35,27,1,0,2,0,0,ESP,0,1,0,109.0,0,N
104,8,31,3,1,3,2,0,0,BRA,0,1,0,125.0,1,N
4,7,28,6,0,1,2,1,0,FRA,0,1,0,100.08,1,N
2,8,33,15,2,1,1,0,0,ITA,0,1,0,72.5,0,Y
47,11,45,5,0,2,2,0,0,BEL,0,2,1,105.5,1,N
67,11,48,23,0,4,2,0,0,DEU,0,1,0,88.4,2,Y
14,10,43,22,0,1,2,0,0,ITA,0,1,0,160.0,0,Y
379,10,44,31,1,1,1,0,0,PRT,1,1,0,60.0,0,Y
164,5,20,15,1,2,1,0,0,PRT,0,1,0,160.0,0,Y
0,12,51,11,1,0,3,0,0,SWE,0,4,0,138.0,0,N
20,9,38,11,2,0,2,0,0,RUS,0,1,0,89.0,2,N
141,7,28,3,2,2,2,0,0,PRT,0,4,1,118.06,0,Y
217,8,34,21,1,4,2,1,0,GBR,0,1,0,135.0,5,N
2,4,18,26,0,2,2,0,0,ITA,0,1,1,129.0,0,N
289,7,30,20,2,4,2,0,0,PRT,1,1,0,95.4,2,Y
57,6,24,10,1,2,2,0,0,PRT,0,1,0,90.67,1,N
102,10,42,16,0,2,1,0,0,DEU,0,1,0,87.0,0,N
46,11,45,4,2,3,2,0,0,BRA,0,1,0,128.38,1,N
28,3,9,2,0,3,2,0,0,PRT,0,1,0,95.0,0,Y
11,8,33,12,2,6,2,0,0,GRC,0,1,0,139.0,0,Y
92,8,32,6,0,3,2,1,0,FRA,0,1,0,76.08,2,N
17,9,40,26,1,1,1,0,0,FRA,0,1,0,95.0,0,N
145,1,2,3,2,1,2,0,0,PRT,0,1,0,65.0,0,Y
114,7,27,1,1,2,1,0,0,PRT,0,1,0,75.0,0,Y
162,8,35,28,1,2,2,0,0,PRT,0,1,1,76.5,1,Y
443,10,41,7,0,2,2,0,0,PRT,0,1,0,65.0,0,Y
1,11,47,19,0,1,1,0,0,PRT,0,1,0,65.0,0,Y
9,5,19,12,1,2,3,0,0,CHN,0,4,0,216.0,0,N
66,4,15,9,2,0,2,0,0,PRT,0,1,0,100.0,0,Y
13,9,38,16,0,1,1,0,0,PRT,0,1,0,114.0,1,Y
75,8,34,20,0,1,2,0,0,PRT,0,1,0,118.15,2,Y
6,4,14,5,0,2,2,0,0,CHE,0,1,0,115.0,0,N
315,7,27,5,2,4,2,0,0,GBR,0,1,2,103.5,1,Y
226,12,53,31,2,3,2,0,0,CHE,0,4,0,92.82,1,Y
39,8,33,14,0,2,2,0,0,DEU,0,1,0,109.0,0,N
433,9,38,15,0,2,2,0,0,PRT,0,1,0,62.0,0,Y
118,6,24,6,1,2,1,0,0,BGR,0,1,0,110.0,0,N
168,8,31,1,0,5,2,0,0,GBR,0,1,0,130.5,0,N
5,3,10,7,0,2,1,0,0,ESP,0,4,1,90.0,1,N
110,8,31,3,0,3,2,0,0,ISR,0,4,0,195.0,1,Y
98,11,48,23,1,2,1,0,0,PRT,0,1,0,84.0,0,Y
4,9,39,26,2,3,1,0,0,ESP,0,1,0,170.0,0,N
63,8,33,8,1,0,3,0,0,FRA,0,4,0,168.3,1,Y
212,6,22,2,1,2,2,0,0,FRA,0,1,0,127.33,0,N
204,5,21,26,1,2,2,0,0,GBR,0,1,0,107.1,3,N
161,7,31,27,0,4,2,1,0,GBR,0,1,0,114.75,2,N
259,5,19,5,0,3,2,0,0,PRT,0,1,0,90.0,0,Y
103,5,19,4,0,3,2,0,0,PRT,0,1,0,95.0,0,Y
116,5,19,11,1,3,3,0,0,COL,0,4,0,181.8,0,Y
6,10,44,25,2,2,2,0,0,GBR,0,1,0,123.5,3,N
52,10,43,17,1,2,2,0,0,DEU,0,1,0,108.0,1,N
10,3,13,31,0,2,2,0,0,PRT,0,5,0,166.0,2,N
174,5,19,13,1,1,2,0,0,GBR,0,4,0,118.8,0,N
118,4,14,8,2,5,2,0,0,DEU,0,1,0,119.57,1,N
1,8,33,9,1,0,2,2,0,PRT,0,6,0,153.0,2,N
110,9,39,20,0,3,2,0,0,IRL,0,4,0,112.88,0,N
69,6,25,12,2,4,1,0,0,PRT,0,1,0,120.0,0,Y
201,5,21,25,0,3,2,0,0,PRT,0,1,0,115.0,0,Y
119,10,44,24,1,3,2,0,0,FRA,0,1,0,106.25,0,N
199,10,44,28,0,2,2,0,0,PRT,0,1,0,95.0,0,Y
276,7,30,20,1,1,2,0,0,PRT,1,1,0,62.0,0,Y
197,7,28,10,1,4,2,0,0,IRL,0,1,0,107.1,0,N
164,5,20,15,1,2,1,0,0,PRT,0,1,0,160.0,0,Y
240,7,30,23,2,1,2,0,0,PRT,0,1,0,110.0,0,Y
212,10,45,31,1,4,3,0,0,ITA,0,4,0,126.9,0,Y
198,12,49,5,2,1,2,0,0,ESP,0,1,0,90.0,0,Y
31,10,42,11,2,2,1,0,0,GBR,0,1,1,94.5,2,N
45,2,7,18,2,1,2,2,0,NLD,0,5,0,125.4,0,Y
105,4,15,6,0,1,2,0,0,PRT,0,1,0,75.0,0,Y
6,2,7,13,1,1,2,0,0,GBR,0,1,1,98.0,0,N
29,2,8,24,2,2,3,0,0,GBR,0,4,0,134.3,0,Y
98,11,48,23,1,3,1,0,0,HRV,0,1,1,70.0,0,N
507,8,33,15,0,1,2,0,0,PRT,0,1,0,90.0,0,Y
92,3,12,18,2,2,2,0,0,DEU,0,4,0,72.49,1,N
180,4,15,9,2,1,2,0,0,NLD,0,1,0,117.0,1,Y
258,7,27,2,0,2,2,0,0,PRT,1,1,0,62.0,0,Y
74,1,3,18,0,4,2,0,0,PRT,0,1,0,88.39,0,Y
256,6,25,15,0,2,1,0,0,DEU,0,1,1,90.0,0,N
115,6,26,27,0,3,2,0,0,SVN,0,4,0,135.0,0,N
56,2,5,3,0,2,2,0,0,ITA,0,1,0,79.2,0,Y
106,12,53,25,2,1,2,0,0,FRA,0,2,1,91.6,2,N
28,1,4,27,0,2,2,0,0,PRT,0,1,0,97.5,0,Y
349,10,41,4,1,5,1,0,0,PRT,0,1,0,80.0,0,Y
230,9,37,6,0,5,2,0,0,FRA,0,1,0,137.0,1,N
418,9,40,26,1,2,2,0,0,PRT,0,1,0,75.0,0,Y
3,5,21,16,1,0,1,0,0,ESP,0,1,0,71.2,0,N
10,7,27,6,0,1,1,0,0,PRT,0,1,0,95.0,0,N
74,3,12,25,2,3,2,0,0,NLD,0,5,0,117.3,2,N
83,9,39,23,0,2,2,0,0,ESP,0,1,0,62.0,0,N
121,6,26,24,1,2,2,0,0,PRT,0,1,1,90.0,0,Y
37,3,13,24,0,3,1,0,0,LBN,0,1,0,112.2,0,Y
30,7,31,27,0,1,2,0,0,DEU,0,1,0,125.1,1,N
20,7,30,22,0,2,2,0,0,PRT,0,1,0,62.0,0,Y
103,4,17,19,0,2,1,0,0,PRT,0,1,0,115.0,0,Y
134,7,27,2,2,2,2,0,0,CN,0,1,0,93.08,2,N
51,6,25,21,0,4,2,0,0,USA,0,1,0,135.0,1,Y
106,8,33,13,2,3,3,0,0,FRA,0,4,1,195.0,1,N
15,9,38,16,0,1,2,0,0,PRT,0,4,0,115.0,2,N
111,10,42,10,1,0,1,0,0,PRT,0,1,0,120.0,0,Y
290,6,25,17,1,2,2,0,0,FRA,0,1,0,72.0,1,N
126,4,16,14,0,3,2,0,0,PRT,0,1,0,65.0,0,Y
222,10,42,12,0,4,2,0,0,ROU,0,1,0,80.75,1,N
351,10,40,3,2,2,2,0,0,PRT,1,1,0,62.0,0,Y
1,2,9,25,0,3,2,0,0,ESP,0,6,1,100.0,0,N
2,1,4,22,2,2,2,0,0,FRA,0,1,0,124.1,1,Y
4,12,53,30,0,2,2,0,0,ESP,0,4,0,137.0,1,Y
189,8,32,12,2,1,2,0,0,FRA,0,4,0,139.5,0,Y
27,1,1,3,0,2,2,0,0,ITA,0,1,0,106.0,1,Y
273,5,20,13,1,2,2,0,0,PRT,0,1,0,95.0,0,Y
50,10,41,9,0,2,2,0,0,PRT,0,1,0,85.0,0,N
0,2,6,7,0,1,1,0,0,PRT,0,1,0,0.0,2,N
0,12,53,29,0,4,2,0,0,FRA,0,4,0,60.25,0,N
134,12,49,4,2,2,2,0,0,PRT,0,1,0,65.0,0,Y
114,7,27,1,1,2,1,0,0,PRT,0,1,0,75.0,0,Y
98,11,48,23,1,2,1,0,0,PRT,0,1,0,84.0,0,Y
76,4,18,24,2,3,1,1,0,FRA,0,1,0,98.5,1,N
7,3,11,9,0,4,1,0,0,BRA,0,1,0,99.0,1,N
1,9,38,15,0,1,2,0,0,ITA,0,1,0,159.0,1,N
42,11,48,22,0,3,2,0,0,NLD,0,4,0,95.38,1,Y
243,8,35,30,0,3,2,2,0,DEU,0,6,0,189.0,3,N
263,9,40,29,2,4,2,0,0,DEU,0,1,0,100.3,0,Y
377,10,42,14,0,2,2,0,0,DEU,0,1,0,115.0,1,N
87,9,39,25,2,3,2,0,0,PRT,0,1,0,170.0,0,Y
1,2,10,28,2,1,1,0,0,PRT,0,1,0,60.0,0,Y
30,1,4,22,2,0,2,0,0,TWN,0,1,0,97.5,3,Y
161,8,34,16,0,2,2,1,0,BEL,0,4,1,127.8,1,Y
1,8,35,23,2,0,2,0,0,FRA,0,1,0,98.0,2,N
43,7,27,3,0,2,2,0,0,PRT,0,1,0,86.0,0,N
47,4,16,15,1,2,2,2,0,POL,0,6,2,173.12,2,N
22,9,40,25,2,0,2,0,0,BRA,0,1,0,107.03,1,N
112,3,10,9,0,3,2,0,0,ITA,0,1,0,93.6,1,Y
103,8,33,17,0,2,2,0,0,GBR,0,1,2,115.0,1,N
255,12,53,27,0,3,2,0,0,GBR,0,1,2,62.64,0,N
120,5,19,11,0,1,1,0,0,GBR,0,1,0,108.0,0,Y
133,4,18,29,1,2,2,0,0,DEU,0,1,0,88.5,0,Y
16,12,49,2,1,2,2,0,0,CHE,0,1,3,85.78,2,N
87,9,37,11,0,2,1,0,0,FRA,0,1,0,100.0,0,Y
151,3,12,20,1,1,2,0,0,PRT,0,1,0,95.0,1,N
54,10,44,31,0,1,2,2,0,POL,0,6,0,139.5,2,N
300,11,46,11,0,2,2,0,0,PRT,0,1,0,65.0,0,Y
144,6,26,29,1,3,2,0,0,NOR,0,4,0,121.05,1,Y
305,11,45,4,1,2,2,0,0,PRT,0,1,0,89.0,0,Y
38,1,4,17,2,5,1,0,0,RUS,0,1,0,68.5,0,N
62,4,16,11,1,4,2,0,0,GBR,0,4,0,112.2,0,N
19,9,39,21,1,3,2,0,0,GBR,0,4,0,90.98,1,N
193,6,26,20,1,2,2,0,0,PRT,0,1,0,120.0,0,Y
53,8,35,24,1,1,2,0,0,ESP,0,1,0,62.0,0,N
87,3,11,11,1,2,2,0,0,GBR,0,1,0,51.97,1,N
35,7,28,10,1,2,2,0,0,ROU,0,1,0,146.67,2,Y
34,12,50,8,0,2,1,0,0,PRT,1,1,0,90.0,0,Y
11,5,22,24,0,3,2,0,0,PRT,0,1,0,160.0,0,Y
87,10,44,23,2,1,2,0,0,DEU,0,1,0,80.75,1,N
302,5,19,5,0,2,2,0,0,PRT,0,1,0,62.0,0,Y
4,1,5,27,1,4,1,0,0,CN,0,1,0,86.0,1,N
53,8,35,24,1,1,1,0,0,PRT,0,1,1,60.0,0,N
32,8,34,17,0,2,4,0,0,NLD,0,7,0,214.75,1,N
122,8,35,21,3,5,2,0,0,ESP,0,1,0,72.26,2,N
0,12,50,6,0,1,1,0,0,CHE,0,1,0,70.0,0,N
44,1,1,2,2,1,1,0,0,PRT,0,1,1,74.0,0,N
163,8,33,19,2,2,2,0,0,LUX,0,1,1,131.5,1,N
2,7,28,8,0,1,2,0,0,PRT,2,1,1,77.0,0,N
200,8,33,9,0,3,2,0,0,PRT,0,1,0,72.25,1,Y
386,10,44,23,2,0,2,0,0,DEU,0,1,0,115.0,1,N
95,7,27,7,2,3,2,0,0,IRL,0,1,0,120.0,1,Y
212,6,22,2,1,2,2,0,0,PRT,0,1,0,105.0,0,Y
31,4,16,15,0,2,2,0,0,ESP,0,1,0,103.5,0,Y
265,4,17,20,0,4,2,0,0,PRT,0,1,0,101.0,0,Y
379,7,30,21,0,2,2,0,0,PRT,0,1,0,62.0,0,Y
152,7,30,22,2,3,2,0,0,ARE,0,1,0,101.15,0,Y
215,11,49,30,0,4,0,2,0,ROU,0,2,0,67.26,0,Y
39,2,7,13,2,1,2,0,0,PRT,0,1,0,67.5,1,N
373,4,14,5,0,3,2,0,0,PRT,0,1,0,90.0,0,Y
346,9,38,13,0,2,2,0,0,DEU,0,1,0,115.0,1,N
181,7,27,1,1,4,3,0,0,PRT,0,1,0,111.5,0,N
260,7,27,4,2,2,2,0,0,PRT,1,1,0,62.0,0,Y
0,1,1,2,1,3,2,1,0,NLD,0,1,0,108.8,0,N
594,2,8,23,0,2,2,0,0,PRT,0,1,0,62.0,0,Y
32,2,6,9,0,0,2,0,0,PRT,0,4,0,0.0,0,N
2,6,25,20,0,3,2,0,0,NLD,0,7,0,333.67,0,N
186,5,22,30,0,2,2,0,0,PRT,0,1,0,130.0,0,Y
12,10,41,4,1,0,1,0,0,FRA,0,1,0,72.0,0,N
105,5,20,19,0,2,1,0,0,PRT,0,1,0,160.0,0,Y
293,8,32,6,0,2,2,0,0,PRT,1,1,0,62.0,0,Y
292,7,30,21,0,2,2,0,0,DEU,0,1,0,115.0,0,N
24,2,9,26,0,2,2,0,0,PRT,0,1,0,79.0,1,N
57,4,17,22,0,2,2,0,0,GBR,0,4,0,118.8,0,Y
29,3,13,26,2,0,1,0,0,ITA,0,1,0,112.0,2,N
338,10,41,7,1,2,2,0,0,FRA,0,1,0,90.67,1,N
423,7,29,22,1,1,1,0,0,DEU,0,1,1,95.5,0,N
5,7,29,22,2,3,2,0,0,PRT,0,1,0,140.0,0,Y
206,8,31,3,1,3,2,0,0,DEU,0,4,0,144.0,0,N
35,6,27,26,2,2,2,1,0,PRT,0,1,0,125.1,1,N
223,8,31,5,2,1,2,0,0,RUS,0,1,0,130.5,0,Y
74,9,38,18,0,2,2,0,0,PRT,0,1,0,101.5,0,Y
32,11,47,20,0,2,1,0,0,PRT,0,1,0,73.0,0,N
58,3,14,29,0,4,2,0,0,FRA,0,4,0,98.6,1,N
11,2,8,19,2,0,2,0,0,POL,0,1,1,100.0,0,N
166,11,45,1,0,3,1,0,0,PRT,0,1,0,110.0,0,Y
5,9,38,19,0,1,1,2,0,PRT,0,2,2,82.25,1,N
11,6,25,14,0,3,2,0,0,PRT,0,4,0,90.0,0,Y
36,3,9,2,0,2,2,0,0,FRA,0,1,1,75.0,0,N
199,7,30,23,3,6,2,1,0,DEU,0,4,0,94.51,2,N
67,2,7,12,2,0,2,0,0,PRT,0,1,0,80.0,0,Y
0,6,24,11,1,1,2,0,0,SWE,0,1,0,108.57,0,N
414,7,28,13,0,2,2,0,0,DEU,0,1,0,122.4,1,N
6,3,11,15,2,6,2,1,0,RUS,0,6,1,208.0,0,N
503,11,48,24,0,2,2,0,0,PRT,0,1,0,62.8,0,Y
3,2,7,10,1,4,2,0,0,DEU,0,1,0,63.88,0,N
37,1,4,25,2,7,1,0,0,CHN,0,1,0,63.71,0,Y
364,10,42,16,0,2,2,0,0,PRT,1,1,0,101.5,0,Y
34,10,41,5,0,2,2,0,0,HUN,0,5,0,144.0,0,N
54,1,3,18,0,3,2,0,0,PRT,0,1,0,65.0,0,Y
167,7,27,7,0,2,2,0,0,DNK,0,1,0,89.1,2,N
465,7,27,4,0,1,2,0,0,PRT,0,1,0,90.0,0,Y
74,3,11,10,0,3,2,0,0,DEU,0,4,0,89.3,1,N
104,8,35,21,2,1,2,0,0,ESP,0,1,0,119.7,0,N
136,8,33,11,2,3,1,1,0,FRA,0,1,2,86.36,1,N
61,12,50,8,0,3,2,0,0,ESP,0,1,0,93.6,1,N
61,5,18,2,0,4,1,0,0,GBR,0,4,0,112.86,0,N
63,4,18,29,1,2,3,0,0,ESP,0,1,0,159.3,0,N
36,2,6,11,2,3,2,1,0,DEU,0,1,0,101.66,3,N
63,11,47,17,1,3,2,0,0,GBR,0,1,2,88.4,2,N
1,2,6,3,0,1,1,0,0,PRT,0,1,0,66.0,1,N
141,5,22,23,1,2,2,0,0,TUN,0,4,0,114.3,1,Y
49,5,20,13,2,3,2,0,0,PRT,0,4,0,140.4,1,N
304,11,45,3,0,3,2,0,0,PRT,0,1,0,89.0,0,Y
28,3,9,2,0,3,2,0,0,PRT,0,1,0,95.0,0,Y
21,3,11,7,1,0,2,0,0,CHN,0,1,0,91.0,0,Y
0,12,52,24,0,1,2,0,0,PRT,0,1,0,85.0,0,N
22,7,28,8,1,2,3,0,0,GBR,0,4,0,187.0,2,Y
0,9,39,20,0,0,2,0,0,GBR,0,4,0,0.0,1,N
33,4,16,16,2,1,1,1,0,CHE,0,4,0,91.48,1,N
41,6,27,27,1,1,2,2,0,TMP,0,6,1,189.9,3,N
161,7,29,15,1,2,3,0,0,DEU,0,1,0,96.9,1,N
22,10,42,10,1,3,3,0,0,CHE,0,4,0,213.0,0,N
97,12,53,29,0,3,2,0,0,PRT,1,1,0,70.0,1,Y
102,10,42,16,0,2,2,0,0,PRT,0,1,0,101.5,0,Y
35,3,13,30,0,2,2,1,1,PRT,0,5,0,140.0,0,N
182,10,42,12,0,1,2,0,0,FRA,0,1,0,98.1,0,Y
178,4,18,28,0,3,1,0,0,PRT,1,1,0,0.0,0,Y
6,12,50,10,0,2,1,0,0,DEU,0,1,0,116.0,0,N
405,7,27,4,0,2,2,0,0,DEU,0,1,0,114.4,0,N
83,4,14,6,1,3,2,0,0,GBR,0,4,0,127.8,3,N
301,11,47,18,0,2,2,0,0,PRT,0,1,0,52.0,0,Y
414,7,28,13,0,2,2,0,0,DEU,0,1,0,122.4,1,N
203,3,9,2,0,3,2,0,0,GBR,0,1,0,57.93,2,N
368,6,26,28,0,3,2,0,0,PRT,0,1,0,90.0,0,Y
0,11,46,8,0,0,1,0,0,PRT,0,5,0,0.0,2,N
153,7,30,22,0,2,2,0,0,FRA,0,1,0,109.8,1,N
132,3,13,26,2,3,1,0,0,BRA,0,1,0,61.52,1,N
143,8,33,13,1,1,2,0,0,USA,0,1,0,114.3,0,Y
32,3,13,24,0,3,3,0,0,ESP,0,4,0,159.3,0,Y
393,4,16,22,2,1,2,0,0,PRT,0,1,0,90.0,0,Y
133,4,16,19,0,4,2,0,0,LTU,0,1,0,124.0,0,N
355,10,41,7,0,2,2,0,0,PRT,1,1,0,62.0,0,Y
97,3,11,14,0,2,2,0,0,PRT,0,1,0,85.0,0,Y
86,10,43,20,0,3,4,0,0,CHE,0,7,1,192.86,1,N
329,9,37,11,2,3,1,0,0,PRT,1,1,0,80.0,0,Y
24,12,53,30,0,1,2,2,0,BRA,0,6,0,206.0,0,N
42,6,25,19,1,3,2,0,0,SWE,0,1,0,150.0,0,N
181,7,27,8,1,1,2,0,0,BEL,0,1,0,89.1,0,N
265,7,28,9,0,2,2,0,0,PRT,1,1,0,62.0,0,Y
21,5,21,21,2,2,2,0,0,CHE,0,1,0,157.5,1,N
16,11,48,27,0,2,2,0,0,PRT,0,1,0,55.0,0,Y
268,10,40,1,1,1,2,0,0,IRL,0,1,0,95.4,0,Y
65,10,44,29,1,3,2,0,0,ESP,0,1,0,93.08,2,N
188,6,25,15,0,2,1,0,0,PRT,0,1,0,130.0,0,Y
15,5,20,19,2,2,2,0,0,DEU,0,1,0,145.0,1,N
28,8,32,3,1,3,2,0,0,PRT,0,1,0,62.0,0,Y
178,7,30,22,1,2,2,0,0,MAC,0,1,0,88.5,0,Y
8,9,39,22,0,2,2,0,0,PRT,1,4,1,136.0,1,Y
0,10,42,14,0,2,1,0,0,PRT,0,1,0,109.0,0,N
97,10,41,5,1,3,1,0,0,PRT,0,1,0,140.0,0,Y
161,3,13,25,1,2,2,0,0,PRT,0,1,0,130.0,0,Y
108,3,12,18,0,2,2,0,0,PRT,1,1,0,80.0,0,Y
122,5,20,12,0,2,2,0,0,DEU,0,1,1,105.3,1,N
170,3,13,26,2,4,2,0,0,FRA,0,4,0,96.9,0,Y
313,8,34,18,2,5,2,0,0,PRT,1,1,0,95.4,0,Y
320,8,34,18,0,2,1,0,0,DEU,0,1,1,90.0,0,N
6,3,9,4,1,1,2,0,0,PRT,0,1,1,98.0,1,N
48,9,37,11,1,2,2,0,0,PRT,0,1,0,60.0,0,N
153,2,8,19,2,1,2,0,0,ITA,0,1,0,75.0,0,N
188,7,29,16,2,1,2,2,0,BEL,0,6,1,186.3,1,N
42,11,49,29,0,3,2,0,0,PRT,0,1,0,90.0,0,Y
138,4,16,13,0,1,2,0,0,PRT,0,1,0,90.0,1,N
204,7,29,12,0,4,2,0,0,NLD,0,2,1,81.81,0,N
162,10,42,14,2,2,1,0,0,PRT,0,1,0,115.0,0,Y
4,1,5,30,2,1,2,0,0,PRT,0,1,0,66.0,0,N
0,8,33,11,0,1,2,0,0,PRT,0,1,0,75.0,0,N
135,6,26,30,0,1,1,0,0,PRT,0,1,0,120.0,0,Y
148,7,30,19,0,5,2,0,0,SWE,0,1,0,79.2,1,N
0,9,39,21,0,1,2,0,0,PRT,0,1,0,175.0,2,N
174,3,10,5,2,2,2,0,0,FRA,0,1,0,90.0,0,N
271,9,39,23,0,2,2,0,0,GBR,0,1,0,95.4,0,N
192,6,26,24,0,2,1,0,0,GBR,0,1,0,95.0,0,N
61,7,31,24,2,2,1,0,0,PRT,0,1,1,40.0,1,N
93,4,16,22,2,3,2,0,0,FRA,0,1,2,105.0,2,N
0,8,35,21,1,0,2,1,0,FRA,0,1,2,164.0,0,N
156,6,24,15,0,3,2,0,0,NLD,0,4,2,148.5,1,N
151,5,20,19,0,1,2,0,0,USA,0,1,0,140.0,1,Y
181,5,20,20,1,1,2,0,0,CHE,0,4,0,139.5,2,N
203,3,9,2,0,3,2,0,0,GBR,0,1,0,57.93,2,N
72,11,47,18,2,2,2,0,0,BRA,0,1,0,70.72,0,N
235,10,44,27,1,3,2,1,0,CZE,0,1,0,106.25,0,Y
140,8,33,15,0,1,2,0,0,ITA,0,1,0,71.1,0,N
3,10,42,12,0,4,2,0,0,CHE,0,4,0,175.0,3,N
86,1,4,22,0,1,2,0,0,PRT,1,1,0,85.0,0,Y
150,5,19,12,1,2,2,0,0,ESP,0,1,0,120.0,1,Y
49,6,23,3,0,2,2,0,0,ESP,0,1,2,80.75,0,N
9,4,18,29,0,2,1,0,0,PRT,0,1,0,100.0,0,N
109,4,14,8,2,5,2,0,0,DEU,0,4,0,169.07,0,Y
177,6,27,30,0,3,2,0,0,NLD,0,1,0,72.25,1,N
157,5,18,1,1,3,2,0,0,PRT,0,1,0,130.0,0,Y
5,2,9,27,2,1,2,0,0,FRA,0,4,0,108.0,1,N
12,5,22,29,1,0,1,0,0,PRT,0,5,0,0.0,2,N
377,10,42,14,0,2,2,0,0,DEU,0,1,0,115.0,1,N
21,2,6,7,0,5,2,1,1,ESP,0,4,2,98.26,2,N
2,8,36,31,0,3,2,0,0,GBR,0,1,1,139.0,1,N
13,1,3,15,0,2,2,0,0,PRT,0,1,0,89.0,2,N
35,6,27,27,1,2,3,0,0,CHN,0,4,0,129.87,0,Y
98,11,48,23,1,4,1,0,0,COL,0,1,1,70.0,0,N
168,5,21,26,1,2,2,0,0,PRT,0,1,0,140.0,0,Y
78,2,6,10,2,3,2,0,0,HUN,0,4,0,96.9,0,Y
17,10,41,3,1,2,2,0,0,BEL,0,1,0,85.0,0,N
187,4,17,29,1,1,2,1,0,PRT,0,4,0,140.3,1,Y
37,6,23,8,0,2,2,2,0,OMN,0,6,0,230.0,0,Y
118,6,24,6,1,1,2,0,0,PRT,0,1,1,120.0,0,Y
198,5,21,20,0,1,2,0,0,PRT,0,1,1,65.0,0,Y
16,9,39,25,2,2,1,0,0,GBR,0,1,0,170.0,0,N
63,4,17,22,1,2,2,0,0,ITA,0,1,0,105.3,1,Y
63,9,36,2,0,3,2,0,0,BRA,0,1,0,60.0,0,N
518,8,34,26,2,1,2,0,0,GBR,0,1,0,112.67,1,N
212,6,23,9,0,2,2,0,0,GBR,0,1,0,99.0,1,N
33,6,27,27,1,0,2,0,0,FRA,0,1,0,89.1,1,N
58,4,15,15,2,3,3,0,0,FRA,0,4,0,174.6,0,N
149,8,34,24,0,2,2,2,0,GBR,0,6,0,235.0,0,Y
173,5,20,19,1,2,2,0,0,DEU,0,4,0,139.5,2,Y
95,4,17,20,0,2,2,0,0,PRT,0,1,0,98.0,0,Y
39,8,33,14,0,2,2,0,0,PRT,0,1,0,101.5,0,Y
42,2,9,27,1,3,2,0,0,PRT,0,1,0,75.0,0,N
163,7,29,17,1,3,2,0,0,GBR,0,4,0,116.1,0,Y
50,6,23,8,1,3,2,0,0,AUT,0,1,0,140.0,2,N
3,5,19,2,1,0,1,0,0,NLD,0,1,0,104.72,1,N
15,1,2,10,0,3,2,0,0,FRA,0,1,0,79.5,0,Y
174,10,41,10,1,1,2,0,0,PRT,0,1,0,70.0,0,Y
335,10,42,13,0,3,1,0,0,FRA,0,1,0,80.0,0,N
468,7,30,29,2,1,2,0,0,ZAF,0,1,0,112.67,1,N
164,10,40,2,0,2,1,0,0,PRT,0,1,0,100.0,0,N
14,1,4,23,1,1,2,0,0,KOR,0,1,0,69.5,1,N
5,8,36,29,1,0,2,0,0,GBR,0,1,0,75.0,0,N
20,4,17,28,2,2,2,0,0,FRA,0,1,1,148.5,1,N
67,11,47,20,0,2,2,0,0,ITA,0,4,0,81.9,2,N
187,1,1,1,1,0,2,0,0,RUS,0,4,0,137.7,3,Y
192,6,26,24,0,2,1,0,0,SRB,0,1,0,95.0,0,N
468,10,43,20,0,2,2,0,0,PRT,0,1,0,62.0,0,Y
28,12,51,15,1,3,3,0,0,FRA,0,4,0,130.9,2,Y
214,7,27,5,1,4,2,0,0,IRL,0,1,0,89.1,2,Y
270,4,17,20,0,4,2,0,0,PRT,0,1,0,62.8,0,Y
23,11,46,12,1,1,2,0,0,PRT,0,4,2,0.0,1,N
25,5,22,30,0,1,2,0,0,PRT,0,1,0,90.0,0,Y
189,5,21,19,0,3,2,0,0,FRA,0,1,0,65.0,1,N
11,1,1,7,0,1,2,2,0,PRT,0,6,0,236.0,0,N
70,5,18,6,2,4,2,0,0,FRA,0,1,0,126.0,0,N
395,5,20,17,0,3,1,0,0,PRT,0,1,0,0.0,0,N
153,7,28,10,1,2,2,0,0,IRL,0,1,0,89.1,0,N
109,2,9,21,2,1,2,0,0,PRT,1,1,0,75.0,0,Y
320,8,34,18,0,2,2,0,0,DEU,0,1,0,115.0,1,N
320,8,34,18,0,2,2,0,0,DEU,0,1,0,115.0,1,N
14,4,16,16,2,1,2,1,0,PRT,0,1,0,127.67,0,Y
149,7,30,23,2,4,2,0,0,FRA,0,1,0,99.45,1,N
158,5,22,24,0,2,1,0,0,PRT,0,1,0,130.0,0,Y
59,1,5,28,0,1,1,0,0,PRT,0,1,1,80.0,0,N
552,1,2,12,0,2,2,0,0,PRT,0,1,0,62.0,0,Y
276,7,30,20,1,1,2,0,0,PRT,1,1,0,62.0,0,Y
33,10,42,10,1,3,3,0,0,ITA,0,4,0,186.0,1,Y
168,4,17,21,2,3,2,0,0,USA,0,1,1,81.2,1,N
3,10,42,11,0,1,1,0,0,FRA,0,6,1,240.0,0,N
88,7,27,6,0,3,2,0,0,GBR,0,4,0,150.0,1,N
1,10,42,13,0,1,1,0,0,PRT,0,1,0,90.0,0,N
239,10,44,29,2,2,2,0,0,IRL,0,4,0,101.58,3,N
87,4,15,15,2,2,2,0,0,PRT,0,1,0,95.0,0,Y
85,6,26,21,0,2,2,0,0,NZL,0,1,0,116.1,1,N
133,4,16,19,0,4,2,0,0,PRT,0,1,0,100.0,0,Y
68,2,7,13,1,2,3,0,0,FRA,0,4,0,138.6,2,N
50,12,50,8,1,3,2,0,0,FRA,0,1,1,68.0,0,N
10,2,6,4,0,1,1,0,0,PRT,0,1,1,66.0,0,N
23,6,25,18,2,1,2,1,0,NOR,0,1,0,149.0,0,Y
3,5,19,2,1,2,1,0,0,PRT,0,1,0,92.7,0,N
70,4,15,8,2,2,3,1,0,ITA,0,5,0,173.35,0,N
142,7,27,1,0,2,2,0,0,GBR,0,1,0,85.5,1,N
59,5,20,13,0,2,2,0,0,DEU,0,1,0,126.9,0,Y
65,11,47,19,2,2,2,0,0,FRA,0,1,0,63.58,0,N
147,7,30,21,0,2,2,0,0,PRT,1,1,0,75.0,0,Y
265,7,28,9,0,2,2,0,0,PRT,1,1,0,62.0,0,Y
105,5,20,19,0,2,1,0,0,PRT,0,1,0,160.0,0,Y
1,3,12,22,0,1,2,0,0,PRT,0,1,0,109.0,1,N
68,5,20,13,1,2,2,1,0,FRA,0,4,0,140.4,0,Y
74,9,38,18,0,2,2,0,0,PRT,0,1,0,109.0,0,N
102,6,24,5,1,0,2,0,0,ISR,0,1,0,65.0,1,N
58,10,45,31,1,3,2,0,0,BEL,0,1,0,90.68,2,N
48,8,35,22,1,3,2,1,0,ESP,0,1,0,122.22,0,N
259,5,19,5,0,3,2,0,0,PRT,0,1,0,90.0,0,Y
129,6,24,16,2,3,2,0,0,DEU,0,1,0,99.0,0,N
128,7,29,17,1,3,2,0,0,SWE,0,1,0,126.0,0,N
5,1,4,23,0,1,2,0,0,PRT,0,1,0,98.0,0,N
55,7,28,7,0,1,1,0,0,PRT,0,1,0,79.0,0,N
18,9,37,7,1,3,1,0,0,ESP,0,1,0,123.5,0,N
164,7,28,6,2,4,2,0,0,ROU,0,1,0,99.45,0,Y
4,1,3,15,0,1,2,0,0,FRA,11,1,0,77.0,1,N
12,3,12,20,1,1,2,0,0,FRA,0,4,0,110.7,0,N
3,12,52,23,2,2,2,0,0,PRT,0,4,0,93.63,2,N
102,4,17,24,1,3,1,0,0,PRT,0,1,1,90.0,0,N
256,6,25,15,0,2,2,0,0,DEU,0,1,0,112.0,1,N
0,4,17,23,0,1,2,0,0,PRT,0,1,1,97.32,0,N
29,4,15,5,0,3,1,0,0,PRT,0,1,0,67.0,0,N
55,8,35,26,0,2,2,0,0,PRT,0,1,0,62.0,0,Y
8,8,34,18,0,5,2,0,0,ESP,0,1,0,93.0,1,N
74,2,7,13,1,2,2,0,0,GBR,0,1,0,79.2,3,Y
0,9,39,23,0,1,2,0,0,PRT,0,1,0,152.0,2,N
423,7,29,22,1,1,2,0,0,DEU,0,1,0,122.4,1,N
38,6,24,12,1,2,2,0,0,FRA,0,1,0,99.0,0,N
2,6,23,2,0,2,2,0,0,PRT,0,1,1,120.0,0,N
379,7,30,21,0,2,2,0,0,PRT,0,1,0,62.0,0,Y
4,2,6,10,0,2,2,0,0,PRT,0,1,1,108.0,0,N
115,5,18,6,2,4,2,0,0,DEU,0,1,0,89.1,0,N
1,7,30,20,0,1,2,0,0,PRT,0,1,0,111.0,0,N
79,3,12,25,2,1,2,0,0,GBR,0,1,0,72.0,1,N
175,8,32,5,0,1,2,0,0,POL,0,1,0,76.5,0,N
32,2,8,20,1,1,1,0,0,PRT,0,1,0,75.0,0,Y
134,10,41,8,1,1,2,0,0,FRA,0,1,4,118.8,0,Y
329,7,30,27,0,2,2,0,0,GBR,0,1,0,89.1,1,N
4,2,7,12,1,2,2,0,0,NLD,0,4,0,97.0,2,N
264,7,28,8,0,2,2,0,0,PRT,0,1,0,62.0,0,N
328,9,40,30,0,2,2,0,0,FRA,0,1,0,65.0,1,N
191,6,23,3,1,2,2,0,0,PRT,0,1,0,132.0,0,N
60,5,22,29,1,2,2,0,0,POL,0,1,0,89.1,1,N
14,11,48,25,0,1,2,0,0,PRT,0,1,0,76.0,0,N
44,3,9,1,0,4,2,0,0,ITA,0,4,0,100.3,2,N
275,6,23,4,1,1,2,0,0,PRT,0,1,0,62.8,0,Y
1,4,15,6,0,2,1,0,0,PRT,0,1,0,95.0,0,N
18,12,53,30,2,2,3,0,0,ESP,0,4,0,166.85,2,Y
55,7,28,7,0,1,1,0,0,PRT,0,1,0,79.0,0,N
68,1,4,26,0,2,2,0,0,BRA,0,4,0,111.6,0,N
126,6,25,23,0,2,2,0,0,DEU,0,1,0,117.0,0,N
7,12,53,29,0,3,1,0,0,AUT,0,1,0,65.0,0,N
145,6,26,30,0,2,3,0,0,BRA,0,5,0,182.25,0,N
47,5,21,22,1,1,2,0,0,FRA,0,1,0,160.0,3,N
88,5,19,8,1,1,1,0,0,PRT,0,1,0,120.0,0,Y
2,2,6,5,2,2,2,0,0,FRA,0,1,0,116.75,1,N
286,5,20,11,0,4,2,0,0,PRT,0,1,0,101.0,0,Y
0,1,4,20,0,1,1,0,0,CHN,0,1,0,90.0,0,N
30,9,39,24,2,2,2,2,0,POL,0,6,0,195.53,0,Y
72,9,38,19,2,4,2,0,1,ESP,0,1,0,71.4,1,N
294,12,53,26,1,0,2,0,0,ESP,0,1,0,112.5,0,Y
1,2,7,17,0,2,2,0,0,ESP,0,1,2,163.0,0,N
13,5,20,14,2,0,1,0,0,AUT,0,4,1,142.5,1,N
330,9,37,12,2,1,2,0,0,PRT,1,1,0,62.8,0,Y
82,10,45,30,2,2,2,0,0,BRA,0,1,1,59.85,1,N
77,12,50,6,0,2,2,0,0,ESP,0,1,1,79.2,2,Y
350,6,25,17,0,2,2,0,0,PRT,0,1,0,140.0,0,Y
26,9,39,24,1,1,2,0,0,BRA,0,5,0,157.94,0,N
198,10,43,18,0,3,1,0,0,FIN,0,1,0,90.9,0,Y
46,6,25,20,0,1,2,0,0,PRT,0,1,0,90.0,0,Y
93,4,15,6,0,3,2,0,0,FRA,0,1,0,79.5,0,Y
20,9,38,12,1,0,1,0,0,DEU,0,1,0,89.0,2,N
32,10,41,7,2,4,2,0,0,FRA,0,4,0,185.67,0,N
170,8,33,11,2,3,2,0,0,ITA,0,4,3,112.2,1,Y
476,7,28,15,2,1,2,0,0,GBR,0,1,0,112.67,1,N
302,9,38,16,1,2,2,0,0,PRT,0,1,0,100.0,0,Y
23,3,12,22,0,2,1,0,0,PRT,0,1,0,62.4,0,N
175,5,20,19,1,2,2,0,0,PRT,0,1,0,110.0,0,Y
53,1,2,8,2,3,2,0,0,FRA,0,1,2,88.4,1,N
440,9,39,22,0,2,2,0,0,PRT,0,1,0,62.0,0,Y
0,5,22,25,0,1,1,0,0,PRT,2,1,0,0.0,3,N
368,6,26,28,0,3,2,0,0,PRT,0,1,0,90.0,0,Y
35,10,44,28,0,2,2,0,0,PRT,0,1,0,104.13,0,N
8,9,36,1,0,4,2,2,0,ITA,0,7,0,159.75,2,N
13,5,21,25,0,1,1,0,0,LBN,0,1,0,170.0,0,N
231,7,27,6,1,3,2,0,0,GBR,0,1,0,65.18,1,N
342,1,2,12,0,2,1,2,0,AUS,0,4,0,108.58,1,N
164,10,40,2,0,2,1,0,0,PRT,0,1,0,100.0,0,N
38,9,38,16,0,2,2,0,0,DEU,0,5,0,137.52,0,N
130,8,32,9,1,4,2,0,0,GBR,0,1,0,80.1,0,N
119,6,26,25,2,3,2,0,0,GBR,0,4,0,126.0,0,N
5,5,18,1,1,1,3,0,0,ECU,0,4,0,220.0,2,N
18,5,22,29,1,0,2,0,0,PRT,0,1,0,89.0,1,Y
256,9,38,14,1,2,1,0,0,SWE,0,1,1,0.0,0,N
75,6,23,4,1,1,2,0,0,IRL,0,1,0,89.28,0,N
180,4,16,13,0,1,2,0,0,PRT,1,1,0,125.0,0,Y
109,5,18,6,2,2,2,0,0,RUS,0,1,0,117.0,1,N
19,11,46,10,0,2,2,0,0,PRT,0,4,0,165.0,1,N
158,7,30,23,2,2,3,2,0,PRT,0,7,1,294.35,0,N
225,5,21,24,0,4,2,0,0,DEU,0,1,0,107.1,0,Y
315,7,27,7,0,1,0,2,0,USA,0,2,0,91.85,2,Y
356,10,41,8,0,2,2,0,0,PRT,1,1,0,62.0,0,Y
50,10,43,24,0,1,2,0,0,PRT,0,1,0,146.0,0,Y
19,2,8,23,0,1,2,0,0,GBR,0,1,0,88.0,0,N
270,2,8,21,0,2,1,0,0,IRL,0,1,0,71.1,2,N
139,6,24,12,1,1,2,0,0,PRT,0,1,0,110.0,0,Y
87,9,39,25,2,3,2,0,0,PRT,0,1,0,170.0,0,Y
8,7,27,4,0,2,2,0,0,FRA,0,1,1,170.0,1,N
386,10,44,23,2,0,2,0,0,DEU,0,1,0,115.0,1,N
106,11,48,21,1,3,2,0,0,FRA,0,1,0,117.3,2,Y
4,8,34,17,1,2,1,0,0,CHE,0,1,0,67.0,0,N
165,5,20,19,2,2,2,0,0,PRT,0,1,0,225.0,0,Y
158,8,35,31,0,2,2,0,0,NLD,0,4,2,126.0,0,N
142,8,31,5,2,2,2,0,0,FRA,0,1,0,137.75,1,N
226,6,25,15,0,4,2,0,0,PRT,1,1,0,139.0,1,Y
11,1,5,27,0,2,2,0,0,ESP,0,1,0,102.0,1,N
52,3,11,13,1,1,1,0,0,PRT,0,1,0,80.0,0,Y
11,4,15,14,2,3,2,0,0,BRA,0,1,0,129.0,2,N
44,11,45,4,1,2,2,0,0,FRA,0,4,0,110.13,2,N
56,2,5,1,0,3,2,0,0,PRT,0,1,0,60.0,0,Y
373,4,14,5,0,3,2,0,0,PRT,0,1,0,90.0,0,Y
7,9,37,8,2,5,2,0,0,FRA,0,1,0,111.71,2,N
126,8,32,3,0,1,2,0,0,ISR,0,1,0,139.5,0,Y
51,10,41,4,0,3,2,0,0,BRA,0,1,0,118.8,1,N
119,6,25,15,0,4,2,0,0,GBR,0,1,0,128.85,0,N
60,4,18,25,1,0,1,0,0,PRT,0,1,0,65.0,0,N
97,3,13,20,2,5,1,0,0,PRT,1,1,0,79.43,0,Y
100,8,31,1,2,5,2,0,0,NOR,0,1,0,125.0,0,N
3,4,14,3,1,3,1,0,0,PRT,0,1,0,126.0,0,Y
52,10,43,17,1,2,2,0,0,DEU,0,1,0,108.0,0,Y
63,3,12,20,1,2,2,0,0,FRA,0,1,0,75.0,0,N
35,5,20,9,1,2,2,0,0,DEU,0,1,0,126.9,0,Y
39,5,21,21,2,1,2,0,0,NLD,0,1,0,126.9,0,Y
137,6,24,10,1,2,2,0,1,PRT,0,1,0,103.68,3,N
88,12,50,6,0,1,2,0,0,GBR,0,1,0,88.0,0,Y
1,1,5,26,0,1,1,0,0,PRT,0,1,0,66.0,0,N
1,9,39,22,0,4,1,0,0,GBR,0,1,0,170.0,0,N
25,11,48,25,2,2,2,0,0,ESP,0,4,0,96.9,0,Y
162,7,29,14,0,3,2,0,0,FRA,0,1,0,112.0,0,N
282,10,41,10,2,1,2,0,0,PRT,1,1,0,96.0,0,Y
219,9,36,4,1,2,1,0,0,SWE,0,1,0,76.67,0,N
141,5,23,29,2,3,2,0,0,NLD,0,4,0,108.29,2,N
70,10,43,22,0,1,2,0,0,FRA,0,1,0,85.0,0,N
87,12,51,16,0,2,3,0,0,FRA,0,4,0,126.0,2,N
204,4,17,23,2,2,2,0,0,CHE,0,2,1,114.5,4,N
2,1,3,21,1,1,2,0,0,POL,0,1,0,75.0,0,N
5,11,48,20,1,0,1,1,0,PRT,0,1,0,47.5,1,N
158,3,13,27,1,1,2,0,0,ISR,0,1,0,95.0,1,N
56,5,23,30,1,0,1,0,0,PRT,0,1,0,120.0,0,Y
123,9,39,20,1,5,2,0,0,GBR,0,4,0,143.1,1,Y
49,7,29,11,1,0,2,0,0,CHN,0,1,0,93.15,0,Y
50,1,3,14,0,3,1,0,0,FRA,0,1,1,1.0,2,N
0,9,39,23,0,2,1,0,0,PRT,0,1,0,158.0,2,N
158,8,35,25,0,3,2,0,0,FRA,0,1,0,94.5,0,N
30,6,26,20,1,0,2,2,0,PRT,0,6,0,162.35,1,N
59,5,21,21,2,3,2,0,0,BRA,0,1,0,116.1,1,Y
98,11,48,23,1,2,1,0,0,PRT,0,1,0,84.0,0,Y
40,10,44,31,2,1,2,0,0,FRA,0,4,0,65.0,0,N
105,4,14,7,2,5,2,0,0,DNK,0,1,0,118.29,1,Y
38,12,53,27,2,3,2,0,0,FRA,0,1,0,119.0,1,N
6,12,51,18,1,2,2,0,0,FRA,0,1,0,87.0,0,Y
229,8,31,2,0,2,1,0,0,CHE,0,1,0,123.3,1,N
41,6,23,8,0,2,2,0,0,BEL,0,1,1,140.0,1,N
316,5,22,26,0,3,2,0,0,AUT,0,1,0,110.0,0,N
70,7,28,3,2,4,3,0,0,CN,0,4,0,150.3,0,Y
212,8,33,19,2,1,2,2,0,ITA,0,6,2,216.33,0,Y
135,6,26,29,0,2,2,0,0,SAU,0,4,0,126.0,0,Y
15,1,1,2,1,4,2,0,0,PRT,0,4,0,97.92,0,Y
0,10,42,13,0,1,1,0,0,KOR,0,1,0,120.0,1,N
88,12,49,1,0,2,2,0,0,FRA,0,1,0,93.6,0,Y
2,6,27,29,0,2,2,0,0,ISR,0,4,0,104.79,0,N
113,6,24,9,0,3,2,0,0,FRA,0,1,0,116.1,1,N
19,1,5,30,1,0,1,0,0,ITA,0,1,1,60.06,1,N
414,12,49,5,2,1,2,0,0,PRT,1,1,0,62.0,0,Y
186,8,35,26,2,2,2,1,0,GBR,0,2,2,167.66,0,N
21,5,19,3,0,3,1,0,0,FRA,0,4,0,156.0,0,Y
12,2,8,14,2,3,2,0,0,FRA,0,1,0,129.0,1,N
170,4,15,8,2,3,2,0,0,DEU,0,1,0,78.0,0,N
61,4,14,2,2,2,2,0,0,BEL,0,1,0,96.25,3,N
17,10,40,2,1,2,2,0,0,CHE,0,1,0,113.33,1,N
18,1,1,1,2,2,2,0,0,BEL,0,1,0,111.78,1,N
56,1,4,23,1,1,2,0,0,FRA,0,1,0,79.2,0,Y
69,5,21,17,0,3,2,0,0,FRA,0,1,0,126.9,2,N
19,4,16,19,1,4,2,0,0,FRA,0,4,1,176.0,0,N
66,5,19,11,0,3,2,0,0,ISL,0,7,0,295.0,0,N
133,4,16,19,0,4,1,0,0,PRT,0,1,1,90.0,0,Y
349,10,41,4,1,5,2,0,0,DEU,0,1,0,123.33,0,N
358,10,41,10,1,1,2,0,0,PRT,1,1,0,62.0,0,Y
102,1,4,22,1,2,2,0,0,PRT,1,4,0,99.0,2,Y
38,8,34,15,1,0,2,0,0,ITA,0,1,0,135.9,0,Y
67,2,7,12,2,0,2,0,0,PRT,0,1,0,80.0,0,Y
4,2,8,15,1,1,1,0,0,PRT,0,1,0,0.0,1,N
146,3,12,23,0,3,2,0,0,DEU,0,1,0,93.6,1,Y
39,8,33,14,0,2,2,0,0,DEU,0,1,0,109.0,0,N
24,1,2,6,0,2,2,0,0,BRA,0,1,0,89.0,0,N
31,1,1,2,1,3,2,0,0,ITA,0,1,0,74.8,1,N
226,7,28,9,2,1,2,0,0,PRT,0,1,0,110.0,0,Y
34,9,37,9,0,2,2,0,0,CHN,0,1,0,135.9,1,N
63,3,10,9,1,3,2,0,0,DEU,0,5,0,117.3,2,Y
69,10,44,25,2,1,2,0,0,PRT,0,1,0,85.67,0,N
198,9,39,22,0,3,3,0,0,FRA,0,4,0,159.3,3,Y
175,7,27,5,1,4,2,0,0,GBR,0,1,0,107.1,0,N
17,12,53,31,0,1,2,0,0,DEU,0,1,0,80.0,0,N
76,4,15,9,2,3,2,0,0,NOR,0,1,0,100.8,0,Y
256,11,49,27,1,0,2,0,0,CN,0,1,0,67.5,2,N
335,1,1,2,1,4,2,0,0,ESP,0,1,1,109.65,0,Y
219,9,36,4,1,2,1,0,0,SWE,0,1,0,76.67,0,N
50,1,2,10,4,11,2,0,0,AGO,0,4,0,96.9,0,Y
21,9,36,3,2,3,2,0,0,PRT,0,1,0,105.0,0,N
150,4,17,22,1,2,2,0,0,GBR,0,5,0,135.0,0,N
113,5,20,20,2,1,1,0,0,PRT,0,1,0,190.0,0,Y
9,1,4,18,1,4,1,0,0,BRA,0,1,0,54.9,0,N
173,6,24,17,1,1,2,2,0,FRA,0,6,2,216.0,0,N
39,8,33,14,0,2,2,0,0,PRT,0,1,0,101.5,0,Y
5,5,19,9,0,1,2,0,0,PRT,0,1,0,90.0,0,Y
129,5,20,13,2,2,2,0,0,DEU,0,1,0,80.75,0,N
141,6,24,16,1,2,2,0,0,DEU,0,1,0,89.1,0,N
164,10,40,2,0,2,1,0,0,PRT,0,1,0,100.0,0,N
289,12,53,28,2,4,2,0,0,FRA,0,1,0,70.55,2,Y
54,4,18,30,1,1,1,0,0,GBR,0,1,5,121.5,0,Y
27,5,22,22,2,2,2,0,0,IRN,0,1,0,90.84,2,N
35,2,7,12,0,2,2,0,0,POL,0,1,0,80.3,1,N
348,6,22,3,2,1,2,0,0,PRT,0,1,0,90.0,0,Y
57,8,34,23,0,2,2,0,0,CHN,0,1,0,149.0,1,Y
86,5,21,20,1,2,2,0,0,PRT,0,1,0,65.0,1,N
7,7,29,11,1,0,2,1,0,BEL,0,1,0,169.0,2,N
160,12,53,30,0,3,2,0,0,ITA,0,1,0,70.67,0,N
12,2,8,21,0,2,1,0,0,PRT,0,1,1,80.0,1,N
18,7,29,15,0,2,2,0,0,ESP,0,1,0,139.0,1,Y
50,11,47,18,1,2,1,0,0,LUX,0,1,0,86.4,2,Y
10,4,18,29,2,2,3,0,0,ESP,0,4,0,172.0,2,N
186,5,22,30,0,2,2,0,0,PRT,0,1,0,130.0,0,Y
278,8,33,13,2,2,2,0,0,GBR,0,1,0,89.1,1,N
22,12,51,18,0,1,1,0,0,PRT,0,1,0,65.0,0,N
151,7,27,3,1,3,2,1,1,PRT,0,1,0,104.0,0,Y
203,12,50,8,0,3,2,0,0,ITA,0,1,0,112.5,0,Y
118,8,34,14,2,1,2,1,0,ESP,0,1,0,139.5,1,N
23,2,7,7,2,1,2,0,0,BRA,0,1,0,66.0,0,N
130,6,25,24,2,1,2,0,0,USA,0,4,0,130.5,4,N
93,5,18,1,1,2,2,0,0,GBR,0,1,0,126.0,2,N
7,9,38,12,1,2,1,0,0,ESP,0,5,0,65.0,1,N
92,6,25,14,2,5,2,0,0,IRL,0,1,0,120.58,0,N
171,8,35,26,0,1,3,0,0,DEU,0,4,0,128.7,2,N
69,2,9,27,1,3,2,0,0,BRA,0,4,0,99.45,2,Y
157,7,27,8,1,1,2,0,0,PRT,0,1,0,86.63,0,Y
98,11,48,23,1,2,1,0,0,EGY,0,1,0,70.0,0,N
92,9,40,30,0,1,2,0,0,PRT,0,1,0,170.0,0,Y
0,5,20,19,0,1,1,0,0,PRT,0,1,1,110.0,0,N
92,5,20,14,2,1,2,0,0,CN,0,1,0,120.0,2,N
18,5,21,21,1,0,1,0,0,BEL,0,1,0,120.0,1,N
22,2,8,25,4,11,2,0,0,AGO,0,6,0,193.0,0,Y
145,8,34,17,0,2,3,0,0,ITA,0,4,0,151.2,0,N
4,9,38,15,0,2,1,0,0,PRT,0,1,0,115.0,0,N
160,10,45,30,2,0,2,0,0,PRT,0,4,0,113.4,2,N
16,12,50,10,4,7,2,0,0,CHN,0,1,0,67.81,0,Y
137,3,10,6,1,1,2,0,0,ISR,0,1,0,80.0,1,N
10,2,9,22,1,3,1,0,0,PRT,0,1,0,87.0,0,N
3,11,48,27,0,1,2,0,0,PRT,0,1,1,87.0,1,Y
475,10,44,27,0,1,1,0,0,PRT,0,1,0,59.0,0,Y
22,1,3,16,1,3,2,0,0,FRA,0,4,0,99.24,0,N
284,4,17,29,2,4,2,1,0,MNE,0,1,0,168.75,2,Y
66,4,14,2,2,1,1,0,0,ITA,0,1,0,89.1,0,Y
21,2,10,29,1,0,1,0,0,ESP,0,5,1,142.0,0,N
65,7,28,10,1,1,2,2,0,FRA,0,5,0,185.0,0,N
46,2,7,13,0,1,2,0,0,PRT,0,1,0,48.6,0,Y
58,9,37,8,0,2,2,0,0,GBR,0,4,0,149.4,1,N
1,9,36,3,0,2,1,0,0,AGO,0,1,0,123.5,0,N
101,6,24,14,0,2,2,0,0,PRT,0,1,0,100.8,1,N
24,12,49,4,2,2,2,0,0,PRT,0,1,0,123.5,1,N
42,3,9,2,2,4,2,0,0,CHE,0,4,0,100.3,0,N
19,10,41,6,0,3,1,0,0,TUR,0,1,0,80.0,0,N
236,5,22,30,0,3,2,0,0,FRA,0,1,0,125.1,1,Y
2,5,22,25,0,1,2,0,0,PRT,0,1,1,139.0,0,N
69,5,20,17,0,2,2,0,0,IND,0,1,0,144.0,0,Y
102,10,42,16,0,2,1,0,0,PRT,0,1,0,80.0,0,Y
2,1,3,18,0,2,1,0,0,AUT,0,1,0,65.0,0,N
34,10,44,25,0,2,1,0,0,GBR,0,1,0,109.0,1,N
70,4,14,2,2,1,2,0,0,GBR,0,1,0,99.0,0,N
40,7,31,26,0,1,2,0,0,PRT,0,1,0,125.0,1,N
20,12,53,27,2,1,2,0,0,FRA,0,1,2,58.0,0,N
204,8,35,26,1,2,2,0,0,ROU,0,1,0,73.65,0,N
31,8,33,12,0,2,2,1,0,PRT,0,4,2,160.5,2,N
1,10,42,13,0,1,1,0,0,GBR,0,1,1,90.0,0,N
138,4,15,9,2,3,3,0,0,DNK,0,4,0,168.3,3,N
504,8,32,12,2,1,1,0,0,PRT,0,1,0,80.0,0,Y
76,1,1,1,2,2,2,0,0,PRT,0,4,0,75.86,1,N
39,8,33,14,0,2,2,0,0,PRT,0,1,0,101.5,0,Y
33,3,12,19,2,4,2,0,0,FRA,0,4,0,101.72,0,N
107,1,3,18,0,1,3,0,0,FRA,0,4,0,126.0,1,Y
1,6,23,1,0,1,2,0,0,PRT,0,1,0,119.0,0,N
257,7,27,1,0,2,2,0,0,PRT,0,1,0,101.5,0,N
60,7,30,24,1,1,2,0,0,CHN,0,1,0,80.1,1,N
268,7,29,12,2,1,2,0,0,PRT,1,1,0,82.0,0,Y
342,9,39,24,2,4,2,0,0,PRT,1,1,0,170.0,0,Y
136,8,33,13,2,1,3,0,0,PRT,0,4,0,163.2,2,Y
116,5,19,4,0,4,2,0,0,FRA,0,1,0,76.0,1,N
90,3,11,6,2,3,1,0,0,ITA,0,1,1,74.95,0,N
11,12,53,30,0,4,2,1,0,PRT,0,4,0,113.2,0,N
44,4,14,7,2,3,2,0,0,DEU,0,1,0,110.4,1,N
42,3,12,14,1,4,2,0,0,DEU,0,4,1,129.95,0,Y
10,1,4,23,1,0,1,0,0,ESP,0,1,0,98.0,2,N
87,9,37,11,0,2,2,0,0,FRA,0,1,0,100.0,0,Y
75,4,14,5,0,4,1,0,0,NLD,0,1,0,85.0,0,N
71,3,12,19,2,3,2,0,0,SWE,0,4,0,100.3,0,Y
107,9,37,5,1,3,2,0,0,VEN,0,1,0,118.8,1,Y
28,10,43,18,0,3,2,0,0,FRA,0,1,0,91.63,1,N
447,9,40,29,0,2,2,0,0,PRT,0,1,0,62.0,0,Y
118,5,19,1,2,3,2,0,0,FRA,0,4,0,107.95,0,N
305,11,45,4,1,2,2,0,0,PRT,0,1,0,89.0,0,Y
292,7,30,21,0,2,2,0,0,DEU,0,1,0,115.0,0,N
17,9,39,26,2,1,1,0,0,FRA,0,1,2,170.0,2,N
59,1,4,23,1,1,2,0,0,PRT,0,1,0,80.0,0,Y
65,7,30,23,1,1,3,0,0,PRT,0,4,0,137.7,2,N
19,12,53,28,0,4,2,0,0,FRA,0,4,0,131.35,1,N
49,5,19,6,0,2,2,0,0,ESP,0,4,0,139.5,0,N
147,6,24,12,1,3,2,0,0,GBR,0,1,0,89.1,0,N
329,9,37,11,2,3,2,0,0,PRT,1,1,0,90.0,0,Y
94,3,9,1,0,3,2,2,0,BRA,0,6,0,163.2,1,N
38,5,22,27,2,2,3,0,0,CN,0,7,0,196.46,2,N
208,9,36,1,0,1,2,0,0,FRA,0,1,0,96.3,1,Y
116,3,12,24,0,2,2,0,0,FRA,0,1,0,100.0,1,N
28,12,53,31,0,3,2,0,0,FRA,0,4,0,130.33,0,Y
105,4,15,6,0,1,2,0,0,PRT,0,1,0,75.0,0,Y
176,7,28,5,2,6,2,0,0,NLD,0,1,0,80.75,1,N
181,5,19,5,2,4,2,0,0,PRT,1,1,0,90.0,0,Y
88,9,39,26,2,2,2,0,0,PRT,0,1,0,170.0,0,Y
29,9,40,29,0,1,2,0,0,FRA,0,1,0,139.0,1,Y
251,3,13,22,0,3,1,0,0,PRT,0,1,0,90.0,0,Y
33,5,22,24,0,2,2,1,0,FRA,0,1,0,125.1,2,N
110,12,50,9,0,4,2,0,0,FRA,0,1,0,70.0,1,N
21,9,39,18,2,1,2,0,0,MYS,0,1,0,129.0,1,Y
41,12,53,27,2,5,2,0,0,PRT,0,1,0,69.29,0,Y
36,3,11,12,1,1,3,0,0,ITA,0,4,0,114.3,1,Y
118,7,29,15,2,3,2,0,0,GBR,0,1,0,99.45,0,Y
1,10,43,22,0,1,2,0,0,PRT,0,1,0,129.0,1,N
71,5,23,30,1,3,2,0,0,DEU,0,1,0,119.85,1,N
0,6,24,8,0,1,1,0,0,PRT,0,1,0,92.5,0,Y
0,3,9,3,0,1,1,0,0,SWE,0,1,0,98.0,0,N
28,6,25,14,0,3,1,0,0,NLD,0,4,0,108.42,0,N
272,7,29,16,0,2,2,0,0,PRT,1,1,0,62.0,0,Y
37,10,42,13,0,3,2,0,0,PRT,0,1,0,105.0,0,Y
3,8,34,17,1,2,2,0,0,PRT,0,1,0,120.0,0,Y
35,10,44,26,1,1,2,0,0,PRT,0,1,0,76.5,1,N
7,5,19,5,0,3,1,0,0,DEU,0,1,0,112.0,0,N
5,8,35,29,0,2,1,0,0,PRT,0,1,4,104.0,0,N
120,4,17,23,1,1,2,0,0,CHE,0,1,0,95.2,0,N
273,5,20,13,1,2,2,0,0,PRT,0,1,0,95.0,0,Y
245,7,28,6,2,4,1,0,0,PRT,0,1,0,110.0,0,Y
17,11,49,27,2,3,2,1,0,PRT,0,1,0,83.2,0,Y
175,5,20,17,0,3,3,0,0,NLD,0,6,0,168.89,0,N
41,6,22,1,1,3,2,0,0,SWE,0,1,0,140.0,0,Y
301,7,31,30,1,1,2,0,0,PRT,0,1,0,109.0,0,Y
168,8,34,18,0,1,2,0,0,PRT,1,1,0,76.5,0,Y
102,7,30,28,1,2,2,0,0,GBR,0,4,0,155.0,2,N
114,6,24,17,2,1,3,0,0,NOR,0,4,0,162.0,0,N
87,4,15,15,2,2,2,0,0,PRT,0,1,0,95.0,0,Y
4,8,34,18,2,10,2,0,0,AGO,0,1,0,99.33,0,N
49,4,16,16,2,0,2,0,0,PRY,0,1,0,108.0,0,N
391,7,31,27,0,2,2,0,0,PRT,0,1,0,65.0,0,Y
30,5,20,11,0,4,2,0,0,ESP,0,4,0,149.4,0,Y
165,5,18,5,1,2,2,0,0,PRT,0,1,0,89.1,0,Y
89,9,40,25,2,1,3,0,0,PRT,0,1,0,127.33,0,Y
8,9,37,9,0,1,2,0,0,PRT,0,1,0,105.0,2,N
3,9,36,5,2,2,2,0,0,PRT,0,1,0,62.0,0,N
168,9,37,11,0,2,2,0,0,PRT,0,1,0,60.0,0,N
113,8,35,27,2,3,2,0,0,GBR,0,5,1,185.0,2,N
66,10,41,9,1,2,2,0,0,PRT,0,1,0,75.0,0,Y
77,4,16,14,0,3,3,0,0,ITA,0,4,0,128.7,2,N
175,7,28,15,2,1,2,0,0,CN,0,1,0,107.1,1,Y
123,5,21,21,2,1,2,0,0,IRL,0,1,0,108.0,0,Y
77,5,22,31,0,3,2,0,0,CHE,0,4,0,159.0,2,N
0,2,8,25,0,0,2,0,0,PRT,0,1,1,0.0,0,N
187,3,11,16,1,3,2,0,0,DEU,0,1,0,104.0,0,Y
1,11,48,28,1,1,2,0,0,NLD,0,4,1,121.0,0,N
220,6,23,4,2,1,1,0,0,USA,0,1,0,0.0,0,N
21,4,17,29,0,1,2,0,0,USA,0,1,0,115.0,2,N
165,5,20,19,2,2,2,0,0,PRT,0,1,0,225.0,0,Y
58,1,5,27,0,2,1,0,0,PRT,1,1,0,80.0,0,Y
214,7,27,4,0,3,2,1,0,BRA,0,1,0,125.1,0,Y
4,4,14,5,0,1,1,0,0,GBR,0,1,0,150.0,1,N
1,3,10,4,0,1,2,0,0,PRT,0,4,0,70.0,2,N
24,3,11,15,0,4,3,0,0,CHE,0,5,0,134.3,0,N
120,8,34,16,1,5,0,3,0,FRA,0,4,3,53.4,3,N
97,3,11,14,0,2,2,0,0,PRT,0,1,0,85.0,0,Y
77,3,14,30,2,4,2,2,0,LUX,0,6,1,203.4,0,N
587,2,7,16,0,2,2,0,0,PRT,0,1,0,62.0,0,Y
204,5,21,26,1,2,2,0,0,GBR,0,1,0,107.1,3,N
7,5,21,26,0,2,1,0,0,DEU,0,4,0,165.0,0,N
59,1,4,23,1,1,2,0,0,PRT,0,1,0,80.0,0,Y
309,8,34,22,2,1,2,0,0,PRT,1,1,0,62.8,0,Y
2,5,18,3,0,1,1,0,0,PRT,0,1,1,94.0,0,N
161,8,35,25,0,2,2,0,0,CHE,0,4,0,109.8,1,Y
181,8,34,21,1,3,2,0,0,ROU,0,1,0,108.0,1,N
207,12,53,30,1,2,2,0,0,FRA,0,1,0,161.67,0,Y
125,4,15,14,2,2,2,0,0,ITA,0,1,0,103.5,0,Y
101,7,30,22,0,2,2,0,0,ITA,0,4,0,123.3,0,Y
2,10,42,13,0,1,1,0,0,CPV,0,1,0,109.65,0,N
61,3,11,18,1,1,2,0,0,PRT,0,1,0,57.93,1,N
73,11,46,12,2,1,2,0,0,NLD,0,1,0,93.6,1,N
18,2,9,26,4,9,1,0,0,BRA,0,4,0,129.1,0,Y
78,8,32,7,1,2,2,0,0,FRA,0,1,2,136.67,0,Y
86,1,4,22,0,1,1,0,0,PRT,1,1,0,75.0,0,Y
308,11,48,25,0,2,2,0,0,PRT,0,1,0,52.0,0,Y
57,4,16,16,2,2,2,0,1,CHE,0,1,1,108.0,2,N
414,7,28,13,0,2,1,0,0,DEU,0,1,1,95.5,0,N
0,12,53,27,0,1,2,0,0,ITA,0,1,0,106.25,1,N
36,3,12,16,0,3,3,0,0,TWN,0,4,0,120.0,2,N
153,4,15,12,0,3,2,1,0,ISR,0,1,0,141.0,1,Y
12,10,41,4,1,0,1,0,0,FRA,0,1,1,72.0,0,N
167,8,33,14,1,1,3,0,0,GBR,0,4,1,184.5,1,N
169,8,32,8,0,3,3,0,0,GBR,0,4,2,175.5,1,N
3,11,48,24,0,1,1,0,0,PRT,1,1,0,67.0,1,N
16,6,23,8,0,3,2,0,0,ITA,0,1,1,156.67,1,N
159,9,39,19,1,2,2,0,0,BRA,0,1,0,144.0,0,N
75,5,20,20,2,1,2,0,0,GBR,0,1,0,112.67,2,N
62,3,11,11,1,2,2,0,0,GBR,0,Unknown,0,60.29,1,N
301,8,33,14,0,2,2,0,0,PRT,1,Unknown,0,101.5,0,Y
94,3,10,4,0,2,2,0,0,PRT,1,Unknown,0,80.0,0,Y
56,3,12,21,0,3,2,0,0,PRT,0,Unknown,0,85.0,0,Y
23,10,44,29,2,1,2,0,0,ESP,0,Unknown,0,140.0,0,Y
69,10,44,25,2,1,2,0,0,PRT,0,Unknown,0,85.67,0,N
289,8,34,26,2,1,2,0,0,DEU,0,Unknown,0,107.1,2,N
39,6,22,3,1,1,1,2,0,CHN,0,Unknown,0,225.0,0,Y
1,6,22,3,0,1,2,2,0,PRT,0,Unknown,0,0.0,0,N
4,2,8,16,0,3,1,0,0,PRT,0,Unknown,0,65.0,1,N
0,4,13,1,1,1,2,0,1,PRT,0,Unknown,1,115.0,0,N
141,5,22,23,1,4,2,0,0,TUN,0,Unknown,0,116.11,0,Y
5,10,43,19,1,2,2,0,0,POL,0,1,0,90.0,0,N
68,9,37,12,2,5,2,0,0,BEL,0,1,0,96.17,2,N
8,2,6,6,0,1,1,0,0,PRT,0,7,2,101.0,0,N
30,9,40,30,0,2,2,0,0,PRT,0,1,0,121.0,0,Y
150,1,1,2,2,1,2,0,0,PRT,0,1,0,101.0,0,Y
102,10,42,16,0,2,2,0,0,PRT,0,1,0,109.0,0,N
76,4,15,9,2,3,2,0,0,NOR,0,1,0,100.8,0,Y
154,7,31,30,2,1,2,0,0,DEU,0,1,0,104.4,0,N
36,12,52,21,1,4,2,0,0,ESP,0,1,0,88.4,2,Y
169,4,17,22,2,2,2,0,0,CN,0,1,0,77.0,1,N
41,9,37,4,2,3,2,2,0,DEU,0,2,3,208.93,0,Y
6,1,2,7,0,3,2,0,0,ESP,0,1,0,89.0,0,N
5,11,46,8,2,0,1,0,0,PRT,1,1,0,84.0,1,Y
116,2,10,28,2,1,1,0,0,PRT,0,1,0,60.0,0,Y
38,10,41,3,1,2,1,0,0,NLD,0,1,0,117.0,1,N
1,4,16,14,0,2,1,0,0,AUT,0,1,0,95.0,0,N
292,8,32,5,0,2,1,0,0,PRT,1,1,0,60.0,0,Y
136,7,30,23,2,1,2,0,0,BEL,0,2,0,75.0,0,N
71,6,25,14,0,3,1,0,0,PRT,0,1,0,120.0,0,Y
71,3,10,4,0,2,2,0,0,RUS,0,1,0,78.3,1,Y
146,4,18,24,2,0,2,0,0,PRT,0,1,0,95.0,0,Y
524,12,51,15,0,2,2,0,0,PRT,0,1,0,62.8,0,Y
31,6,26,27,0,1,1,0,0,JPN,0,1,0,99.0,2,N
82,8,31,3,2,4,2,0,0,IRL,0,1,0,112.5,3,N
74,3,11,11,1,2,2,0,0,NLD,0,1,0,78.3,1,N
17,2,7,17,1,2,2,0,0,FRA,0,4,0,110.33,0,N
4,9,36,5,2,2,2,0,0,ESP,0,1,1,62.0,0,N
113,5,22,30,0,2,2,0,0,BEL,0,1,0,103.95,1,N
36,5,20,19,2,3,1,0,0,PRT,0,4,0,155.8,0,Y
39,8,33,14,0,2,2,0,0,PRT,0,1,0,101.5,0,Y
26,9,37,12,2,1,2,0,0,FRA,0,1,0,124.0,3,N
110,9,39,23,0,2,3,0,0,ESP,0,4,0,168.3,0,Y
43,4,14,2,1,1,1,0,0,GBR,0,1,0,107.1,0,Y
278,3,12,25,2,1,2,0,0,PRT,0,1,0,90.0,0,Y
30,11,48,23,0,4,0,2,0,MAR,0,2,0,77.86,1,Y
28,1,2,12,0,2,2,0,0,FRA,0,1,0,106.0,2,N
69,4,16,21,2,3,2,0,0,FRA,0,1,0,108.0,0,N
224,9,37,11,1,2,2,0,0,PRT,1,1,0,90.0,0,Y
87,8,33,13,2,2,3,0,0,BRA,0,4,0,200.0,2,N
8,6,23,4,0,1,2,0,0,GBR,0,1,0,129.2,3,N
102,10,42,16,0,2,2,0,0,DEU,0,1,0,109.0,0,N
198,5,21,20,0,1,2,0,0,PRT,0,1,0,65.0,0,N
159,7,30,25,1,1,2,0,0,PRT,1,1,0,76.5,1,Y
171,7,29,17,1,4,2,0,0,BEL,0,1,0,107.1,2,Y
5,12,50,10,1,1,2,0,0,AUT,0,1,0,107.5,1,N
15,4,17,28,0,2,2,0,0,GBR,0,1,0,123.0,0,N
45,6,23,7,0,4,2,0,0,POL,0,1,0,160.0,1,N
4,3,13,24,0,3,2,0,0,ESP,0,1,0,156.67,1,N
59,10,44,29,0,2,2,0,0,PRT,0,1,0,85.0,0,N
269,7,29,13,1,1,2,0,0,PRT,1,1,0,62.0,0,Y
105,4,15,6,0,1,2,0,0,PRT,0,1,0,75.0,0,Y
304,11,45,3,0,3,2,0,0,PRT,0,1,0,89.0,0,Y
77,3,13,25,0,2,2,0,0,ESP,0,1,0,109.8,0,N
34,6,24,9,0,1,2,0,0,PRT,0,1,0,98.0,0,N
28,3,10,7,0,3,2,0,0,GBR,0,1,0,80.0,0,N
60,5,21,16,1,2,2,0,0,DEU,0,1,0,128.85,0,N
217,8,34,23,2,5,2,1,0,ESP,0,1,0,135.0,3,Y
96,4,17,26,1,4,2,0,0,IDN,0,1,0,118.8,0,N
10,7,31,24,1,0,2,0,1,FRA,0,1,1,160.0,1,Y
0,3,12,14,1,2,1,0,0,PRT,2,1,0,65.0,0,N
212,7,31,27,4,10,2,0,0,GBR,0,1,0,90.95,2,Y
120,5,19,11,0,3,2,0,0,FRA,0,1,0,89.1,0,N
16,10,40,1,0,2,2,0,0,PRT,0,1,0,117.0,2,N
66,11,46,7,1,3,2,0,0,POL,0,1,0,179.1,2,N
219,10,41,3,1,3,2,0,0,MKD,0,1,0,102.85,1,Y
93,7,28,5,0,4,2,0,0,NOR,0,1,0,78.85,0,N
112,5,21,26,0,1,2,0,0,USA,0,1,0,126.0,0,N
4,3,13,24,0,2,2,0,0,DNK,0,1,0,146.0,1,N
48,3,11,6,2,1,2,0,0,PRT,0,1,0,40.67,1,N
118,6,24,6,1,1,1,0,0,GBR,0,1,1,110.0,0,N
475,10,44,27,0,2,2,0,0,PRT,0,1,0,62.0,0,Y
171,7,27,7,1,2,2,0,0,GBR,0,4,0,111.6,0,N
414,7,28,13,0,2,2,0,0,AUT,0,1,0,122.4,1,N
52,10,45,31,1,5,3,0,0,GBR,0,4,0,115.09,1,N
85,5,22,26,0,2,2,0,0,BEL,0,4,0,140.4,0,Y
174,3,10,5,2,2,2,0,0,FRA,0,1,0,90.0,1,N
10,6,25,18,1,0,1,0,0,ISR,0,1,0,136.0,0,N
115,5,18,6,2,4,2,0,0,DEU,0,1,0,89.1,0,N
77,8,35,23,0,5,1,0,0,PRT,0,1,1,108.65,2,N
34,12,50,8,0,2,1,0,0,PRT,1,1,0,90.0,0,Y
32,10,41,4,2,5,3,0,0,RUS,0,4,0,171.13,2,N
258,7,27,2,0,2,2,0,0,PRT,1,1,0,62.8,0,Y
170,8,31,5,0,1,2,0,0,NLD,0,1,0,130.5,1,N
78,8,34,23,0,0,1,0,0,PRT,0,1,7,0.0,0,N
115,3,13,20,2,0,1,0,0,PRT,1,1,0,70.0,0,Y
86,9,37,9,0,2,2,0,0,FRA,0,1,0,110.0,0,Y
143,5,18,4,0,2,2,0,0,PRT,0,1,0,120.0,0,Y
102,5,19,8,1,2,2,0,0,RUS,0,1,0,117.0,2,Y
32,6,24,12,1,1,2,0,0,USA,0,4,8,190.0,1,N
87,8,32,12,2,1,2,0,0,DEU,0,4,0,160.0,2,N
100,4,18,25,1,2,1,0,0,DEU,0,1,0,80.1,0,N
16,9,39,25,2,3,1,0,0,CHE,0,1,0,170.0,0,N
57,9,38,16,0,2,1,0,0,ITA,0,1,0,91.0,0,N
36,12,52,20,2,0,2,0,0,PRT,1,1,0,87.3,1,Y
22,7,30,22,0,2,2,0,0,PRT,0,1,0,62.0,0,Y
273,7,29,17,0,2,1,0,0,PRT,0,1,1,87.0,0,N
14,10,43,22,1,1,2,1,0,NLD,0,6,0,168.25,1,N
67,12,49,2,1,2,2,0,0,FRA,0,1,0,75.0,0,N
194,8,35,22,1,2,2,0,0,PRT,0,1,0,102.25,1,Y
364,10,42,16,0,2,2,0,0,PRT,1,1,0,101.5,0,Y
64,3,12,18,2,2,1,0,0,USA,0,1,0,93.5,0,N
337,9,38,19,2,2,2,0,0,PRT,1,1,0,62.0,0,Y
3,4,17,18,1,1,1,0,0,DEU,0,1,0,70.0,0,N
98,4,14,5,0,2,3,0,0,CHN,0,4,4,121.5,2,Y
184,4,18,30,0,1,2,0,0,PRT,0,1,0,118.0,1,Y
188,6,23,2,0,3,2,0,0,PRT,0,1,1,80.75,0,Y
31,6,26,26,3,7,2,2,0,BRA,0,7,0,273.7,0,Y
3,1,1,2,2,3,2,0,0,ESP,0,1,0,102.0,1,N
112,6,23,2,0,2,2,0,0,FRA,0,1,0,100.0,0,N
67,5,21,16,1,3,2,0,0,GBR,0,1,0,109.65,0,N
162,6,25,19,1,3,2,0,0,SWE,0,4,0,130.5,0,Y
96,7,27,7,1,2,2,0,0,FRA,0,1,0,116.0,1,N
206,4,16,16,2,0,2,0,0,DEU,0,1,0,99.0,1,N
157,5,18,1,1,3,2,0,0,PRT,0,1,0,130.0,0,Y
71,6,25,14,0,3,1,0,0,PRT,0,1,0,120.0,0,Y
38,1,2,14,0,1,1,0,0,PRT,0,1,0,75.0,0,Y
193,9,39,23,0,2,2,0,0,FRA,0,1,0,126.9,0,Y
34,12,50,8,0,2,1,0,0,PRT,1,1,0,90.0,0,Y
98,11,48,23,1,2,1,0,0,HUN,0,1,0,70.0,0,N
125,7,28,10,1,0,3,0,0,PRT,0,4,0,170.5,1,Y
20,9,40,25,2,0,2,0,0,GBR,0,1,0,85.5,1,N
24,2,7,11,1,3,2,0,0,GBR,0,1,0,91.0,0,Y
68,2,8,17,0,2,2,0,0,PRT,1,1,0,75.0,0,Y
109,8,36,29,1,1,2,0,0,DEU,0,1,0,72.25,0,N
63,6,24,9,0,1,2,0,0,USA,0,1,2,109.0,1,N
17,9,39,22,0,3,2,0,0,GBR,0,1,0,123.62,1,N
12,3,13,28,0,3,2,0,0,ITA,0,1,0,98.0,3,N
78,11,48,23,0,1,1,0,0,CYP,0,1,4,86.4,2,N
22,8,34,21,0,1,2,0,0,ITA,0,1,1,75.0,0,N
317,6,23,10,2,2,2,2,0,SVN,0,6,0,181.8,1,Y
242,10,44,28,2,2,2,1,0,FRA,0,4,0,95.13,1,N
101,4,18,26,0,1,2,0,0,PRT,0,1,0,98.0,0,N
6,3,11,11,1,2,2,0,0,AUT,0,1,0,97.0,1,N
0,8,35,25,2,7,1,0,0,PRT,0,1,2,0.0,0,N
12,5,19,7,4,8,2,0,0,GRC,0,4,0,146.0,1,N
386,7,31,28,0,2,2,0,0,PRT,0,1,0,62.0,0,Y
20,7,28,6,0,1,2,2,0,NOR,0,6,0,231.0,3,N
60,10,42,12,1,3,2,0,0,PRT,0,1,0,65.0,1,N
85,10,41,6,1,3,2,0,0,DEU,0,1,0,85.0,1,N
168,9,37,11,0,2,2,0,0,PRT,0,1,0,60.0,0,N
178,4,18,28,0,3,1,0,0,PRT,1,1,0,110.0,0,Y
2,6,25,13,1,5,2,0,0,IRL,0,4,0,90.95,0,N
48,2,8,22,0,2,1,0,0,ESP,0,1,0,65.0,1,N
184,7,28,15,0,1,2,0,0,BEL,0,1,0,89.1,1,N
64,9,36,1,2,5,2,0,0,IRL,0,1,0,98.1,3,N
35,2,7,13,1,3,2,1,0,FRA,0,1,0,103.7,0,Y
222,10,44,29,0,1,2,2,0,GBR,0,6,0,219.6,0,Y
19,5,19,7,0,1,1,0,0,CYP,0,1,0,135.0,0,N
1,1,2,14,2,1,1,0,0,USA,0,1,1,69.7,1,N
8,5,20,10,0,2,1,0,0,PRT,0,4,2,108.57,1,Y
134,2,8,25,0,1,1,0,0,PRT,0,1,0,75.0,0,Y
1,1,5,29,2,4,2,1,0,TUR,0,1,0,108.8,2,N
357,5,21,24,0,2,2,0,0,GBR,0,1,0,99.0,0,Y
56,9,38,17,0,2,2,0,0,PRT,0,1,0,82.0,0,N
98,11,48,23,1,2,1,0,0,FRA,0,1,1,70.0,0,N
97,10,41,5,1,3,1,0,0,PRT,0,1,0,140.0,0,Y
282,6,24,9,0,3,2,0,0,FRA,0,1,0,73.33,1,N
1,10,44,25,0,1,2,0,0,BRA,0,1,0,120.0,2,Y
6,6,27,30,0,1,2,0,0,PRT,0,1,0,139.0,1,N
22,4,17,29,2,1,2,0,0,RUS,0,1,0,133.0,1,Y
50,2,9,22,1,4,3,0,0,FIN,0,1,0,78.85,1,N
0,10,41,9,0,1,1,0,0,PRT,0,1,0,152.0,0,N
304,12,53,29,2,3,1,0,0,SWE,0,1,1,70.0,1,N
321,9,36,3,0,2,2,0,0,PRT,1,1,0,62.0,0,Y
1,5,18,3,0,2,2,0,0,IRL,0,1,0,150.0,0,N
7,4,17,18,1,0,1,0,0,ITA,0,1,0,104.0,0,Y
53,1,5,24,2,3,2,0,0,FRA,0,1,0,60.0,0,N
0,8,32,6,1,0,2,0,0,FRA,0,1,0,160.0,2,N
213,6,26,26,1,1,2,0,0,PRT,0,1,0,115.0,0,Y
70,6,25,15,0,2,2,0,0,NLD,0,1,0,109.0,0,Y
61,7,28,7,0,4,2,0,0,PRT,0,1,0,76.5,1,Y
14,2,9,27,1,3,2,0,0,GBR,0,1,0,74.8,2,N
111,5,18,6,2,2,2,0,0,DEU,0,1,0,92.17,1,N
69,10,41,4,1,0,2,0,0,DEU,0,1,0,68.72,1,N
178,8,32,3,0,4,2,0,0,FRA,0,1,0,99.45,1,N
479,8,32,9,0,3,2,0,0,GBR,0,1,0,112.67,1,N
28,7,29,14,0,1,1,0,0,PRT,0,1,0,67.0,0,N
45,8,32,7,1,1,2,0,0,CHE,0,1,0,140.0,1,N
97,3,13,20,2,5,1,0,0,PRT,1,1,0,79.43,0,Y
4,3,11,7,1,3,2,0,0,DZA,0,1,0,106.0,0,N
94,4,18,28,0,2,3,0,0,AUT,0,4,0,144.0,1,N
56,3,12,21,0,3,2,0,0,PRT,0,1,0,85.0,0,Y
346,9,38,13,0,2,2,0,0,DEU,0,1,0,115.0,1,N
0,2,7,10,0,1,1,0,0,HRV,0,1,0,79.0,0,N
207,9,40,29,0,2,2,0,0,PRT,1,1,0,48.0,0,Y
93,4,14,6,0,3,2,0,0,PRT,0,1,0,95.0,0,Y
72,9,38,18,0,1,2,0,0,PRT,0,1,0,108.0,0,N
148,5,18,4,0,2,2,0,0,PRT,0,1,0,95.0,0,Y
1,12,53,27,0,2,2,0,0,PRT,0,4,1,108.0,0,N
14,2,7,16,0,3,2,0,0,BEL,0,1,0,98.0,1,N
57,1,4,27,0,2,2,0,0,GBR,0,1,0,79.2,0,Y
9,3,13,20,2,1,3,0,0,DEU,0,4,0,186.0,1,N
8,8,32,9,0,1,1,0,0,ESP,0,1,0,80.0,0,N
237,8,33,10,0,4,2,0,0,CHN,0,1,0,80.75,0,N
518,8,34,26,2,1,2,0,0,GBR,0,1,0,112.67,1,N
14,10,42,15,0,1,1,0,0,PRT,1,1,0,100.0,0,Y
13,11,47,16,0,2,1,0,0,GBR,0,1,0,73.15,1,N
28,6,22,3,2,2,2,0,0,BEL,0,1,0,149.5,1,Y
143,5,18,4,0,2,1,0,0,PRT,0,1,0,110.0,0,Y
137,1,5,27,0,2,1,0,0,PRT,1,1,0,70.0,0,Y
120,5,23,31,2,7,2,0,0,FRA,0,1,0,109.65,1,Y
200,7,30,26,0,1,3,0,0,BEL,0,4,2,175.5,1,N
53,4,16,16,1,0,2,0,0,BRA,0,1,0,108.0,0,Y
198,7,31,30,1,1,2,0,0,ITA,0,1,0,96.0,1,N
12,3,12,23,0,3,2,0,0,GBR,0,6,1,208.0,0,N
189,5,18,5,1,2,2,0,0,PRT,0,1,0,100.0,0,Y
28,9,40,27,0,1,2,0,0,POL,0,1,0,75.0,2,N
221,6,25,23,2,7,2,0,0,IRL,0,4,0,129.4,1,N
82,4,15,8,2,2,2,0,0,NLD,0,4,0,99.45,1,N
17,7,27,6,1,3,2,1,0,PRT,0,1,0,127.1,0,Y
36,10,43,16,1,0,1,0,0,CHN,0,1,0,107.1,1,Y
346,9,38,13,0,2,2,0,0,DEU,0,1,0,115.0,1,N
105,6,25,21,0,2,2,0,0,ISR,0,1,0,126.0,0,Y
322,12,53,30,2,3,2,0,0,DEU,0,1,0,82.79,0,Y
79,5,21,16,1,3,3,0,0,DEU,0,1,0,150.45,0,Y
277,11,46,7,1,2,2,0,0,PRT,0,1,0,100.0,0,Y
3,7,30,19,0,1,2,2,0,SWE,0,7,0,235.45,2,N
29,4,17,28,0,2,3,0,0,POL,0,5,0,215.0,1,Y
34,10,42,12,1,2,2,0,0,FRA,0,1,0,103.5,1,N
7,7,29,19,0,1,1,0,0,PRT,3,1,0,65.0,0,N
4,3,11,13,1,0,2,0,0,EST,0,4,0,128.0,1,N
0,11,45,4,1,4,2,0,0,FRA,0,1,0,95.0,1,N
262,5,21,24,0,4,2,0,0,CHE,0,1,0,133.2,2,Y
20,4,15,9,1,1,2,0,0,ITA,0,4,0,139.0,0,Y
19,5,20,15,1,3,2,0,0,GBR,0,4,0,170.0,0,N
151,5,19,13,2,2,2,0,0,PRT,0,1,0,95.0,0,Y
11,9,36,4,0,2,2,0,0,FRA,0,1,0,124.0,2,N
1,2,9,27,0,1,2,0,0,GBR,0,1,0,103.0,1,N
26,1,5,30,1,1,2,0,0,FRA,0,1,0,91.0,1,N
110,8,34,20,2,4,2,0,0,COL,0,2,3,146.25,1,N
30,2,9,25,0,3,2,0,0,FRA,0,1,0,69.9,0,Y
9,2,8,23,0,3,3,0,0,ITA,0,4,0,161.33,1,Y
21,11,46,13,2,2,2,0,0,PRT,1,4,0,82.45,1,Y
74,3,13,26,2,1,2,0,0,PRT,0,4,0,81.0,1,Y
67,11,48,25,0,2,2,0,0,ITA,0,1,0,75.0,0,N
0,3,9,1,0,2,2,1,0,POL,0,4,0,107.88,0,N
16,9,37,10,0,1,2,0,0,RUS,0,1,0,95.0,1,N
229,7,28,12,1,4,2,0,0,PRT,0,1,0,110.0,0,Y
0,3,9,2,0,1,1,0,0,PRT,0,1,0,65.0,0,N
69,7,29,11,1,2,2,1,1,PRT,0,5,1,140.0,3,N
75,3,12,17,1,3,2,0,0,PRT,0,1,0,80.0,0,Y
60,6,22,3,2,2,2,0,0,FRA,0,4,0,170.0,1,N
28,3,11,14,0,2,1,0,0,NLD,0,1,0,65.0,0,N
135,4,16,21,1,2,2,0,0,PRT,0,1,0,90.0,0,Y
31,11,49,27,2,0,2,0,0,FRA,0,1,0,88.0,1,N
127,10,42,12,0,3,2,0,0,BEL,0,4,0,132.3,2,Y
30,10,43,21,0,2,2,0,0,FRA,0,1,0,139.0,4,N
18,1,1,2,0,1,2,0,0,CHE,0,1,0,54.0,0,N
78,3,10,3,1,3,2,1,0,POL,0,1,0,60.0,2,N
120,9,38,11,2,5,2,0,0,PRT,0,1,0,94.81,1,N
62,12,50,8,0,2,2,0,0,ESP,0,2,2,100.6,0,N
0,5,23,30,1,0,2,0,0,PRT,0,1,0,140.0,0,N
26,4,17,26,1,4,2,0,0,GBR,0,1,0,92.0,0,N
408,5,22,30,0,1,2,0,0,PRT,0,1,0,90.0,0,Y
0,1,2,12,0,2,1,0,0,RUS,0,1,0,79.2,1,N
109,2,9,21,2,1,2,0,0,PRT,1,1,0,75.0,0,Y
9,4,15,14,0,1,2,0,0,FRA,0,5,0,210.0,1,N
10,3,12,14,1,2,2,0,0,FRA,0,1,0,80.0,0,N
346,9,38,13,0,2,2,0,0,DEU,0,1,0,115.0,1,N
51,11,45,1,0,3,2,1,0,BEL,0,1,0,129.0,1,N
56,3,12,21,0,3,2,0,0,PRT,0,1,0,85.0,0,Y
141,3,13,30,0,2,2,0,0,GBR,0,4,0,105.34,2,N
12,6,24,8,0,1,1,0,0,ESP,0,1,0,109.0,1,N
62,6,23,5,1,1,2,0,0,CHN,0,1,0,126.0,2,Y
282,7,27,5,0,2,2,0,0,ITA,0,1,0,141.3,1,Y
42,3,12,19,2,2,3,0,0,ESP,0,5,0,125.8,0,Y
42,6,25,21,0,3,2,1,0,ITA,0,1,0,180.0,2,N
0,4,15,3,1,0,1,0,0,USA,0,1,0,89.0,0,N
5,5,19,1,1,0,2,0,0,BRA,0,4,2,155.0,1,N
79,4,15,4,1,5,2,0,0,BRA,0,4,0,96.62,1,Y
28,9,40,27,0,1,2,0,0,POL,0,1,0,75.0,2,N
40,3,10,5,2,3,2,0,0,ITA,0,1,0,83.9,1,N
83,9,39,23,0,2,2,0,0,ESP,0,1,0,62.0,0,N
33,9,38,16,0,2,1,0,0,FRA,0,1,0,85.5,2,N
4,2,7,13,0,1,2,0,0,PRT,0,4,0,115.0,1,N
328,1,1,3,2,5,3,0,0,BRA,0,4,0,107.95,1,Y
269,8,31,3,0,1,2,1,0,DEU,0,1,0,125.1,1,N
32,12,50,8,4,10,2,0,0,PRT,1,2,0,90.35,1,Y
316,5,22,26,0,3,2,0,0,AUT,0,1,0,110.0,0,N
3,8,32,1,1,1,2,0,0,ISR,0,1,0,109.0,1,N
149,4,13,1,2,1,2,0,0,IRL,0,1,0,99.0,0,Y
55,8,35,26,0,2,2,0,0,ESP,0,1,0,62.0,0,N
79,12,50,7,0,3,3,0,0,FRA,0,1,0,105.0,0,N
243,5,21,24,0,4,2,0,0,ESP,0,4,2,138.77,2,Y
197,8,31,5,2,4,2,0,0,FRA,0,1,0,85.0,0,N
86,10,44,29,2,2,2,1,0,ITA,0,1,0,83.3,0,N
55,1,3,16,1,3,2,0,0,ESP,0,1,0,72.0,1,N
124,12,53,28,1,3,2,0,0,DEU,0,1,1,72.25,2,N
19,10,41,6,0,3,1,0,0,PRT,0,1,0,80.0,0,N
27,2,7,13,1,2,2,0,0,FRA,0,1,0,75.0,3,N
6,9,39,23,0,1,1,0,0,ESP,0,4,0,0.0,1,N
21,3,11,14,0,1,1,0,0,ESP,0,1,2,251.0,0,N
112,3,14,30,0,2,2,0,0,PRT,0,1,0,64.0,0,Y
54,3,12,19,2,3,2,0,0,BEL,0,1,0,91.8,1,N
20,1,1,3,0,4,3,0,0,ITA,0,4,0,132.6,1,Y
107,11,48,24,0,2,2,0,0,DEU,0,1,0,90.0,0,N
1,4,16,16,0,1,2,0,0,PRT,0,1,0,147.0,1,Y
206,7,31,25,1,4,2,0,0,DEU,0,1,0,90.95,0,N
25,3,11,12,1,0,2,0,0,PRT,0,1,0,100.0,0,Y
363,10,42,15,0,2,2,0,0,PRT,1,1,0,62.0,0,Y
398,8,33,11,0,2,2,0,0,PRT,0,1,0,62.0,0,Y
0,8,34,22,0,1,1,0,0,PRT,6,1,0,67.0,2,N
72,3,13,26,1,1,2,0,0,PRT,0,1,0,96.0,0,Y
358,6,27,30,0,2,2,0,0,PRT,0,1,0,62.0,0,Y
35,5,22,22,2,2,2,0,0,PRT,0,1,0,108.9,0,N
17,10,42,17,2,1,2,0,0,IRL,0,1,0,106.77,1,N
62,11,46,6,2,3,1,0,0,CHE,0,1,0,155.52,1,N
14,1,4,28,0,1,2,0,0,PRT,0,1,0,108.0,0,N
97,4,15,6,2,5,2,0,0,ITA,0,1,0,75.89,0,N
5,10,43,19,1,2,1,0,0,PRT,1,4,0,136.0,2,Y
34,12,50,8,0,2,1,0,0,PRT,1,1,0,90.0,0,Y
43,10,42,13,0,1,1,0,0,PRT,0,1,1,75.0,0,N
5,5,19,9,0,1,2,0,0,PRT,0,1,0,90.0,0,Y
222,8,36,28,2,4,2,0,0,LBN,0,1,2,100.58,1,Y
93,4,15,11,0,3,2,0,0,BEL,0,1,0,120.0,1,N
240,7,27,7,0,2,2,0,0,ITA,0,1,0,141.3,1,Y
37,9,37,5,1,3,1,1,0,FRA,0,1,0,72.91,1,N
297,5,20,14,1,1,2,0,0,FRA,0,1,0,65.0,0,N
16,2,7,12,2,2,2,1,0,DNK,0,6,0,198.0,1,N
14,5,22,28,2,1,3,0,0,GBR,0,4,0,196.67,1,Y
15,2,5,4,1,1,2,0,0,BEL,0,1,1,98.0,0,N
2,7,30,23,1,3,1,0,0,PRT,0,1,0,17.6,0,Y
124,8,32,8,2,1,2,0,0,ITA,0,1,0,94.5,0,Y
4,1,1,4,2,5,1,0,0,FRA,0,1,1,71.71,0,N
259,12,50,7,0,4,3,0,0,AUT,0,4,1,104.55,1,N
277,11,46,7,1,2,2,0,0,PRT,0,1,0,100.0,0,Y
13,9,38,11,1,0,2,0,0,BRA,0,1,0,99.0,1,Y
17,2,8,19,0,2,2,0,0,JPN,0,1,0,91.0,0,N
231,9,37,10,1,3,2,0,0,GBR,1,1,0,89.25,0,Y
11,5,21,23,0,1,1,0,0,PRT,0,1,0,104.0,0,N
105,4,15,6,0,1,2,0,0,PRT,0,1,0,75.0,0,Y
64,3,13,22,0,4,2,1,0,AUT,0,1,0,71.83,1,N
178,4,18,28,0,3,1,0,0,PRT,1,1,0,110.0,0,Y
4,10,44,31,2,2,2,0,0,DEU,0,1,0,60.0,1,N
158,5,22,24,0,2,1,0,0,PRT,0,1,0,130.0,0,Y
47,11,46,12,2,2,2,0,0,SGP,0,1,1,85.75,1,N
168,7,27,5,1,4,2,0,0,DEU,0,1,0,80.1,1,N
36,7,29,15,0,1,3,0,0,AUT,0,4,0,168.3,1,N
181,10,44,28,0,2,2,0,0,FRA,0,1,0,90.9,2,N
1,9,39,22,0,3,1,0,0,NLD,0,1,1,111.65,1,N
8,2,9,27,1,1,2,0,0,NLD,0,1,0,108.0,0,N
120,9,36,2,1,2,1,0,0,PRT,0,1,0,115.0,0,Y
12,8,32,5,0,3,2,0,0,RUS,0,1,0,65.0,0,N
111,10,42,10,1,0,1,0,0,PRT,0,1,0,120.0,0,Y
3,6,27,27,1,1,1,0,0,ESP,0,1,0,124.0,0,N
419,9,36,1,0,2,2,0,0,PRT,0,1,0,62.0,0,Y
10,2,9,27,1,2,2,0,0,FRA,0,4,0,89.33,0,N
34,8,32,5,0,2,2,0,0,ESP,0,1,0,62.0,0,N
318,8,36,31,1,1,2,0,0,PRT,1,1,0,62.0,0,Y
70,4,16,16,2,2,2,0,0,GBR,0,1,0,108.0,0,N
60,12,52,23,2,2,3,0,0,ESP,0,4,0,130.9,0,Y
219,9,36,4,1,2,2,0,0,PRT,1,1,0,80.0,0,Y
132,7,30,23,0,1,2,0,0,PRT,0,1,0,90.0,0,N
68,5,21,22,1,3,2,0,0,BRA,0,1,2,144.0,0,N
10,5,19,10,0,3,2,0,0,FRA,0,1,0,141.0,0,N
423,6,24,14,0,3,2,0,0,GBR,0,1,0,112.67,1,N
478,8,32,8,0,1,2,0,0,PRT,0,1,0,90.0,0,Y
210,6,25,19,1,3,2,0,0,PRT,0,1,0,130.0,0,Y
338,10,41,7,1,2,2,0,0,PRT,0,1,0,80.0,0,Y
75,12,53,27,2,5,2,1,0,DEU,0,4,0,113.81,1,N
52,10,43,17,1,1,3,0,0,DEU,0,4,0,158.4,1,Y
69,10,44,25,2,1,2,0,0,PRT,0,1,0,85.67,0,N
9,7,29,21,0,2,2,0,0,USA,0,1,0,95.2,1,N
139,2,6,11,1,1,2,0,0,ARG,0,1,0,79.2,0,Y
1,5,22,24,0,1,1,0,0,PRT,0,1,0,114.0,0,N
243,8,35,30,0,3,2,0,0,DEU,0,1,0,117.0,1,N
1,3,13,29,0,4,2,0,0,FRA,0,7,1,200.0,0,N
134,4,17,19,0,4,2,0,0,FRA,0,1,0,71.0,1,N
412,8,35,25,0,2,2,0,0,PRT,0,1,0,62.0,0,Y
37,10,43,22,1,1,2,0,0,ESP,0,1,0,115.0,0,N
46,5,19,7,2,1,2,0,0,GBR,0,1,0,126.9,2,N
56,7,30,19,0,2,2,2,0,SWE,0,6,0,177.3,2,N
22,5,20,15,1,2,2,0,0,DEU,0,4,0,163.33,0,Y
0,5,20,9,1,0,1,0,0,PRT,0,1,0,93.0,0,N
23,4,15,9,2,3,1,0,0,RUS,0,4,0,129.2,0,Y
181,7,27,3,1,5,2,0,0,FRA,0,1,0,80.1,0,N
74,1,2,14,0,1,3,0,0,PRT,0,4,0,138.6,0,Y
173,2,5,2,0,3,2,0,0,GBR,0,1,0,79.2,2,N
264,7,28,8,0,2,2,0,0,PRT,1,1,0,62.0,0,Y
41,8,33,12,0,2,2,0,0,PRT,0,1,0,62.0,0,N
114,4,18,30,2,5,2,0,0,FRA,0,4,0,106.74,1,Y
98,11,48,23,1,2,1,0,0,FRA,0,1,0,70.0,0,N
58,11,47,19,2,1,2,0,0,ESP,0,1,0,75.0,1,N
229,5,21,25,1,3,2,0,0,GBR,0,1,0,125.1,2,N
96,4,17,26,0,2,2,0,0,PRT,0,1,0,130.0,0,Y
3,3,11,13,1,1,1,0,0,ITA,0,1,1,85.85,0,N
102,10,42,16,0,2,1,0,0,PRT,0,1,0,80.0,0,Y
0,3,10,2,0,2,1,0,0,PRT,0,1,0,55.0,1,N
116,2,10,28,2,1,1,0,0,PRT,0,1,0,61.0,0,Y
256,6,25,15,0,2,1,0,0,DEU,0,1,1,90.0,0,N
326,9,37,8,0,1,2,0,0,PRT,1,1,0,60.0,0,Y
24,5,23,29,2,2,2,0,0,GBR,0,1,0,104.55,2,N
151,12,53,26,1,3,3,0,0,FRA,0,4,0,164.05,2,N
6,2,5,3,0,2,2,0,0,PRT,0,1,0,88.0,0,Y
69,4,17,23,2,3,2,0,0,FRA,0,4,1,136.8,0,N
77,10,42,10,1,3,2,0,0,FRA,0,4,0,99.96,0,N
43,11,46,8,0,3,2,0,0,FRA,0,1,0,75.0,0,N
281,4,16,14,0,2,2,0,0,PRT,0,1,0,62.0,0,Y
111,4,14,1,2,4,2,0,0,POL,0,2,1,73.74,1,N
22,5,21,21,0,1,2,0,0,IRL,0,4,0,165.0,1,N
302,8,33,15,2,2,2,0,0,PRT,1,1,0,62.0,0,Y
89,4,16,16,2,2,2,0,0,GBR,0,5,0,162.0,0,Y
0,9,39,22,0,1,2,0,0,PRT,0,1,0,89.0,0,Y
54,4,14,5,0,2,2,0,0,PRT,0,1,0,110.0,0,Y
85,5,21,16,1,3,2,0,0,FRA,0,1,0,119.85,1,N
190,10,44,29,2,1,2,0,0,BRA,0,1,0,105.3,1,N
240,7,30,23,2,1,2,0,0,PRT,0,1,0,110.0,0,Y
144,7,30,27,2,6,3,0,0,MOZ,0,4,0,175.5,1,N
83,4,15,10,1,0,2,1,0,PRT,0,1,0,177.75,3,Y
6,5,23,31,0,2,1,0,0,ESP,0,1,0,95.0,0,N
185,7,30,29,2,6,2,1,0,PRT,0,1,0,117.9,0,Y
58,2,8,23,1,3,2,0,0,PRT,0,1,0,78.0,0,Y
71,12,52,24,1,3,2,0,0,ECU,0,1,0,105.3,1,N
192,9,39,25,2,3,2,0,0,PRT,0,1,0,102.0,0,N
45,12,53,30,0,1,3,0,0,BRA,0,4,0,167.4,0,Y
126,7,28,8,0,1,2,0,0,GBR,0,1,0,123.3,1,N
140,6,24,9,1,3,2,0,0,DEU,0,4,0,113.48,0,N
28,3,9,2,0,3,2,0,0,PRT,0,1,0,95.0,0,Y
35,7,28,8,0,1,2,0,0,ESP,0,1,0,135.9,0,N
93,5,19,13,0,1,2,0,0,USA,0,4,0,148.5,1,N
284,12,51,12,1,0,2,0,0,DEU,0,1,0,67.5,0,Y
13,5,22,28,2,1,2,0,0,DEU,0,1,0,126.67,1,Y
2,11,48,25,0,2,2,0,0,PRT,0,1,0,95.0,0,N
50,8,34,26,2,3,2,0,0,GBR,0,5,0,200.0,1,Y
1,2,9,27,0,1,2,0,0,GBR,0,1,0,102.0,1,N
27,9,39,20,0,1,2,0,0,PRT,0,1,0,95.0,0,N
192,9,39,25,2,3,2,0,0,PRT,0,1,0,102.0,0,N
233,6,25,23,1,2,2,0,0,PRT,0,1,0,105.0,0,Y
1,8,34,22,0,1,2,0,0,PRT,0,5,0,199.0,1,N
27,6,24,12,1,0,2,0,0,PRT,0,1,0,0.0,0,Y
56,2,7,12,2,4,2,0,0,FRA,0,1,0,90.1,2,N
0,5,20,13,0,1,2,0,0,FRA,0,1,0,139.0,0,N
23,9,37,8,0,2,2,0,0,USA,0,1,0,130.0,1,N
17,12,49,3,2,4,2,0,0,ESP,0,1,0,98.39,0,Y
75,3,13,31,1,2,2,0,0,ESP,0,1,0,89.83,0,N
272,7,29,16,0,2,2,0,0,PRT,1,1,0,62.0,0,Y
79,11,48,25,0,2,2,0,0,GBR,0,1,0,88.0,1,Y
58,2,8,23,1,3,2,0,0,PRT,0,1,0,78.0,0,Y
80,4,14,8,2,1,2,0,0,FRA,0,1,0,115.0,0,N
38,1,2,14,0,1,1,0,0,PRT,0,1,0,75.0,0,Y
40,8,33,15,2,2,2,0,0,PRT,0,1,0,62.0,0,Y
9,7,30,23,1,0,2,0,0,ISR,0,1,0,140.0,1,N
169,5,18,6,2,1,1,0,0,FRA,0,1,0,80.0,0,N
377,10,42,14,0,2,2,0,0,DEU,0,1,0,115.0,1,N
34,11,49,27,2,5,2,0,0,NLD,0,1,1,68.45,1,N
36,10,42,13,0,3,2,0,0,PRT,0,1,0,112.0,0,N
26,9,37,12,1,1,2,0,0,HUN,0,1,0,133.5,2,N
151,3,12,20,1,1,2,0,0,PRT,0,1,0,95.0,0,N
50,1,1,3,0,2,1,0,0,PRT,0,1,0,54.05,2,N
70,2,7,16,0,3,2,0,0,GBR,0,1,0,95.4,2,Y
142,3,12,25,2,2,2,0,0,FRA,0,4,0,136.8,0,N
42,3,13,20,2,2,2,1,0,ESP,0,1,0,113.6,0,Y
2,7,28,15,0,1,2,0,0,PRT,0,1,0,160.0,1,Y
443,4,18,29,0,1,2,0,0,PRT,0,1,0,65.0,0,Y
28,5,21,19,0,2,2,0,0,PRT,0,1,0,100.0,0,N
0,9,38,11,1,0,1,0,0,USA,0,1,1,85.03,0,N
116,3,13,25,2,5,2,0,0,SWE,0,1,0,104.14,1,N
8,9,40,25,2,0,2,0,0,PRT,0,1,0,95.0,0,N
300,8,33,13,0,2,2,0,0,PRT,1,1,0,62.8,0,Y
9,12,50,9,2,2,2,0,0,LUX,0,4,0,99.88,2,N
106,5,21,27,2,1,2,0,0,PRT,0,1,0,89.1,0,Y
71,5,22,28,2,3,2,0,0,GBR,0,4,0,124.65,0,N
54,1,3,18,0,3,2,0,0,PRT,0,1,0,65.0,0,Y
5,10,43,19,1,3,1,0,0,BEL,0,1,0,135.0,0,N
56,3,12,21,0,3,2,0,0,PRT,0,1,0,85.0,0,Y
1,5,21,24,0,1,1,0,0,ESP,0,1,1,160.0,0,N
91,8,34,14,1,0,2,1,0,CHN,0,1,0,120.69,1,N
41,10,44,24,1,3,2,1,0,FRA,0,1,0,100.0,0,N
131,8,34,25,0,2,2,2,0,GBR,0,6,0,244.0,0,N
181,5,19,5,2,4,2,0,0,PRT,1,1,0,90.0,0,Y
66,3,11,15,0,4,3,0,0,DEU,0,4,0,134.3,1,N
305,10,40,1,1,1,2,0,0,PRT,1,1,0,100.0,0,Y
5,9,39,20,2,0,2,0,0,PRT,1,1,0,100.0,0,Y
84,9,37,4,2,1,2,0,0,DEU,0,1,0,125.1,2,N
38,9,40,26,1,1,2,0,0,CHN,0,1,0,112.59,0,Y
140,2,6,6,1,5,2,0,0,BRA,0,1,3,94.8,1,N
215,11,48,21,1,1,1,0,0,ITA,0,1,2,75.0,0,N
21,9,36,4,2,2,2,0,0,PRT,0,1,0,105.0,2,N
122,5,19,11,0,2,1,0,0,CHE,0,1,0,117.0,0,N
65,9,36,5,1,1,2,0,0,PRT,0,1,0,62.0,0,Y
62,3,10,4,1,2,2,0,0,DEU,0,1,0,80.3,0,Y
42,3,13,24,0,3,2,0,0,ESP,0,1,0,115.8,1,N
55,1,3,18,0,2,1,0,0,PRT,0,1,0,79.0,0,Y
323,9,36,5,2,2,2,0,0,PRT,1,1,0,62.0,0,Y
71,6,24,9,0,1,2,0,0,JPN,0,1,0,116.1,0,Y
37,12,53,28,0,3,2,0,0,FRA,0,1,0,120.0,0,Y
79,5,20,17,0,2,2,0,0,IND,0,1,0,112.5,0,Y
201,7,29,12,0,4,2,0,0,PRT,0,2,0,81.82,0,N
63,6,27,26,2,3,2,0,0,FIN,0,1,0,110.7,1,N
0,2,9,27,1,3,2,0,0,PRT,0,1,0,74.8,0,N
183,6,23,8,0,2,1,0,0,PRT,0,1,0,120.0,0,Y
117,12,53,26,1,2,2,0,0,ITA,0,1,0,93.6,2,N
234,9,39,23,1,2,3,0,0,GBR,0,4,0,159.3,2,N
272,8,32,5,0,1,2,0,0,PRT,1,1,0,65.0,0,Y
180,5,19,2,1,1,2,0,0,ITA,0,1,0,100.0,1,N
165,7,30,21,2,3,2,0,0,DEU,0,1,0,99.45,2,N
271,12,49,3,2,1,2,0,0,ESP,0,1,0,62.64,0,N
98,5,21,19,0,1,2,0,0,PRT,0,1,1,126.9,1,N
14,10,42,15,0,1,1,0,0,PRT,1,1,0,100.0,0,Y
43,1,3,14,0,3,2,0,0,ESP,0,2,0,86.75,1,Y
19,10,41,6,0,3,2,0,0,TUR,0,1,0,90.0,1,N
39,9,38,13,2,2,2,0,0,BRA,0,1,0,94.5,2,N
221,8,33,12,0,1,2,0,0,PRT,0,1,0,80.0,0,Y
169,7,27,2,1,0,2,0,0,HUN,0,1,3,98.1,0,N
286,10,43,16,1,0,2,0,0,PRT,0,1,0,90.0,0,Y
16,11,45,6,0,2,1,0,0,DEU,0,1,0,81.0,1,N
68,11,48,28,2,1,2,0,0,FRA,0,4,0,60.0,0,N
63,9,37,4,2,2,2,0,0,GBR,0,1,0,103.95,2,N
60,4,14,8,2,1,2,0,0,ESP,0,1,0,126.0,1,Y
146,7,28,8,0,1,3,0,0,CHE,0,4,0,146.7,2,N
265,6,26,24,0,2,1,0,0,PRT,0,1,1,90.0,0,N
246,12,51,16,0,1,2,0,0,SGP,0,1,0,63.75,0,Y
64,5,21,17,0,3,1,0,0,PRT,0,1,1,130.0,0,N
47,5,20,11,0,4,2,0,0,BEL,0,1,0,92.28,1,N
49,10,45,30,2,3,2,0,0,HUN,0,4,0,124.4,1,Y
183,9,37,8,0,3,2,0,0,FRA,0,1,0,110.0,1,N
101,4,18,26,0,1,1,0,0,PRT,0,1,0,74.0,0,N
92,4,16,14,0,3,2,0,0,ITA,0,1,0,96.3,1,N
107,9,37,9,0,2,2,0,0,NLD,0,1,0,89.25,1,N
174,6,22,1,0,2,2,0,0,PRT,0,1,0,100.0,0,Y
330,6,23,2,0,2,2,0,0,PRT,0,1,0,62.0,0,Y
177,6,27,30,0,3,2,0,0,NLD,0,1,0,72.25,1,N
163,9,37,8,0,3,2,0,0,PRT,0,1,0,110.0,0,Y
4,8,34,22,0,1,2,0,0,PRT,0,4,0,79.0,1,N
122,4,16,15,0,2,2,0,0,PRT,0,1,0,85.0,0,N
105,3,10,5,2,1,2,0,0,DEU,0,1,0,89.3,0,N
214,10,41,7,1,2,1,0,0,DEU,0,1,0,108.9,0,Y
145,6,24,15,0,2,1,0,0,NOR,0,1,1,113.88,2,N
138,7,30,25,0,1,2,0,0,PRT,0,1,0,60.0,0,N
23,5,21,21,0,1,2,0,0,CHN,0,4,0,140.4,0,Y
136,6,27,29,0,3,2,0,0,ITA,0,1,0,85.5,0,Y
20,11,46,11,2,5,2,0,0,USA,0,1,0,77.71,0,Y
201,5,22,24,0,2,2,0,0,BEL,0,1,0,127.0,1,N
198,5,21,20,0,1,1,0,0,PRT,0,1,1,57.5,0,Y
111,5,21,20,0,2,3,0,0,DEU,0,4,0,159.3,1,Y
1,9,37,7,1,0,1,0,0,MEX,0,1,0,133.0,1,N
222,8,35,31,0,3,2,0,0,IRL,0,1,0,117.0,3,Y
134,12,49,4,2,2,2,0,0,PRT,0,1,0,65.0,0,Y
16,10,40,1,0,2,3,0,0,GBR,0,1,1,142.0,4,N
1,3,14,30,0,1,1,0,0,PRT,0,1,0,89.0,0,N
10,2,8,22,0,4,3,0,0,LBN,0,4,0,143.18,2,N
59,4,17,22,2,2,2,0,0,ITA,0,4,0,112.2,0,Y
270,4,17,20,0,4,2,0,0,ISL,0,1,0,80.0,0,N
10,9,40,30,0,1,1,0,0,PRT,0,4,0,110.0,0,Y
78,4,15,10,1,3,2,0,0,FRA,0,1,2,101.25,0,Y
82,2,7,12,2,1,2,0,0,FRA,0,1,0,68.47,0,N
141,6,24,16,1,2,1,0,0,DEU,0,4,1,93.6,0,N
37,3,10,4,2,2,2,0,0,FRA,0,1,0,73.1,0,N
32,6,23,8,0,1,2,0,0,NLD,0,1,0,120.0,0,N
113,5,20,20,2,1,1,0,0,PRT,0,1,0,190.0,0,Y
104,8,36,30,2,1,2,0,0,ESP,0,1,0,90.0,0,Y
33,10,41,5,0,4,1,0,0,DEU,0,4,0,157.5,1,Y
20,2,7,8,1,1,2,0,0,FRA,0,1,0,83.8,1,N
50,3,13,24,0,1,2,1,0,ESP,0,1,0,115.2,2,Y
31,6,25,12,2,3,2,1,0,HUN,0,1,0,126.9,2,N
69,4,17,17,2,2,2,0,0,FRA,0,4,0,110.08,0,N
192,5,22,28,2,5,2,0,0,GBR,0,1,0,66.71,0,N
18,6,25,12,2,0,2,0,0,BRA,0,1,0,99.0,0,Y
1,3,12,25,0,1,2,0,0,PRT,0,1,0,98.0,1,N
179,10,43,19,0,3,2,0,0,HUN,0,1,0,85.5,2,N
11,10,44,29,2,1,2,0,0,ITA,0,1,0,140.0,2,N
275,10,40,1,2,1,2,0,0,FRA,0,1,0,106.2,0,Y
94,4,16,19,1,4,2,0,0,HUN,0,4,0,136.8,0,N
0,8,34,18,0,1,2,0,0,PRT,0,1,0,129.0,0,N
50,8,34,19,1,2,2,2,0,PRT,0,6,0,242.9,0,Y
36,4,15,4,1,0,3,0,0,PRT,0,1,0,150.3,2,N
19,11,47,14,1,0,1,0,0,PRT,0,1,0,65.0,0,N
157,7,27,8,1,1,2,0,0,BRA,0,1,0,86.63,0,N
158,12,52,23,2,2,2,0,0,ARG,0,1,0,89.5,2,N
142,7,27,1,0,2,2,0,0,PRT,0,1,0,85.5,1,N
52,12,50,9,2,2,2,0,0,NLD,0,4,0,96.9,1,N
9,5,18,5,2,2,2,0,0,BRA,0,1,0,150.0,1,Y
54,3,10,1,0,4,2,0,0,PRT,0,1,0,47.43,0,Y
86,4,15,9,2,1,3,0,0,AUT,0,4,0,163.8,0,N
30,8,32,6,2,3,2,0,0,GBR,0,1,0,103.5,1,Y
97,10,41,5,1,3,1,0,0,PRT,0,1,0,140.0,0,Y
179,10,44,28,2,3,2,1,0,FRA,0,1,0,107.1,2,N
120,6,24,10,1,2,2,0,0,NZL,0,1,0,126.9,0,Y
14,2,8,14,2,5,3,0,0,DEU,0,4,0,139.0,1,N
53,7,28,15,1,1,2,0,0,ESP,0,1,0,135.0,1,Y
100,4,17,23,1,1,2,0,0,PRT,0,1,0,96.0,0,Y
143,8,32,12,2,1,2,0,0,BEL,0,1,0,130.5,0,Y
113,2,9,25,0,3,2,0,0,PRT,1,1,0,75.0,0,Y
0,9,36,3,0,3,2,0,0,PRT,0,4,0,121.33,0,N
155,6,27,26,2,1,2,0,0,PRT,0,1,0,96.3,1,N
50,2,9,27,1,2,3,1,0,BRA,0,7,0,188.01,2,N
47,4,16,19,0,1,1,0,0,BEL,0,1,0,108.0,0,N
47,5,19,6,0,2,2,2,0,IRL,0,6,0,198.9,0,Y
8,3,10,2,0,2,1,0,0,PRT,0,1,0,56.0,0,Y
84,5,21,21,2,2,2,0,0,DEU,0,1,2,109.25,0,Y
3,8,34,24,0,1,1,1,0,FRA,0,1,1,119.0,1,N
99,9,38,12,1,2,2,0,0,DEU,0,1,0,125.1,0,Y
0,5,23,31,0,2,2,0,0,FRA,0,1,1,105.75,1,N
61,5,18,1,1,2,2,0,0,USA,0,1,0,126.0,0,Y
247,10,44,25,0,4,2,0,0,ROU,0,1,0,90.95,0,N
68,4,18,24,2,0,3,0,0,PRT,0,4,0,133.2,2,N
306,7,27,8,0,1,2,0,0,CN,0,1,0,107.1,1,Y
31,10,41,3,1,5,3,0,0,NOR,0,4,0,173.25,1,Y
5,10,44,28,1,2,2,0,0,ESP,0,1,0,200.33,2,N
4,10,41,7,0,2,2,1,0,ESP,0,1,1,151.5,0,N
17,2,6,6,1,3,2,0,0,FRA,0,1,0,105.0,0,N
149,5,21,25,0,3,2,0,0,DEU,0,5,0,162.0,2,Y
100,2,9,25,1,3,2,0,0,GBR,0,4,0,65.49,3,N
119,3,12,25,0,1,2,0,0,GBR,0,1,0,79.2,1,Y
14,10,41,5,1,0,1,0,0,USA,0,1,0,120.0,1,N
17,4,17,29,1,1,2,0,0,POL,0,1,1,149.0,1,N
102,10,42,16,0,2,2,0,0,DEU,0,1,0,109.0,0,N
29,3,10,4,0,2,2,0,0,IRL,0,1,2,81.55,2,Y
38,6,24,16,1,2,2,0,0,SWE,0,1,0,112.0,1,N
35,3,12,16,0,2,2,0,0,CHE,0,1,0,71.1,1,N
94,5,21,20,1,2,2,0,0,PRT,0,4,0,121.5,0,Y
0,8,35,27,0,1,2,2,1,FRA,0,6,1,168.3,2,N
0,3,10,4,0,2,1,0,0,GBR,0,4,0,116.0,0,N
20,6,24,8,0,1,1,0,0,BEL,0,1,0,109.0,1,N
42,3,11,6,2,2,2,0,0,GBR,0,1,0,80.76,1,Y
141,9,39,20,1,0,2,0,0,CN,0,1,0,90.0,0,N
101,4,15,4,1,2,2,0,0,PRT,0,1,0,80.0,0,Y
205,6,26,27,0,3,2,0,0,NLD,0,1,0,117.0,1,N
267,3,14,31,0,2,2,0,0,PRT,0,1,0,62.0,0,Y
27,7,31,27,1,1,2,0,0,PRT,0,1,0,62.0,0,Y
72,4,16,14,0,3,2,0,0,POL,0,1,0,105.3,3,N
14,4,16,16,2,4,1,0,0,AGO,0,1,0,115.0,1,Y
75,12,50,9,0,1,1,0,0,PRT,0,1,2,65.0,1,N
69,6,25,12,2,4,1,0,0,PRT,0,1,0,120.0,0,Y
186,7,27,3,1,0,3,0,0,BEL,0,4,0,156.6,0,N
185,5,19,6,0,2,2,0,0,GBR,0,1,0,81.77,2,N
219,7,28,10,1,3,1,0,0,GBR,0,1,0,89.1,1,Y
4,5,20,13,0,1,4,0,0,PRT,0,7,2,0.0,4,N
13,3,9,1,0,4,2,0,0,NLD,0,1,0,91.8,3,N
3,12,51,18,0,1,2,0,0,FRA,0,1,1,75.0,1,N
166,6,25,16,2,5,2,0,0,DEU,0,4,0,117.18,0,Y
0,10,44,29,0,1,2,0,0,PRT,0,1,0,150.0,0,Y
81,5,18,5,1,2,2,0,0,FRA,0,5,0,162.0,0,Y
193,10,42,15,0,3,2,0,0,Unknown,0,1,0,65.0,0,Y
272,7,29,16,0,2,2,0,0,PRT,1,1,0,62.8,0,Y
116,3,12,24,0,2,1,0,0,FRA,0,1,1,90.0,0,N
30,6,23,5,1,4,3,0,0,POL,0,4,0,194.0,1,N
138,7,30,25,0,1,2,0,0,PRT,0,1,0,60.0,0,N
6,2,6,4,1,3,2,1,0,ITA,0,1,0,109.0,1,Y
12,4,18,29,2,3,1,0,0,NLD,0,4,0,152.0,1,N
93,10,42,15,2,1,1,0,0,PRT,0,1,0,115.0,0,Y
398,8,33,11,0,2,2,0,0,PRT,0,1,0,62.0,0,Y
327,9,37,9,0,2,2,0,0,PRT,1,1,0,62.0,0,Y
72,4,14,2,1,1,2,0,0,ITA,0,4,0,96.3,1,N
188,6,25,15,0,2,1,0,0,PRT,0,1,0,130.0,0,Y
46,9,37,9,0,2,2,0,0,PRT,0,1,0,108.72,0,N
82,5,18,3,0,2,2,0,0,PRT,0,1,0,130.0,0,Y
20,1,5,24,2,2,1,0,0,BRA,0,1,0,67.5,0,Y
148,6,23,8,1,3,3,0,0,AUT,0,4,2,189.0,1,Y
62,3,10,3,2,3,2,0,0,PRT,0,1,0,71.6,0,N
94,5,19,3,2,5,2,0,0,FRA,0,4,1,164.9,1,Y
0,7,28,8,0,0,1,0,0,PRT,0,1,0,0.0,0,N
43,11,45,3,0,1,1,0,0,GBR,0,1,1,88.0,3,N
90,3,13,25,2,2,2,0,0,AUT,0,2,1,79.8,1,N
210,10,41,8,1,3,2,0,0,PRT,0,1,0,86.0,0,Y
150,9,37,6,0,3,2,0,0,JPN,0,1,0,80.75,1,N
79,11,46,13,0,2,1,0,0,PRT,0,1,0,70.0,0,Y
6,2,9,27,1,1,2,0,0,GBR,0,1,0,88.0,3,N
69,5,20,19,0,2,2,0,0,PRT,0,1,0,99.0,0,Y
99,2,8,19,0,1,1,0,0,PRT,0,1,0,81.0,0,N
136,7,27,2,2,2,2,0,0,CHE,0,1,0,93.08,0,Y
337,9,38,19,2,2,2,0,0,PRT,1,1,0,62.0,0,Y
148,5,23,29,2,2,2,0,0,GBR,0,4,0,108.16,1,N
0,6,26,20,1,0,1,0,0,ESP,0,1,0,95.0,0,N
54,2,9,28,0,5,3,0,0,DEU,0,5,0,116.96,1,N
54,6,23,3,0,1,2,0,0,PRT,0,4,0,149.4,0,N
174,3,10,5,2,2,2,0,0,FRA,0,1,0,90.0,1,N
141,9,39,23,0,2,2,0,0,GBR,0,1,5,128.8,1,N
93,12,53,30,0,3,2,0,0,CHE,0,1,0,118.19,0,N
41,5,22,24,0,1,1,0,0,PRT,0,1,2,89.0,0,Y
27,8,35,22,1,2,2,0,0,ESP,0,1,0,151.0,1,Y
337,9,38,19,2,2,2,0,0,PRT,1,1,0,62.0,0,Y
122,6,27,27,1,3,1,0,0,PRT,0,5,2,106.0,0,N
25,10,44,27,1,3,2,0,0,FRA,0,1,0,130.0,0,Y
153,5,18,5,0,2,2,0,0,DEU,0,4,0,139.5,1,N
85,7,30,24,2,3,2,0,0,PRT,0,1,0,76.5,0,Y
373,4,14,5,0,3,2,0,0,PRT,0,1,0,90.0,0,Y
587,2,7,16,0,1,1,0,0,PRT,0,1,0,59.0,0,Y
261,10,40,1,1,1,2,0,0,ITA,0,1,0,96.0,0,N
11,10,40,3,2,2,2,0,0,RUS,0,1,0,145.0,1,N
36,8,32,7,0,2,2,0,0,ESP,0,1,0,62.0,0,N
109,10,44,24,1,2,2,0,0,ITA,0,1,0,89.4,0,Y
186,5,22,30,0,2,2,0,0,PRT,0,1,0,130.0,0,Y
182,8,32,11,0,2,3,0,0,PRT,0,4,0,128.38,2,N
144,3,9,4,2,1,0,2,0,BRA,0,2,0,91.6,1,Y
5,2,9,23,0,2,1,0,0,GBR,0,1,0,70.84,0,N
6,6,26,23,0,1,1,0,0,CHN,0,1,0,91.0,2,N
55,4,15,6,0,1,2,0,0,PRT,0,1,0,104.0,0,N
161,3,13,25,1,2,2,0,0,PRT,0,1,0,130.0,0,Y
77,4,13,1,2,2,2,1,0,GBR,0,4,1,111.6,0,N
56,7,30,24,1,5,2,0,0,DEU,0,1,0,144.67,1,N
97,4,18,30,2,5,2,0,0,PRT,0,1,0,109.81,1,N
140,12,53,27,0,3,2,2,0,BRA,0,6,0,140.98,2,N
105,6,27,27,1,1,2,0,0,ISR,0,1,0,105.3,0,Y
9,8,34,26,2,5,3,0,0,ESP,0,5,0,232.57,1,Y
17,11,49,28,1,1,1,0,0,FRA,0,4,0,94.0,2,N
67,11,47,21,1,1,2,0,0,FRA,0,1,0,79.2,1,N
10,8,35,27,2,3,2,0,0,ESP,0,1,2,140.8,1,N
125,12,49,2,0,1,2,0,0,DEU,0,1,0,90.0,0,N
311,8,35,24,1,1,2,0,0,PRT,1,1,0,62.0,0,Y
4,1,2,8,2,5,1,0,0,NLD,0,1,0,52.35,1,N
117,4,14,5,0,4,2,0,0,PRT,0,1,0,93.5,0,Y
80,4,15,11,0,3,3,0,0,ESP,0,4,0,228.0,1,Y
17,10,41,7,2,2,2,0,0,USA,0,1,1,117.04,1,N
304,11,45,3,0,3,2,0,0,PRT,0,1,0,89.0,0,Y
19,9,39,21,1,1,2,0,0,PRT,0,1,0,48.0,0,Y
100,10,42,16,0,1,2,0,0,PRT,0,1,0,108.0,0,Y
343,7,27,2,2,2,2,0,0,DEU,0,1,0,89.1,0,Y
72,5,19,2,1,1,2,0,0,FRA,0,4,1,149.4,2,N
7,3,11,9,0,2,2,0,0,PRT,0,1,2,80.0,0,N
0,2,7,16,0,1,1,0,0,PRT,0,1,0,0.0,1,N
84,3,9,3,0,2,2,0,0,FRA,0,1,0,79.2,2,N
13,3,13,20,1,0,1,0,0,BRA,0,1,0,75.0,0,N
0,10,42,15,0,1,1,0,0,ISR,0,1,0,75.0,0,N
258,7,27,2,0,2,2,0,0,PRT,1,1,0,62.8,0,Y
49,7,29,11,1,0,2,0,0,CHN,0,1,0,93.15,0,Y
175,7,29,22,2,1,2,0,0,FIN,0,4,2,139.5,0,N
52,3,11,13,1,1,1,0,0,PRT,0,1,0,80.0,0,Y
137,3,11,13,1,4,2,0,0,FRA,0,1,0,88.4,1,N
0,10,40,1,0,1,2,0,0,FRA,0,1,0,126.0,2,N
101,8,33,9,0,2,2,0,0,RUS,0,4,0,165.6,0,Y
8,10,43,20,0,4,2,0,0,FRA,0,1,0,97.02,0,N
395,5,20,17,0,3,2,0,0,AUS,0,1,0,112.67,2,N
268,4,15,8,2,3,2,0,0,PRT,0,1,0,78.0,0,N
11,3,11,13,1,0,2,0,0,PRT,0,1,1,105.0,0,Y
111,4,14,3,1,1,1,0,0,ISR,0,1,3,85.0,0,N
173,8,33,18,1,2,2,0,0,DEU,0,1,0,118.2,0,Y
61,4,15,7,0,3,2,0,0,BEL,0,4,0,118.8,0,N
4,12,50,9,0,1,1,0,0,PRT,0,1,0,105.0,0,N
124,5,19,6,1,2,2,0,0,DEU,0,4,0,114.3,1,N
85,4,17,23,2,1,2,0,0,CHE,0,1,0,108.0,0,N
7,2,10,29,1,2,3,0,0,FRA,0,4,0,193.0,2,N
40,11,46,6,2,0,2,1,0,RUS,0,1,0,134.0,0,N
5,5,22,24,0,2,1,0,0,PRT,0,1,1,0.0,0,N
0,8,34,17,0,1,2,1,0,FRA,0,1,1,146.0,2,N
15,11,48,22,8,19,2,0,0,PRT,0,1,0,93.01,0,Y
76,4,17,24,1,4,2,0,0,GBR,0,1,0,160.2,1,N
176,8,35,25,0,4,2,0,0,NLD,0,1,0,49.58,0,N
198,8,32,12,2,5,2,1,0,DEU,0,4,0,105.91,0,N
29,1,1,3,0,2,2,0,0,CHN,0,1,0,79.2,1,Y
107,10,41,3,1,3,2,0,0,DEU,0,1,0,80.75,0,N
3,12,53,28,0,4,2,0,0,HUN,0,1,0,95.2,0,N
0,12,53,28,0,1,2,0,0,PRT,0,1,0,88.0,0,N
12,7,26,1,1,1,3,0,0,IRL,0,4,0,210.0,0,Y
309,8,34,22,2,1,2,0,0,PRT,1,1,0,62.8,0,Y
119,12,50,4,2,3,1,0,0,BEL,0,1,1,79.2,1,N
16,11,46,7,1,5,1,0,0,AGO,0,1,0,156.92,0,Y
41,8,33,12,0,2,2,0,0,PRT,0,1,0,62.0,0,N
189,8,35,29,0,3,2,0,0,DEU,0,1,1,80.1,1,N
16,3,9,2,2,3,2,0,0,TUR,0,1,0,91.8,0,Y
257,7,27,1,0,2,2,0,0,PRT,1,1,0,101.5,0,Y
212,6,26,19,2,0,2,0,0,NLD,0,1,0,81.77,0,N
61,12,52,24,0,3,2,0,0,PRT,1,1,2,107.2,1,Y
68,2,8,17,0,2,2,0,0,PRT,1,1,0,75.0,0,Y
28,3,9,2,0,3,2,0,0,PRT,0,1,0,95.0,0,Y
104,4,17,19,0,3,2,0,0,AUT,0,1,1,68.42,0,N
5,9,38,17,2,2,2,0,0,FRA,0,1,0,166.5,1,Y
292,8,32,5,0,2,2,0,0,PRT,1,1,0,62.0,0,Y
433,9,38,15,0,2,2,0,0,PRT,0,1,0,62.0,0,Y
265,4,17,20,0,4,2,0,0,PRT,0,1,0,101.0,0,Y
9,3,14,30,0,1,1,0,0,CHN,0,1,0,82.92,0,N
162,10,42,14,2,2,1,0,0,PRT,0,1,0,115.0,0,Y
414,7,28,13,0,2,2,0,0,DEU,0,1,0,122.4,1,N
116,3,12,24,0,2,1,0,0,FRA,0,1,1,90.0,0,N
39,8,33,14,0,2,2,0,0,PRT,0,1,0,101.5,0,Y
215,11,48,21,1,1,2,0,0,ESP,0,1,2,85.0,0,N
629,3,13,30,0,2,2,0,0,PRT,0,1,0,62.0,0,Y
98,5,20,8,2,3,2,0,0,SWE,0,1,0,109.65,1,Y
96,10,43,19,0,4,2,0,0,HUN,0,1,0,118.8,2,N
22,12,50,9,1,4,0,2,1,PRT,0,2,1,80.75,1,Y
104,4,15,9,2,1,2,0,0,FRA,0,1,0,117.0,3,N
98,7,28,10,1,3,2,0,0,AUT,0,1,0,120.0,1,N
54,1,3,18,0,3,2,0,0,PRT,0,1,0,65.0,0,Y
6,11,47,16,0,1,1,0,0,PRT,0,1,0,67.0,1,N
210,8,31,4,2,3,2,0,0,GBR,0,1,0,130.5,1,Y
300,8,33,13,0,2,2,0,0,PRT,1,1,0,62.8,0,Y
56,2,5,1,0,3,2,0,0,PRT,0,1,0,60.0,0,Y
207,8,33,17,0,3,3,0,0,USA,0,4,1,167.7,0,Y
33,10,44,31,0,0,2,0,0,PRT,0,1,0,0.0,1,N
5,10,43,19,1,2,2,0,0,POL,0,1,0,90.0,0,N
103,12,52,18,2,2,2,0,0,FRA,0,1,0,88.4,0,Y
51,5,18,6,2,5,2,0,1,FRA,0,1,0,142.07,2,N
50,12,53,31,0,3,2,0,1,ITA,0,1,1,71.33,0,N
267,3,14,31,0,1,1,0,0,PRT,0,1,0,6.0,0,Y
346,9,40,28,1,1,2,0,0,PRT,1,1,0,62.0,0,Y
9,3,13,26,2,1,2,0,0,ITA,0,1,0,144.33,0,Y
0,1,3,13,0,2,1,0,0,PRT,0,1,2,0.0,2,N
79,6,25,16,2,4,2,0,0,AUT,0,1,1,120.6,0,N
19,12,53,30,0,2,2,0,0,FRA,0,4,0,148.0,1,N
97,10,41,5,1,3,1,0,0,PRT,0,1,0,140.0,0,Y
14,10,42,15,0,2,1,0,0,SVN,0,1,0,100.0,0,N
3,12,50,5,1,1,1,0,0,IRL,0,1,1,88.0,0,N
178,9,37,9,0,2,1,0,0,PRT,0,1,0,135.0,0,Y
44,1,1,2,2,1,2,0,0,ITA,0,1,0,98.0,0,N
16,1,4,22,0,2,2,0,0,ITA,0,1,0,80.3,1,N
66,7,30,18,1,0,1,0,0,ESP,0,1,0,69.3,1,N
214,8,32,12,2,2,2,0,0,PRT,0,1,0,89.0,0,N
6,1,3,15,2,3,1,0,0,CHE,0,1,0,76.3,0,Y
67,12,53,25,2,1,3,0,0,BEL,0,5,0,142.0,0,N
124,12,50,7,1,4,2,0,0,ITA,0,1,2,74.8,0,Y
129,10,42,10,1,5,2,0,0,NOR,0,4,0,132.3,0,Y
39,8,33,14,0,2,2,0,0,PRT,0,1,0,101.5,0,Y
92,6,26,20,1,3,1,1,0,FIN,0,1,1,81.95,1,N
20,4,16,20,0,1,2,0,0,BRA,0,1,0,115.0,0,N
74,9,38,18,0,2,1,0,0,PRT,0,1,0,87.0,0,N
313,8,35,26,0,2,2,0,0,PRT,1,1,0,62.0,0,Y
276,7,27,4,0,4,2,0,0,BRA,0,1,0,107.1,0,N
6,4,17,29,2,1,2,0,0,CHE,0,1,0,163.33,0,N
184,10,42,12,0,1,2,0,0,FRA,0,1,1,98.1,0,Y
420,9,36,3,2,2,2,0,0,PRT,0,1,0,75.0,0,Y
87,4,15,15,2,2,2,0,0,PRT,0,1,0,95.0,0,Y
1,8,35,23,1,0,1,0,0,PRT,0,1,0,67.0,0,N
67,6,24,16,2,2,2,2,0,ITA,0,6,0,250.0,0,Y
84,11,47,18,0,2,2,0,0,CHE,0,1,0,93.6,1,Y
490,7,30,29,2,1,2,0,0,PRT,0,1,0,90.0,0,Y
56,11,48,23,0,3,2,0,0,NLD,0,1,0,93.6,1,Y
8,1,1,1,2,2,2,0,0,ITA,0,4,0,112.2,1,N
24,12,52,24,2,3,2,0,0,FRA,0,1,0,58.0,1,N
27,12,50,9,1,4,2,0,0,DEU,0,1,0,69.0,0,N
134,5,20,19,1,2,3,0,0,GBR,0,5,0,198.0,0,Y
56,6,24,8,0,1,2,0,0,PRT,0,1,0,120.0,0,Y
18,2,9,22,1,2,2,1,0,FRA,0,1,0,120.0,2,N
51,6,23,2,0,2,3,0,0,FRA,0,4,0,123.11,1,N
254,9,39,24,1,1,2,0,0,PRT,0,1,0,96.0,0,Y
17,9,39,26,2,1,1,0,0,ITA,0,1,2,170.0,0,N
61,11,47,17,0,3,2,0,0,FRA,0,1,0,79.2,1,N
3,5,23,29,2,4,2,0,0,PRT,0,1,0,113.46,2,N
117,11,47,13,2,0,2,0,0,CHE,0,1,0,79.2,0,N
77,3,12,24,0,2,2,0,0,FRA,0,4,0,106.2,0,Y
69,9,37,9,0,2,2,0,0,PRT,0,1,0,62.0,0,Y
4,2,8,14,2,1,1,0,0,PRT,0,1,1,68.0,0,N
8,11,45,5,0,1,2,0,0,PRT,0,1,0,89.0,0,Y
176,10,41,7,2,2,2,0,0,CHE,0,1,1,94.12,0,N
123,6,26,29,2,3,2,0,0,BEL,0,4,0,120.06,0,Y
145,7,31,30,2,2,3,0,0,ITA,0,1,1,134.3,2,N
151,3,12,20,1,1,2,0,0,PRT,0,1,0,95.0,1,N
2,6,24,11,1,0,2,0,0,PRT,0,1,0,100.0,0,Y
105,4,15,6,0,1,2,0,0,PRT,0,1,0,75.0,0,Y
200,8,34,25,2,2,2,0,0,DEU,0,1,0,117.0,0,N
25,10,44,27,0,1,1,0,0,ESP,0,1,0,109.0,0,N
102,10,42,16,0,2,2,0,0,DEU,0,1,0,109.0,0,N
291,8,31,2,2,5,2,0,0,FRA,0,2,0,101.08,1,N
25,12,49,4,2,5,2,0,0,CHE,0,1,0,72.93,0,N
285,10,43,16,2,3,2,0,0,FIN,0,2,1,81.81,0,Y
277,11,46,7,1,2,2,0,0,PRT,0,1,0,100.0,0,Y
27,7,28,14,2,3,2,1,0,BEL,0,1,1,211.0,4,N
19,10,41,6,0,3,1,0,0,PRT,0,1,0,80.0,0,N
1,1,2,10,0,1,1,0,0,PRT,0,1,0,65.0,0,N
16,2,6,10,2,3,2,0,0,GBR,0,1,0,74.8,1,N
80,4,16,10,2,1,1,0,0,PRT,0,1,0,100.0,0,Y
53,6,26,24,1,2,2,0,0,PRT,0,1,0,65.0,1,N
0,3,11,10,0,1,1,0,0,PRT,0,1,0,50.0,1,N
114,5,20,9,1,3,2,0,0,NLD,0,4,0,107.95,0,Y
58,4,15,3,2,1,3,0,0,FRA,0,1,0,105.0,1,N
45,9,37,9,1,2,2,0,0,BEL,0,1,0,118.15,1,N
105,10,42,12,0,3,2,0,0,PRT,0,1,0,75.0,0,N
50,8,33,14,1,1,2,0,0,CHE,0,1,0,160.0,1,N
65,1,3,20,2,6,3,0,0,BRA,0,4,0,130.9,1,Y
393,4,16,22,2,1,2,0,0,PRT,0,1,0,90.0,0,Y
1,12,52,19,1,2,2,1,0,IRN,0,1,0,117.5,2,N
192,10,43,21,0,2,2,0,0,FRA,0,1,0,95.0,1,N
27,3,10,6,1,0,1,0,0,PRT,0,1,0,75.0,0,Y
16,9,39,25,2,3,1,0,0,GBR,0,1,0,170.0,0,N
102,7,30,23,2,5,2,0,0,FRA,0,1,0,114.3,1,N
54,10,42,15,1,1,2,0,0,GBR,0,4,0,107.41,1,N
26,8,36,28,2,3,3,0,0,USA,0,5,0,165.83,0,N
29,10,41,5,0,2,2,0,0,FRA,0,1,0,152.0,2,N
8,6,27,30,0,3,2,0,0,ISR,0,1,0,116.27,2,N
67,2,7,12,2,0,2,0,0,PRT,0,1,0,80.0,0,Y
220,10,41,5,1,4,2,0,0,DEU,0,1,1,112.65,1,N
26,10,44,29,0,1,2,0,0,FIN,0,1,0,130.0,1,N
64,9,38,16,0,1,2,0,0,RUS,0,4,0,149.4,0,Y
28,11,45,2,0,1,1,0,0,POL,0,1,0,110.0,0,Y
7,3,11,8,0,1,1,0,0,PRT,0,1,0,97.0,0,N
109,2,7,12,2,1,2,0,0,DEU,0,1,1,79.2,0,N
97,4,16,16,2,1,2,0,0,FRA,0,4,0,102.3,0,N
36,3,11,10,0,1,2,0,0,PRT,0,1,0,81.9,2,Y
80,3,14,31,2,3,2,0,0,GBR,0,1,0,55.63,1,N
113,5,23,31,0,3,1,0,0,PRT,0,1,0,100.0,0,Y
307,5,19,11,0,1,2,0,0,MOZ,0,1,1,89.1,0,N
40,3,12,13,2,1,2,0,0,FRA,0,1,0,85.0,0,N
75,8,33,12,2,3,2,0,0,NLD,0,4,0,149.4,1,N
54,3,10,5,0,1,2,0,0,PRT,0,1,0,69.5,1,N
65,4,16,14,2,5,2,0,0,DEU,0,4,0,110.99,1,Y
7,1,2,8,2,3,2,0,0,MAR,0,1,0,71.6,0,N
521,8,35,29,0,1,2,0,0,PRT,0,1,0,90.0,0,Y
68,2,8,17,0,2,2,0,0,PRT,1,1,0,75.0,0,Y
148,4,17,23,2,1,2,0,0,NLD,0,1,0,69.33,0,N
92,2,7,9,0,2,2,0,0,PRT,0,1,0,69.5,1,N
105,3,13,31,2,2,2,0,0,POL,0,1,0,110.7,1,Y
39,8,33,10,1,1,1,0,0,PRT,0,1,0,0.0,0,N
100,5,21,19,1,3,2,0,0,FRA,0,1,0,136.0,1,N
130,8,32,7,1,2,2,0,0,GBR,0,4,0,89.1,2,N
158,6,23,6,0,1,2,0,0,CN,0,1,0,126.0,2,N
301,11,47,18,0,2,2,0,0,PRT,0,1,0,52.0,0,Y
11,10,41,4,0,2,1,0,0,PRT,1,1,1,0.0,0,N
86,7,29,14,0,3,3,0,0,FRA,0,4,0,137.7,1,N
75,1,2,8,2,1,1,0,0,USA,0,4,0,67.0,2,N
80,6,26,21,0,1,2,0,0,CHN,0,1,0,104.49,0,Y
57,7,28,14,0,2,2,0,0,DEU,0,4,0,116.1,0,N
16,5,19,6,2,2,2,0,0,ITA,0,7,0,194.58,2,N
28,5,21,19,0,2,1,0,0,PRT,0,1,0,95.0,0,Y
1,2,10,28,2,1,1,0,0,PRT,0,1,0,60.0,0,Y
187,7,30,19,0,2,2,0,0,GBR,0,4,0,105.3,0,N
112,3,13,27,1,3,2,0,0,FRA,0,1,0,91.8,1,N
29,10,43,20,0,3,2,0,0,FRA,0,4,0,75.0,0,N
166,11,45,1,0,3,1,0,0,PRT,0,1,0,110.0,0,Y
0,10,44,27,0,2,1,0,0,PRT,0,1,1,65.0,0,N
35,12,49,2,2,2,2,0,0,ESP,0,1,0,88.4,1,N
164,10,40,2,0,2,1,0,0,PRT,0,1,0,100.0,0,N
141,6,26,27,2,5,1,0,0,PRT,0,1,0,130.0,0,Y
115,3,13,20,2,0,1,0,0,PRT,1,1,0,70.0,0,Y
74,12,50,9,0,2,2,0,0,PRT,0,1,0,75.0,0,N
5,2,9,26,0,2,2,0,0,PRT,0,1,0,81.0,1,N
227,5,21,25,1,3,2,0,0,BEL,0,1,0,125.1,0,N
34,12,50,8,0,2,1,0,0,PRT,1,1,0,90.0,0,Y
91,4,14,2,2,2,2,0,0,CHE,0,1,0,59.37,0,N
196,6,24,15,0,3,2,0,0,AUT,0,4,0,139.5,1,N
35,2,7,11,1,3,2,0,0,LTU,0,1,0,61.16,0,N
0,9,37,8,0,2,2,0,0,PRT,0,1,0,110.4,0,N
266,9,37,9,0,2,2,0,0,PRT,0,1,0,105.0,0,Y
215,11,48,21,1,1,1,0,0,DEU,0,1,1,75.0,1,N
251,8,31,5,2,3,3,0,0,ITA,0,4,0,156.6,2,N
23,1,2,9,1,5,2,0,0,UKR,0,1,0,67.58,1,Y
19,10,44,29,2,5,2,0,0,NLD,0,4,0,115.11,1,N
66,12,52,23,2,5,1,0,0,PRT,0,1,0,63.75,1,N
100,12,52,23,0,2,3,0,0,FRA,0,1,0,105.0,0,N
74,12,53,26,1,2,2,0,0,BGR,0,4,0,102.6,1,N
213,12,53,27,0,4,2,0,0,LUX,0,1,0,79.48,1,Y
188,6,25,15,0,2,1,0,0,PRT,0,1,0,130.0,0,Y
41,6,24,8,0,4,3,0,0,ISR,0,4,0,150.3,0,Y
420,5,20,20,2,1,2,0,0,PRT,0,1,0,90.0,0,Y
6,3,11,13,1,3,2,0,0,DEU,0,1,0,66.64,1,N
11,11,45,5,0,1,2,1,0,GBR,0,1,0,150.0,1,Y
176,4,15,9,1,1,2,0,0,PRT,1,1,0,125.0,0,Y
67,4,14,1,1,2,2,0,0,DEU,0,1,0,75.65,0,N
36,10,44,28,0,2,2,0,0,ITA,0,1,0,109.0,2,N
174,8,32,7,1,2,2,0,0,NLD,0,4,0,139.5,1,N
182,9,40,30,0,2,2,0,0,GBR,0,1,0,117.9,2,N
11,6,25,14,0,3,2,0,0,PRT,0,4,0,90.0,0,Y
1,3,9,2,0,1,1,0,0,DEU,0,1,0,85.0,1,N
56,4,14,6,0,1,2,0,0,SWE,0,1,1,127.5,0,N
54,4,18,29,2,4,2,2,0,FRA,0,6,2,187.85,0,Y
277,11,46,7,1,2,2,0,0,PRT,0,1,0,100.0,0,Y
18,4,16,13,0,2,3,0,0,ESP,0,4,0,165.0,1,N
96,3,11,16,0,3,2,0,0,ESP,0,1,0,79.2,2,Y
115,7,30,18,1,4,3,0,0,DEU,0,4,0,141.3,0,N
323,9,36,5,2,2,2,0,0,PRT,1,1,0,62.0,0,Y
129,6,25,24,2,1,2,0,0,PRT,0,1,0,130.0,0,Y
144,6,27,29,1,4,1,0,0,ITA,0,1,0,80.75,0,Y
92,6,26,20,1,3,2,0,0,FIN,0,1,1,81.95,0,N
6,10,41,4,2,3,2,0,0,PRT,1,1,0,57.92,0,Y
69,3,11,12,1,1,2,2,0,USA,0,6,1,150.3,1,Y
226,9,37,5,1,2,3,0,0,BRA,0,6,0,172.8,0,Y
5,2,9,27,1,3,2,0,0,FRA,0,1,0,73.44,0,N
15,12,51,17,0,2,2,2,1,PRT,0,7,1,0.0,0,N
16,12,53,28,2,4,2,0,0,PRT,0,1,0,76.67,0,Y
164,5,20,15,1,2,1,0,0,PRT,0,1,0,160.0,0,Y
83,9,39,23,0,2,2,0,0,ESP,0,1,0,62.0,0,N
24,10,41,8,0,3,2,0,0,SWE,0,1,0,114.0,2,N
106,5,19,11,2,3,2,0,0,GBR,0,4,0,141.3,0,Y
181,5,19,5,2,4,2,0,0,PRT,1,1,0,90.0,0,Y
68,2,8,17,0,2,2,0,0,PRT,1,1,0,75.0,0,Y
59,3,13,30,0,3,2,0,0,ITA,0,1,0,89.1,0,N
200,3,13,26,2,5,2,0,0,BRA,0,1,0,91.14,1,Y
13,12,50,5,1,0,1,0,0,NLD,0,1,0,96.0,0,N
0,1,4,25,0,3,2,0,0,AGO,0,1,1,98.0,0,N
67,12,49,5,2,1,1,0,0,PRT,0,1,0,95.4,1,N
517,12,50,8,0,2,2,0,0,PRT,0,1,0,62.8,0,Y
25,2,6,11,1,1,2,0,0,FRA,0,1,0,75.0,0,N
210,8,32,2,0,4,2,2,0,NLD,0,6,0,167.95,0,N
181,10,42,11,0,2,1,0,0,FRA,0,1,0,120.0,0,N
68,9,40,29,0,2,2,0,0,FRA,0,1,0,65.0,0,N
52,10,41,2,2,0,1,0,0,BRA,0,1,0,108.0,1,Y
15,9,38,15,0,2,2,0,0,USA,0,4,0,141.68,1,N
34,1,3,20,0,2,2,0,0,GBR,0,1,1,77.0,1,N
162,7,28,15,2,5,1,0,0,LUX,0,1,0,98.1,0,Y
198,5,21,20,0,1,2,0,0,PRT,0,1,0,65.0,0,N
50,8,35,25,0,4,2,0,0,PRT,0,1,0,62.0,0,Y
9,1,1,6,1,2,2,0,0,FRA,0,1,0,87.69,0,N
64,5,21,17,0,2,2,0,0,PRT,0,1,0,140.0,0,Y
19,10,40,3,2,2,2,0,0,BRA,0,1,0,111.75,2,N
71,6,22,1,0,3,2,2,0,ITA,0,6,0,250.0,0,Y
26,5,19,7,1,0,1,0,0,NLD,0,1,0,149.0,0,N
18,3,12,19,2,1,2,0,0,ESP,0,1,0,113.67,0,Y
131,3,11,16,0,3,2,0,0,FRA,0,4,0,102.6,3,Y
5,12,51,14,0,4,2,0,0,SRB,0,1,0,66.3,2,N
95,10,41,6,0,2,2,0,0,FRA,0,4,0,132.3,3,N
97,10,42,12,1,4,2,0,0,USA,0,6,3,176.8,0,Y
190,8,31,5,2,2,2,1,0,FRA,0,4,0,170.0,4,N
1,2,5,2,0,3,2,1,0,PRT,0,4,0,90.86,3,N
1,2,8,24,0,1,1,0,0,PRT,0,1,0,83.0,1,N
336,9,39,21,1,4,2,0,0,DEU,0,1,0,78.0,0,N
23,2,6,9,2,3,2,1,0,PRT,0,1,0,80.76,0,Y
89,8,34,26,1,1,2,0,0,BRA,0,4,0,115.2,1,N
105,10,42,12,0,3,2,0,0,PRT,0,1,0,75.0,0,N
14,5,18,2,0,4,2,0,0,ITA,0,1,0,127.5,1,N
56,4,14,6,0,1,2,0,0,SWE,0,1,1,127.5,0,N
185,12,51,16,1,2,2,0,0,DEU,0,1,0,79.2,0,Y
241,6,23,9,0,2,3,0,0,GBR,0,1,0,116.1,1,N
33,12,50,9,0,2,2,0,0,PRT,1,1,0,110.0,0,Y
56,9,38,17,0,2,2,0,0,FRA,0,1,0,82.0,0,N
59,2,6,6,2,2,1,0,0,AUT,0,1,0,51.0,0,N
341,9,39,23,0,2,2,0,0,PRT,1,1,0,62.0,0,Y
12,4,14,8,0,1,2,0,0,PRT,0,7,0,0.0,2,N
174,6,25,23,1,2,3,0,0,FRA,0,5,0,189.0,2,Y
6,2,9,22,1,2,1,0,0,FRA,0,1,0,92.0,0,N
12,7,29,18,2,2,2,0,0,PRT,0,1,0,62.0,0,N
4,1,2,8,0,2,2,0,0,FRA,0,1,0,87.0,1,N
144,8,32,10,1,3,2,0,0,GBR,0,1,0,130.5,2,N
26,11,45,3,1,5,2,0,0,PAN,0,1,0,99.45,0,N
31,6,26,27,0,1,1,0,0,JPN,0,4,0,119.0,2,N
1,5,20,17,0,1,1,0,0,PRT,0,1,0,0.0,0,Y
181,5,21,25,0,2,2,0,0,PRT,0,1,0,130.0,0,Y
304,8,34,17,1,1,2,0,0,PRT,1,1,0,62.0,0,Y
113,12,52,24,1,1,2,0,0,ESP,0,1,0,121.75,1,Y
204,5,21,26,1,2,2,0,0,GBR,0,1,0,107.1,2,Y
83,8,32,1,1,3,3,0,0,ITA,0,1,2,154.7,1,N
104,8,35,31,0,3,1,0,0,JPN,0,1,0,129.33,0,N
212,6,23,9,0,2,2,0,0,GBR,0,1,0,99.0,1,N
58,5,19,7,2,4,2,0,0,FRA,0,1,0,120.0,0,N
0,9,37,7,1,0,2,0,0,PRT,0,1,0,0.0,0,N
157,5,18,1,1,3,2,0,0,PRT,0,1,0,130.0,0,Y
23,6,25,21,0,3,2,0,0,CHE,0,1,0,141.0,2,N
305,10,40,1,1,1,2,0,0,PRT,1,1,0,100.0,0,Y
10,10,43,20,0,3,1,0,0,GRC,0,1,0,109.0,0,N
46,7,28,4,1,2,2,0,0,CZE,0,1,0,117.9,1,N
8,11,45,5,2,4,1,0,0,PRT,2,1,2,65.0,0,N
1,8,32,9,0,2,3,0,0,FRA,0,4,0,229.0,1,N
31,10,44,26,0,3,2,0,0,FRA,0,1,0,129.0,2,N
172,4,15,14,2,2,2,0,0,ESP,0,1,0,112.1,1,N
110,4,17,26,1,4,2,1,0,NOR,0,1,0,100.8,0,Y
451,7,28,12,0,3,2,0,0,PRT,0,1,0,90.0,0,Y
116,5,19,7,2,1,2,0,0,GBR,0,1,0,89.1,0,N
28,2,7,12,2,2,2,0,0,ESP,0,1,0,74.8,0,Y
37,6,26,22,0,1,2,0,0,DEU,0,1,2,103.35,2,N
96,7,28,11,2,1,2,0,0,PRT,0,1,0,94.5,0,N
180,4,16,13,0,1,2,0,0,PRT,1,1,0,125.0,0,Y
192,6,26,24,0,2,1,0,0,GBR,0,1,0,95.0,0,N
34,9,39,23,0,1,2,0,0,PRT,0,1,0,206.0,0,N
16,11,45,4,0,2,1,0,0,PRT,1,1,0,95.0,0,Y
204,6,26,27,0,3,2,0,0,DEU,0,1,0,117.0,1,N
31,3,11,6,2,1,2,0,0,ITA,0,1,1,109.1,0,N
153,8,34,19,0,1,2,2,0,FRA,0,6,0,186.3,0,N
54,10,43,16,2,2,1,0,0,DEU,0,1,2,66.5,0,N
56,3,13,30,0,3,2,0,0,AUT,0,1,0,103.8,1,Y
14,11,45,6,0,1,2,0,0,PRT,0,1,0,75.0,0,Y
268,7,29,12,2,1,2,0,0,PRT,1,1,0,82.0,0,Y
1,6,25,17,1,2,2,0,0,DNK,0,1,0,75.0,1,N
49,8,36,28,1,0,2,0,0,FRA,0,1,0,109.8,0,N
6,3,10,2,0,1,2,0,0,GBR,0,1,0,93.0,1,Y
44,8,35,24,0,2,2,0,0,CHE,0,1,0,85.5,0,N
348,6,22,3,2,1,2,0,0,PRT,0,1,0,90.0,0,Y
78,4,16,17,1,3,3,0,0,FRA,0,5,0,198.0,1,N
99,3,12,21,0,3,2,0,0,PRT,0,1,0,85.0,0,Y
18,10,41,7,0,2,2,0,1,PRT,1,1,0,85.0,0,Y
183,8,31,5,2,5,2,0,0,ITA,0,1,0,95.46,1,N
39,9,40,25,1,0,1,0,0,DEU,0,1,0,129.7,0,N
6,4,14,3,1,0,1,0,0,PRT,0,1,0,119.0,0,N
5,9,40,27,2,3,2,0,0,PRT,1,1,1,127.51,1,Y
7,8,34,19,0,2,2,2,0,PRT,0,6,0,97.0,1,N
3,5,19,1,4,6,1,0,0,PRT,0,4,0,110.0,0,Y
233,11,45,7,1,1,2,0,0,FRA,0,1,0,60.0,0,N
186,8,35,31,0,3,2,0,0,DEU,0,4,1,12.0,2,N
44,7,27,1,0,2,3,0,0,BEL,0,4,0,150.3,0,Y
9,6,25,21,0,1,1,0,0,PRT,0,1,0,104.0,1,N
56,6,24,8,0,1,2,0,0,PRT,0,1,0,120.0,0,Y
0,5,21,17,0,0,2,0,0,PRT,0,1,0,0.0,0,N
166,11,45,1,0,3,1,0,0,PRT,0,1,0,110.0,0,Y
273,7,29,17,0,2,2,0,0,PRT,1,1,0,101.5,0,Y
62,9,37,4,2,2,1,0,0,GBR,0,1,0,98.55,1,Y
279,12,52,21,0,4,2,0,0,ISR,0,1,1,73.95,0,Y
67,6,24,12,1,2,2,0,0,NLD,0,1,0,95.76,1,N
11,7,29,16,2,0,1,0,0,KOR,0,1,0,129.0,1,N
146,9,39,21,0,1,2,0,0,DEU,0,1,0,89.75,0,N
5,2,7,13,2,1,2,0,0,IND,0,1,0,79.0,0,Y
97,10,41,5,1,3,1,0,0,PRT,0,1,0,140.0,0,Y
5,10,44,27,1,3,1,0,0,SWE,0,1,0,159.0,2,N
64,5,21,17,0,2,1,0,0,DNK,0,1,0,130.0,0,N
7,2,7,11,0,1,1,0,0,NLD,0,1,0,66.22,1,N
0,5,21,23,0,2,2,0,0,ESP,0,4,0,190.0,1,N
116,5,19,5,0,3,2,0,0,IMN,0,1,0,105.3,0,Y
457,8,34,25,0,2,2,0,0,DEU,0,1,1,122.4,1,N
263,9,39,21,1,0,2,0,0,PRT,0,1,0,67.0,0,N
317,9,38,15,0,2,2,0,0,PRT,0,1,0,120.0,0,Y
204,5,19,5,0,3,1,0,0,PRT,0,1,0,90.0,0,Y
159,7,30,29,0,1,2,2,0,DEU,0,5,1,200.5,2,N
120,8,32,8,0,1,2,0,0,PRT,0,1,0,114.75,2,Y
37,3,11,15,0,2,2,0,0,PRT,0,1,0,110.0,0,Y
112,5,19,11,0,1,2,0,0,USA,0,1,0,126.0,0,N
216,8,36,30,0,2,2,0,0,GBR,0,1,0,96.3,1,N
0,1,1,1,0,1,2,0,0,ITA,0,1,0,86.0,0,N
167,7,30,26,1,4,2,0,0,ITA,0,1,0,115.0,0,Y
10,5,21,21,1,0,2,0,0,FRA,0,1,2,140.0,1,N
291,8,34,19,0,2,2,0,0,PRT,0,1,0,115.0,0,Y
119,6,27,28,0,1,2,0,0,FRA,0,1,0,85.5,0,Y
188,6,25,15,0,2,1,0,0,PRT,0,1,0,130.0,0,Y
86,5,20,10,0,4,2,0,0,DEU,0,4,0,132.6,0,N
109,5,20,8,2,3,2,0,0,DEU,0,4,0,90.96,1,N
75,10,45,30,2,0,2,0,0,PRT,0,1,0,105.0,0,Y
125,6,27,30,0,1,2,0,0,ESP,0,1,0,85.5,1,N
3,3,10,11,2,6,2,0,0,IRL,0,1,3,90.0,1,N
140,3,11,15,2,5,2,0,0,ESP,0,1,0,74.8,1,Y
52,5,20,12,0,3,2,0,0,BEL,0,1,0,126.9,0,Y
61,9,38,15,0,1,2,0,0,RUS,0,1,0,98.25,1,N
433,9,38,15,0,2,2,0,0,PRT,0,1,0,62.0,0,Y
298,5,22,31,2,5,2,0,0,CN,0,4,0,123.3,0,Y
0,9,40,30,0,1,2,0,0,BEL,0,1,0,145.0,0,N
263,10,43,21,0,2,2,0,0,PRT,0,1,0,110.0,0,Y
0,11,49,29,0,1,1,0,0,NLD,0,4,1,80.0,0,N
0,4,16,17,1,3,2,0,0,ESP,0,1,0,117.0,2,N
37,8,32,3,0,2,2,0,0,GBR,0,1,0,135.9,1,N
43,1,1,7,2,2,2,0,0,GBR,0,1,0,68.07,0,N
126,4,16,21,0,1,2,1,0,NLD,0,1,0,144.0,3,Y
217,6,26,30,2,3,2,0,0,ESP,0,1,0,109.08,0,N
16,2,8,20,0,1,2,0,0,BRA,0,1,0,79.0,1,N
65,6,26,21,0,3,2,0,0,PRT,0,1,1,102.9,0,N
286,7,31,30,0,2,2,0,0,PRT,1,1,0,62.0,0,Y
1,3,11,13,1,0,2,0,0,IND,0,1,0,98.0,0,N
53,6,24,14,1,4,2,0,0,GBR,0,1,0,126.0,1,N
34,12,50,8,0,2,1,0,0,PRT,1,1,0,90.0,0,Y
150,1,1,2,2,1,2,0,0,PRT,0,1,0,101.0,0,Y
55,10,43,20,0,3,2,0,0,IRL,0,4,0,139.5,2,Y
328,9,40,30,0,2,1,0,0,FRA,0,1,1,0.0,0,N
99,6,23,5,1,2,2,1,0,POL,0,1,0,162.0,2,N
54,5,21,21,2,2,1,0,0,FRA,0,4,1,228.0,1,N
107,3,11,12,2,1,2,0,0,GBR,0,5,0,99.36,0,N
364,10,42,16,0,2,2,0,0,PRT,1,1,0,101.5,0,Y
47,9,38,13,0,3,1,0,0,FRA,0,4,0,120.0,0,N
56,3,13,31,0,2,2,0,0,GBR,0,1,1,93.6,1,N
147,6,23,2,0,3,3,0,0,PRT,0,1,0,124.0,0,Y
149,3,11,15,0,4,2,0,0,FRA,0,1,0,74.8,2,N
2,4,18,24,1,0,2,0,0,PRT,0,1,0,108.0,1,N
4,12,50,8,0,2,1,0,0,FRA,0,1,0,62.37,0,N
361,11,45,4,0,1,1,0,0,PRT,1,1,0,91.0,0,Y
101,10,44,23,2,5,2,2,0,FRA,0,6,0,222.17,0,Y
46,12,50,10,0,1,2,0,0,AUT,0,1,0,102.6,1,N
159,4,15,9,1,1,2,0,0,FRA,0,1,0,70.0,1,N
88,9,38,16,0,2,2,0,0,ISR,0,4,0,158.4,1,N
0,6,25,14,0,1,2,0,0,HRV,0,1,0,111.0,1,N
135,7,29,15,2,2,3,0,0,CHE,0,1,0,92.28,2,N
32,4,17,17,2,1,1,0,0,RUS,0,1,0,85.5,0,Y
524,12,51,15,0,1,1,0,0,PRT,0,1,0,51.4,0,Y
0,8,35,27,0,3,2,2,0,ESP,0,6,2,161.33,0,N
36,9,36,1,0,1,2,1,0,CHE,0,1,1,126.0,1,Y
19,10,41,6,0,3,1,0,0,PRT,0,1,1,80.0,0,N
132,5,22,29,1,5,2,2,0,GBR,0,6,1,213.0,2,N
157,7,28,6,0,4,2,0,0,GBR,0,1,0,107.95,0,Y
102,10,42,16,0,2,2,0,0,PRT,0,1,0,101.5,0,Y
169,6,23,8,0,3,2,0,0,PRT,0,1,0,170.0,0,Y
9,1,3,16,2,6,2,0,0,SWE,0,4,0,61.5,0,N
85,7,28,12,0,2,2,0,0,FRA,0,1,0,80.1,0,N
122,4,16,15,0,2,2,0,0,PRT,0,1,0,85.0,0,N
16,4,15,14,0,2,2,0,0,DNK,0,1,0,150.0,0,Y
84,4,18,27,0,4,2,0,0,NOR,0,1,0,105.4,1,N
40,9,36,3,1,1,2,0,0,PRT,0,1,0,96.0,0,Y
159,4,15,9,1,1,2,0,0,FRA,0,1,0,70.0,1,N
32,8,33,17,1,3,2,0,0,FRA,0,4,0,185.0,2,N
386,4,16,18,0,1,2,0,0,PRT,0,1,0,90.0,0,Y
24,6,26,26,1,2,2,0,0,FRA,0,1,0,100.0,0,N
136,9,39,21,1,4,2,0,0,GBR,0,4,0,144.9,1,Y
23,10,44,28,0,2,2,0,0,FRA,0,4,0,145.0,2,N
433,9,37,8,0,3,2,0,0,PRT,0,1,0,70.0,0,Y
32,6,23,10,2,2,2,0,0,DEU,0,1,0,89.0,0,N
99,2,8,19,0,1,2,0,0,PRT,1,1,0,80.0,0,Y
17,10,42,16,0,2,2,0,0,FRA,0,1,0,48.0,0,N
92,3,11,15,0,3,2,0,0,PRT,0,1,0,85.0,0,Y
104,5,19,9,0,4,2,0,0,FRA,0,1,0,85.0,2,N
0,9,37,7,1,3,2,0,0,PRT,0,1,1,115.8,0,N
76,7,28,7,0,3,2,0,0,PRT,0,1,0,76.5,2,Y
264,7,28,8,0,2,2,0,0,PRT,0,1,0,62.0,0,N
171,8,36,30,2,5,2,0,0,DEU,0,1,0,111.59,0,Y
7,9,38,16,0,2,1,0,0,ESP,0,1,0,113.6,0,N
300,8,31,1,0,4,1,0,0,FRA,0,1,0,89.1,1,Y
429,9,39,23,0,2,2,0,0,FRA,0,1,0,65.0,0,N
132,7,30,29,3,6,2,0,0,FRA,0,1,0,141.78,2,N
175,8,34,23,2,5,2,1,0,FRA,0,4,0,155.0,1,Y
4,1,3,19,2,4,3,0,0,FRA,0,4,0,108.8,0,N
0,9,39,19,1,0,2,0,0,PRT,0,6,0,270.0,0,N
0,11,49,30,0,1,2,0,0,PRT,0,1,0,73.0,1,N
334,9,38,16,0,2,2,0,0,PRT,1,1,0,62.0,0,Y
54,7,30,27,0,2,2,1,0,AUT,0,1,0,180.0,2,N
128,7,29,17,1,3,1,0,0,SWE,0,1,0,117.0,0,Y
300,8,31,4,1,2,3,0,0,PRT,0,1,1,98.28,2,N
28,2,9,26,1,2,2,0,0,ESP,0,1,0,57.0,0,N
46,7,31,31,1,3,2,0,0,FRA,0,1,0,145.0,1,N
130,6,24,15,0,3,2,0,0,DEU,0,1,0,108.0,0,N
103,12,50,6,0,1,3,0,0,ITA,0,4,0,126.0,0,Y
79,3,14,28,1,2,2,0,0,PRT,0,1,0,87.3,1,N
0,5,19,8,1,1,1,0,0,FRA,0,1,0,120.0,0,N
0,12,53,29,0,1,2,0,0,PRT,0,1,0,115.0,0,N
221,1,1,3,0,2,2,1,0,ITA,0,1,0,140.85,0,Y
145,8,35,29,2,1,2,0,0,ITA,0,1,0,94.5,0,N
4,8,35,25,0,4,2,0,0,PRT,0,1,0,62.0,0,N
54,10,43,16,2,2,1,0,0,DEU,0,1,2,66.5,0,N
219,6,23,9,1,2,2,0,0,PRT,0,1,0,105.0,0,Y
1,2,8,18,0,2,1,0,0,ESP,0,1,1,80.0,0,Y
67,10,43,17,1,0,1,0,0,PRT,0,1,0,115.0,0,Y
83,4,15,5,0,4,2,0,0,FRA,0,1,0,84.58,1,N
127,3,10,11,1,1,2,0,0,PRT,0,1,0,80.0,0,Y
164,7,31,29,2,5,2,0,0,ITA,0,1,0,89.25,1,Y
52,3,12,20,1,4,2,0,0,PRT,0,1,0,79.2,0,N
15,7,28,15,1,1,2,0,0,CHN,0,4,0,149.0,2,N
145,10,43,22,1,1,3,0,0,ITA,0,4,0,202.5,0,Y
115,9,39,23,1,2,2,0,0,GBR,0,1,0,96.33,1,N
79,8,34,18,0,3,3,0,0,SWE,0,5,0,198.3,1,N
17,12,53,29,2,3,2,0,0,ITA,0,4,0,125.8,1,Y
2,7,28,4,1,0,2,0,0,USA,0,1,1,116.45,0,Y
135,5,22,28,1,1,2,0,0,PRT,0,1,0,96.0,0,Y
102,8,34,21,1,3,1,0,0,PRT,0,4,0,89.1,0,Y
89,11,48,23,1,2,2,0,0,PRT,0,1,0,72.25,2,Y
2,10,41,4,3,5,1,0,0,JPN,0,4,1,145.0,1,N
263,8,31,1,0,2,2,0,0,ESP,0,1,2,86.63,0,N
116,2,10,28,2,1,1,0,0,ESP,0,1,0,76.0,0,N
185,7,28,5,0,4,2,0,0,DEU,0,1,0,90.95,1,Y
108,3,12,18,0,2,2,0,0,PRT,1,1,0,80.0,0,Y
2,11,46,14,2,3,2,0,0,DEU,0,1,1,103.0,1,N
48,2,8,22,0,2,1,0,0,ESP,0,1,0,65.0,1,N
0,6,27,27,1,0,1,0,0,PRT,0,1,0,95.0,0,N
11,9,39,20,0,2,2,0,2,PRT,0,6,1,248.0,2,N
36,10,42,13,0,1,1,0,0,PRT,0,1,0,102.6,2,N
434,6,22,3,2,1,2,0,0,GBR,0,1,0,112.67,1,N
111,4,17,27,1,3,2,0,0,PRT,0,1,0,120.0,0,Y
201,8,32,6,2,3,2,0,0,FRA,0,4,0,82.45,0,N
105,4,15,6,0,1,2,0,0,PRT,0,1,0,75.0,0,Y
72,3,10,11,1,1,2,0,0,GBR,0,1,0,97.2,0,Y
69,4,14,6,0,1,1,0,0,GBR,0,1,1,100.0,0,N
264,7,28,8,0,2,2,0,0,PRT,0,1,0,62.0,0,N
15,11,46,7,1,2,2,0,0,SVN,0,1,0,200.0,2,N
151,6,26,28,2,4,2,1,0,BRA,0,4,0,143.41,1,N
75,4,14,5,0,4,2,0,0,NLD,0,1,1,95.0,0,N
22,9,36,3,0,2,1,0,0,SWE,0,1,0,95.0,2,N
18,12,52,23,1,2,3,0,0,ESP,0,4,0,191.0,1,N
164,8,32,4,0,2,2,0,0,GBR,0,1,0,94.5,1,N
133,5,22,22,2,5,2,0,0,DEU,0,4,0,111.59,0,N
0,7,29,14,0,1,2,2,0,URY,0,5,0,176.8,2,N
161,3,13,25,1,2,2,0,0,PRT,0,1,0,130.0,0,Y
45,7,27,2,2,1,2,1,0,PRT,0,1,0,124.6,1,Y
204,9,36,3,2,2,2,0,0,NLD,0,1,0,80.75,2,N
122,3,14,27,2,1,2,0,0,PRT,0,1,0,107.0,1,N
29,12,51,17,0,1,2,0,0,PRT,0,1,1,144.0,0,N
146,8,31,4,2,2,2,0,0,BRA,0,1,0,80.1,1,N
14,10,43,22,2,3,2,2,0,FRA,0,6,0,199.8,1,N
27,1,4,19,1,5,1,0,0,GBR,0,5,0,122.0,0,N
51,8,36,31,1,4,2,0,0,NOR,0,4,0,123.3,0,Y
17,4,15,6,0,4,2,0,0,CHN,0,4,0,133.5,0,Y
174,6,27,29,0,3,2,0,0,DEU,0,1,0,85.5,1,N
266,5,18,3,0,3,2,0,0,PRT,0,1,0,100.0,0,Y
437,5,19,2,1,2,2,0,0,PRT,0,1,0,60.0,0,Y
76,7,29,16,0,1,2,0,0,PRT,0,4,0,108.8,1,N
313,4,17,29,2,1,2,0,0,PRT,0,1,0,90.0,0,Y
212,4,13,1,2,1,2,0,0,PRT,0,1,0,98.0,0,Y
233,5,21,22,1,2,2,0,0,FRA,0,1,0,136.5,0,Y
61,9,36,5,2,2,2,0,0,PRT,0,1,0,62.0,0,Y
121,5,20,14,1,1,2,0,0,PRT,0,1,0,96.0,0,Y
44,2,8,17,0,3,2,0,0,PRT,0,1,0,75.0,0,Y
240,7,30,23,2,1,2,0,0,PRT,0,1,0,110.0,0,Y
233,6,26,28,1,4,2,1,0,FRA,0,1,0,84.56,4,N
80,3,13,31,0,2,2,0,0,PRT,0,1,0,90.0,0,Y
115,5,20,18,0,3,2,0,0,PRT,0,1,0,190.0,0,Y
26,3,11,13,1,1,2,0,0,BEL,0,1,0,108.0,2,N
120,4,14,3,1,2,1,0,0,BEL,0,1,2,109.8,1,N
36,12,50,7,2,4,2,0,0,ITA,0,1,2,104.0,2,Y
162,6,26,28,0,4,2,0,0,FRA,0,1,0,117.85,3,N
9,4,13,1,2,4,2,2,0,FRA,0,6,0,224.0,0,Y
44,2,8,25,2,1,3,0,0,ESP,0,4,0,149.33,0,Y
30,7,29,16,2,3,2,1,0,BRA,0,1,0,176.0,1,Y
6,9,38,14,1,3,2,0,0,GBR,0,4,0,103.84,1,N
55,4,15,6,0,1,1,0,0,PRT,0,1,1,87.0,0,N
118,5,18,1,1,4,2,0,0,CN,0,1,0,126.0,1,Y
72,12,53,27,2,4,2,0,0,FRA,0,4,0,128.22,2,N
56,10,41,5,0,1,2,0,0,CHN,0,1,0,97.2,0,Y
109,3,10,7,0,2,1,0,0,GBR,0,1,0,54.05,0,Y
461,10,42,13,0,1,1,0,0,PRT,0,1,0,59.0,0,Y
245,7,28,6,2,4,1,0,0,PRT,0,1,0,110.0,0,Y
100,4,18,25,1,4,2,0,0,NLD,0,1,2,92.65,2,N
15,5,23,31,0,3,2,0,0,GBR,0,1,0,109.0,0,Y
346,9,38,13,0,2,2,0,0,DEU,0,1,0,115.0,1,N
76,2,7,7,2,5,1,0,0,DEU,0,1,0,41.0,0,N
80,1,3,20,0,2,2,0,0,ESP,0,1,0,93.6,0,Y
80,9,38,16,0,2,2,0,0,ITA,0,4,0,149.4,2,Y
99,11,46,7,1,2,1,0,0,CHE,0,1,0,171.9,2,N
36,2,9,22,1,3,2,0,0,BGR,0,1,0,71.3,1,N
172,7,27,6,2,5,2,0,0,DNK,0,1,0,89.1,1,N
0,8,34,24,0,1,2,0,0,PRT,0,1,0,12.0,0,Y
28,7,30,29,1,1,1,0,0,CHN,0,1,0,134.0,1,N
454,10,41,6,0,2,2,0,0,PRT,0,1,0,62.0,0,Y
15,7,29,18,0,1,1,0,0,NLD,0,1,0,145.0,1,N
15,2,8,19,0,1,1,0,0,PRT,0,1,0,81.0,0,N
1,3,14,28,1,0,2,1,0,ITA,0,1,0,119.0,0,N
66,6,25,19,1,2,2,0,0,AUS,0,1,0,140.0,0,Y
54,8,34,19,1,2,2,0,0,BEL,0,4,0,149.4,2,N
98,11,48,23,1,1,1,0,0,KNA,0,1,1,70.0,0,N
8,3,11,15,0,1,1,0,0,GBR,0,1,0,70.4,0,N
108,4,18,28,0,1,2,0,0,PRT,0,4,0,77.03,0,N
7,3,10,7,0,1,1,0,0,GBR,0,1,1,80.0,0,N
496,11,47,17,0,2,2,0,0,PRT,0,1,0,62.8,0,Y
211,8,35,28,1,3,3,0,0,GBR,0,4,0,161.5,1,N
136,9,40,30,1,2,3,0,0,ITA,0,4,0,154.8,0,Y
41,12,50,5,1,4,2,0,0,AGO,0,1,0,88.0,0,Y
87,9,37,11,0,1,2,0,0,FRA,0,1,0,100.0,0,Y
16,9,36,5,2,4,3,0,0,ESP,0,1,0,117.6,1,N
17,10,41,7,2,2,2,0,0,FRA,0,1,1,117.04,1,N
92,3,11,15,0,3,2,0,0,PRT,0,1,0,85.0,0,Y
95,11,45,5,0,1,1,0,0,PRT,0,1,0,75.0,0,Y
33,6,25,15,0,3,2,0,0,FRA,0,1,0,126.9,1,N
23,5,21,25,0,3,1,0,0,PRT,0,1,1,0.0,2,N
23,3,13,25,0,1,2,1,0,USA,0,7,0,285.0,0,N
1,2,7,12,0,1,2,1,0,FRA,0,1,0,109.0,1,N
124,8,31,3,0,3,2,0,0,GBR,0,1,0,71.1,1,N
280,9,39,19,1,2,2,0,0,PRT,0,1,0,110.0,0,Y
304,11,45,3,0,3,2,0,0,PRT,0,1,0,89.0,0,Y
1,4,14,1,0,1,1,0,0,PRT,0,1,0,65.0,0,N
28,2,7,15,0,4,2,0,0,ITA,0,1,0,75.0,0,N
111,4,18,30,2,0,2,0,0,ESP,0,1,0,121.5,0,N
71,5,20,10,0,3,2,0,0,DEU,0,1,0,126.0,1,N
179,4,14,7,1,2,2,0,0,DEU,0,1,0,117.0,2,N
40,10,43,21,0,4,1,0,0,GBR,0,1,0,90.27,0,N
179,9,39,20,1,0,2,0,0,PRT,0,1,0,93.5,0,N
136,5,18,1,1,4,2,0,0,BRA,0,1,0,108.0,0,Y
8,11,46,11,0,3,2,0,0,BRA,0,4,1,107.0,1,N
266,9,37,9,0,2,2,0,0,PRT,0,1,0,105.0,0,Y
115,2,9,27,2,3,1,0,0,MAR,0,1,1,76.0,0,N
257,7,29,16,0,1,2,0,0,GBR,0,2,0,90.5,0,N
180,5,21,25,0,3,2,0,0,CHE,0,1,0,126.0,1,N
68,2,8,17,0,2,2,0,0,PRT,1,1,0,75.0,0,Y
188,6,25,15,0,2,1,0,0,PRT,0,1,0,130.0,0,Y
1,11,48,25,0,1,2,2,0,PRT,0,6,0,181.0,2,N
96,8,31,2,1,4,2,0,0,ESP,0,4,0,155.0,1,Y
157,8,33,10,0,3,2,0,0,NLD,0,1,0,123.3,2,N
193,12,53,29,0,3,2,2,0,BRA,0,4,0,110.7,0,Y
103,4,17,19,0,2,1,0,0,PRT,0,1,0,115.0,0,Y
105,5,20,19,0,2,1,0,0,PRT,0,1,0,160.0,0,Y
50,12,49,1,0,3,2,0,0,ITA,0,4,2,101.1,3,N
355,10,41,7,0,2,2,0,0,PRT,1,1,0,62.0,0,Y
267,10,40,1,1,1,2,0,0,IRL,0,4,0,115.2,0,Y
291,8,34,19,0,2,2,0,0,PRT,0,1,0,115.0,0,Y
45,8,33,7,2,0,2,0,0,NLD,0,1,0,135.9,1,N
3,12,51,14,1,0,1,0,0,PRT,0,1,0,65.0,0,N
6,5,19,9,0,2,1,0,0,FRA,0,4,1,157.0,0,N
47,5,20,15,1,2,2,0,0,PRT,0,1,0,164.0,2,N
29,1,1,3,0,2,2,0,0,CHN,0,1,0,79.2,1,Y
60,7,29,13,1,0,2,1,0,PRT,0,1,0,91.33,0,Y
0,8,32,7,1,2,2,0,0,PRT,0,4,0,150.0,0,Y
8,12,52,26,2,3,2,0,0,PRT,0,1,0,77.35,1,N
8,3,11,9,0,3,2,0,0,FRA,0,1,0,100.0,0,N
297,8,33,10,1,1,1,0,0,PRT,1,1,0,60.0,0,Y
4,8,35,24,0,1,2,0,0,AUT,0,1,0,119.0,1,N
36,6,27,29,0,3,1,0,0,PRT,0,5,0,110.8,0,Y
33,1,5,25,1,1,2,0,0,BRA,0,1,0,64.0,0,N
0,3,10,4,0,2,1,0,0,PRT,0,4,0,116.0,0,N
137,7,27,2,1,1,2,2,0,USA,0,2,0,88.77,1,N
267,9,40,30,1,2,2,0,0,PRT,0,1,0,95.0,0,Y
4,4,14,6,0,3,2,2,0,PRT,0,6,0,269.0,0,N
13,11,49,29,0,1,1,0,0,PRT,0,1,0,65.0,0,N
2,5,19,6,0,1,2,0,0,ESP,0,4,0,167.0,0,N
38,4,18,27,0,4,3,0,0,POL,0,4,0,148.95,2,N
47,3,11,11,1,2,2,0,0,PRT,0,1,0,71.1,1,N
158,3,13,27,1,1,1,0,0,ISR,0,1,1,95.0,0,N
37,9,38,15,0,3,2,0,0,GBR,0,5,0,168.3,0,N
124,7,30,17,2,2,3,0,0,FRA,0,4,2,130.05,2,N
162,4,17,23,2,5,2,0,0,ISR,0,4,0,164.7,2,Y
196,10,40,1,0,1,1,0,0,ESP,0,1,0,93.6,1,N
0,4,18,30,0,1,2,1,0,PRT,0,1,0,149.0,0,N
151,1,4,19,0,3,1,0,0,PRT,0,1,0,80.0,0,Y
10,1,4,17,0,0,2,0,0,GBR,0,1,0,0.0,1,N
84,4,18,27,0,4,2,0,0,NOR,0,4,0,118.15,1,N
258,10,43,16,1,0,2,0,0,PRT,0,1,0,110.0,0,Y
54,3,11,15,0,4,2,0,0,DEU,0,1,0,68.0,0,N
32,12,50,4,2,0,1,0,0,CHE,0,1,0,96.0,0,N
91,7,30,23,2,3,2,0,0,BEL,0,1,0,105.3,1,N
26,8,35,29,0,4,3,0,0,GBR,0,4,0,207.25,0,N
59,7,31,30,2,3,2,0,0,PRT,0,1,0,114.88,1,Y
34,1,3,18,0,1,1,0,0,ESP,0,1,0,75.0,0,N
84,8,34,15,1,0,2,0,0,FRA,0,1,0,117.9,1,N
3,5,22,28,2,2,2,0,0,PRT,0,1,0,75.0,1,N
41,8,33,13,2,1,3,0,0,FRA,0,4,2,168.3,2,N
190,8,31,2,1,4,2,1,0,MAR,0,1,2,151.8,1,Y
140,4,17,28,2,2,2,0,0,FRA,0,1,0,130.0,1,N
183,6,23,8,0,2,1,0,0,PRT,0,1,0,120.0,0,Y
52,4,15,14,2,2,3,0,0,CHN,0,4,0,175.5,1,N
0,6,26,29,0,2,2,0,0,NLD,0,1,0,148.0,1,N
99,8,33,8,1,1,3,0,0,CN,0,4,0,150.3,2,N
91,7,28,3,2,5,2,0,0,GBR,0,4,0,127.8,0,N
2,10,44,25,0,4,2,0,0,FRA,0,1,0,109.38,1,N
195,9,38,17,0,2,2,0,0,PRT,1,1,0,48.0,0,Y
98,6,26,23,0,1,2,0,0,DEU,0,1,0,85.5,1,Y
298,5,20,10,0,2,1,0,0,NZL,0,1,1,76.0,0,N
265,7,28,9,0,2,2,0,0,PRT,1,1,0,62.8,0,Y
0,12,49,5,1,1,2,0,0,IRQ,0,4,1,95.0,0,N
272,7,29,16,0,2,2,0,0,PRT,1,1,0,62.8,0,Y
68,9,37,12,2,2,2,0,0,PRT,0,1,0,62.0,0,N
189,7,29,18,0,2,2,0,0,GBR,0,1,0,86.63,1,N
119,4,14,4,0,5,1,0,0,ARG,0,1,0,109.8,0,N
173,8,31,5,2,5,1,0,0,FRA,0,1,0,121.5,0,Y
100,10,44,31,1,1,2,0,0,PRT,0,1,0,62.0,0,Y
165,8,32,8,2,1,2,0,0,PRT,1,1,0,86.0,0,Y
9,12,49,3,2,2,2,0,0,FRA,0,1,0,89.89,0,Y
285,10,41,3,1,3,2,0,0,PRT,0,1,0,100.0,0,Y
0,2,8,24,0,1,2,0,0,PRT,0,1,1,88.0,0,N
34,8,33,14,1,0,3,0,0,FRA,0,4,1,219.0,2,N
49,6,25,17,2,3,2,0,0,GBR,0,1,0,72.25,2,N
157,7,27,8,4,10,2,0,0,ITA,0,4,0,152.1,1,N
373,4,14,5,0,3,2,0,0,PRT,0,1,0,90.0,0,Y
29,6,25,18,2,2,1,0,0,NOR,0,4,0,130.8,0,Y
151,8,32,6,3,6,2,0,0,MOZ,0,1,0,97.75,0,Y
12,8,34,26,0,1,3,0,0,USA,0,5,0,240.0,1,N
35,3,12,16,0,2,2,0,0,PRT,0,1,2,125.0,1,N
188,7,31,28,0,3,2,0,0,FRA,0,1,0,80.75,0,N
74,9,39,18,2,0,2,0,0,DEU,0,1,0,102.68,0,N
110,12,50,9,0,4,2,0,0,FRA,0,1,0,70.0,0,N
239,10,42,17,0,1,2,0,0,PRT,1,1,0,60.0,0,Y
398,8,33,11,0,2,2,0,0,PRT,0,1,0,62.0,0,Y
103,4,17,19,0,2,1,0,0,PRT,0,1,0,115.0,0,Y
199,7,27,6,2,3,2,0,0,GBR,0,1,0,89.1,1,Y
35,3,13,24,0,3,2,0,0,ESP,0,1,0,125.1,0,Y
224,6,25,18,2,4,2,0,0,DEU,0,4,0,164.7,2,N
186,5,22,30,0,2,2,0,0,PRT,0,1,0,130.0,0,Y
104,5,20,15,1,2,2,0,0,PRT,0,1,0,170.0,0,Y
208,7,30,25,2,6,3,0,0,PRT,0,1,0,107.1,0,N
73,6,23,8,0,3,1,0,0,CHE,0,4,0,170.0,0,N
467,7,30,28,0,1,2,0,0,PRT,0,1,0,90.0,0,Y
281,4,16,14,0,2,2,0,0,PRT,0,1,0,62.0,0,Y
26,1,4,25,1,4,2,1,0,BRA,0,1,0,99.88,2,N
192,6,26,24,0,2,1,0,0,PRT,0,1,0,95.0,0,N
165,5,21,26,1,2,2,0,0,ESP,0,4,0,139.5,1,N
105,2,6,10,0,2,2,0,0,FRA,0,1,3,93.6,1,N
19,9,39,22,1,3,2,0,0,PRT,0,1,0,141.5,0,Y
70,2,9,26,2,5,2,1,0,BRA,0,1,0,108.07,3,Y
32,4,17,17,1,0,3,0,0,PRT,0,1,1,115.1,0,Y
279,10,42,12,0,3,2,0,0,PRT,0,1,0,110.0,0,Y
0,3,13,21,1,1,1,0,0,PRT,0,1,1,79.0,0,N
171,8,35,29,0,4,2,0,0,FRA,0,1,0,168.08,0,Y
16,9,39,25,1,2,1,0,0,GBR,0,1,1,170.0,0,N
174,10,41,10,1,1,2,0,0,PRT,0,1,0,70.0,0,Y
5,10,42,13,0,2,2,0,0,USA,0,7,0,215.6,1,N
221,10,42,17,2,1,2,0,0,FRA,0,1,0,65.0,0,N
302,8,33,15,2,2,2,0,0,PRT,1,1,0,62.0,0,Y
271,9,39,21,0,3,1,0,0,BEL,0,1,1,85.67,0,N
0,8,32,6,0,1,2,0,0,PRT,0,1,0,81.0,2,N
8,6,26,20,1,3,2,0,0,FRA,0,1,0,128.5,2,N
43,3,13,20,2,1,2,0,0,CHN,0,1,0,88.2,1,N
68,2,8,17,0,2,2,0,0,PRT,1,1,0,75.0,0,Y
40,8,33,13,1,1,2,0,0,FRA,0,4,0,149.4,1,N
391,8,32,4,0,2,2,0,0,PRT,0,1,0,62.0,0,Y
57,12,49,2,2,2,2,0,0,ESP,0,1,0,88.4,1,Y
35,12,52,26,0,1,2,0,0,ESP,0,4,0,97.0,1,N
18,3,11,12,2,2,2,0,0,MAR,0,4,0,102.43,0,Y
52,1,1,6,1,2,3,0,0,NLD,0,4,0,138.6,1,Y
0,12,52,23,0,1,2,0,0,PRT,0,1,0,80.0,0,N
101,8,34,20,1,1,2,1,0,NLD,0,1,0,134.1,1,N
1,12,53,27,0,1,1,0,0,ITA,0,1,1,65.6,0,N
0,1,3,17,0,1,1,0,0,PRT,0,1,0,89.0,0,N
94,11,48,23,1,2,2,0,0,GBR,0,4,0,65.45,2,N
128,6,24,15,0,3,2,0,0,HKG,0,1,0,108.0,0,Y
16,2,7,13,1,1,2,0,0,CHE,0,1,0,108.0,2,N
34,12,50,8,0,2,1,0,0,PRT,1,1,0,90.0,0,Y
180,5,19,2,1,1,2,0,0,ITA,0,1,0,100.0,1,N
163,10,41,2,2,3,2,0,0,GBR,0,1,1,80.75,0,N
144,6,26,30,2,5,2,0,0,BRA,0,4,0,117.51,0,Y
135,6,22,1,0,3,2,0,0,PRT,0,1,0,85.0,0,N
158,2,8,23,0,3,3,0,0,NLD,0,4,0,126.0,1,Y
68,4,15,15,2,2,2,0,0,ESP,0,1,0,112.5,2,N
218,8,34,21,1,4,2,1,0,PRT,0,1,0,134.5,4,Y
358,6,27,30,0,2,2,0,0,PRT,0,1,0,62.0,0,Y
56,9,38,17,0,2,1,0,0,PRT,0,1,1,58.0,0,N
0,1,4,25,0,2,1,0,0,PRT,0,1,0,85.0,0,N
26,5,18,1,1,2,2,0,0,DEU,0,1,0,99.0,0,N
183,5,22,28,2,0,2,0,0,USA,0,1,2,108.0,1,N
44,6,25,20,0,3,2,0,0,BEL,0,1,0,146.67,1,N
182,9,40,30,0,2,2,0,0,GBR,0,1,0,117.9,2,N
32,11,47,20,0,2,1,0,0,FRA,0,1,0,73.0,0,N
88,7,27,1,0,4,2,0,0,PRT,0,1,0,76.5,1,Y
164,5,20,15,1,2,1,0,0,PRT,0,1,0,160.0,0,Y
22,12,50,7,0,4,2,2,0,ESP,0,5,0,146.5,0,N
41,8,33,12,0,2,2,0,0,PRT,0,1,0,62.0,0,N
278,8,33,11,0,1,2,0,0,PRT,1,1,0,65.0,0,Y
134,8,33,7,1,0,3,0,0,CN,0,4,0,146.7,0,Y
51,6,25,22,0,2,2,0,0,CHN,0,1,0,126.0,0,Y
159,4,15,9,1,1,2,0,0,FRA,0,1,0,70.0,1,N
135,5,21,26,2,2,2,0,0,LUX,0,1,0,111.0,1,N
19,12,49,5,2,1,2,0,0,PRT,1,1,0,69.0,0,Y
15,2,8,19,0,1,1,0,0,PRT,0,1,0,81.0,0,N
150,4,16,19,1,4,2,1,0,FRA,0,1,0,152.1,0,N
0,9,37,9,0,1,2,0,0,CN,0,1,0,96.67,0,N
334,9,38,16,0,2,2,0,0,PRT,1,1,0,62.0,0,Y
151,8,31,4,1,2,3,0,0,IRL,0,4,0,175.5,0,Y
3,3,14,27,2,2,2,0,0,BEL,0,1,0,55.0,0,N
1,1,2,8,1,0,2,0,0,PRT,0,1,0,97.5,0,N
335,10,42,13,0,3,1,0,0,FRA,0,1,0,80.0,0,N
71,4,15,8,2,2,2,0,0,ITA,0,4,0,107.95,0,N
91,6,26,28,0,4,2,0,0,GBR,0,1,0,120.0,0,Y
5,6,26,22,0,1,1,0,0,PRT,0,1,0,89.0,0,N
186,4,16,22,1,1,2,0,0,BRA,0,1,0,99.0,0,Y
54,8,32,10,2,6,1,0,0,GBR,0,4,2,170.0,1,Y
49,7,29,11,1,0,2,0,0,CHN,0,1,0,93.15,0,Y
211,5,21,20,0,2,2,0,0,PRT,0,1,0,100.0,0,Y
5,9,39,26,2,2,1,0,0,NLD,0,1,0,206.0,1,N
111,10,42,10,1,2,1,0,0,USA,0,1,2,120.0,1,N
52,11,46,9,0,3,1,0,0,CHN,0,1,0,125.99,1,Y
299,8,33,12,0,2,2,0,0,PRT,1,1,0,62.0,0,Y
0,8,33,19,0,1,2,0,1,ESP,0,4,0,169.0,0,N
34,3,13,23,0,1,1,0,0,CHN,0,4,0,112.5,0,Y
204,8,33,12,0,4,2,0,0,BEL,0,1,0,76.5,3,N
144,6,25,20,0,5,1,0,0,DEU,0,4,0,93.55,1,N
52,7,28,8,1,2,2,1,0,BRA,0,1,0,132.9,0,Y
297,8,33,10,1,1,2,0,0,PRT,1,1,0,62.0,0,Y
260,5,21,21,2,1,2,0,0,FRA,0,1,0,147.9,1,N
0,9,38,15,0,2,1,0,0,DEU,0,4,2,93.6,0,N
14,7,29,18,0,2,1,0,0,GBR,0,1,0,150.0,1,N
1,3,12,22,0,2,1,0,0,PRT,0,1,1,80.0,0,N
168,4,17,28,1,2,2,0,0,GBR,0,4,0,130.5,0,Y
82,5,22,28,2,2,2,0,0,PRT,0,1,0,89.1,1,N
72,7,31,27,0,1,0,2,0,BRA,0,2,0,97.54,0,N
102,10,42,16,0,2,1,0,0,PRT,0,1,0,80.0,0,Y
76,9,38,16,0,2,2,0,0,ESP,0,1,0,62.0,0,N
146,3,14,30,0,3,1,0,0,PRT,1,1,0,80.0,0,Y
139,7,26,1,2,1,1,0,0,PRT,0,1,0,80.1,0,N
3,7,30,23,2,1,1,0,0,IRL,0,4,1,149.67,1,N
302,8,33,15,2,2,2,0,0,PRT,1,1,0,62.0,0,Y
46,6,26,22,0,2,2,0,0,ARG,0,1,0,89.1,1,N
73,1,5,30,1,3,2,0,0,FRA,0,1,0,67.3,0,N
4,12,51,16,0,1,1,0,0,PRT,0,1,0,70.0,0,N
346,9,38,13,0,2,2,0,0,PRT,0,1,0,115.0,1,N
62,4,14,6,0,3,1,0,0,PRT,0,1,0,135.0,0,Y
46,3,13,24,0,1,2,0,0,ESP,0,1,0,99.0,0,Y
129,5,20,10,0,4,2,0,0,DEU,0,1,1,99.45,0,N
236,4,16,18,2,5,2,0,0,FIN,0,1,0,99.0,1,N
62,8,31,3,2,3,2,0,0,PRT,0,5,0,152.0,0,Y
27,6,24,9,0,1,2,0,0,PRT,0,1,0,120.0,0,Y
155,7,29,17,1,1,2,1,0,USA,0,1,0,125.1,1,Y
221,6,24,10,1,2,2,0,0,PRT,1,1,0,80.0,0,Y
177,7,28,4,2,5,2,0,0,GBR,0,1,0,80.75,0,N
232,9,37,5,1,3,2,0,0,BEL,0,1,0,100.3,0,Y
211,8,34,22,2,5,2,0,0,PRT,1,1,0,55.96,0,Y
11,8,35,28,2,2,2,0,0,FRA,0,1,0,85.0,0,N
150,1,1,2,2,1,2,0,0,PRT,0,1,0,101.0,0,Y
290,6,25,17,1,2,2,0,0,PRT,0,1,0,72.0,0,Y
118,7,31,24,2,0,2,2,0,GBR,0,6,0,186.3,1,N
209,9,40,29,1,3,1,0,0,AUS,0,1,0,111.35,0,Y
444,12,49,1,0,3,1,0,0,PRT,1,1,0,75.0,0,Y
219,9,36,4,0,1,1,0,0,PRT,0,1,1,84.0,0,N
16,1,5,24,2,1,2,0,0,BRA,0,1,0,87.3,0,Y
179,7,27,1,0,2,2,0,0,PRT,0,1,0,65.0,0,Y
198,9,40,27,2,5,2,0,0,ITA,0,1,0,112.56,1,N
28,7,28,7,0,3,2,0,0,AUT,0,1,0,134.37,1,N
11,9,37,5,1,0,1,0,0,DEU,0,1,0,112.88,0,N
203,7,28,10,2,5,2,0,0,DNK,0,1,0,107.1,1,N
174,6,24,5,2,0,2,0,0,JPN,0,4,0,115.2,0,N
85,3,14,29,0,4,2,0,0,DEU,0,1,0,82.45,1,N
2,12,52,18,2,0,2,0,0,ITA,0,1,0,106.5,1,N
0,1,1,2,1,1,1,0,0,DEU,0,1,0,86.0,0,N
197,8,32,12,2,1,2,0,0,USA,0,1,0,112.5,0,Y
170,4,17,27,0,3,2,0,0,DEU,0,4,0,130.5,0,N
16,3,12,23,0,1,1,0,0,ESP,0,1,0,93.0,0,N
135,4,16,21,1,2,2,0,0,PRT,0,1,0,90.0,0,Y
63,4,17,21,0,3,2,0,0,IRL,0,1,0,94.5,0,Y
22,6,24,11,2,2,2,0,0,IND,0,1,0,109.0,1,Y
156,4,17,26,0,3,2,0,0,PRT,0,1,0,100.0,0,Y
259,5,19,5,0,3,2,0,0,PRT,0,1,0,90.0,0,Y
79,10,41,10,1,1,2,0,0,ESP,0,1,0,62.0,0,N
9,4,14,8,0,1,2,0,0,PRT,0,1,0,112.5,3,N
37,5,20,13,0,1,1,0,0,PRT,0,1,0,116.1,0,N
31,8,33,8,1,0,2,0,0,CUB,0,1,1,149.0,0,N
33,12,50,9,0,2,2,0,0,PRT,1,1,0,110.0,0,Y
7,5,18,2,0,2,2,0,0,DNK,0,1,0,150.0,2,N
7,8,35,22,1,1,2,0,0,FRA,0,1,0,140.0,1,Y
205,7,30,22,2,3,2,0,0,GBR,0,1,0,90.95,0,Y
80,4,14,8,2,1,2,0,0,FRA,0,1,0,115.0,0,N
10,8,34,15,1,0,2,2,1,PRT,0,7,0,276.0,2,N
3,2,8,24,0,1,3,0,0,PRT,0,1,0,114.4,0,N
122,5,20,12,0,3,2,0,0,DEU,0,4,0,121.5,1,N
236,9,40,27,0,4,2,0,0,GBR,0,1,1,84.43,1,N
64,6,26,19,2,1,2,0,0,GBR,0,1,0,117.9,1,N
224,10,40,2,1,2,2,0,0,PRT,0,1,0,65.0,0,N
49,4,14,7,1,2,2,0,0,POL,0,1,2,126.0,4,N
14,8,34,20,1,1,1,2,0,NLD,0,1,0,135.65,2,N
290,8,32,3,1,1,2,0,0,PRT,1,1,0,62.0,0,Y
142,7,27,1,0,2,2,0,0,PRT,0,1,0,85.5,1,N
30,11,47,15,0,4,2,0,0,MAR,0,4,0,96.9,1,Y
7,1,5,29,0,2,2,0,0,PRT,0,4,1,0.0,1,N
34,6,25,22,0,1,1,0,0,PRT,0,1,0,89.0,0,Y
6,11,46,7,1,0,1,0,0,GBR,0,1,0,197.0,0,N
54,10,45,30,2,4,2,0,0,ITA,0,4,0,111.0,1,Y
44,9,39,20,0,4,2,0,0,IRN,0,1,2,101.52,0,N
11,5,22,24,0,3,2,0,0,PRT,0,1,0,160.0,0,Y
15,12,50,7,0,3,2,0,0,FRA,0,1,0,106.33,0,N
13,2,8,22,0,3,2,0,0,GBR,0,1,1,105.33,1,N
162,8,33,19,1,1,2,0,0,PRT,0,1,0,140.0,0,Y
222,8,36,31,0,3,2,0,0,DEU,0,1,0,96.3,1,N
0,7,31,26,1,0,2,0,0,PRT,0,1,0,0.0,0,N
48,5,20,8,1,0,2,0,0,PRT,0,5,0,93.0,0,N
2,9,40,30,0,2,2,0,0,KAZ,0,4,1,209.5,2,N
12,10,41,4,1,0,2,0,0,FRA,0,1,0,72.0,0,N
89,4,15,9,2,1,2,0,0,ITA,0,1,0,79.5,1,N
259,5,19,5,0,3,2,0,0,PRT,0,1,0,90.0,0,Y
84,8,33,15,0,4,3,0,0,GBR,0,4,0,152.0,1,N
395,3,13,21,1,2,2,0,0,PRT,1,1,0,62.8,0,Y
83,3,9,4,2,2,2,0,0,CHE,0,1,0,54.71,1,N
31,11,49,27,2,3,2,0,0,GBR,0,1,1,66.71,1,N
28,10,44,29,0,1,1,0,0,PRT,1,1,0,130.0,0,Y
142,7,31,30,0,1,1,0,0,PRT,1,1,0,68.0,0,Y
545,1,1,5,0,2,2,0,0,PRT,0,1,0,62.0,0,Y
2,10,41,9,0,1,1,0,0,PRT,0,1,0,91.0,0,N
2,7,29,11,1,2,1,0,0,PRT,2,1,0,0.0,1,N
8,11,46,10,0,1,1,0,0,PRT,1,1,0,85.0,2,Y
25,7,31,27,1,1,3,0,0,ESP,0,1,1,84.0,0,N
105,7,29,15,1,2,2,0,0,FRA,0,4,0,118.8,1,N
34,6,25,19,1,2,2,0,0,BRA,0,1,0,120.0,1,N
8,8,34,16,2,2,2,0,0,ESP,0,1,0,90.0,0,N
35,10,44,26,1,1,2,0,0,PRT,0,1,0,76.5,1,N
74,11,46,9,0,3,1,0,0,JPN,0,1,0,133.8,2,N
281,7,30,25,2,2,2,0,0,PRT,1,1,0,62.0,0,Y
11,6,24,12,1,1,1,0,0,PRT,0,1,1,95.0,0,N
37,3,11,12,2,2,2,0,0,MAC,0,1,0,76.93,1,Y
83,11,47,19,1,1,1,0,0,CHE,0,1,0,79.2,1,N
325,9,37,7,1,1,2,0,0,PRT,1,1,0,62.0,0,Y
145,2,8,24,2,2,2,0,0,NLD,0,1,0,120.7,0,N
201,8,33,16,2,6,2,0,0,GBR,0,1,0,80.1,0,N
10,1,3,14,1,3,1,0,0,ZAF,0,1,0,79.3,0,Y
301,8,33,14,0,2,2,0,0,PRT,1,1,0,101.5,0,Y
0,8,33,7,1,0,3,0,0,RUS,0,1,2,98.0,1,N
91,5,20,13,1,2,2,0,0,FRA,0,6,0,198.9,0,Y
112,8,34,25,0,2,2,2,0,GBR,0,6,0,235.0,0,N
18,9,40,26,1,0,2,0,0,KOR,0,1,0,129.0,1,Y
119,6,24,7,0,3,2,0,0,TUR,0,1,2,120.0,0,N
99,5,18,5,1,2,3,0,0,ITA,0,4,0,171.0,0,Y
41,2,8,19,1,2,1,0,0,DNK,0,1,0,76.9,0,N
137,1,5,27,0,2,1,0,0,PRT,1,1,0,70.0,0,Y
180,8,35,26,0,2,2,0,0,CHE,0,1,0,85.5,0,Y
1,1,2,5,4,13,2,0,0,PRT,0,1,6,70.67,0,N
2,1,4,23,0,1,1,0,0,PRT,0,4,1,0.0,0,N
28,3,11,14,0,3,1,0,0,PRT,0,1,0,65.0,0,Y
27,10,43,16,2,0,2,0,0,FRA,0,1,0,85.0,0,N
208,5,21,24,0,2,2,0,0,DEU,0,1,0,114.4,0,N
192,6,26,24,0,2,1,0,0,SRB,0,1,0,95.0,0,N
72,8,33,17,0,3,2,1,0,FRA,0,2,0,138.02,2,Y
26,12,51,12,2,5,2,0,0,PRT,0,1,0,75.0,0,Y
386,10,44,23,2,0,2,0,0,DEU,0,1,0,115.0,1,N
32,10,41,6,1,3,3,0,0,IRL,0,4,0,176.4,0,Y
132,4,14,7,1,2,2,0,0,CHN,0,1,0,89.1,1,N
111,4,17,27,1,3,2,0,0,PRT,0,1,0,120.0,0,Y
296,10,43,24,2,4,2,0,0,GBR,0,2,0,56.01,0,N
0,1,4,23,0,1,2,0,0,DEU,0,2,0,100.0,0,N
126,5,22,22,2,2,2,0,0,IRL,0,1,0,89.25,0,Y
2,10,41,8,1,1,1,0,0,BEL,0,1,0,160.0,2,N
248,8,33,19,1,1,2,0,0,AGO,0,1,0,94.05,1,Y
2,8,35,31,0,1,1,0,0,LBN,0,1,0,140.0,2,N
7,5,22,22,2,1,3,0,0,CHE,0,4,0,177.0,2,N
364,10,42,16,0,2,2,0,0,PRT,1,1,0,101.5,0,Y
99,2,8,19,0,1,2,0,0,PRT,1,1,0,80.0,0,Y
316,5,22,26,0,3,2,0,0,AUT,0,1,0,110.0,0,N
229,10,43,16,2,1,2,0,0,HUN,0,1,0,96.3,0,Y
5,4,17,26,0,2,1,0,0,ESP,0,4,0,148.0,0,N
31,6,23,7,0,2,2,0,0,BEL,0,1,0,108.0,0,N
1,11,47,14,1,0,2,0,0,PRT,0,1,0,121.0,2,N
99,5,18,6,2,6,1,0,0,DEU,0,4,0,139.5,0,Y
0,11,45,3,0,0,1,0,0,PRT,0,1,1,0.0,1,N
121,12,51,15,0,2,2,0,0,GBR,0,1,0,79.2,1,Y
117,3,11,12,2,1,2,0,0,GBR,0,1,0,55.0,0,N
275,6,23,4,1,1,2,0,0,PRT,0,1,0,62.8,0,Y
163,10,42,15,2,1,1,0,0,PRT,0,1,0,115.0,0,Y
131,6,26,27,0,5,2,0,0,NLD,0,1,0,97.02,1,Y
305,10,40,1,1,1,2,0,0,PRT,1,1,0,100.0,0,Y
1,2,10,28,2,1,1,0,0,PRT,0,1,0,60.0,0,Y
3,3,13,23,0,2,2,1,0,FRA,0,1,0,139.0,0,Y
106,5,19,11,0,3,2,0,0,DEU,0,4,0,183.0,1,N
0,3,9,2,0,1,1,0,0,SWE,0,1,0,107.0,0,N
88,5,19,3,0,3,2,0,0,PRT,0,1,0,117.0,1,N
273,7,29,17,0,2,1,0,0,PRT,0,1,1,87.0,0,N
186,5,22,30,0,2,2,0,0,PRT,0,1,0,130.0,0,Y
17,2,9,26,2,1,1,0,0,PRT,0,4,0,75.0,0,Y
118,6,24,6,1,3,1,0,0,TUR,0,1,1,110.0,0,N
0,1,4,21,0,2,1,0,0,SAU,0,1,3,71.0,0,N
14,1,5,29,6,12,2,0,0,AGO,0,1,0,74.8,0,Y
76,4,16,10,2,2,2,0,0,GBR,0,1,1,90.95,1,N
133,6,24,9,0,3,1,0,0,NOR,0,1,0,121.5,1,N
27,10,41,4,2,1,1,0,0,NOR,0,1,0,91.83,2,N
112,8,32,10,1,3,2,0,0,DNK,0,4,0,195.0,0,Y
158,5,22,24,0,2,1,0,0,PRT,0,1,0,130.0,0,Y
30,2,6,9,1,3,1,0,0,IRL,0,1,0,90.1,1,Y
41,3,14,31,0,3,2,0,0,FRA,0,1,0,117.9,1,N
30,3,11,13,1,3,2,0,0,FRA,0,1,0,70.26,0,N
11,3,11,7,1,2,1,0,0,PRT,0,1,0,54.8,0,Y
71,6,25,14,0,3,1,0,0,PRT,0,1,0,120.0,0,Y
122,4,16,15,0,2,2,0,0,PRT,0,1,0,85.0,0,Y
28,5,20,16,0,3,2,0,0,IRL,0,4,0,141.33,3,N
235,6,26,24,0,2,2,0,0,FRA,0,1,0,65.0,1,N
150,7,32,31,2,1,3,0,0,BEL,0,1,0,140.7,1,N
0,8,33,9,0,1,2,0,0,FRA,0,1,0,158.0,0,N
17,3,12,17,0,2,2,0,0,PRT,0,1,0,80.0,0,Y
116,2,10,28,2,1,1,0,0,PRT,0,1,0,85.0,0,N
9,4,18,29,0,2,2,0,0,PRT,0,1,0,110.0,0,N
206,5,18,1,1,2,2,0,0,BEL,0,1,0,117.0,0,N
8,5,20,12,0,2,2,0,0,PRT,0,1,0,95.0,0,N
4,11,48,24,1,5,1,0,0,AGO,1,1,1,6.0,1,Y
163,8,33,17,1,3,2,1,0,DEU,0,1,0,148.5,0,Y
123,6,24,17,2,1,2,0,0,CHN,0,1,0,105.3,0,N
219,6,23,9,1,2,2,0,0,PRT,0,1,0,105.0,0,Y
49,12,53,30,0,4,2,0,0,ITA,0,1,0,71.0,0,N
138,4,16,13,0,1,2,0,0,PRT,0,1,0,90.0,1,N
191,7,30,28,2,2,2,0,0,FRA,0,1,0,112.5,0,Y
52,5,18,6,2,3,2,0,0,GBR,0,1,0,121.68,0,N
10,2,9,24,0,4,2,0,0,NLD,0,1,0,93.0,1,N
12,9,40,25,2,0,2,0,0,CHN,0,4,0,164.0,0,Y
39,8,33,14,0,2,2,0,0,PRT,0,1,0,101.5,0,Y
71,11,47,18,0,2,2,0,0,ITA,0,1,0,88.0,0,Y
33,4,15,3,2,4,2,0,0,PRT,0,4,0,135.9,1,N
99,7,31,25,1,3,2,0,0,ITA,0,1,0,94.5,0,Y
133,12,50,6,0,4,2,1,0,ESP,0,1,1,100.3,1,Y
135,6,26,30,0,1,2,0,0,PRT,0,1,0,130.0,0,Y
10,11,46,10,0,1,1,0,0,PRT,0,1,0,120.0,0,Y
2,9,37,10,2,4,1,0,0,ITA,0,1,4,115.0,1,N
176,9,37,8,0,0,1,0,0,PRT,0,1,0,0.0,0,N
281,7,30,25,2,2,2,0,0,PRT,1,1,0,62.0,0,Y
42,8,35,27,1,0,2,0,0,MEX,0,1,1,95.0,0,N
114,5,20,14,2,1,2,0,0,ITA,0,1,0,85.0,0,N
43,11,46,12,2,1,2,0,0,ITA,0,1,0,92.4,1,N
151,1,4,19,0,2,1,0,0,ESP,0,1,2,71.0,0,N
30,6,23,2,0,2,2,0,0,PRT,0,1,0,140.0,0,Y
145,7,31,28,0,2,2,0,0,GBR,0,4,0,118.8,0,N
98,11,48,23,1,2,1,0,0,FRA,0,1,0,70.0,0,N
11,3,9,3,1,2,2,0,0,BRA,0,1,0,88.2,0,N
245,7,30,29,2,1,2,0,0,GBR,0,1,0,80.1,0,N
67,2,7,12,2,0,2,0,0,PRT,0,1,0,80.0,0,Y
12,12,50,10,2,2,3,0,0,TUR,0,4,0,132.39,1,N
394,5,20,16,0,1,2,0,0,PRT,0,1,0,90.0,0,Y
1,10,44,28,1,2,2,2,0,DZA,0,6,0,211.76,1,N
112,8,35,24,0,4,2,0,0,PRT,0,5,0,116.28,0,Y
39,11,46,11,2,3,1,0,0,GBR,0,1,0,73.81,1,N
315,7,27,7,0,1,2,0,0,USA,0,2,1,91.85,3,Y
172,7,29,18,0,4,2,3,0,ITA,0,7,0,215.27,2,N
267,3,14,31,0,2,2,0,0,PRT,0,1,0,62.0,0,Y
457,8,34,25,0,2,1,0,0,DEU,0,1,2,95.5,1,N
11,12,53,29,0,3,2,0,0,FRA,0,5,0,157.67,0,N
155,7,30,17,2,1,3,0,0,DEU,0,4,0,137.7,2,N
188,9,39,22,0,2,2,0,0,FIN,0,1,0,135.9,2,N
247,10,44,28,1,2,2,0,0,PRT,0,1,0,110.0,0,Y
111,4,18,30,2,2,2,0,0,ITA,0,1,0,123.75,0,Y
0,9,38,15,0,1,1,0,0,PRT,0,1,0,159.0,0,N
9,7,28,8,0,1,2,0,0,PRT,0,4,0,0.0,2,N
43,4,16,11,1,1,2,0,0,FRA,0,1,0,94.5,1,N
7,8,34,19,1,2,2,0,0,LUX,0,4,0,145.0,2,N
18,12,49,4,1,2,1,0,0,ESP,0,1,0,118.67,0,N
13,11,49,29,0,2,2,0,0,PRT,0,1,1,75.0,1,N
95,4,18,30,2,3,2,0,0,FRA,0,1,0,119.85,1,N
137,1,5,27,0,2,1,0,0,PRT,1,1,0,70.0,0,Y
0,5,20,13,0,2,2,0,0,DEU,0,1,0,90.0,0,N
155,4,17,28,2,2,1,0,0,DEU,0,1,1,99.0,1,N
100,12,50,12,2,1,2,0,0,PRT,0,1,0,72.25,2,N
141,6,26,27,0,4,2,0,0,FRA,0,1,0,99.0,0,Y
423,7,29,22,1,1,2,0,0,DEU,0,1,0,122.4,1,N
108,9,39,22,0,1,2,0,0,PRT,0,4,0,115.04,1,N
40,12,49,5,2,1,2,0,1,ESP,0,4,1,73.8,1,N
22,11,48,25,1,2,2,0,0,PRT,0,1,0,79.2,0,N
24,6,26,22,0,2,3,0,0,KOR,0,4,0,157.0,0,Y
34,11,46,7,1,2,1,0,0,SWE,0,1,1,138.7,0,N
5,3,10,6,1,1,2,0,0,PRT,0,1,0,95.0,0,Y
317,4,17,25,0,3,2,0,0,USA,0,1,0,118.8,2,N
33,2,7,8,1,4,2,1,0,FRA,0,4,0,75.23,2,N
0,6,25,12,1,0,1,0,0,PRT,0,1,0,135.0,1,N
37,10,42,13,0,3,2,0,0,PRT,0,1,0,105.0,0,Y
35,3,10,2,0,2,2,1,0,FRA,0,1,0,100.1,1,Y
8,6,25,21,0,2,1,0,0,DEU,0,1,1,104.5,0,N
74,9,38,14,0,4,3,0,0,SWE,0,4,0,168.3,0,N
43,6,24,9,0,1,2,0,0,PRT,0,1,0,75.54,1,Y
124,5,18,2,0,4,2,0,0,ITA,0,1,0,108.0,1,Y
113,2,9,25,0,3,2,0,0,PRT,1,1,0,75.0,0,Y
193,10,42,15,0,3,2,0,0,Unknown,0,1,0,65.0,0,Y
64,7,29,14,0,2,2,0,0,DEU,0,4,0,153.0,0,Y
1,4,15,10,1,1,1,0,0,DEU,0,1,0,150.0,1,N
55,1,3,18,0,2,1,0,0,PRT,0,1,0,79.0,0,Y
89,9,36,2,0,2,2,0,0,ESP,0,1,0,135.9,0,Y
21,5,23,31,0,3,2,1,0,NIC,0,1,2,139.0,0,Y
6,5,21,21,1,0,1,0,0,FRA,0,1,1,140.0,1,N
323,9,36,5,1,1,2,0,0,PRT,1,1,0,62.0,0,Y
54,4,14,5,0,2,2,0,0,PRT,0,1,0,110.0,0,Y
32,10,43,24,1,1,1,0,0,GBR,0,1,0,120.0,1,N
10,5,20,15,1,2,1,0,0,GRC,0,4,0,170.0,2,N
1,3,10,10,2,2,1,0,0,GBR,0,1,1,58.45,0,N
79,10,41,10,1,1,1,0,0,PRT,0,1,0,0.0,0,N
125,6,26,29,0,3,2,0,0,GBR,0,1,0,96.53,0,N
301,7,31,30,1,1,2,0,0,DEU,0,1,0,115.0,1,N
256,10,43,16,2,3,2,0,0,DEU,0,1,2,100.75,0,N
414,12,49,5,2,1,2,0,0,PRT,1,1,0,62.0,0,Y
191,7,31,25,1,4,1,0,0,FRA,0,1,1,86.75,0,N
219,6,23,9,1,2,2,0,0,PRT,0,1,0,105.0,0,Y
112,4,14,4,0,2,2,0,0,PRT,0,1,0,95.0,0,Y
68,9,37,12,2,2,2,0,0,PRT,0,1,0,62.0,0,Y
270,4,17,20,0,4,1,0,0,ISL,0,1,1,70.0,0,N
58,3,12,14,1,2,2,0,0,FRA,0,1,0,78.3,1,N
33,8,33,8,1,2,2,0,0,FRA,0,1,0,135.9,1,Y
49,6,27,29,2,4,2,1,0,ITA,0,1,0,134.1,1,N
19,7,29,17,1,0,3,0,0,SAU,0,4,0,210.0,1,N
40,10,42,15,0,1,3,0,0,BRA,0,4,0,176.4,2,Y
88,5,19,3,0,3,2,0,0,PRT,0,1,0,117.0,1,N
43,6,22,3,1,1,3,0,0,FRA,0,5,0,240.0,2,N
126,4,16,14,0,3,1,0,0,PRT,0,1,0,57.5,0,Y
44,9,37,10,0,2,2,0,0,PRT,0,1,0,126.0,0,Y
60,11,48,25,2,2,2,0,0,FRA,0,1,0,75.0,0,N
11,12,49,5,2,2,3,0,0,PRT,0,1,1,122.0,0,N
66,4,15,9,2,0,2,0,0,PRT,0,1,0,100.0,0,Y
1,6,25,14,0,1,1,0,0,PRT,1,1,0,95.0,0,N
173,8,33,17,2,8,2,0,0,GBR,0,4,0,127.71,0,Y
186,4,18,24,2,3,1,0,0,GBR,0,1,0,68.55,0,N
100,12,50,12,2,1,2,0,0,FRA,0,1,0,72.25,2,N
81,3,13,31,1,2,2,0,0,GBR,0,1,0,92.4,0,N
510,12,49,1,0,2,2,0,0,PRT,0,1,0,62.8,0,Y
58,6,27,28,0,4,2,0,0,FRA,0,4,0,131.4,1,N
8,11,45,3,0,3,2,0,0,IND,0,1,0,116.67,1,N
271,7,29,15,0,2,2,0,0,PRT,0,1,0,62.0,0,N
386,10,44,23,2,0,2,0,0,DEU,0,1,0,115.0,1,N
53,10,44,29,1,1,2,0,0,ITA,0,1,0,107.1,1,Y
457,10,43,21,0,2,2,0,0,PRT,0,1,0,65.0,0,Y
18,7,28,3,1,0,2,0,0,FRA,0,1,0,151.0,1,N
32,10,41,6,0,2,2,0,0,POL,0,4,0,157.5,2,N
18,9,40,27,0,1,1,0,0,FRA,1,1,0,95.0,0,Y
423,7,29,22,1,1,2,0,0,PRT,0,1,0,80.0,0,Y
5,3,12,19,2,1,2,0,0,PRT,0,1,0,90.0,0,Y
7,6,27,28,1,5,3,0,0,ITA,0,4,0,182.0,0,N
151,5,23,31,0,3,2,0,0,GBR,0,2,1,95.82,0,N
4,11,45,1,0,3,1,0,0,PRT,1,1,0,65.0,1,N
165,5,20,19,2,2,2,0,0,PRT,0,1,0,225.0,0,Y
46,12,49,2,1,2,2,0,1,BRA,0,4,1,102.6,1,Y
16,11,45,4,0,2,1,0,0,PRT,1,1,0,95.0,0,Y
5,9,39,22,0,1,1,0,0,PRT,0,1,0,65.0,0,N
1,1,4,21,0,1,2,0,0,NLD,0,1,0,91.0,1,Y
131,7,27,6,1,3,3,0,0,GBR,0,5,0,179.1,0,Y
34,5,22,22,2,1,1,0,0,CHE,0,4,0,118.8,0,N
396,6,26,25,2,0,2,0,0,DEU,0,1,0,122.4,1,N
70,7,27,6,0,3,2,0,0,GBR,0,4,4,150.0,2,N
13,9,38,15,0,1,2,0,0,DEU,0,1,0,100.0,1,N
33,3,10,7,0,2,2,0,0,PRT,0,1,0,79.0,0,Y
57,3,10,11,0,1,2,0,0,USA,0,1,0,108.0,0,N
1,11,47,19,0,1,1,0,0,PRT,1,1,0,65.0,0,N
278,7,30,22,0,2,2,0,0,PRT,1,1,0,62.0,0,Y
152,6,26,27,0,5,2,0,0,GBR,0,1,0,80.1,0,N
72,10,44,28,0,3,2,0,0,ISR,0,1,0,85.67,0,N
99,2,8,19,0,1,2,0,0,PRT,1,1,0,80.0,0,Y
12,1,3,15,0,2,2,0,0,PRT,0,2,1,85.25,1,N
74,2,7,18,2,1,2,0,0,GBR,0,4,0,102.6,1,Y
30,11,47,14,1,0,2,0,0,PRT,0,1,0,88.0,1,N
273,7,29,17,0,2,1,0,0,PRT,0,1,1,87.0,0,N
112,8,35,24,0,4,2,0,0,PRT,0,5,0,116.28,0,Y
185,8,33,16,2,7,2,0,0,ITA,0,1,0,120.4,0,Y
19,12,53,29,0,2,2,0,1,PRT,0,6,0,0.0,2,N
10,1,1,6,2,2,2,0,0,ITA,0,1,0,71.19,0,Y
61,4,15,14,1,2,3,0,0,ITA,0,4,0,177.0,0,Y
195,7,30,18,1,3,2,2,0,ESP,0,6,0,158.95,0,Y
129,1,2,8,2,1,1,0,0,PRT,0,4,0,67.0,0,Y
273,5,19,9,0,1,1,0,0,PRT,0,1,0,84.6,0,Y
125,7,29,15,2,4,2,0,0,PRT,0,1,0,76.5,0,Y
256,6,25,15,0,2,2,0,0,DEU,0,1,0,115.0,1,N
46,3,13,21,1,2,2,0,0,PRT,0,1,0,85.0,0,Y
137,3,10,6,1,1,2,0,0,ISR,0,1,0,80.0,1,N
72,10,44,28,0,3,2,0,0,ISR,0,1,0,85.67,0,N
169,7,29,13,0,3,2,0,0,CHE,0,1,1,94.5,1,N
174,7,27,5,0,3,3,0,0,BEL,0,4,0,153.9,1,N
172,5,21,25,0,3,2,0,0,FRA,0,4,0,139.5,2,Y
137,1,5,27,0,2,1,0,0,PRT,1,1,0,70.0,0,Y
0,1,1,7,1,1,2,0,0,PRT,0,1,0,83.75,0,N
123,1,1,2,1,1,2,0,0,GBR,0,4,0,102.6,1,Y
8,5,21,23,0,2,2,0,0,PRT,0,4,0,190.0,1,Y
278,6,24,14,0,4,2,0,0,DEU,0,1,1,110.0,2,N
178,8,35,22,1,3,3,0,0,DEU,0,1,0,127.93,2,N
22,6,26,27,0,1,2,0,0,USA,0,1,0,89.0,0,N
0,6,24,17,0,1,1,0,0,PRT,0,1,0,95.0,0,N
1,2,8,21,0,1,2,0,0,PRT,0,1,0,108.0,0,N
13,8,32,8,0,3,1,0,0,PRT,0,1,1,65.0,2,N
132,7,30,23,0,1,2,0,0,PRT,0,1,0,90.0,0,N
6,5,21,18,0,1,1,0,0,PRT,2,1,0,65.0,0,Y
18,5,21,22,1,1,2,0,0,ECU,0,1,0,120.0,1,N
74,12,49,2,1,2,2,0,0,HKG,0,1,0,88.2,2,Y
414,7,28,13,0,2,1,0,0,DEU,0,1,1,95.5,0,N
298,4,15,14,1,2,2,0,0,DEU,0,1,1,90.0,0,N
379,10,44,31,1,1,2,0,0,PRT,1,1,0,62.0,0,Y
110,5,20,19,0,2,1,0,0,BEL,0,5,2,180.0,0,N
16,7,31,30,2,1,3,0,0,AUT,0,4,0,212.67,0,Y
208,9,36,3,2,1,2,0,0,ITA,0,1,1,161.1,1,N
433,9,38,15,0,2,2,0,0,PRT,0,1,0,62.0,0,Y
240,9,37,10,1,1,2,0,0,ITA,0,1,0,96.0,1,N
437,5,19,2,1,2,2,0,0,PRT,0,1,0,60.0,0,Y
53,8,35,24,1,1,2,0,0,ESP,0,1,0,62.0,0,N
34,4,17,22,0,1,2,0,0,USA,0,1,0,105.3,1,N
305,7,31,30,2,1,3,0,0,POL,0,4,0,139.5,2,Y
594,2,8,23,0,1,1,0,0,PRT,0,1,0,59.0,0,Y
21,3,11,16,1,3,2,0,0,DEU,0,1,0,78.0,0,N
256,8,36,31,0,4,2,0,0,DEU,0,1,0,90.95,0,N
131,6,26,26,1,3,1,0,0,FRA,0,1,0,108.0,0,Y
224,5,20,14,1,0,2,0,0,USA,0,1,0,107.1,1,Y
2,2,8,14,2,1,1,0,0,AGO,0,1,0,79.0,0,Y
300,5,21,25,0,3,2,0,0,CHE,0,1,0,99.0,1,N
235,6,26,24,0,2,2,0,0,PRT,0,1,0,65.0,1,N
200,7,30,26,0,1,3,0,0,BEL,0,4,2,175.5,1,N
91,2,5,3,0,1,2,0,0,CN,0,1,0,79.2,1,Y
128,5,19,13,0,1,3,0,0,IRL,0,1,0,144.0,1,N
319,5,19,11,0,3,3,0,0,DEU,0,4,0,193.5,2,Y
31,2,7,17,0,2,2,0,0,PRT,0,1,0,95.0,0,Y
64,4,14,2,2,2,2,0,0,GBR,0,1,0,117.0,1,N
32,12,51,17,2,2,2,0,0,USA,0,1,0,66.59,1,N
43,12,53,31,0,3,2,0,0,FRA,0,1,0,137.33,0,N
27,4,18,25,1,0,1,0,0,PRT,0,1,0,111.0,1,N
122,8,34,20,2,5,2,0,0,FRA,0,1,2,125.0,0,N
86,1,4,22,0,1,2,0,0,PRT,1,1,0,85.0,0,Y
59,3,10,11,1,1,2,0,0,CN,0,1,1,98.0,0,Y
0,1,4,23,1,0,2,0,0,DNK,0,1,0,58.31,0,N
7,12,50,9,2,2,2,0,0,PRT,0,1,0,86.78,1,N
41,11,46,8,2,3,2,0,0,FRA,0,4,0,60.0,1,N
151,7,29,11,1,1,2,0,0,PRT,0,1,0,63.75,1,Y
464,10,44,28,0,2,2,0,0,PRT,0,1,0,65.0,0,Y
178,4,14,6,0,3,2,0,0,CHE,0,1,0,117.0,0,Y
25,5,20,20,2,1,2,0,0,PRT,0,1,0,90.0,0,Y
57,12,53,29,2,6,2,0,0,PRT,1,4,1,99.45,1,Y
451,5,21,16,1,2,2,0,0,PRT,0,1,0,60.0,0,Y
45,3,11,12,2,3,2,0,0,GBR,0,1,0,74.8,0,N
111,4,14,3,1,1,2,0,0,ISR,0,1,0,95.0,1,N
10,5,19,6,2,2,2,0,0,GBR,0,4,0,141.0,1,N
11,6,25,14,0,3,1,0,0,PRT,0,4,0,90.0,0,N
25,7,28,13,1,3,2,0,0,FRA,0,1,2,135.0,2,Y
72,5,18,1,1,2,1,0,0,USA,0,1,0,79.2,0,N
144,9,38,12,1,3,2,0,0,GBR,0,1,0,126.9,3,Y
305,11,45,4,1,2,2,0,0,PRT,0,1,0,89.0,0,Y
503,11,48,24,0,2,2,0,0,PRT,0,1,0,62.8,0,Y
418,9,40,26,1,2,2,0,0,DEU,0,1,0,107.0,0,N
19,9,40,25,1,0,2,0,0,GBR,0,1,0,129.0,0,Y
3,9,36,5,2,2,1,0,0,PRT,0,1,1,0.0,0,N
37,10,42,13,0,3,1,0,0,PRT,0,1,0,95.0,0,Y
5,3,13,21,1,1,2,0,0,FRA,0,1,0,68.53,1,N
126,7,30,27,0,2,2,0,0,SWE,0,4,0,139.5,1,N
167,6,24,11,2,2,2,0,0,DEU,0,1,0,144.0,0,Y
277,11,46,7,1,2,2,0,0,PRT,0,1,0,100.0,0,Y
55,3,13,30,1,3,2,0,0,IRL,0,1,0,91.15,1,Y
21,8,32,1,1,3,2,0,0,ESP,0,1,1,138.0,0,Y
133,3,11,11,1,2,2,0,0,USA,0,1,0,84.33,1,N
54,11,46,11,0,2,2,0,0,GBR,0,1,0,79.2,0,Y
47,4,15,14,1,2,3,0,0,GBR,0,4,0,177.0,3,N
322,12,50,9,0,2,2,0,0,PRT,0,1,0,52.0,0,Y
0,7,28,14,0,1,2,2,0,PRT,0,5,0,215.0,0,Y
187,7,29,11,2,5,3,0,0,SWE,0,4,1,134.45,2,N
1,8,32,11,0,1,2,2,0,USA,0,7,0,290.0,0,N
1,1,2,4,1,1,2,0,0,PRT,0,1,0,86.0,1,N
201,6,24,14,0,4,2,0,0,PRT,0,1,0,110.0,0,Y
141,6,26,27,2,5,1,0,0,PRT,0,1,0,130.0,0,Y
59,2,6,6,2,2,2,0,0,AUT,0,1,0,62.0,0,N
5,3,10,8,0,1,1,0,0,PRT,0,1,0,80.0,2,N
134,7,28,4,1,1,2,0,0,GBR,0,1,0,109.8,0,N
54,7,28,3,2,1,2,0,0,PRT,0,1,0,85.5,0,N
14,9,38,14,1,3,1,0,0,PRT,0,1,1,65.0,0,N
76,4,13,1,2,5,3,0,0,BEL,0,4,0,163.8,0,Y
154,10,45,30,2,1,2,0,0,BEL,0,4,0,104.1,2,Y
61,10,44,26,1,1,2,0,0,PRT,0,1,0,72.24,1,Y
213,8,33,18,0,2,2,0,0,GBR,0,5,1,154.8,1,Y
89,4,14,3,2,5,1,0,0,PRT,0,1,0,83.16,1,N
118,12,53,28,1,4,2,0,0,PRT,0,1,0,110.8,2,N
19,2,7,15,3,9,2,0,0,PRT,0,4,0,110.33,0,Y
545,1,1,5,0,1,1,0,0,PRT,0,1,0,59.0,0,Y
39,5,21,21,0,1,1,0,0,BRA,0,1,0,121.5,0,Y
179,6,23,10,2,5,2,0,0,PRT,0,1,0,99.0,2,N
6,4,15,4,1,1,2,0,0,PRT,0,1,1,61.0,1,N
332,9,38,14,1,1,2,0,0,PRT,1,1,0,62.0,0,Y
0,12,53,29,1,3,2,0,0,BRA,0,1,1,12.0,0,N
53,9,39,20,0,3,2,0,0,GBR,0,4,0,115.04,1,N
108,7,28,9,0,1,2,0,0,BEL,0,1,0,103.5,0,Y
22,7,30,20,0,1,1,0,0,NLD,0,1,0,126.0,0,N
29,3,11,14,0,4,2,0,0,FRA,0,1,0,68.0,0,N
13,4,18,26,0,3,1,0,0,DEU,0,1,0,73.0,0,N
213,5,21,25,0,2,2,0,0,PRT,0,1,0,130.0,0,Y
256,8,35,26,0,2,2,0,0,PRT,0,1,0,72.25,1,N
166,5,19,8,1,1,2,0,0,GBR,0,1,0,99.0,1,Y
137,8,35,23,0,4,3,0,0,ITA,0,4,0,133.2,0,Y
33,3,10,5,2,1,2,0,0,GBR,0,1,2,78.5,2,N
60,3,13,20,2,2,2,0,0,PRT,0,1,0,75.0,0,Y
59,3,14,31,1,3,2,0,0,DEU,0,1,1,80.75,0,N
165,10,44,28,2,2,1,0,0,GBR,0,4,2,104.4,3,N
21,9,36,5,2,2,2,0,0,TUN,0,1,0,105.0,3,N
80,5,19,11,1,3,2,0,0,SWE,0,1,0,121.5,0,N
75,5,20,20,2,1,2,0,0,GBR,0,1,0,112.67,1,N
140,8,33,13,2,4,2,0,0,PRT,0,4,0,147.25,0,Y
141,6,24,15,0,3,2,0,0,CHE,0,1,0,126.0,0,N
75,3,9,1,2,4,2,0,0,DEU,0,1,0,91.8,1,N
6,4,18,24,1,0,3,0,0,FRA,0,4,0,146.0,2,N
8,2,9,27,1,3,2,0,0,PRT,0,1,0,74.8,3,N
21,3,9,4,0,1,2,0,0,CHN,0,1,0,88.0,1,N
59,7,29,17,1,2,2,0,0,BEL,0,1,0,130.0,1,N
217,8,34,20,2,5,2,0,0,ITA,0,1,0,153.0,0,Y
40,3,12,13,2,1,1,0,0,PRT,0,1,1,67.0,0,N
134,5,22,26,0,3,2,2,0,CHE,0,6,0,198.9,0,Y
315,9,38,17,1,1,2,0,0,FRA,0,1,0,65.0,1,N
101,5,21,19,0,1,2,0,0,ITA,0,1,0,126.9,0,N
75,5,20,20,2,1,1,0,0,PRT,0,1,0,80.0,0,Y
60,3,13,20,2,2,2,0,0,PRT,0,1,0,75.0,0,Y
134,6,23,2,1,3,2,0,0,ITA,0,2,0,114.96,1,N
58,4,15,15,1,1,3,0,0,PRT,0,4,0,179.5,1,N
39,8,33,10,1,1,2,0,0,ESP,0,1,0,62.0,1,N
1,3,10,6,1,0,2,0,0,PRT,0,1,0,91.08,0,N
91,9,40,30,1,2,2,0,0,FRA,0,1,0,80.0,0,N
0,10,41,7,0,2,2,0,0,PRT,0,1,0,138.0,0,N
73,3,12,22,0,4,1,0,0,DEU,0,5,0,117.3,0,Y
367,10,43,19,1,1,2,0,0,PRT,1,1,0,62.0,0,Y
297,8,33,10,1,1,2,0,0,PRT,1,1,0,62.0,0,Y
14,5,21,18,0,4,1,0,0,FRA,0,1,1,72.0,1,N
1,2,6,3,0,2,3,0,0,PRT,0,4,0,133.0,1,N
132,7,30,23,0,1,2,0,0,PRT,0,1,0,90.0,0,N
74,9,38,18,0,2,2,0,0,PRT,0,1,0,109.0,0,N
219,9,36,4,1,2,2,0,0,PRT,1,1,0,80.0,0,Y
113,2,9,25,0,3,2,0,0,PRT,1,1,0,75.0,0,Y
7,4,15,14,0,2,2,0,0,CHN,0,1,0,144.0,2,N
282,10,44,29,2,2,2,0,0,DEU,0,1,2,88.83,1,Y
72,2,7,17,2,2,2,0,0,CHE,0,1,0,90.1,2,N
119,6,24,11,2,2,2,0,0,AUS,0,1,0,126.0,0,N
8,3,13,30,0,1,2,0,0,FRA,0,1,0,98.0,3,N
126,7,31,25,1,2,2,0,0,PRT,0,1,0,77.03,1,N
297,5,21,24,0,4,2,0,0,FIN,0,1,0,109.8,1,Y
151,5,22,28,2,3,2,0,0,DEU,0,1,0,89.1,0,N
6,6,23,7,0,1,1,0,0,ESP,0,6,0,160.0,0,N
134,9,40,29,1,3,2,0,0,ITA,0,4,0,137.7,2,Y
448,6,24,17,2,1,2,0,0,GBR,0,1,0,112.67,1,N
192,4,18,30,2,0,2,0,0,BEL,0,1,1,117.0,0,N
68,2,8,17,0,2,2,0,0,PRT,1,1,0,75.0,0,Y
384,7,30,20,0,2,2,0,0,PRT,0,1,0,65.0,0,Y
405,8,33,10,0,2,2,0,0,PRT,0,1,0,65.0,0,Y
414,12,49,5,2,1,2,0,0,PRT,1,1,0,62.0,0,Y
164,5,20,15,1,2,1,0,0,PRT,0,1,0,160.0,0,Y
1,3,10,2,0,1,1,0,0,PRT,0,1,0,65.0,1,N
26,8,31,1,0,1,2,0,0,USA,0,1,0,128.0,0,N
7,3,13,21,1,0,1,0,0,PRT,0,1,0,88.0,0,N
90,7,28,5,0,3,2,1,0,CN,0,1,0,130.5,1,N
186,8,33,14,1,2,2,0,0,ESP,0,1,0,130.5,0,Y
138,4,16,13,0,1,2,0,0,PRT,0,1,0,90.0,0,Y
138,4,16,13,0,1,2,0,0,PRT,0,1,0,90.0,1,N
4,9,40,26,1,0,1,0,0,PRT,0,1,0,98.1,0,Y
334,7,28,14,2,2,2,1,0,AUS,0,1,0,116.1,0,Y
85,5,19,8,1,3,2,0,0,FRA,0,1,0,126.0,0,Y
131,8,32,1,1,1,2,0,0,PRT,0,4,0,162.0,3,N
59,1,3,21,2,1,2,0,0,FRA,0,4,0,102.6,0,Y
17,6,24,13,0,2,2,0,0,PRT,0,1,0,109.0,1,Y
81,11,46,6,2,2,1,0,0,RUS,0,4,0,146.6,1,N
37,10,42,13,0,3,2,0,0,PRT,0,1,0,105.0,0,Y
102,12,50,6,0,1,3,0,0,ITA,0,4,0,126.0,0,N
81,12,50,7,0,4,2,1,0,ESP,0,1,0,152.55,1,Y
7,1,3,10,2,1,2,0,0,ITA,0,1,0,89.0,1,N
19,6,26,22,0,2,2,0,0,PRT,0,1,1,100.0,0,N
65,9,36,5,1,1,2,0,0,PRT,0,1,0,62.0,0,Y
134,2,8,25,0,1,1,0,0,PRT,0,1,0,75.0,0,N
5,12,49,3,2,1,2,0,0,ESP,0,1,0,100.33,0,N
72,10,45,31,2,5,3,0,0,ITA,0,4,0,126.64,0,Y
22,4,18,30,1,0,2,0,0,ITA,0,1,0,115.0,1,N
315,4,15,13,0,3,2,0,0,PRT,0,1,0,109.8,0,Y
70,3,11,9,0,2,2,0,0,USA,0,1,0,67.5,1,Y
35,7,30,28,0,2,2,0,0,DEU,0,1,0,160.0,2,N
6,9,40,28,1,3,2,0,0,LUX,0,1,0,169.0,1,N
55,3,10,1,0,4,2,0,0,FRA,0,1,0,78.08,1,N
127,12,52,22,0,2,2,0,0,IND,0,1,0,90.0,3,N
19,2,9,27,2,5,2,0,0,GNB,0,1,0,74.8,0,Y
68,4,15,15,2,2,2,0,0,ESP,0,1,0,112.5,2,N
24,7,28,15,1,1,1,0,0,DNK,0,1,0,130.0,0,Y
83,4,16,18,0,3,2,0,0,FRA,0,1,0,115.0,0,N
40,5,22,30,0,2,2,0,0,PRT,0,1,0,130.0,0,Y
0,2,6,9,0,1,1,0,0,PRT,0,1,0,93.0,0,N
74,9,38,18,0,2,2,0,0,PRT,0,1,0,109.0,0,N
42,8,35,22,1,2,2,2,0,ESP,0,5,0,192.3,2,N
192,12,50,4,2,2,2,0,0,ESP,0,1,2,72.75,2,N
3,12,49,4,0,1,2,0,0,ESP,0,1,0,75.0,0,N
11,9,39,22,0,2,2,0,0,DNK,0,1,0,98.0,0,N
335,9,38,17,0,2,2,0,0,PRT,1,1,0,62.0,0,Y
2,9,40,30,0,1,2,0,0,ITA,0,1,0,109.0,0,N
34,4,15,15,2,3,2,0,0,GBR,0,1,0,140.0,2,Y
16,10,42,15,1,3,1,0,0,PRT,0,1,0,65.0,0,N
311,8,35,24,1,1,2,0,0,PRT,1,1,0,62.0,0,Y
0,10,42,11,2,0,1,0,0,PRT,0,1,2,88.94,0,N
40,8,32,5,2,2,2,0,0,FRA,0,1,2,125.1,1,N
10,12,52,20,0,4,2,0,0,ROU,0,1,0,83.73,1,Y
14,10,41,3,1,0,1,0,0,ESP,0,1,0,95.0,0,N
39,2,10,29,1,2,2,0,0,GBR,0,1,0,60.1,0,N
323,5,21,17,0,4,2,0,0,PRT,0,1,0,112.0,1,N
188,6,26,28,2,5,2,0,0,DEU,0,1,0,83.96,1,N
59,4,18,28,2,3,2,0,0,IRL,0,4,0,128.69,0,Y
8,4,15,5,0,1,1,0,0,ESP,0,1,0,95.0,0,Y
74,9,38,18,0,2,2,0,0,PRT,0,1,0,109.0,0,N
176,4,15,14,2,2,2,0,0,CN,0,1,0,113.0,0,N
496,11,47,17,0,2,2,0,0,PRT,0,1,0,62.8,0,Y
99,2,8,19,0,1,1,0,0,PRT,0,1,0,81.0,0,N
53,10,42,15,1,1,2,0,0,PRT,0,4,1,183.5,1,N
2,11,47,17,0,2,1,0,0,NLD,0,1,0,103.0,1,Y
64,1,1,1,1,0,2,2,0,DEU,0,6,0,185.4,0,N
3,4,14,3,1,3,1,0,0,PRT,0,1,0,126.0,0,Y
1,4,17,18,1,0,2,0,0,USA,0,1,0,111.0,0,N
142,4,17,22,2,3,2,0,0,POL,0,1,0,103.0,0,Y
104,6,24,7,0,4,1,0,0,DEU,0,1,0,84.56,2,N
14,10,42,15,0,2,1,0,0,DZA,0,1,0,100.0,0,N
80,12,49,3,2,1,2,0,0,FRA,0,1,0,75.0,0,N
19,10,41,6,0,3,1,0,0,PRT,0,1,0,80.0,0,N
39,8,33,14,0,2,2,0,0,PRT,0,1,0,101.5,0,Y
15,9,39,20,0,1,2,0,0,BEL,0,1,1,148.0,1,N
60,11,48,25,2,2,2,0,0,FRA,0,1,0,75.0,0,N
29,3,11,8,0,3,2,0,0,GBR,0,1,0,86.93,1,N
106,5,20,8,2,5,2,0,0,ITA,0,1,0,105.28,0,Y
285,10,41,3,1,3,2,0,0,PRT,0,1,0,100.0,0,Y
43,11,45,3,0,1,2,0,0,DNK,0,1,0,108.0,2,N
58,9,37,8,0,1,2,0,0,NLD,0,1,0,125.1,0,Y
59,4,14,4,0,5,2,0,0,FRA,0,1,0,99.0,0,Y
29,1,3,18,0,3,1,0,0,POL,0,1,0,65.0,0,N
9,8,34,19,0,1,2,0,0,FRA,0,1,0,140.0,2,N
23,8,32,3,0,1,2,0,0,FRA,0,4,0,166.0,1,N
150,6,24,17,2,3,1,0,0,PRT,0,1,0,120.0,0,Y
1,9,39,22,0,1,1,0,0,SWE,0,1,0,158.0,0,N
68,4,14,5,0,2,1,0,0,NLD,0,1,0,100.0,0,N
76,9,38,16,0,2,2,0,0,ESP,0,1,0,62.0,0,N
158,4,17,26,0,4,2,2,0,SVN,0,6,0,189.0,0,N
559,1,3,19,0,2,2,0,0,PRT,0,1,0,62.0,0,Y
27,9,39,20,0,1,3,0,0,BRA,0,1,2,125.0,0,N
2,3,11,11,0,2,2,0,0,PRT,0,4,0,127.0,0,N
7,7,29,11,1,3,2,0,0,PRT,0,1,0,118.15,0,N
290,6,25,17,1,2,2,0,0,PRT,0,1,0,72.0,0,Y
16,10,42,15,1,3,2,0,0,PRT,0,1,0,90.0,0,N
45,6,24,8,0,3,2,0,0,FRA,0,4,0,128.4,1,N
55,5,23,30,1,2,1,0,0,CHN,0,1,0,109.35,0,Y
29,4,17,29,1,1,2,0,0,ESP,0,1,1,115.0,1,N
57,2,8,19,2,2,2,0,0,ESP,0,1,0,74.8,1,N
55,9,37,6,2,0,2,0,0,ESP,0,1,0,75.0,0,N
7,4,17,26,0,1,2,0,0,PRT,0,4,0,110.0,0,N
166,3,12,25,2,2,2,0,0,AUT,0,1,0,88.4,1,Y
160,4,18,27,2,4,2,0,0,PRT,0,1,0,90.0,0,Y
206,6,23,9,0,2,2,0,0,PRT,0,1,0,130.0,0,Y
159,5,21,24,0,4,2,0,0,FRA,0,1,5,150.3,1,N
274,9,40,27,0,2,2,0,0,USA,0,4,0,115.2,1,N
24,12,49,2,2,2,1,0,0,CHE,0,1,0,88.0,0,Y
26,10,41,2,2,1,1,0,0,USA,0,1,0,147.0,0,Y
92,4,15,4,1,1,1,0,0,FRA,0,1,0,81.9,1,Y
41,8,34,20,2,2,2,0,0,ESP,0,1,0,140.4,1,N
138,7,28,5,1,5,2,0,0,AUT,0,1,0,102.25,0,N
341,9,39,23,0,2,2,0,0,PRT,1,1,0,62.0,0,Y
365,7,28,7,0,2,2,0,0,PRT,0,1,0,62.0,0,Y
268,4,15,8,2,3,2,0,0,PRT,0,1,1,78.0,0,N
64,4,16,11,1,1,2,0,0,USA,0,1,0,94.5,1,Y
2,2,7,10,0,2,1,0,0,ITA,0,1,0,80.0,1,N
61,2,5,3,0,2,2,0,0,ITA,0,1,0,79.2,1,Y
32,11,47,20,0,2,1,0,0,PRT,0,1,0,73.0,0,N
202,5,23,29,2,1,2,0,0,PRT,0,1,0,90.0,0,Y
3,3,11,8,0,1,1,0,0,ESP,0,1,0,90.0,1,N
35,9,37,5,1,3,3,0,0,IRN,0,1,0,118.8,0,N
341,9,39,23,0,2,2,0,0,PRT,1,1,0,62.0,0,Y
95,7,30,28,0,2,2,0,0,GBR,0,1,0,125.0,1,Y
31,2,6,10,2,2,2,0,0,FRA,0,1,0,74.8,1,Y
48,8,33,15,0,2,2,1,0,ECU,0,1,0,180.0,3,N
40,5,20,13,1,2,2,0,0,DEU,0,7,0,203.73,2,N
329,7,30,27,0,2,2,0,0,GBR,0,1,0,89.1,1,N
19,6,25,19,1,0,1,0,0,FRA,0,4,0,137.75,1,N
235,5,21,26,1,2,2,0,0,GBR,0,1,0,107.1,1,Y
39,8,33,14,0,2,2,0,0,PRT,0,1,0,101.5,0,Y
6,5,22,29,1,1,1,0,0,GRC,0,1,0,95.0,0,N
86,9,39,24,0,2,2,0,0,FRA,0,1,0,105.0,0,N
162,10,42,14,2,2,1,0,0,PRT,0,1,0,115.0,0,Y
0,7,31,31,1,0,2,0,0,USA,0,4,0,69.7,0,N
177,7,27,2,2,2,2,0,0,DEU,0,1,0,89.0,1,N
129,6,25,24,2,1,2,0,0,PRT,0,1,0,130.0,0,Y
41,8,33,12,0,2,2,0,0,PRT,0,1,0,62.0,0,N
69,8,31,2,0,3,2,0,0,CHN,0,1,0,117.0,1,Y
10,5,20,9,1,1,2,0,0,FRA,0,4,0,126.0,1,N
55,1,5,29,1,0,1,0,0,JPN,0,1,0,54.05,1,N
76,10,43,22,2,5,2,0,0,DEU,0,4,0,116.36,1,N
18,1,3,15,0,2,3,0,0,FRA,0,1,0,118.0,2,N
215,8,34,25,0,1,2,3,0,GBR,0,7,0,245.0,1,N
5,5,21,19,0,3,2,2,0,PRT,0,6,0,230.0,2,N
152,6,27,27,1,3,2,0,0,FIN,0,1,0,90.95,1,N
13,8,36,30,2,3,2,0,0,BEL,0,1,0,99.0,2,N
21,1,5,30,1,0,1,0,0,FRA,0,1,1,80.0,1,N
0,9,36,1,0,3,2,2,0,ESP,0,1,1,165.0,0,N
269,9,40,30,1,2,3,0,0,DEU,0,1,0,121.4,1,N
34,6,26,19,2,1,1,0,0,PRT,0,1,0,81.0,0,Y
30,5,19,10,0,1,2,0,0,NLD,0,1,1,140.0,0,N
1,8,31,3,0,2,2,1,0,NLD,0,4,1,185.0,0,N
192,7,30,24,3,6,2,0,0,BEL,0,1,0,166.5,1,Y
11,5,19,8,1,1,1,0,0,PRT,0,1,1,99.5,0,N
34,12,50,8,0,2,1,0,0,PRT,1,1,0,90.0,0,Y
111,4,14,3,1,1,2,0,0,ISR,0,1,0,95.0,1,N
9,7,30,23,0,1,2,1,0,SWE,0,1,0,169.0,0,Y
31,6,26,20,1,1,2,0,0,KOR,0,4,0,107.1,0,Y
39,8,33,10,1,1,2,0,0,ESP,0,1,0,62.0,1,N
3,7,28,15,0,1,2,0,0,FRA,0,1,0,123.2,1,N
149,11,47,16,0,4,2,0,0,ITA,0,1,0,65.45,1,N
184,2,8,23,0,3,2,0,0,ITA,0,1,0,93.6,0,Y
99,2,8,19,0,1,2,0,0,PRT,1,1,0,80.0,0,Y
162,4,13,1,2,1,2,0,0,PRT,0,1,0,98.0,0,Y
75,9,38,14,0,4,2,0,0,FRA,0,4,0,149.4,3,N
12,12,50,10,0,1,3,0,0,GBR,0,4,0,161.0,0,Y
47,10,40,1,1,3,2,0,0,NLD,0,1,0,103.05,2,N
115,2,9,27,2,3,1,0,0,PRT,0,1,1,75.0,0,N
3,3,11,7,1,0,2,0,0,PRT,0,1,0,103.0,1,N
212,6,23,9,0,2,2,0,0,GBR,0,1,0,99.0,1,N
163,8,32,1,1,0,2,0,0,PRT,0,1,0,105.3,2,N
156,8,33,8,2,5,2,0,0,FRA,0,1,0,72.25,0,N
133,4,18,25,1,2,2,0,0,DEU,0,1,0,80.75,1,N
76,9,38,16,0,2,2,0,0,ESP,0,1,0,62.0,0,N
33,9,38,15,0,2,2,0,0,DEU,0,1,0,117.33,2,N
77,6,27,26,1,0,2,0,0,DEU,0,1,0,105.3,1,Y
191,8,31,5,1,1,2,0,0,USA,0,4,5,139.5,0,Y
170,3,10,7,0,4,2,0,0,PRT,0,1,1,115.2,0,N
152,5,18,3,0,3,2,0,0,PRT,0,1,0,100.0,0,Y
320,8,34,18,0,2,2,0,0,DEU,0,1,0,115.0,1,N
0,10,42,9,1,0,3,0,0,PRT,0,1,1,77.0,0,N
58,3,10,4,0,2,2,0,0,BEL,0,1,0,80.3,1,N
0,10,43,22,0,1,2,0,0,USA,0,1,0,120.0,0,N
73,11,48,24,0,3,2,0,0,FRA,0,1,0,85.67,0,N
207,7,28,12,2,5,2,0,0,NLD,0,1,0,107.1,1,Y
311,8,35,24,1,1,2,0,0,PRT,1,1,0,62.0,0,Y
113,7,29,10,1,0,2,0,0,USA,0,1,0,103.5,0,Y
206,9,39,19,1,2,1,0,0,PRT,0,5,0,106.0,0,Y
15,1,5,25,4,10,1,0,0,DZA,0,1,0,75.5,1,Y
193,7,29,16,2,1,2,0,0,GBR,0,1,0,89.1,2,Y
5,12,50,8,0,3,2,0,0,TUR,0,4,0,121.0,1,N
53,6,26,24,1,2,2,0,0,PRT,0,1,0,65.0,1,N
4,9,38,15,0,1,1,0,0,ESP,0,1,0,159.0,0,N
267,8,33,15,0,3,2,0,0,PRT,0,1,0,90.0,0,Y
184,10,42,12,0,1,2,0,0,FRA,0,1,0,98.1,0,Y
109,12,53,26,1,3,2,0,0,ITA,0,1,0,114.25,0,Y
0,10,42,14,0,0,1,0,0,PRT,0,1,0,0.0,1,N
115,5,21,16,1,1,2,0,0,NLD,0,1,0,114.3,1,N
315,9,40,30,1,2,2,0,0,PRT,0,1,0,160.0,0,Y
96,5,20,14,2,1,2,0,0,FRA,0,1,0,138.0,0,N
116,3,12,24,0,2,1,0,0,FRA,0,1,0,90.0,0,N
109,8,35,26,2,2,2,0,0,GBR,0,1,0,72.25,0,N
16,10,41,7,0,1,1,0,0,PRT,0,1,0,85.5,1,Y
1,2,6,8,0,1,1,0,0,PRT,1,1,0,80.0,0,N
32,1,5,30,1,3,2,0,0,FRA,0,1,0,90.1,0,N
146,11,46,6,2,2,2,0,0,GBR,0,4,0,161.33,1,N
40,12,53,31,0,3,2,0,0,FRA,0,1,0,118.0,0,N
61,7,30,25,0,3,2,1,0,CHN,0,1,0,153.0,0,Y
94,10,41,7,1,2,2,0,0,GBR,0,1,0,118.8,0,Y
81,3,12,18,2,2,2,0,0,FRA,0,1,1,59.5,0,N
218,6,23,8,0,3,2,0,0,GBR,0,1,0,99.0,0,Y
301,8,35,27,2,0,2,2,0,GBR,0,6,0,179.1,0,N
457,8,34,25,0,2,1,0,0,DEU,0,1,1,23.0,1,N
33,7,30,23,2,1,2,0,0,FRA,0,1,0,125.1,1,N
4,5,19,11,0,1,2,0,0,FRA,0,1,0,150.0,0,N
271,7,29,15,0,2,2,0,0,PRT,0,1,0,62.0,0,N
210,10,41,8,1,3,2,0,0,FRA,0,1,0,72.75,0,N
39,2,8,19,0,2,2,0,0,ESP,0,1,0,75.8,1,N
74,9,38,18,0,2,2,0,0,PRT,0,1,0,101.5,0,Y
170,6,26,29,0,3,2,0,0,DEU,0,1,0,95.7,1,Y
17,6,26,24,0,1,2,2,0,ZAF,0,6,0,171.9,2,Y
29,10,41,5,0,2,2,0,0,FRA,0,1,0,152.0,2,N
69,7,30,29,2,2,2,2,0,ITA,0,6,0,289.0,0,Y
99,10,44,30,2,2,2,0,0,PRT,0,1,0,65.0,0,Y
164,5,20,15,1,2,1,0,0,PRT,0,1,0,160.0,0,Y
60,9,36,3,1,1,2,0,0,SWE,0,4,0,123.3,1,Y
89,10,40,3,2,2,2,0,0,PRT,0,1,0,62.0,0,Y
72,9,38,18,0,1,2,0,0,PRT,0,1,0,108.0,0,Y
2,5,22,31,0,4,2,1,0,IRL,0,4,1,187.0,4,N
83,7,31,31,1,1,2,2,0,GBR,0,6,0,232.5,0,N
32,11,47,20,0,2,1,0,0,PRT,0,1,0,73.0,0,N
38,9,37,9,2,2,2,0,0,FRA,0,4,0,137.7,0,Y
93,2,9,26,2,1,2,0,0,NLD,0,1,0,93.6,0,N
25,6,26,27,0,1,2,0,0,IND,0,1,1,100.0,0,N
256,6,25,15,0,2,2,0,0,DEU,0,1,0,115.0,1,N
270,5,21,24,0,4,2,0,0,PRT,0,4,0,127.75,0,Y
153,8,32,3,1,2,2,0,0,PRT,1,1,0,60.0,0,Y
99,6,26,27,2,5,2,0,0,DNK,0,1,0,126.0,0,N
67,10,43,17,1,3,3,0,0,PRT,0,4,0,151.2,2,N
6,9,39,18,2,1,2,0,0,BEL,0,1,0,162.33,0,Y
47,2,7,18,2,4,2,0,0,PRT,0,1,0,89.54,1,N
295,8,32,10,1,3,3,0,0,DNK,0,4,0,156.6,0,N
166,8,32,6,2,1,2,0,0,ESP,0,1,0,94.5,1,N
104,6,22,2,1,2,2,0,0,FRA,0,1,0,144.0,0,N
0,1,3,14,0,1,2,0,0,PRT,0,1,0,72.8,0,N
20,12,52,21,1,4,2,0,0,BEL,0,4,0,96.9,2,N
32,10,41,5,1,4,2,0,0,PRT,0,1,0,97.92,2,N
17,10,40,3,2,2,1,0,0,PRT,1,1,0,110.0,0,Y
33,3,11,8,0,2,1,0,0,CHN,0,1,0,62.2,0,N
36,8,33,11,0,1,2,0,0,FRA,0,1,0,135.9,1,Y
307,5,19,11,0,1,2,0,0,MOZ,0,1,1,89.1,0,N
4,1,4,20,0,1,1,0,0,FRA,0,1,0,80.0,1,N
10,6,25,12,4,6,2,0,0,SAU,0,4,0,148.0,0,Y
1,10,44,25,0,1,2,0,0,GBR,0,1,2,123.33,0,N
98,11,48,23,1,2,1,0,0,PRT,0,1,0,84.0,0,Y
126,4,16,14,0,3,2,0,0,PRT,0,1,0,65.0,0,Y
59,2,6,6,2,2,2,0,0,AUT,0,1,0,62.0,0,N
137,10,41,3,1,4,2,0,0,BRA,0,4,0,132.3,2,N
97,10,41,5,1,3,1,0,0,PRT,0,1,0,140.0,0,Y
106,12,50,9,0,2,2,0,0,PRT,0,1,0,75.0,0,Y
48,6,23,6,0,4,1,0,0,GBR,0,1,0,150.0,1,Y
48,1,3,15,4,10,1,0,0,AGO,0,1,0,74.8,1,Y
11,11,45,5,0,1,2,1,0,GBR,0,1,0,150.0,1,Y
146,4,18,24,2,0,2,0,0,PRT,0,1,0,95.0,0,Y
325,10,43,17,1,2,2,0,0,PRT,1,1,0,95.0,0,Y
56,11,47,19,0,3,2,0,0,FRA,0,4,0,60.0,1,N
200,6,26,29,0,2,2,0,0,DEU,0,1,0,117.0,1,N
12,4,18,30,1,0,1,0,0,FIN,0,7,0,285.0,3,N
113,5,19,2,1,2,2,0,0,PRT,0,1,0,105.3,1,N
126,7,29,13,1,4,3,0,0,FRA,0,4,0,178.5,2,N
243,7,30,26,0,4,2,0,0,PRT,0,1,0,110.0,0,Y
15,11,49,29,0,3,2,0,0,CZE,0,1,0,106.33,2,N
2,1,3,18,1,4,2,0,0,CHE,0,5,0,201.0,3,N
386,7,31,28,0,2,2,0,0,PRT,0,1,0,62.0,0,Y
0,6,26,23,0,1,2,1,0,SWE,0,1,0,127.0,0,N
228,5,21,23,0,4,2,0,0,BEL,0,1,0,107.1,2,N
4,3,12,18,0,2,2,0,0,PRT,0,1,0,87.01,1,N
13,9,36,3,1,3,2,0,0,FRA,0,1,0,84.0,1,N
89,11,48,23,1,2,2,0,0,PRT,0,1,0,72.25,2,Y
57,8,31,3,0,2,2,0,0,ESP,0,1,0,140.0,1,N
98,12,50,11,0,2,2,0,0,PRT,0,2,0,72.25,0,N
24,5,20,8,2,3,1,0,0,USA,0,1,0,95.0,1,N
56,3,12,21,0,3,2,0,0,PRT,0,1,0,85.0,0,Y
28,5,21,19,0,2,2,0,0,PRT,0,1,0,109.0,0,N
5,8,36,31,1,3,2,0,0,PRT,0,1,2,85.0,0,N
41,3,10,10,2,3,2,0,0,HUN,0,4,0,100.3,1,N
53,7,28,12,0,3,3,0,0,FRA,0,4,0,165.6,1,N
129,3,13,25,0,2,2,0,0,CHN,0,1,0,72.75,0,N
93,2,7,14,2,6,2,0,0,ROU,0,1,0,74.8,2,Y
132,6,24,17,2,4,2,1,0,CHE,0,1,0,135.0,0,Y
37,10,42,13,0,3,2,0,0,PRT,0,1,0,105.0,0,Y
69,12,53,31,0,2,2,0,0,ESP,0,1,0,119.8,2,N
162,7,29,14,0,3,2,0,0,FRA,0,1,0,112.0,1,N
225,4,17,29,1,1,3,0,0,FRA,0,4,0,207.38,0,N
45,12,51,15,2,3,2,0,0,FRA,0,1,0,72.0,0,N
137,3,10,6,1,1,2,0,0,ISR,0,1,0,80.0,1,N
36,7,30,23,2,1,2,0,0,GBR,0,5,0,200.0,2,N
144,7,29,16,1,0,1,0,0,NOR,0,1,0,80.09,1,N
468,10,43,20,0,2,2,0,0,PRT,0,1,0,62.0,0,Y
71,4,15,3,2,2,2,0,0,GBR,0,1,0,87.13,1,N
0,8,35,24,0,1,1,0,0,ITA,0,1,0,129.0,0,N
163,6,27,29,0,4,2,0,0,CN,0,4,0,99.45,1,N
79,1,4,25,0,4,2,0,0,ROU,0,1,2,90.78,1,N
35,9,37,5,1,3,2,0,0,IRN,0,1,0,110.16,0,N
10,6,27,30,1,3,2,0,0,PRT,0,1,0,151.0,1,N
98,11,48,23,1,2,1,0,0,PRT,0,1,0,84.0,0,Y
1,4,16,13,0,1,2,0,0,RUS,0,1,0,89.0,0,Y
148,2,6,5,2,5,0,2,0,FRA,0,2,0,91.6,2,Y
18,6,25,14,0,1,2,0,0,BRA,0,1,0,111.0,0,Y
1,2,9,27,2,1,2,0,0,FRA,0,4,0,108.0,1,N
28,1,2,9,1,4,2,0,0,PRT,0,1,0,97.92,1,N
78,4,17,29,2,1,2,0,0,PRT,0,1,0,90.0,0,Y
74,9,38,18,0,2,1,0,0,PRT,0,1,0,87.0,0,N
269,4,15,15,2,3,2,0,0,CHE,0,1,0,109.8,0,Y
41,10,42,14,0,4,2,0,0,BRA,0,4,0,87.54,1,N
166,11,45,1,0,3,1,0,0,PRT,0,1,0,110.0,0,Y
63,3,11,10,1,3,2,0,0,PRT,0,1,0,63.75,1,N
40,1,5,29,2,0,2,0,0,BEL,0,1,0,101.75,2,N
209,4,17,28,1,2,2,0,0,DEU,0,4,0,130.5,2,Y
24,12,52,26,2,2,2,0,0,FRA,0,1,0,58.0,1,N
234,6,23,8,0,3,2,0,0,GBR,0,1,0,89.1,0,N
102,10,42,16,0,2,2,0,0,PRT,0,1,0,101.5,0,Y
280,1,3,20,0,2,2,0,0,ITA,0,4,0,129.6,2,N
39,2,7,14,0,1,1,0,0,DEU,0,1,0,88.0,1,N
141,6,24,16,1,2,2,0,0,DEU,0,1,0,89.1,0,N
9,3,12,22,0,2,2,0,0,BEL,0,1,0,98.0,0,Y
0,3,12,21,0,3,2,0,0,ECU,0,1,1,114.0,1,N
97,5,23,29,2,3,2,0,0,DEU,0,1,0,80.75,0,N
69,4,16,20,1,3,1,0,0,GBR,0,1,0,108.0,2,N
244,7,28,15,2,5,2,0,0,BEL,0,1,0,107.1,1,N
110,8,35,23,0,2,2,0,1,DEU,0,4,1,142.2,1,N
181,8,34,17,1,0,2,0,0,PRT,0,1,0,76.5,2,N
15,2,9,27,1,2,1,0,0,FRA,0,1,0,108.0,0,Y
5,2,6,1,1,3,2,0,0,FRA,0,1,0,66.0,0,N
162,5,18,6,2,1,1,0,0,PRT,0,1,0,80.0,0,Y
93,10,42,15,2,1,1,0,0,PRT,0,1,0,115.0,0,Y
9,12,51,16,1,2,2,0,0,IDN,0,1,0,78.0,0,Y
36,9,36,1,0,2,2,0,0,IRL,0,1,0,99.0,2,N
83,8,32,5,1,4,2,0,0,FRA,0,1,0,76.5,1,N
81,3,12,21,0,4,3,0,0,FRA,0,5,0,117.3,1,N
54,1,3,18,0,3,2,0,0,PRT,0,1,0,65.0,0,Y
64,7,30,29,0,1,2,0,0,DEU,0,1,0,150.0,2,N
72,5,19,7,1,1,2,0,0,FRA,0,1,0,116.1,1,N
2,8,33,9,1,0,2,0,0,PRT,0,5,0,67.5,2,N
8,12,51,14,0,1,1,0,0,CHE,0,1,0,79.0,0,N
132,7,28,3,2,0,1,0,0,GBR,0,1,1,90.9,1,N
140,4,17,28,2,2,2,0,0,FRA,0,1,0,130.0,1,N
43,5,18,1,1,1,2,0,0,USA,0,1,0,149.0,0,Y
323,5,21,17,0,4,2,0,0,PRT,0,1,0,112.0,1,N
64,11,47,18,1,2,2,1,0,ITA,0,6,2,162.4,1,N
26,6,24,8,0,1,2,0,0,PRT,0,1,0,120.0,0,Y
0,4,18,29,0,1,2,1,0,RUS,0,1,0,197.0,0,N
56,9,37,8,0,3,2,2,0,ITA,0,6,0,207.9,1,N
1,11,46,12,0,1,2,0,0,PRT,0,1,0,71.1,0,N
349,10,41,4,1,5,2,0,0,DEU,0,1,0,123.33,0,N
105,4,15,6,0,1,2,0,0,PRT,0,1,0,75.0,0,Y
95,5,23,29,2,0,2,0,0,ISR,0,1,0,65.0,1,N
16,9,39,25,0,2,1,0,0,CHE,0,1,1,170.0,0,N
48,9,38,14,0,2,2,0,0,ESP,0,1,0,130.0,0,N
227,6,25,20,0,3,2,0,0,GBR,0,4,0,130.5,3,N
8,5,20,14,2,1,2,0,0,BRA,0,1,0,121.6,1,N
12,3,10,5,2,6,1,0,0,AGO,0,1,0,92.63,1,Y
56,3,12,21,0,3,2,0,0,PRT,0,1,0,85.0,0,Y
4,3,11,11,1,2,2,0,0,ESP,0,1,0,109.0,2,N
29,12,49,2,0,2,2,0,0,PRT,0,1,0,85.0,0,N
181,7,31,30,2,1,2,0,0,SWE,0,1,0,80.1,0,N
1,11,45,4,0,1,1,0,0,AGO,0,1,0,140.0,1,N
195,8,34,26,2,5,3,0,0,BEL,0,4,0,126.0,0,Y
160,5,22,23,1,4,2,0,0,FIN,0,1,0,107.61,1,Y
80,6,23,10,0,1,2,1,0,CN,0,1,0,162.0,0,N
76,6,23,5,1,4,2,2,0,POL,0,6,0,250.0,0,Y
101,8,35,27,1,0,2,0,0,USA,0,4,4,166.0,2,N
4,3,10,2,0,1,2,0,0,PRT,0,1,0,91.0,1,N
0,5,21,17,0,0,2,0,0,PRT,0,1,0,0.0,0,N
169,5,18,6,2,1,2,0,0,AUT,0,1,0,117.0,0,Y
13,8,33,13,1,0,1,0,0,GBR,0,1,0,170.0,0,Y
1,1,1,5,0,2,2,0,0,GTM,0,1,1,68.0,0,N
44,9,37,10,0,2,2,0,0,PRT,0,1,0,126.0,0,Y
45,1,1,4,0,2,2,0,0,BRA,0,1,0,86.4,0,Y
281,4,16,14,0,1,1,0,0,PRT,0,1,0,59.0,0,Y
102,6,26,29,1,3,2,0,0,GBR,0,1,0,126.0,0,Y
0,7,29,10,2,0,2,0,0,GBR,0,1,0,103.18,0,N
21,6,27,28,0,4,3,0,0,FRA,0,4,0,182.0,3,N
0,9,37,11,0,2,2,0,0,PRT,0,5,1,147.0,0,N
386,7,31,28,0,2,2,0,0,PRT,0,1,0,62.0,0,Y
91,10,41,7,0,1,2,0,0,CHN,0,1,0,106.92,1,Y
148,8,34,16,2,5,2,0,0,SVN,0,4,0,119.69,0,Y
0,2,9,27,0,0,1,0,0,PRT,0,1,0,0.0,1,N
0,7,29,16,0,0,2,0,0,PRT,0,1,0,0.0,0,N
0,10,43,22,0,2,2,0,0,PRT,0,1,0,114.0,0,N
9,1,2,14,2,2,1,1,0,MAR,0,1,2,78.0,0,N
53,1,5,24,2,1,2,0,1,ITA,0,1,0,60.0,1,N
95,5,20,12,2,3,2,0,0,FRA,0,4,0,102.1,1,N
17,1,3,21,6,15,2,2,0,AGO,0,6,2,142.8,0,Y
38,3,11,12,2,1,2,0,0,FRA,0,1,0,85.0,0,N
15,9,37,10,1,3,2,0,0,PRT,0,1,0,116.75,0,Y
407,5,18,6,2,1,2,0,0,PRT,0,1,0,90.0,0,Y
230,9,37,6,0,5,2,0,0,PRT,0,1,0,137.0,0,Y
433,9,37,8,0,3,2,0,0,PRT,0,1,0,70.0,0,Y
70,6,24,10,0,2,2,0,0,PRT,0,1,0,85.0,1,N
68,2,8,17,0,2,2,0,0,PRT,1,1,0,75.0,0,Y
45,6,25,18,1,1,3,0,0,PRT,0,4,0,122.4,0,N
32,11,47,20,0,2,1,0,0,PRT,0,1,1,73.0,0,N
16,10,43,24,0,1,2,2,0,PRT,1,6,0,215.0,1,Y
50,7,27,8,2,3,2,0,0,USA,0,4,0,116.1,0,N
251,3,13,22,0,3,2,0,0,PRT,0,1,0,125.0,0,Y
254,9,39,24,1,1,2,0,0,PRT,0,1,0,96.0,0,Y
100,8,33,14,1,2,2,0,0,FRA,0,4,0,155.0,1,Y
59,6,23,3,1,2,3,0,0,ITA,0,4,0,156.3,2,N
211,4,15,13,1,3,2,0,0,DEU,0,1,1,141.0,0,N
433,9,38,15,0,2,2,0,0,PRT,0,1,0,62.0,0,Y
12,5,21,25,0,2,2,0,0,IDN,0,1,0,160.0,3,N
0,9,39,26,0,1,2,0,0,PRT,0,4,0,180.0,0,N
4,2,6,5,2,2,2,0,0,AGO,0,1,0,81.0,0,Y
315,7,30,28,1,2,2,0,0,DEU,0,1,0,89.1,0,Y
61,11,48,23,1,3,1,0,0,PRT,1,1,0,70.0,0,Y
6,7,31,26,0,3,1,0,0,PRT,0,1,0,65.0,0,N
9,11,48,25,2,5,2,0,1,BEL,0,1,1,89.81,3,N
6,9,37,10,0,1,2,0,0,PRT,0,1,0,111.6,0,Y
265,11,48,20,2,1,2,0,0,GBR,0,1,0,78.3,2,Y
121,5,20,8,2,2,2,0,0,BEL,0,1,0,99.45,0,Y
23,12,49,3,2,1,3,0,0,TUR,0,4,0,154.0,1,Y
97,3,9,4,2,1,2,0,0,BEL,0,1,0,97.2,1,Y
305,10,40,1,1,1,2,0,0,PRT,1,1,0,100.0,0,Y
61,5,22,28,2,0,2,0,0,GBR,0,1,0,80.1,1,N
83,5,18,3,0,4,2,0,0,USA,0,4,0,98.76,1,N
0,12,52,23,0,0,2,0,0,PRT,0,1,1,0.0,0,N
118,6,24,6,1,2,1,0,0,USA,0,1,0,110.0,0,N
128,5,21,26,0,2,2,0,0,NLD,0,1,1,144.0,1,N
15,6,26,19,2,2,2,2,0,GBR,0,6,0,278.0,2,N
169,4,17,23,2,2,2,0,0,AUT,0,1,0,118.25,2,N
142,8,33,18,2,3,2,0,0,ITA,0,1,0,80.1,1,N
45,10,44,29,0,3,2,0,0,PRT,1,1,0,70.0,0,Y
48,3,11,6,2,1,2,0,0,DEU,0,1,0,40.67,1,N
252,8,34,21,2,5,2,0,0,FRA,0,1,0,117.0,1,Y
18,1,2,9,2,2,2,0,0,POL,0,4,0,93.0,1,N
69,9,37,5,1,3,2,0,0,DEU,0,1,0,135.9,1,N
10,9,40,29,0,1,1,0,0,PRT,0,1,0,147.88,2,N
4,9,38,15,0,2,1,0,0,PRT,0,1,0,95.0,1,N
120,10,45,31,1,0,2,0,0,GBR,0,4,0,104.4,0,N
34,12,50,8,0,2,1,0,0,PRT,1,1,0,90.0,0,Y
20,10,41,2,2,1,2,0,0,USA,0,4,0,164.0,0,N
135,8,31,3,2,4,2,0,0,FRA,0,1,0,80.1,1,N
114,8,32,6,2,2,2,0,0,DEU,0,1,0,114.3,0,N
52,8,32,2,2,5,2,0,0,HRV,0,1,0,135.9,1,N
31,12,51,17,0,2,1,0,0,PRT,0,1,0,65.0,0,N
61,9,38,11,2,3,2,0,0,GBR,0,4,0,149.4,1,N
377,10,44,29,0,2,2,0,0,PRT,1,1,0,62.0,0,Y
16,8,34,26,2,1,2,0,1,FRA,0,1,1,126.0,2,N
25,7,28,4,1,3,2,0,0,PRT,0,4,0,166.0,1,N
18,2,9,26,2,2,2,0,0,FRA,0,1,0,124.1,0,N
8,11,48,23,0,1,1,0,0,GBR,0,1,0,94.0,0,N
168,5,19,12,1,2,2,0,0,CHE,0,1,0,120.0,0,N
118,6,22,1,0,3,3,0,0,CHE,0,5,0,208.2,2,N
344,9,39,26,2,1,2,0,0,PRT,1,1,0,170.0,0,Y
54,6,25,19,1,2,2,0,0,FRA,0,1,2,146.67,2,N
61,12,53,30,1,4,2,0,0,PRT,1,1,0,111.6,1,Y
286,5,21,17,0,1,2,0,0,PRT,0,1,0,65.0,0,Y
405,7,27,4,0,2,2,0,0,DEU,0,1,0,114.4,0,N
32,5,20,8,2,1,2,0,0,BEL,0,1,0,126.9,0,Y
267,3,14,31,0,2,2,0,0,PRT,0,1,0,62.0,0,Y
38,1,3,10,2,3,2,0,0,FRA,0,1,0,60.0,0,N
315,7,27,7,0,1,2,0,0,USA,0,2,1,91.85,3,Y
80,10,41,9,0,2,2,0,0,PRT,0,4,0,136.0,0,N
26,6,24,8,0,1,2,0,0,PRT,0,1,0,120.0,0,Y
63,7,30,17,1,0,3,0,0,AUT,0,4,0,137.7,0,N
0,2,7,10,0,2,2,0,0,PRT,0,1,0,75.0,0,N
129,6,25,24,2,1,1,0,0,PRT,0,1,0,120.0,0,Y
38,6,27,27,1,3,2,0,0,DEU,0,1,0,63.75,0,N
134,2,8,25,0,1,1,0,0,PRT,0,1,0,75.0,0,Y
163,8,33,19,2,2,2,0,0,LUX,0,1,1,131.5,1,N
260,9,38,18,0,2,1,0,0,PRT,1,1,1,80.0,0,Y
34,12,50,8,0,2,1,0,0,PRT,1,1,0,90.0,0,Y
233,8,35,22,1,4,2,2,0,GBR,0,6,0,158.95,0,Y
9,6,25,13,1,0,2,0,0,ESP,0,1,0,89.0,0,N
102,5,18,5,2,2,2,0,0,FRA,0,1,0,108.0,0,Y
7,8,34,16,0,2,2,0,0,PRT,0,1,1,150.0,1,N
21,4,16,18,0,2,1,0,0,GBR,0,5,0,175.0,0,N
116,3,12,24,0,2,1,0,0,FRA,0,1,0,90.0,0,N
363,10,42,15,0,2,2,0,0,PRT,1,1,0,62.0,0,Y
181,5,19,5,2,4,2,0,0,PRT,1,1,0,90.0,0,Y
48,5,22,23,1,3,1,0,0,GBR,0,5,0,150.45,0,Y
7,1,3,11,2,5,1,0,0,ZAF,0,1,0,73.9,0,Y
12,12,51,12,1,1,1,0,0,NLD,0,1,1,79.0,0,N
3,11,47,15,2,3,1,0,0,DEU,0,1,0,44.8,0,N
146,8,31,3,0,3,2,0,0,IRL,0,1,0,125.0,0,Y
112,7,29,14,0,3,2,0,0,DNK,0,1,0,105.3,0,Y
34,9,39,23,0,3,2,0,0,PRT,0,1,0,224.67,0,N
274,7,29,18,2,2,2,0,0,PRT,1,1,0,62.0,0,Y
33,12,50,9,0,2,2,0,0,PRT,1,1,0,110.0,0,Y
173,6,23,4,2,2,2,0,0,PRT,0,1,0,120.0,0,Y
26,10,41,2,2,0,1,0,0,USA,0,1,0,134.0,1,N
192,6,26,24,0,2,1,0,0,PRT,0,1,0,95.0,0,N
218,7,29,21,2,3,3,0,0,BEL,0,4,0,175.32,2,N
139,7,27,2,2,1,2,0,0,CZE,0,4,0,150.3,0,N
152,11,45,1,0,4,2,0,0,DEU,0,1,0,98.0,0,N
51,7,30,28,0,2,2,0,0,PRT,0,1,0,140.0,1,N
137,3,10,6,1,1,1,0,0,ISR,0,1,1,65.0,0,N
29,8,32,2,0,1,2,1,0,FRA,0,1,0,162.0,2,N
258,10,43,16,1,0,2,0,0,PRT,0,1,0,110.0,0,Y
24,12,50,7,0,4,2,0,0,FRA,0,4,0,96.9,2,N
250,10,44,24,1,2,3,0,0,GBR,0,4,0,128.7,1,Y
128,4,16,16,2,1,2,0,0,PRT,0,1,0,100.0,0,Y
9,2,6,3,0,1,2,0,0,USA,0,1,0,90.0,0,N
155,10,43,21,0,2,2,0,0,PRT,0,1,0,89.76,0,Y
14,5,21,24,0,1,1,0,0,PRT,1,1,0,0.0,1,Y
161,5,21,25,0,3,2,0,0,PRT,0,4,0,102.04,1,Y
6,1,3,16,1,1,2,0,0,FRA,0,1,0,97.0,1,N
230,9,36,2,1,2,2,0,0,DEU,0,1,0,96.3,1,N
256,6,25,15,0,2,1,0,0,DEU,0,1,1,90.0,0,N
8,8,33,8,1,0,2,1,0,ESP,0,1,0,171.0,1,N
125,7,28,3,2,2,2,0,0,SGP,0,1,0,87.13,0,Y
443,4,18,29,0,1,2,0,0,PRT,0,1,0,65.0,0,Y
40,1,1,3,0,3,2,0,0,PRT,0,1,0,88.0,0,Y
13,3,9,3,0,2,2,0,0,GBR,0,4,0,89.68,0,N
11,5,19,13,1,1,2,0,0,ESP,0,1,0,129.2,1,N
277,7,29,17,1,2,2,1,0,USA,0,1,0,123.3,1,N
307,8,34,20,0,2,2,0,0,PRT,1,1,0,62.0,0,Y
274,4,15,7,0,2,2,0,0,PRT,0,1,0,62.0,0,Y
60,7,31,24,2,4,3,0,0,BEL,0,4,1,142.13,1,N
351,6,26,23,0,2,2,0,0,PRT,0,1,0,62.0,0,Y
128,3,11,12,2,1,2,0,0,PRT,1,1,0,97.0,1,Y
43,8,35,23,2,5,2,0,0,RUS,0,4,0,103.84,0,Y
40,6,24,14,0,3,1,0,0,PRT,0,1,1,0.0,0,N
51,5,22,27,0,1,2,0,0,GBR,0,4,4,158.0,0,Y
161,3,13,25,1,2,2,0,0,PRT,0,2,0,130.0,0,Y
141,2,10,28,2,0,2,0,0,PRT,1,4,0,99.0,1,Y
342,9,39,24,0,2,2,0,0,PRT,1,1,0,62.0,0,Y
21,3,11,11,0,2,2,1,0,PRT,0,4,0,92.5,3,N
113,11,49,27,2,5,2,0,0,DEU,0,1,0,85.0,2,N
237,12,53,28,2,5,2,2,0,USA,0,6,1,148.26,0,Y
368,6,26,28,0,3,2,0,0,PRT,0,1,0,90.0,0,Y
38,1,2,14,0,1,1,0,0,PRT,0,1,0,75.0,0,Y
290,6,25,17,1,2,2,0,0,FRA,0,1,1,72.0,0,N
328,5,21,25,0,1,3,0,0,ESP,0,4,0,142.2,0,Y
240,5,21,23,0,4,2,0,0,CN,0,1,0,107.1,2,Y
19,5,19,7,2,1,2,0,0,FRA,0,1,0,121.0,0,Y
7,1,3,18,0,3,2,0,0,AGO,0,1,1,68.33,1,N
49,3,11,18,2,2,2,0,0,FRA,0,1,0,72.0,0,N
19,10,41,6,0,3,1,0,0,PRT,1,1,0,80.0,0,Y
24,9,38,19,1,1,2,0,0,LTU,0,1,0,124.0,2,N
4,4,17,25,0,2,2,0,0,FRA,0,4,0,199.0,2,N
150,7,29,22,2,1,2,0,0,USA,0,5,0,166.5,0,Y
1,8,32,4,1,5,2,0,0,NOR,0,1,0,80.0,2,N
364,6,24,16,0,1,1,0,0,DEU,0,1,1,64.5,1,N
1,10,42,13,0,1,1,0,0,PRT,0,1,0,0.0,1,N
165,7,29,21,0,2,2,0,0,CHE,0,4,0,127.8,0,N
136,8,33,12,0,2,2,1,0,PRT,0,4,0,145.3,1,N
215,11,48,21,1,1,1,0,0,BEL,0,1,1,75.0,0,N
45,2,9,26,0,2,2,0,0,ITA,0,4,0,81.9,2,N
10,2,7,8,1,1,2,0,0,PRT,0,1,0,2.0,1,N
229,7,28,12,1,4,2,0,0,PRT,0,1,0,110.0,0,Y
277,11,46,7,1,2,2,0,0,PRT,0,1,0,100.0,0,Y
0,11,48,23,1,3,1,0,0,JOR,0,1,0,70.0,0,N
119,5,19,11,0,3,2,0,0,GBR,0,1,0,120.0,0,N
49,9,36,2,0,1,3,0,0,JPN,0,4,0,142.2,0,Y
85,6,23,4,1,1,1,0,0,ITA,0,1,0,117.0,1,N
292,8,32,5,0,2,2,0,0,PRT,1,1,0,62.0,0,Y
8,10,43,19,0,2,1,0,0,PRT,0,1,0,123.2,0,N
92,9,37,12,2,2,2,1,0,ESP,0,1,0,89.55,0,N
56,6,24,8,0,1,2,0,0,PRT,0,1,0,120.0,0,Y
468,7,30,29,2,1,2,0,0,GBR,0,1,0,112.67,1,N
256,9,38,14,1,2,2,0,0,SWE,0,1,0,76.67,0,N
78,4,15,8,0,2,2,0,0,NLD,0,2,2,85.5,0,Y
19,9,37,6,2,5,2,0,0,DNK,0,1,0,162.29,2,N
45,10,44,29,0,3,2,0,0,PRT,1,1,0,70.0,0,Y
377,10,44,29,0,2,2,0,0,PRT,1,1,0,62.0,0,Y
174,8,33,19,1,1,4,0,0,GBR,0,6,0,171.6,0,N
276,7,30,20,1,1,2,0,0,PRT,1,1,0,62.0,0,Y
322,6,25,23,0,2,2,0,0,NOR,0,1,0,109.8,0,Y
115,3,12,18,0,2,1,0,0,PRT,0,1,1,70.0,0,N
6,5,22,23,1,2,1,0,0,DEU,0,1,0,97.02,1,N
45,3,11,11,0,2,2,0,0,PRT,0,1,0,71.1,0,Y
151,4,17,27,2,3,2,0,0,GBR,0,1,0,100.8,0,Y
116,3,12,24,0,2,2,0,0,FRA,0,1,0,100.0,1,N
64,7,30,18,1,2,2,0,0,AUT,0,1,0,81.08,1,N
57,2,7,11,0,3,2,0,0,POL,0,1,0,80.3,0,N
457,10,43,21,0,2,2,0,0,PRT,0,1,0,65.0,0,Y
221,8,33,11,0,5,2,0,0,PRT,0,1,0,76.5,1,N
194,8,32,7,1,3,2,0,0,GBR,0,1,0,112.5,1,Y
114,2,7,15,0,4,2,0,0,ESP,0,1,0,78.0,0,N
393,3,12,19,2,1,2,0,0,PRT,0,1,2,70.53,0,Y
116,2,10,28,2,0,2,0,0,PAN,0,1,1,70.0,0,N
179,5,21,26,1,2,2,0,0,NLD,0,1,0,126.0,0,N
364,10,42,16,0,2,2,0,0,PRT,1,1,0,101.5,0,Y
82,8,31,5,0,1,3,0,0,FRA,0,4,0,195.0,1,Y
46,6,24,13,0,2,2,0,0,NLD,0,4,0,150.0,2,N
47,6,26,21,0,1,1,0,0,ESP,0,1,0,101.7,1,N
18,2,6,1,1,5,2,2,0,CHN,0,2,0,77.88,0,Y
240,9,37,10,1,1,2,0,0,ITA,0,2,1,96.0,1,N
86,1,4,22,0,1,2,0,0,PRT,1,1,0,85.0,0,Y
53,6,26,24,1,2,2,0,0,PRT,0,1,0,65.0,1,N
56,2,5,1,0,3,2,0,0,PRT,0,1,0,60.0,0,Y
64,3,11,10,0,3,2,0,0,AUT,0,4,0,87.3,1,N
386,7,31,28,0,2,2,0,0,PRT,0,1,0,62.0,0,Y
43,3,11,16,2,4,2,0,0,DEU,0,1,0,68.0,1,N
115,5,20,18,0,3,2,0,0,AUT,0,4,0,135.0,0,Y
0,2,9,26,0,1,2,0,0,SWE,0,1,0,79.0,1,N
47,5,22,23,1,3,2,0,0,GBR,0,5,0,159.3,0,N
26,4,14,7,0,1,1,0,0,CHN,0,1,0,117.0,0,Y
99,12,53,31,2,1,2,0,0,FRA,0,1,0,150.67,1,N
396,6,26,25,2,0,2,0,0,PRT,0,1,0,122.4,1,N
320,8,34,18,0,2,2,0,0,DEU,0,1,0,115.0,1,N
67,2,7,12,2,0,2,0,0,PRT,0,1,0,80.0,0,Y
1,8,33,7,1,0,2,0,0,PRT,0,1,0,98.0,0,N
22,9,38,16,0,4,2,0,0,ESP,0,1,0,114.5,1,N
391,8,32,4,0,2,2,0,0,PRT,0,1,0,62.0,0,Y
12,2,9,26,0,2,3,0,0,JPN,0,4,0,127.0,1,Y
273,6,26,24,1,2,2,0,0,NLD,0,1,0,94.5,0,N
295,8,32,10,1,3,3,0,0,DNK,0,4,0,156.6,0,N
151,1,4,19,0,3,1,0,0,PRT,0,1,0,80.0,0,Y
25,2,8,19,2,3,2,0,0,FRA,0,1,0,63.17,0,N
4,4,14,3,1,2,1,0,0,PRT,0,1,0,84.01,2,N
8,6,24,8,0,3,2,0,0,SWE,0,4,0,142.67,0,Y
160,8,32,5,0,2,2,0,0,ESP,0,1,0,76.5,1,N
4,9,38,12,1,1,2,0,0,FRA,0,4,0,170.0,2,N
2,5,21,15,2,2,2,0,0,DEU,0,1,0,81.75,0,N
35,4,16,18,0,2,2,2,0,GBR,0,6,0,224.0,1,N
19,9,39,19,1,0,2,0,0,PRT,0,1,0,118.15,0,Y
157,8,33,14,1,3,2,0,0,DEU,0,1,0,80.1,1,N
8,5,18,4,0,2,2,0,0,USA,0,7,0,290.0,1,N
336,9,38,18,0,2,2,0,0,PRT,1,1,0,101.5,0,Y
115,5,22,28,2,1,2,0,0,FRA,0,1,0,75.0,0,N
34,5,19,12,0,1,2,0,0,USA,0,1,0,180.0,2,N
189,8,33,11,0,4,2,0,0,PRT,0,1,0,76.5,3,N
242,9,37,10,2,2,2,0,0,NOR,0,1,0,100.3,0,Y
43,3,13,25,2,2,2,0,0,BEL,0,1,1,148.13,1,Y
183,7,28,14,1,2,2,0,0,FRA,0,4,0,117.9,0,Y
257,7,27,1,0,2,2,0,0,PRT,0,1,0,101.5,0,N
226,6,24,16,1,2,2,0,0,PRT,0,1,0,105.0,0,Y
73,9,39,19,1,3,2,0,0,MEX,0,4,0,149.4,1,Y
17,9,39,26,2,2,1,0,0,DNK,0,1,1,170.0,0,N
336,9,38,18,0,2,2,0,0,PRT,1,1,0,101.5,0,Y
274,8,32,7,1,3,2,0,0,FRA,0,1,0,141.3,1,Y
373,4,14,5,0,3,2,0,0,PRT,0,1,0,90.0,0,Y
7,2,7,8,1,3,2,0,0,PRT,0,1,0,81.0,1,N
114,7,27,1,1,2,1,0,0,PRT,0,1,0,75.0,0,Y
124,8,32,1,1,3,2,0,0,DMA,0,1,0,105.3,1,N
265,4,17,20,0,4,2,0,0,PRT,0,1,0,101.0,0,Y
193,7,28,8,2,2,2,1,0,ESP,0,1,1,93.58,0,N
8,11,48,27,1,2,2,0,0,PRT,1,1,0,64.0,0,Y
65,9,37,6,0,1,2,0,0,PRT,0,1,1,98.1,0,N
130,9,36,3,2,1,2,0,0,GBR,0,1,0,80.75,0,N
27,4,14,2,2,1,2,0,0,IRL,0,4,0,150.0,0,Y
357,5,21,24,0,3,3,0,0,GBR,0,4,0,193.5,0,Y
20,8,36,29,1,0,2,0,0,GBR,0,1,0,85.0,1,N
150,6,25,16,0,3,2,0,0,FRA,0,1,0,90.0,1,N
317,9,38,15,0,2,2,0,0,PRT,0,1,0,120.0,0,Y
61,1,4,25,0,2,2,0,0,PRT,0,1,0,80.0,0,Y
301,8,33,14,0,2,2,0,0,PRT,1,1,0,101.5,0,Y
0,7,27,3,1,0,1,0,0,FRA,0,1,0,98.0,0,N
139,1,2,8,2,1,2,0,0,ITA,0,1,0,79.2,1,Y
349,10,41,4,1,5,2,0,0,DEU,0,1,0,123.33,0,N
81,5,21,15,2,3,2,1,0,DEU,0,6,0,187.85,0,Y
55,4,15,6,0,1,2,0,0,PRT,0,1,0,104.0,0,N
7,6,26,19,1,0,2,0,0,PRT,0,4,0,165.0,2,N
22,9,36,4,1,2,2,0,0,FRA,0,1,0,76.81,0,N
53,11,49,29,0,4,0,2,0,ROU,0,2,0,77.86,2,N
90,12,52,24,2,3,2,0,0,ITA,0,1,0,74.8,1,N
110,10,42,14,0,2,2,2,0,GBR,0,6,0,190.8,0,Y
115,2,9,27,2,2,1,0,0,PRT,0,1,1,76.0,0,N
97,10,41,5,1,3,1,0,0,PRT,0,1,0,140.0,0,Y
1,1,3,16,0,1,3,0,0,PRT,0,1,0,108.0,0,Y
180,10,41,8,2,1,3,0,0,AUT,0,4,0,141.3,3,N
29,1,3,18,0,3,1,0,0,GBR,0,1,0,65.0,0,N
46,3,12,13,3,5,2,0,0,FRA,0,4,0,96.16,1,Y
84,3,13,29,0,3,2,0,0,MUS,0,1,0,97.2,1,N
374,10,44,26,1,1,2,0,0,PRT,1,1,0,62.0,0,Y
116,6,27,27,1,5,1,0,0,PRT,0,1,0,140.0,0,Y
334,9,38,16,0,2,2,0,0,PRT,1,1,0,62.0,0,Y
54,7,28,7,2,8,2,0,0,PRT,0,1,0,62.37,0,N
53,6,26,24,1,2,3,0,0,PRT,0,1,1,94.25,1,N
103,4,17,19,0,2,1,0,0,PRT,0,1,0,115.0,0,Y
320,8,34,18,0,2,2,0,0,DEU,0,1,0,115.0,1,N
91,4,14,2,2,2,2,0,0,DEU,0,1,0,117.0,4,N
106,8,33,18,2,5,2,0,0,PRT,0,4,0,180.0,1,Y
140,3,13,26,2,4,2,0,0,NZL,0,4,0,113.5,1,N
35,12,53,28,0,1,2,0,0,FRA,0,1,0,183.0,1,N
175,8,32,8,0,5,2,0,0,ESP,0,1,0,173.7,0,N
40,10,41,5,1,1,2,0,0,ITA,0,1,0,70.0,0,N
48,3,12,17,0,1,1,0,0,FRA,0,1,0,76.5,1,Y
0,5,19,2,1,0,2,0,0,PRT,0,1,0,139.0,0,N
158,3,13,27,1,1,2,0,0,ISR,0,1,0,95.0,1,N
2,11,48,20,2,1,2,0,0,PRT,0,1,0,92.67,1,N
124,11,48,26,0,1,3,0,0,DEU,0,1,0,92.65,0,N
1,5,19,9,0,1,2,0,0,PRT,0,1,0,150.0,1,N
102,10,41,2,2,1,2,0,0,ITA,0,1,0,108.0,0,Y
207,12,53,30,1,2,2,0,0,FRA,0,1,0,95.0,0,Y
306,1,1,2,1,3,2,1,0,ITA,0,1,1,92.65,0,N
50,10,41,4,0,3,2,0,0,BEL,0,1,0,118.8,1,N
59,1,4,23,1,1,2,0,0,PRT,0,1,0,80.0,0,Y
46,1,3,15,1,2,2,0,0,FRA,0,1,0,60.0,1,N
115,3,13,20,2,0,1,0,0,PRT,1,1,0,70.0,0,Y
12,8,34,16,2,3,3,0,0,DEU,0,1,1,68.8,0,N
11,12,50,8,0,1,1,0,0,FRA,0,1,0,85.0,0,N
140,7,26,1,2,1,2,1,0,JOR,0,1,0,125.1,0,Y
25,4,14,7,1,2,2,0,0,CHN,0,1,2,108.0,0,Y
86,1,4,22,0,1,2,0,0,PRT,1,1,0,85.0,0,Y
71,6,25,14,0,3,1,0,0,PRT,0,1,0,120.0,0,Y
49,3,10,5,2,1,2,0,0,FIN,0,1,0,69.5,0,N
232,10,44,23,2,3,2,0,0,DEU,0,1,0,66.53,1,N
225,7,31,28,2,4,0,3,0,FRA,0,2,0,79.27,1,Y
86,7,30,24,1,3,2,0,0,ESP,0,1,0,120.0,0,N
192,5,20,12,0,3,2,0,0,PRT,1,1,0,135.0,0,Y
139,8,33,9,0,5,2,1,0,NLD,0,1,0,130.5,1,N
91,9,36,3,2,2,2,0,0,DEU,0,1,0,135.9,1,N
222,7,28,6,1,4,2,0,0,PRT,1,1,0,90.95,1,Y
1,6,26,29,0,3,2,0,0,USA,0,1,0,90.33,0,N
2,2,7,16,0,3,2,1,0,ESP,0,4,1,198.0,2,N
137,7,28,11,2,1,2,0,0,PRT,0,1,0,86.0,0,N
204,10,41,9,2,2,2,0,0,PRT,0,1,0,72.75,0,N
77,12,50,8,0,3,2,0,0,ESP,0,1,0,75.0,0,N
11,8,35,28,0,2,2,0,0,GBR,0,4,0,79.0,0,N
164,10,43,16,1,0,1,0,0,PRT,0,1,0,115.0,0,Y
265,7,28,9,0,2,2,0,0,PRT,1,1,0,62.0,0,Y
277,11,46,7,1,2,2,0,0,PRT,0,1,0,100.0,0,Y
115,2,9,27,2,3,1,0,0,MAR,0,1,1,75.0,0,N
136,5,18,1,1,1,2,0,0,CHE,0,1,0,108.0,2,Y
60,11,46,7,1,2,1,0,0,FRA,0,5,0,204.0,0,N
36,7,31,25,1,0,1,2,0,PRT,0,1,2,161.1,2,N
90,5,20,8,2,1,2,0,0,FRA,0,1,0,75.0,0,N
31,6,25,19,1,5,2,0,0,HRV,0,4,0,126.0,1,N
4,3,11,11,0,1,1,0,0,PRT,0,1,0,99.0,0,N
176,7,29,12,0,4,2,0,0,GBR,0,1,0,90.95,0,Y
1,1,1,6,0,1,2,0,0,DEU,0,1,0,55.35,0,N
207,5,19,7,2,3,2,0,0,AUT,0,1,0,104.22,0,Y
4,2,7,16,0,3,2,1,0,JPN,0,1,0,139.0,4,N
86,9,37,9,0,2,2,0,0,FRA,0,1,0,100.0,0,N
141,6,22,2,0,2,3,0,0,BEL,0,4,0,190.8,1,N
112,5,20,20,1,1,2,0,0,ISR,0,1,0,126.0,0,N
98,12,50,5,1,1,2,0,0,ITA,0,1,1,93.6,3,N
247,6,24,6,1,1,2,0,0,DEU,0,1,0,115.0,0,N
178,4,18,28,0,3,1,0,0,PRT,1,1,0,110.0,0,Y
9,5,20,11,0,2,1,0,0,FRA,0,4,0,130.0,0,N
113,1,1,2,1,3,3,0,0,ITA,0,4,1,140.0,0,N
37,10,43,19,0,1,2,0,0,FRA,0,1,0,76.5,1,N
7,12,53,29,1,3,2,0,0,ROU,0,4,0,125.8,0,N
306,1,1,2,1,3,2,1,0,ITA,0,1,0,92.65,0,Y
162,5,18,6,2,1,1,0,0,PRT,0,1,0,80.0,0,Y
2,10,44,31,1,1,2,0,0,ESP,0,1,0,62.0,0,N
316,5,22,26,0,3,1,0,0,PRT,0,1,1,100.0,0,N
0,9,39,21,1,0,1,0,0,NLD,0,1,0,128.0,0,N
0,7,27,2,1,0,1,0,0,ESP,0,1,1,98.0,0,N
153,8,34,20,2,1,2,2,0,GBR,0,6,0,186.3,2,N
0,3,11,16,0,1,1,0,0,PRT,1,4,0,95.0,1,N
336,5,19,13,0,1,2,0,0,GBR,0,1,0,108.0,1,N
179,7,28,13,0,2,2,0,0,NLD,0,4,0,126.9,1,N
15,9,38,17,0,1,2,0,0,CHN,0,4,0,115.0,3,N
454,10,41,6,0,2,2,0,0,PRT,0,1,0,62.0,0,Y
1,3,13,30,0,2,2,0,0,AUS,0,1,0,107.0,1,N
93,2,7,12,2,3,2,0,0,ESP,0,1,2,129.7,1,Y
30,4,17,27,0,2,2,0,0,MAR,0,1,0,114.0,0,Y
84,6,26,28,0,3,2,0,0,BRA,0,1,0,120.0,1,Y
310,4,17,23,2,2,1,0,0,PRT,0,1,1,68.88,0,N
51,5,20,19,1,2,2,0,0,SWE,0,1,0,160.0,1,N
102,5,21,21,0,1,3,0,0,PRT,0,4,0,159.3,1,N
293,6,25,18,2,3,3,0,0,USA,0,4,2,141.36,2,N
135,9,38,14,1,2,2,0,0,PRT,0,1,0,90.0,0,N
291,9,39,21,0,1,2,0,0,ITA,0,1,0,117.0,1,N
0,10,45,31,1,0,2,0,0,BRA,0,1,0,120.0,2,N
104,12,49,3,0,3,2,0,0,PRT,0,1,0,75.0,0,Y
16,2,8,17,0,4,2,1,0,FRA,0,1,0,109.0,2,N
379,7,30,21,0,2,2,0,0,PRT,0,1,0,62.0,0,Y
91,6,23,10,1,1,2,0,0,FRA,0,1,0,133.0,0,N
129,6,22,2,1,2,2,0,0,PRT,0,1,0,130.0,0,Y
0,7,30,20,0,1,1,0,0,PRT,0,1,0,79.0,0,N
161,6,27,28,2,7,1,0,0,PRT,0,1,2,63.42,1,N
90,9,37,7,0,4,2,0,0,GBR,0,4,0,149.4,0,Y
108,6,22,2,0,2,2,0,0,PRT,0,1,0,126.0,1,Y
68,2,6,6,2,2,2,0,0,MYS,0,1,0,51.09,0,N
157,6,26,25,2,4,2,0,0,FRA,0,1,0,85.0,0,N
50,1,3,21,2,2,2,0,0,NLD,0,1,0,88.4,0,Y
23,2,9,21,1,0,2,0,0,ESP,0,1,0,91.0,1,Y
56,4,17,18,1,1,2,0,0,CHE,0,1,0,85.5,1,N
45,11,49,28,1,1,2,0,0,PRT,0,1,0,75.0,0,Y
28,4,18,30,2,1,1,0,0,MAR,0,1,0,144.33,1,Y
281,4,16,14,0,2,2,0,0,PRT,0,1,0,62.0,0,Y
0,3,13,23,0,3,2,0,0,ESP,0,1,0,131.0,0,N
208,8,31,2,0,1,2,0,0,PRT,0,1,0,125.0,0,Y
81,5,18,5,1,2,2,0,0,FRA,0,5,0,162.0,0,Y
188,7,31,25,1,3,2,0,0,NLD,0,1,0,90.95,1,N
13,6,25,22,0,2,2,0,0,ITA,0,6,1,307.8,1,N
61,6,25,17,1,2,2,0,0,GBR,0,1,0,126.9,0,Y
0,1,2,10,0,1,2,0,0,ITA,0,1,0,79.5,0,N
72,3,14,27,2,2,2,0,0,FRA,0,1,0,68.0,0,N
119,6,25,18,2,2,2,0,0,DEU,0,1,1,89.1,2,N
8,10,45,30,2,3,2,0,0,FRA,0,1,0,127.4,1,N
79,12,53,30,0,2,1,1,0,PRT,0,1,0,160.78,1,Y
118,6,26,20,1,3,2,0,0,FRA,0,1,0,109.86,0,Y
100,12,50,12,2,1,2,0,0,FRA,0,1,0,72.25,2,N
1,7,31,26,0,1,1,0,0,PRT,0,1,0,84.0,0,N
140,7,29,15,1,2,2,1,0,PRT,0,5,2,159.9,1,N
183,10,42,11,0,1,1,0,0,FRA,0,1,0,98.1,0,Y
194,10,43,22,2,5,2,0,0,EST,0,1,0,96.3,0,Y
1,10,44,28,0,1,2,0,0,PRT,0,5,0,119.0,1,N
19,10,41,6,0,3,1,0,0,PRT,1,1,0,80.0,0,Y
160,4,18,27,2,4,2,0,0,PRT,0,1,0,90.0,0,Y
6,10,45,31,1,3,1,0,0,PRT,0,1,0,121.75,2,N
150,7,31,25,5,15,2,0,0,AGO,0,1,0,90.1,0,Y
396,6,26,25,2,0,1,0,0,DEU,0,1,1,95.5,1,N
25,11,47,17,0,2,1,0,0,ESP,0,1,0,101.0,1,N
7,2,8,20,0,1,2,0,0,FRA,0,1,0,93.0,1,N
9,11,48,28,0,1,2,2,0,PRT,0,6,1,64.0,0,N
34,10,44,26,1,4,2,0,0,FRA,0,1,0,85.0,0,N
177,5,21,22,1,3,2,0,0,GBR,0,4,0,139.5,1,Y
335,9,38,17,0,1,1,0,0,PRT,1,1,0,55.0,0,Y
122,7,28,9,2,2,2,0,0,PRT,0,1,0,105.83,2,N
1,7,28,7,0,1,2,0,0,PRT,0,1,0,110.71,0,N
0,5,20,9,1,0,2,0,0,ITA,0,1,0,89.0,0,N
364,10,42,16,0,2,2,0,0,PRT,1,1,0,109.0,0,Y
79,3,12,23,0,3,2,0,0,HUN,0,4,0,106.2,0,Y
61,1,4,25,0,2,2,0,0,PRT,0,1,0,80.0,0,Y
153,7,28,11,0,2,2,0,0,PRT,0,1,0,141.3,0,N
158,3,13,27,1,1,2,0,0,ISR,0,1,0,95.0,1,N
116,3,12,24,0,2,2,0,0,FRA,0,1,0,100.0,1,N
20,7,30,17,1,0,1,0,0,FRA,0,1,0,154.0,1,N
414,7,28,13,0,2,2,0,0,DEU,0,1,0,122.4,1,N
1,1,5,26,0,1,2,0,0,FRA,0,1,0,93.0,0,N
0,9,37,8,0,5,2,0,0,GBR,0,1,0,146.4,2,N
327,9,37,9,2,4,2,0,0,PRT,0,1,0,88.0,0,N
12,1,3,15,2,2,2,0,0,OMN,0,1,2,77.0,0,Y
36,9,40,28,0,3,2,0,0,PRT,0,1,0,75.0,0,Y
233,10,42,14,1,2,2,0,0,PRT,0,1,0,90.0,0,Y
257,1,4,22,2,3,2,0,0,BRA,0,1,2,77.35,0,Y
99,7,30,23,2,4,2,0,0,CHE,0,5,0,185.0,1,Y
0,6,22,3,0,1,2,0,0,PRT,0,4,0,170.0,1,N
4,4,14,2,0,1,2,0,0,IRL,0,1,0,99.0,1,N
53,8,36,30,0,3,2,0,0,PRT,0,1,0,109.8,0,Y
37,10,42,13,0,3,2,0,0,PRT,0,1,0,105.0,0,Y
106,5,21,21,2,3,2,0,0,PRT,0,1,0,105.0,0,N
44,1,1,2,2,1,2,0,0,PRT,0,1,2,98.0,0,N
25,4,16,15,2,3,2,0,0,ESP,0,1,0,149.4,0,Y
56,5,20,14,2,2,2,0,0,FRA,0,4,0,132.6,1,N
11,2,6,11,2,3,2,0,0,HRV,0,1,0,74.8,1,N
130,4,16,13,0,4,2,0,0,PRT,1,1,0,100.0,0,Y
14,6,25,19,1,0,2,0,0,FRA,0,1,0,140.0,1,N
41,10,42,11,0,3,2,0,0,PRT,0,4,0,151.5,3,N
94,7,30,27,0,1,2,2,0,NLD,0,6,0,235.0,0,Y
130,4,16,13,0,4,2,0,0,PRT,1,1,0,100.0,0,Y
0,4,16,15,1,2,2,0,0,ESP,0,1,0,101.0,1,N
23,6,24,12,1,2,3,0,0,PRT,0,1,0,129.0,1,N
61,6,27,26,1,0,2,0,0,FRA,0,1,0,99.9,0,Y
111,4,17,27,1,3,2,0,0,PRT,0,1,0,120.0,0,Y
138,7,30,23,2,1,2,0,0,BRA,0,1,0,130.5,0,Y
314,10,42,12,0,3,2,0,0,PRT,0,1,0,75.0,0,Y
13,9,38,16,0,1,1,0,0,PRT,0,1,0,114.0,1,Y
85,5,20,18,2,5,2,0,0,BRA,0,1,0,140.14,1,Y
152,7,29,16,2,4,2,0,0,ITA,0,1,1,133.17,0,Y
174,6,22,1,0,3,2,0,0,PRT,0,1,0,110.0,0,Y
17,3,9,3,0,2,1,0,0,GBR,0,1,0,60.06,0,N
0,9,37,4,2,0,3,0,0,DEU,0,4,0,187.5,0,Y
350,7,30,24,1,4,2,0,0,FRA,0,1,0,89.1,2,N
239,10,44,28,0,2,2,0,0,DEU,0,1,0,96.3,1,N
178,7,27,7,0,2,2,0,0,ITA,0,1,0,143.1,0,Y
55,9,37,6,2,0,2,0,0,ESP,0,1,0,75.0,0,N
11,11,48,21,1,1,1,0,0,PRT,0,5,1,115.0,0,N
17,2,9,26,2,1,1,0,0,PRT,0,4,0,75.0,0,Y
28,6,22,2,1,2,2,0,0,FRA,0,1,0,146.67,1,N
8,5,19,11,0,1,2,0,0,IRL,0,1,0,150.0,1,N
68,2,8,17,0,2,2,0,0,PRT,1,1,0,75.0,0,Y
64,3,12,13,2,2,2,0,0,ITA,0,1,0,73.95,1,N
0,7,28,10,1,0,2,0,0,VEN,0,1,0,140.0,1,N
65,3,13,23,0,0,2,0,0,ARG,0,1,2,0.0,0,Y
9,4,16,10,1,0,1,0,0,PRT,0,1,0,105.0,0,N
317,9,38,15,0,2,2,0,0,PRT,0,1,0,120.0,0,Y
55,9,37,10,1,1,3,0,0,BEL,0,4,0,168.3,1,N
323,5,21,17,0,4,2,0,0,PRT,0,1,0,70.0,0,Y
77,7,31,26,0,4,2,0,0,DEU,0,4,0,118.8,2,N
69,12,53,29,2,5,2,0,0,PRT,0,2,0,92.43,0,N
294,4,17,28,0,1,2,0,0,DEU,0,1,0,99.0,1,N
29,12,50,6,0,1,2,0,0,PRT,0,1,1,98.0,2,N
16,8,32,9,0,3,2,0,0,CN,0,1,0,180.0,1,N
86,10,40,3,2,1,1,0,0,ITA,0,1,1,63.0,0,N
96,10,44,24,1,3,2,0,0,CHE,0,1,0,100.13,3,N
8,3,11,16,0,1,1,0,0,PRT,0,1,0,65.0,0,N
2,3,13,22,0,1,2,1,0,BRA,0,1,0,119.0,1,N
158,5,22,24,0,2,1,0,0,PRT,0,1,0,130.0,0,Y
185,12,51,16,1,2,2,0,0,DEU,0,4,0,103.5,0,Y
123,6,24,17,2,1,2,0,0,CHN,0,1,0,105.3,0,N
188,7,28,11,0,2,2,0,0,GBR,0,1,0,107.1,2,N
174,7,31,31,1,4,2,0,0,AUT,0,4,0,89.1,0,N
0,10,44,29,1,1,2,0,0,FRA,0,1,0,117.04,0,N
290,12,49,1,1,3,2,0,0,SVK,0,1,0,73.95,0,Y
47,2,7,13,1,1,2,0,0,DEU,0,1,0,79.2,0,N
29,9,40,30,0,2,1,0,0,NLD,0,1,0,90.25,2,N
19,7,28,15,2,1,2,0,0,FRA,0,1,0,126.67,0,Y
23,2,7,10,0,4,2,0,0,MAR,0,1,0,72.8,0,Y
20,1,4,25,0,1,2,0,0,ARG,0,1,0,107.0,0,N
22,12,52,26,2,1,2,0,0,FRA,0,1,0,59.09,0,N
35,6,25,17,2,3,2,0,0,PRT,0,4,0,96.3,0,N
0,8,32,5,0,1,1,0,0,PRT,0,1,0,0.0,0,N
52,8,36,28,1,0,1,0,0,POL,0,1,3,118.0,1,Y
467,7,30,28,0,1,2,0,0,PRT,0,1,0,90.0,0,Y
39,8,33,14,0,2,2,0,0,PRT,0,1,0,101.5,0,Y
67,2,7,12,2,0,2,0,0,PRT,0,1,0,80.0,0,Y
109,2,9,21,2,1,2,0,0,PRT,1,1,0,75.0,0,Y
180,4,15,10,1,3,1,0,0,GBR,0,1,0,109.8,1,Y
44,2,8,17,0,3,2,0,0,PRT,0,1,0,75.0,0,Y
30,11,48,26,2,2,2,0,0,GBR,0,1,0,74.8,3,N
41,8,32,9,1,4,1,0,0,IND,0,1,0,142.0,0,Y
20,11,46,11,2,5,1,0,0,SWE,0,1,0,68.85,1,N
6,11,46,8,0,1,1,0,0,FRA,0,4,0,94.0,0,N
11,2,7,13,2,3,2,0,0,FRA,0,1,0,85.0,0,N
68,2,8,20,1,4,2,0,0,BGR,0,1,0,90.1,2,N
233,9,38,18,0,1,2,0,0,PRT,1,1,0,120.0,0,Y
27,6,25,20,0,4,3,0,0,POL,0,5,0,240.0,1,Y
0,2,7,8,1,1,1,0,0,PRT,0,1,0,88.0,0,N
105,10,42,12,1,2,2,0,0,PRT,0,1,0,110.0,0,Y
126,4,17,19,1,5,2,0,0,FRA,0,1,0,88.68,1,N
9,11,45,1,2,1,1,0,0,TWN,0,1,0,75.0,1,N
24,12,50,5,1,4,2,1,0,FIN,0,1,0,78.15,1,N
275,6,23,4,1,1,2,0,0,PRT,0,1,0,62.8,0,Y
64,7,31,24,2,2,2,0,0,ISR,0,1,0,94.5,0,Y
43,7,27,3,0,2,2,0,0,PRT,0,1,0,86.0,0,N
2,8,32,2,0,1,1,0,0,GBR,0,1,1,102.7,0,N
157,4,14,8,2,2,2,0,0,ESP,0,1,0,117.0,0,Y
61,1,4,25,0,2,2,0,0,PRT,0,1,0,80.0,0,Y
55,9,39,20,0,3,3,0,0,GBR,0,4,0,168.3,0,Y
258,10,43,16,1,0,2,0,0,PRT,0,1,0,110.0,0,Y
7,3,9,2,0,2,2,0,0,PRT,0,7,1,0.0,3,N
118,5,19,1,2,5,2,0,1,ROU,0,4,1,107.95,3,Y
28,9,38,11,1,0,2,0,0,FRA,0,1,0,139.0,1,N
304,11,45,3,0,3,2,0,0,PRT,0,1,0,89.0,0,Y
277,9,37,5,2,5,2,0,0,PRT,0,1,0,80.0,0,Y
386,10,44,23,2,0,2,0,0,DEU,0,1,0,115.0,1,N
58,5,20,19,0,2,2,0,0,ESP,0,1,0,144.0,0,Y
53,11,46,9,1,4,2,0,1,ESP,0,1,0,64.6,3,N
219,8,34,20,1,1,2,0,0,ITA,0,1,0,96.0,0,N
69,4,14,6,0,3,1,0,0,PRT,0,1,0,85.0,0,Y
93,4,15,4,1,3,2,0,0,PRT,0,2,3,73.74,0,N
44,11,48,22,0,2,2,0,0,BEL,0,1,0,98.8,2,N
0,10,43,24,0,1,2,0,0,PRT,0,1,0,102.5,0,N
10,9,40,29,0,1,2,0,0,PRT,0,5,0,105.0,0,Y
25,5,18,6,2,1,1,0,0,FRA,0,5,0,125.0,0,Y
137,1,5,27,0,2,1,0,0,PRT,1,1,0,70.0,0,Y
265,7,28,9,0,2,2,0,0,PRT,1,1,0,62.8,0,Y
145,4,15,15,2,5,2,0,0,DEU,0,1,0,89.1,0,N
19,9,36,2,0,4,2,0,0,FRA,0,5,0,83.55,1,N
0,2,8,23,0,1,1,0,0,USA,0,1,1,58.31,0,N
28,8,32,3,1,3,2,0,0,PRT,0,1,0,62.0,0,Y
125,3,14,27,2,2,2,0,0,PRT,0,1,0,55.0,0,Y
580,2,6,9,0,2,2,0,0,PRT,0,1,0,62.0,0,Y
108,10,43,17,1,3,2,0,0,NLD,0,1,0,108.0,2,N
448,6,24,17,2,2,2,0,0,AUS,0,1,1,107.0,1,N
4,7,28,6,0,3,2,0,0,USA,0,1,0,151.0,1,N
0,10,41,7,0,2,2,0,0,PRT,0,1,0,138.0,0,N
38,8,33,18,1,2,2,0,0,BRA,0,1,0,160.0,1,Y
0,10,42,13,0,1,1,0,0,BEL,0,1,0,170.0,0,N
6,10,41,10,2,1,2,0,0,PRT,1,1,0,65.0,0,Y
152,4,16,22,2,2,2,0,0,PRT,0,1,0,105.0,0,Y
45,2,7,13,1,2,2,0,0,GBR,0,1,0,79.2,0,N
123,4,17,24,1,3,2,0,0,FRA,0,1,0,105.75,1,N
179,7,27,5,0,4,2,0,0,FRA,0,1,1,108.1,1,N
15,8,35,27,0,2,2,0,0,ESP,0,1,0,90.0,1,N
123,5,20,15,1,2,3,0,0,USA,0,4,0,199.8,1,N
53,3,11,12,2,1,2,0,0,PRT,0,1,0,67.5,1,N
246,5,21,27,1,1,2,0,0,PRT,0,1,0,128.0,1,N
281,4,16,14,0,2,2,0,0,PRT,0,1,0,62.0,0,Y
34,11,48,23,1,2,1,0,0,PRT,0,1,0,102.6,0,Y
157,7,28,12,0,4,2,0,0,GBR,0,5,0,143.1,2,N
36,9,40,28,0,3,1,0,0,DEU,0,1,2,76.0,0,N
51,6,24,12,1,3,2,0,0,PRT,0,1,0,89.1,0,N
23,2,8,25,4,11,2,0,0,AGO,0,4,0,113.0,0,Y
7,4,18,27,1,4,2,0,0,CHN,0,1,0,121.0,1,N
155,7,30,27,0,3,2,0,0,DEU,0,1,0,120.83,0,Y
265,6,26,24,0,2,2,0,0,DEU,0,1,0,112.0,1,N
272,7,29,16,0,2,2,0,0,PRT,1,1,0,62.8,0,Y
56,9,38,17,0,2,2,0,0,FRA,0,1,0,82.0,0,N
5,11,49,30,0,2,2,0,0,FRA,0,1,0,77.0,0,N
66,3,10,10,1,2,2,0,0,FRA,0,1,0,80.0,1,N
40,8,33,15,2,2,2,0,0,ESP,0,1,0,62.0,0,N
21,8,34,20,2,1,0,2,0,GBR,0,2,0,109.83,2,N
18,9,36,2,0,3,2,0,0,ITA,0,1,3,12.0,2,N
357,5,21,24,0,2,2,0,0,GBR,0,1,0,109.8,1,Y
30,9,40,30,0,2,2,0,0,PRT,0,1,0,121.0,0,Y
440,9,39,22,0,2,2,0,0,PRT,0,1,0,62.0,0,Y
0,2,9,26,0,1,2,0,0,PRT,0,1,0,89.0,0,Y
7,7,27,2,1,0,2,0,0,FRA,0,1,0,138.0,1,N
168,4,17,22,1,2,2,0,0,PRT,0,1,0,85.0,0,Y
39,8,33,10,1,1,2,0,0,ESP,0,1,0,62.0,1,N
46,12,51,16,1,2,2,0,0,ESP,0,1,0,79.2,1,Y
74,7,27,4,0,2,2,0,0,ARG,0,4,0,150.0,0,N
39,3,13,23,0,3,2,0,0,ESP,0,4,0,121.8,1,Y
104,10,44,25,0,3,3,0,0,PRT,0,4,0,123.3,2,N
105,4,15,6,0,1,2,0,0,PRT,0,1,0,75.0,0,Y
183,8,35,28,1,2,2,0,0,ITA,0,1,0,99.0,0,N
5,7,27,4,0,3,1,0,0,PRT,1,1,0,65.0,1,N
171,7,30,22,2,6,2,0,0,PRT,0,1,0,81.25,2,Y
53,2,8,20,2,2,2,0,0,PRT,0,1,0,65.75,0,N
166,6,25,22,0,3,2,0,0,FRA,0,4,0,130.5,0,N
62,9,39,21,0,1,1,0,0,ITA,0,1,0,91.0,0,N
18,7,27,2,1,0,2,0,0,USA,0,1,0,160.0,2,N
121,6,26,27,0,3,2,0,0,NLD,0,1,0,100.0,0,N
1,2,10,28,2,1,1,0,0,PRT,0,1,0,60.0,0,Y
7,5,23,31,0,1,1,0,0,PRT,0,1,0,0.0,0,N
322,12,50,9,0,2,2,0,0,PRT,0,1,0,52.0,0,Y
60,6,27,26,2,2,2,0,0,CHE,0,1,0,108.9,1,Y
88,9,36,3,2,5,1,0,0,USA,0,1,2,85.0,1,N
31,3,12,19,2,3,2,0,0,AUT,0,1,0,91.8,0,N
0,2,7,10,0,1,1,0,0,PRT,0,1,0,85.0,0,Y
31,4,15,11,0,2,2,0,0,EST,0,1,0,140.0,0,Y
87,12,53,25,2,0,2,0,0,USA,0,1,0,79.2,0,N
162,5,18,6,2,1,1,0,0,PRT,0,1,0,80.0,0,Y
524,12,51,15,0,2,2,0,0,PRT,0,1,0,62.8,0,Y
224,10,40,2,1,2,2,0,0,FRA,0,1,0,65.0,0,N
122,8,32,1,2,5,1,0,0,DEU,0,1,0,68.0,0,N
183,10,44,29,2,1,2,0,0,BEL,0,1,0,80.1,2,Y
226,6,24,16,1,2,2,0,0,PRT,0,1,0,105.0,0,Y
104,6,24,17,2,1,2,0,0,FRA,0,1,0,108.0,0,N
342,9,39,24,2,4,2,0,0,PRT,1,1,0,170.0,0,Y
0,1,3,10,2,5,2,0,0,AGO,0,1,1,41.84,1,N
126,6,23,2,0,3,2,0,0,DEU,0,1,0,80.75,1,N
191,11,48,25,0,1,2,0,0,ROU,0,1,0,71.1,0,N
179,8,34,22,2,1,2,0,0,PRT,1,1,0,86.0,0,Y
38,8,34,19,2,2,3,0,0,CHN,0,4,0,151.47,0,Y
20,4,17,27,0,3,2,0,0,PRT,0,1,0,115.0,0,Y
166,7,28,7,2,3,2,0,0,GBR,0,1,0,90.95,2,N
93,5,18,6,2,1,2,0,0,BEL,0,4,0,135.0,0,Y
17,4,16,15,0,2,2,0,0,FRA,0,4,0,142.0,0,Y
16,11,47,16,0,3,1,0,0,PRT,0,1,0,75.0,0,Y
150,6,25,16,0,3,2,0,0,FRA,0,1,0,90.0,1,N
146,7,27,4,0,3,2,0,0,BEL,0,4,0,111.6,1,N
148,5,18,4,0,2,2,0,0,PRT,0,1,0,95.0,0,Y
125,4,16,20,0,3,2,0,0,PRT,0,1,0,85.0,0,Y
3,10,42,13,0,1,2,0,0,FRA,0,1,0,120.0,0,Y
102,6,26,25,4,10,2,0,0,PRT,0,1,0,79.29,0,Y
22,9,38,17,1,3,2,0,0,PRT,0,1,0,119.25,3,N
158,7,28,12,0,2,3,0,0,SWE,0,5,0,177.3,2,N
257,7,27,1,0,2,2,0,0,PRT,0,1,0,101.5,0,N
13,9,39,20,2,3,2,0,0,PRT,0,1,0,111.6,1,N
68,5,20,14,2,1,1,0,0,ESP,0,1,1,110.0,0,N
73,8,32,6,2,1,2,0,0,FRA,0,4,0,140.4,2,N
241,10,43,19,1,2,2,0,0,USA,0,1,0,60.0,0,N
4,11,47,14,1,0,1,0,0,PRT,1,5,0,106.0,0,N
323,5,21,17,0,4,2,0,0,PRT,0,1,0,112.0,1,N
198,10,40,3,1,1,2,0,0,PRT,0,1,0,60.0,0,Y
67,2,7,12,2,0,2,0,0,PRT,0,1,0,80.0,0,Y
137,5,21,21,2,2,3,0,0,GBR,0,4,0,165.75,1,N
99,6,23,5,1,3,2,2,0,LUX,0,6,0,250.0,0,Y
4,3,12,22,0,1,1,0,0,GBR,0,1,1,94.0,0,N
131,6,24,15,0,3,2,0,0,AUT,0,1,1,126.0,0,Y
64,11,47,20,0,2,2,0,0,DEU,0,1,0,79.2,2,N
158,5,22,24,0,2,1,0,0,PRT,0,1,0,130.0,0,Y
260,1,1,1,2,3,2,0,0,FRA,0,1,0,77.35,0,Y
151,7,30,25,0,4,2,0,0,PRT,0,4,0,159.0,1,N
56,6,24,9,1,3,1,0,0,DEU,0,1,2,74.0,0,N
111,8,33,14,1,2,3,0,0,ITA,0,5,0,225.0,2,N
39,8,33,14,0,2,2,0,0,PRT,0,1,0,101.5,0,Y
117,8,31,1,2,1,2,0,0,ITA,0,1,0,94.5,0,N
68,2,8,17,0,2,2,0,0,PRT,1,1,0,75.0,0,Y
1,9,38,15,0,1,1,0,0,CHE,0,1,0,159.0,1,N
87,3,12,24,0,2,2,2,0,ESP,0,6,0,169.2,2,N
248,4,15,9,2,0,2,0,0,DEU,0,1,2,80.0,1,N
301,7,31,30,1,1,2,0,0,DEU,0,1,0,115.0,1,N
108,7,29,16,2,5,2,0,0,NLD,0,4,0,121.37,0,Y
269,7,29,13,1,1,2,0,0,PRT,1,1,0,62.0,0,Y
61,2,7,16,0,3,2,1,0,GBR,0,1,0,122.4,2,N
42,2,9,26,2,2,2,0,0,BEL,0,4,0,102.0,2,N
42,10,43,19,1,1,2,0,0,PRT,0,1,0,94.5,2,Y
59,10,43,16,2,2,2,0,0,ITA,0,1,0,126.0,1,N
1,3,11,8,0,2,2,0,0,ITA,0,1,0,103.0,0,N
19,5,19,13,0,1,2,0,0,FRA,0,1,0,180.0,1,Y
101,3,12,18,1,2,2,0,0,PRT,0,1,0,78.3,0,Y
12,1,1,2,2,1,2,0,0,FRA,0,1,0,82.0,0,N
275,11,45,3,0,2,2,0,0,BEL,0,1,3,77.62,1,N
76,12,50,7,0,4,2,0,0,ITA,0,1,0,88.4,2,N
44,2,8,17,0,3,2,0,0,PRT,0,1,0,75.0,0,Y
11,8,32,7,0,1,2,0,0,PRT,0,1,0,75.0,1,N
192,9,39,25,2,3,2,0,0,PRT,0,1,0,102.0,0,N
398,8,33,11,0,2,2,0,0,PRT,0,1,0,62.0,0,Y
99,7,30,23,2,4,2,0,0,CHE,0,5,0,185.0,1,Y
179,7,27,1,0,2,2,0,0,PRT,0,1,0,65.0,0,Y
125,10,40,2,2,2,2,0,0,PRT,0,1,0,97.33,0,N
3,4,18,29,0,1,1,0,0,DEU,0,4,0,127.8,0,N
0,6,25,20,0,3,1,0,0,DEU,0,1,1,100.0,0,N
134,6,25,15,2,4,2,1,0,ITA,0,1,0,135.15,2,N
269,7,29,13,1,1,2,0,0,PRT,1,1,0,62.0,0,Y
4,8,34,17,1,5,2,1,0,PRT,0,1,0,134.17,2,Y
180,4,16,13,0,1,2,0,0,PRT,1,1,0,125.0,0,Y
0,3,14,28,1,0,1,0,0,PRT,0,1,0,88.0,0,N
0,8,33,10,0,1,2,0,0,PRT,0,1,0,158.0,1,N
131,8,32,2,0,4,2,0,0,DEU,0,1,0,105.3,0,Y
32,10,44,28,0,2,2,0,0,ESP,0,4,0,144.0,1,Y
84,10,43,17,2,5,2,0,0,RUS,0,4,0,132.3,1,N
191,8,32,9,0,4,2,0,0,RUS,0,1,0,112.5,1,Y
14,8,36,31,0,1,1,0,0,FRA,0,1,0,124.0,1,N
21,6,22,1,0,3,2,0,0,ESP,0,1,1,143.33,0,N
43,1,4,26,0,1,2,0,0,CHN,0,1,1,95.4,0,Y
9,5,20,9,1,3,1,0,0,DEU,0,4,0,141.0,0,Y
35,11,47,18,0,1,2,0,0,GBR,0,1,0,113.4,1,N
45,4,16,13,0,2,2,0,0,PRT,0,1,0,94.5,1,N
79,11,46,13,0,2,1,0,0,PRT,0,1,0,70.0,0,Y
13,3,12,15,0,1,2,0,0,MOZ,0,1,0,107.0,0,N
148,12,53,30,1,4,2,0,0,PRT,0,1,0,67.0,0,Y
35,8,36,30,0,4,2,0,0,BEL,0,1,1,119.0,1,N
116,7,29,16,2,4,2,0,0,IRL,0,1,0,96.0,1,N
0,5,20,9,1,0,2,0,0,ITA,0,1,0,89.0,0,N
16,12,53,29,1,3,2,0,0,JPN,0,1,0,102.0,2,N
292,5,22,31,0,3,2,0,0,PRT,0,1,0,90.0,0,Y
107,9,36,1,0,3,2,0,0,PRT,0,1,0,118.8,0,Y
224,9,37,11,1,2,2,0,0,PRT,1,1,0,90.0,0,Y
116,6,24,12,1,1,2,0,0,BRA,0,4,0,98.1,0,N
215,11,48,21,1,1,2,0,0,GBR,0,1,2,85.0,0,N
14,2,9,28,0,2,2,0,0,FRA,0,1,0,146.0,0,N
108,8,33,15,0,4,2,0,0,PRT,0,1,0,130.5,0,N
169,6,23,8,0,3,2,0,0,PRT,0,1,0,170.0,0,Y
29,1,1,2,1,2,2,0,0,ESP,0,4,0,117.0,2,Y
13,1,4,20,0,1,1,0,0,DEU,0,1,2,71.0,0,N
239,10,44,28,0,2,2,0,0,DEU,0,1,0,96.3,1,N
76,4,14,2,2,1,2,0,0,FRA,0,1,0,75.0,0,N
1,9,36,1,0,1,1,0,0,PRT,0,1,0,0.0,1,N
51,3,12,23,0,2,3,0,0,FRA,0,4,0,142.2,2,N
91,4,14,2,2,2,2,0,0,DEU,0,1,0,117.0,4,N
134,3,13,22,0,4,2,0,0,SWE,0,4,0,87.13,0,N
73,3,13,27,1,2,2,0,0,IRL,0,4,0,83.16,1,N
0,4,16,16,4,8,1,0,1,BRA,0,4,2,133.0,0,N
44,1,1,2,2,1,2,0,0,PRT,0,1,2,98.0,0,N
188,7,28,4,7,17,2,0,0,AGO,0,1,0,90.95,1,Y
34,12,50,8,0,2,1,0,0,PRT,1,1,0,90.0,0,Y
88,10,41,7,0,2,2,0,0,POL,0,1,0,90.0,1,N
142,7,27,2,2,1,2,0,0,BRA,0,4,2,116.1,3,N
124,8,32,5,1,2,3,0,0,MEX,0,4,0,143.7,2,N
148,9,37,11,0,2,2,0,0,ESP,0,1,0,93.5,1,N
116,8,32,4,1,3,3,0,0,ITA,0,4,0,142.2,1,N
124,5,21,27,0,1,1,0,0,USA,0,1,0,108.0,0,Y
32,11,47,20,0,2,1,0,0,PRT,1,1,0,73.0,0,Y
8,12,51,12,1,0,1,0,0,FRA,0,1,0,96.0,2,N
87,4,15,15,2,2,2,0,0,PRT,0,1,0,95.0,0,Y
113,2,9,25,0,3,2,0,0,PRT,1,1,0,75.0,0,Y
7,8,34,19,1,4,2,0,0,ESP,0,1,1,75.0,0,N
102,8,35,24,0,4,3,0,0,ITA,0,4,0,150.3,0,Y
47,3,12,17,0,1,2,0,0,ESP,0,1,0,71.1,0,Y
124,8,34,21,1,3,1,0,0,BEL,0,1,0,115.0,0,N
225,4,17,29,1,1,1,0,0,FRA,0,1,1,141.0,0,N
177,4,16,21,0,2,2,0,0,IRL,0,1,0,99.0,0,Y
90,1,1,1,2,1,3,0,0,RUS,0,4,0,139.8,0,N
87,4,15,15,2,2,2,0,0,PRT,0,1,0,95.0,0,Y
236,10,43,20,2,3,2,1,0,FRA,0,1,0,106.25,2,Y
3,9,39,19,1,0,1,0,0,PRT,0,1,0,67.0,0,N
59,6,26,27,0,4,2,0,0,GBR,0,1,0,120.0,1,Y
23,8,36,31,1,4,1,0,0,NLD,0,1,0,92.0,1,N
46,1,1,1,2,0,2,0,0,PRT,0,1,0,65.0,0,Y
105,4,17,17,2,1,2,0,0,GBR,0,4,0,96.3,0,N
1,8,33,12,0,2,1,0,0,PRT,0,1,0,0.0,0,N
90,4,18,24,2,3,2,0,0,GBR,0,1,0,70.03,1,N
71,11,45,3,0,1,2,0,0,USA,0,1,2,79.2,2,N
69,4,14,6,0,3,1,0,0,PRT,0,1,0,85.0,0,Y
139,8,35,23,2,5,2,0,0,FRA,0,1,0,98.87,1,N
393,4,16,22,2,1,2,0,0,PRT,0,1,0,90.0,0,Y
105,6,25,21,0,3,2,1,0,BRA,0,1,0,162.0,0,Y
4,8,33,13,2,1,2,0,0,ESP,0,1,0,200.0,1,N
3,9,39,21,1,2,2,0,0,ITA,0,1,0,133.0,2,N
104,4,16,15,2,2,1,0,0,ITA,0,1,0,76.5,0,Y
5,8,34,24,1,3,3,0,0,ESP,0,4,0,203.5,0,N
87,4,15,15,2,2,2,0,0,PRT,0,1,0,95.0,0,Y
268,1,1,2,1,4,2,0,0,RUS,0,2,3,141.14,1,Y
206,8,32,2,4,10,2,0,0,GBR,0,1,0,90.95,0,Y
92,4,14,7,1,2,2,0,0,ESP,0,1,0,117.0,0,Y
76,11,48,22,0,1,2,0,0,CHE,0,1,0,93.6,1,N
110,6,23,3,0,1,2,1,0,USA,0,1,0,143.1,0,Y
89,2,9,26,2,2,2,0,0,DEU,0,1,2,90.55,2,N
448,6,24,17,2,1,2,0,0,PRT,0,1,0,90.0,0,Y
114,9,39,24,2,5,2,0,0,BEL,0,1,0,131.66,0,N
291,9,39,21,0,1,2,0,0,ITA,0,1,0,117.0,0,N
188,8,35,25,2,3,2,2,0,BEL,0,2,3,84.82,1,N
280,9,39,19,1,2,2,0,0,PRT,0,1,0,110.0,0,Y
21,8,36,31,3,5,2,0,0,DEU,0,1,0,103.13,0,N
190,5,21,22,1,2,2,1,0,DEU,0,1,0,143.4,2,N
150,6,24,17,2,3,1,0,0,PRT,0,1,0,120.0,0,Y
479,8,32,9,0,3,2,0,0,PRT,0,1,0,112.67,1,N
156,4,17,26,0,3,2,0,0,PRT,0,1,0,100.0,0,Y
58,4,17,27,0,2,2,0,0,CN,0,1,0,108.0,0,Y
313,12,49,1,0,3,2,0,0,GBR,0,4,0,91.8,1,N
219,9,36,4,1,2,2,0,0,PRT,1,1,0,80.0,0,Y
168,9,37,11,0,2,1,0,0,PRT,0,1,1,0.0,0,N
46,10,43,17,1,3,2,0,0,IRL,0,1,0,134.78,1,N
12,10,44,25,0,3,1,0,0,BIH,0,1,0,130.0,2,N
54,9,37,9,0,2,2,1,0,KOR,0,1,0,121.68,1,N
74,6,23,6,0,3,2,0,0,IRL,0,1,0,89.0,0,N
74,6,24,17,1,1,2,0,0,GBR,0,1,0,160.0,1,Y
74,2,8,20,1,1,1,0,0,PRT,0,1,0,75.0,0,Y
74,4,15,4,1,3,2,0,0,GBR,0,1,0,90.95,2,N
74,9,40,30,0,1,2,0,0,PRT,0,1,0,170.0,0,Y
74,1,2,14,0,1,1,0,0,PRT,0,1,0,75.0,0,Y
10,1,4,22,2,1,1,0,0,TUR,0,1,1,65.0,0,N
81,4,15,8,2,3,2,0,0,GBR,0,1,0,90.95,0,Y
295,4,18,28,0,1,1,0,0,PRT,0,1,0,59.0,0,Y
407,5,18,6,2,1,2,0,0,PRT,0,1,0,90.0,0,Y
73,3,14,27,2,2,2,2,0,ITA,0,6,0,155.76,0,Y
74,9,38,18,0,2,1,0,0,PRT,0,1,0,87.0,0,N
6,2,9,23,0,3,2,1,0,ESP,0,1,1,158.5,2,N
255,8,31,1,0,2,2,1,0,GBR,0,1,0,125.1,0,Y
52,3,10,5,6,13,2,0,0,SEN,0,4,0,136.0,2,Y
192,6,26,24,0,2,1,0,0,SRB,0,1,0,95.0,0,N
219,9,36,4,1,2,1,0,0,PRT,0,1,0,76.67,0,N
239,10,42,17,0,1,2,0,0,PRT,1,1,0,60.0,0,Y
219,9,36,4,0,1,2,0,0,DEU,0,1,0,108.0,0,N
134,4,15,9,1,1,2,0,0,PRT,0,1,0,90.0,1,N
62,6,23,5,1,1,2,0,0,CHN,0,1,0,126.0,2,Y
11,4,18,30,2,1,2,0,0,PRT,0,1,1,152.33,1,N
12,2,7,13,2,1,2,0,0,NLD,0,1,0,79.0,1,N
2,7,28,9,0,1,2,0,0,PRT,0,1,0,116.27,1,N
22,2,7,13,1,0,2,0,0,USA,0,1,0,88.0,0,N
31,3,10,2,0,4,3,0,0,FRA,0,4,0,117.3,1,N
110,4,17,26,1,4,2,0,0,NOR,0,6,0,190.8,0,Y
305,11,45,4,1,2,2,0,0,PRT,0,1,0,89.0,0,Y
25,7,31,26,0,2,3,0,0,RUS,0,4,0,187.0,2,Y
379,7,30,21,0,2,2,0,0,PRT,0,1,0,62.0,0,Y
0,10,43,19,1,1,1,0,0,SAU,0,1,1,145.0,0,N
169,7,30,27,0,2,1,0,0,PRT,0,1,0,75.6,1,Y
0,9,39,20,2,3,1,0,0,PRT,0,1,2,0.0,1,N
100,10,44,31,1,1,1,0,0,PRT,0,1,1,0.0,0,N
58,6,25,21,0,4,2,0,0,NLD,0,1,0,135.0,1,N
10,4,18,25,1,2,3,0,0,BRA,0,4,0,157.0,3,N
249,7,28,12,0,4,2,0,0,GBR,0,1,0,68.61,1,N
55,5,22,31,0,2,2,0,0,PRT,0,1,0,135.0,0,Y
75,4,14,5,0,4,1,0,0,PRT,0,1,0,85.0,0,Y
27,2,8,20,1,1,2,0,0,FRA,0,1,0,91.0,1,Y
364,10,42,16,0,2,2,0,0,PRT,1,1,0,101.5,0,Y
414,7,28,13,0,2,1,0,0,DEU,0,1,1,95.5,0,N
2,6,25,20,0,1,2,0,0,FRA,0,1,0,150.0,0,N
198,8,35,28,1,4,2,0,0,LUX,0,1,0,117.0,2,N
264,7,28,8,0,2,2,0,0,PRT,0,1,0,62.0,0,N
2,6,26,22,0,2,3,0,0,NLD,0,4,0,161.0,2,N
130,7,29,16,2,1,2,1,0,FRA,0,1,0,103.56,2,N
6,10,44,27,0,1,2,0,0,PRT,0,1,0,95.0,0,N
0,8,32,6,0,1,2,0,0,ESP,0,1,0,90.0,2,N
17,2,8,16,0,4,2,0,0,CHN,0,1,0,79.0,2,Y
7,10,44,29,2,1,2,0,0,NGA,0,1,0,146.67,1,N
166,7,28,6,0,4,2,0,0,FRA,0,1,0,90.95,1,N
132,4,15,6,0,2,2,0,0,PRT,0,1,0,107.0,1,Y
113,2,9,25,0,3,2,0,0,PRT,1,1,0,75.0,0,Y
157,2,9,26,2,1,3,0,0,NLD,0,4,0,126.0,2,N
64,12,53,25,2,2,2,0,0,BRA,0,4,0,83.61,2,N
54,11,45,2,1,4,2,0,0,POL,0,1,2,85.6,3,Y
354,6,26,30,0,1,2,0,0,BRA,0,1,0,99.0,0,Y
44,6,26,22,0,2,2,0,0,GBR,0,1,0,89.1,1,Y
235,8,32,6,1,1,2,0,0,FRA,0,1,0,96.3,1,N
67,3,10,10,1,2,2,0,0,GBR,0,1,0,106.2,1,N
42,11,49,29,0,3,1,0,0,PRT,0,1,0,90.0,0,Y
47,9,40,27,0,4,2,0,0,CHN,0,4,0,130.61,1,Y
353,10,41,5,1,1,2,0,0,PRT,1,1,0,62.0,0,Y
6,1,5,30,2,3,3,0,0,FRA,0,4,0,130.0,2,N
11,6,25,18,2,1,2,0,0,GBR,0,1,0,141.0,1,N
184,8,34,20,2,2,2,0,0,GBR,0,4,0,126.0,0,N
1,6,26,22,0,1,1,0,0,ESP,0,1,0,135.0,1,N
16,1,2,10,0,1,1,0,0,AGO,0,1,0,89.5,1,Y
74,9,38,18,0,2,2,0,0,PRT,0,1,0,101.5,0,Y
14,9,36,1,1,3,2,2,0,ESP,0,6,0,210.0,1,N
66,9,36,2,0,2,2,0,0,ITA,0,1,0,87.3,2,N
173,6,24,11,2,3,2,0,0,PRT,0,1,0,140.0,0,Y
14,8,33,17,0,1,2,0,0,PRT,0,1,0,160.0,1,Y
239,10,42,17,0,1,2,0,0,PRT,1,1,0,60.0,0,Y
1,3,14,27,1,0,2,0,0,PRT,0,1,0,99.0,1,N
29,9,39,24,2,5,2,0,0,PRT,0,1,1,170.0,1,N
58,12,53,27,2,4,2,0,0,PRT,1,2,0,77.35,0,Y
15,9,37,6,2,3,2,0,0,CHE,0,1,0,91.73,0,N
4,3,10,6,1,0,1,0,0,FRA,0,1,0,98.0,1,N
64,7,28,9,2,1,2,0,0,DNK,0,5,0,103.5,1,N
128,6,26,26,1,4,2,0,0,SWE,0,1,0,117.0,1,N
332,9,39,22,1,3,2,0,0,PRT,0,1,1,77.23,2,N
116,8,35,29,0,5,1,0,0,JPN,0,1,0,92.0,1,N
14,9,37,7,1,5,2,2,0,ITA,0,6,0,166.0,3,N
258,7,27,2,0,2,2,0,0,PRT,1,1,0,62.0,0,Y
338,10,41,7,1,2,2,0,0,PRT,0,1,0,80.0,0,Y
7,4,17,26,0,2,1,0,0,PRT,0,1,0,66.0,0,N
202,8,34,16,2,4,2,0,0,PRT,1,1,0,76.5,2,Y
124,4,14,8,1,1,2,0,0,GBR,0,1,0,99.0,1,N
65,1,2,12,0,2,1,0,0,DEU,0,1,0,65.0,0,N
552,1,2,12,0,2,2,0,0,PRT,0,1,0,62.0,0,Y
2,1,2,3,2,0,2,0,0,USA,0,1,0,67.66,0,N
178,4,18,28,0,3,1,0,0,PRT,1,1,0,110.0,0,Y
37,3,11,15,0,2,2,0,0,PRT,0,1,0,110.0,0,Y
16,8,32,8,2,2,2,0,0,ESP,0,1,0,62.0,0,N
140,7,28,11,0,2,2,1,0,POL,0,1,0,167.4,0,Y
346,9,38,13,0,2,1,0,0,DEU,0,1,1,90.0,0,N
90,4,16,19,0,4,2,0,0,PRT,0,1,0,100.0,0,Y
25,12,49,3,2,1,3,0,0,ESP,0,4,0,154.0,0,Y
405,8,34,18,0,2,2,0,0,PRT,0,1,0,62.0,0,Y
5,10,44,31,0,1,2,2,0,IRL,0,6,0,177.0,0,N
77,5,23,31,0,4,2,2,0,ITA,0,6,2,198.9,1,N
91,9,40,30,1,2,1,0,0,FRA,0,1,0,75.0,0,N
2,10,44,31,1,1,1,0,0,ARG,0,1,0,60.0,0,N
282,6,24,9,0,3,2,0,0,PRT,0,1,0,73.33,1,N
17,10,42,16,0,2,2,0,0,FRA,0,1,0,48.0,0,N
194,4,13,1,1,1,2,0,0,FRA,0,1,0,75.0,0,N
52,2,6,10,2,4,2,1,0,BRA,0,1,2,107.1,0,Y
199,12,53,28,2,4,2,0,0,PRT,0,4,0,77.89,0,Y
0,8,33,14,0,2,2,0,0,PRT,0,1,0,109.0,0,Y
55,3,11,15,0,4,1,0,0,PRT,0,1,2,51.05,0,Y
31,6,23,4,2,3,2,0,0,DEU,0,4,0,158.0,0,Y
5,3,12,23,0,3,2,0,0,GBR,0,4,0,100.0,0,N
244,10,45,30,2,1,2,0,0,HUN,0,1,2,92.4,1,N
27,12,52,22,1,5,2,0,0,DEU,0,1,0,48.33,0,N
99,5,18,4,0,3,1,0,0,IRL,0,4,0,135.0,1,N
88,10,41,7,0,2,1,0,0,POL,0,1,1,80.0,0,N
54,4,17,20,0,3,3,0,0,PRT,0,1,2,130.05,0,N
177,3,9,2,2,3,2,1,0,MAR,0,1,0,103.7,1,Y
193,6,26,20,1,2,2,0,0,PRT,0,1,0,120.0,0,Y
43,7,28,3,2,2,2,0,0,FRA,0,1,1,127.1,3,N
5,6,24,8,0,2,2,0,0,BRA,0,1,0,109.0,1,Y
34,12,50,8,0,2,1,0,0,PRT,1,1,0,90.0,0,Y
216,12,50,4,2,1,2,0,0,ITA,0,1,0,78.3,1,N
44,8,36,28,2,3,2,0,0,GBR,0,1,0,85.5,3,N
335,9,38,17,0,1,2,0,0,PRT,1,1,0,85.0,0,Y
65,3,11,17,2,3,2,0,0,ITA,0,4,0,104.55,0,Y
218,10,41,5,0,3,2,0,0,FRA,0,4,0,122.4,1,Y
6,12,51,13,0,2,2,1,0,DEU,0,4,0,131.0,1,N
17,9,38,15,0,2,2,0,0,DEU,0,1,0,128.0,2,N
158,8,35,25,2,3,2,0,0,ROU,0,1,0,90.95,0,N
246,5,21,27,1,1,2,0,0,PRT,0,1,0,128.0,1,N
37,11,46,9,0,4,2,0,0,FRA,0,1,0,125.57,1,N
88,10,41,8,2,2,2,0,0,IRL,0,4,0,132.3,3,N
7,4,16,15,0,2,3,1,0,FRA,0,5,0,215.0,1,N
11,12,51,17,2,1,1,0,0,PRT,5,1,3,67.0,2,N
69,5,20,11,0,4,2,0,0,SGP,0,1,0,92.28,1,N
16,9,37,9,0,2,2,0,0,RUS,0,1,0,105.0,2,N
6,11,47,17,2,5,2,0,0,ESP,0,1,0,78.69,0,Y
46,3,13,27,1,2,2,0,0,IRL,0,1,0,106.2,0,Y
53,5,19,7,1,0,1,0,0,ITA,0,1,0,143.1,2,N
408,5,22,30,0,1,2,0,0,PRT,0,1,0,90.0,0,Y
169,7,28,5,0,4,2,2,0,ITA,0,6,2,167.45,2,N
76,5,20,12,0,3,2,0,0,PRT,0,4,0,140.4,2,N
0,5,19,8,1,1,2,0,0,PRT,0,1,0,130.0,3,N
4,3,10,6,1,0,1,0,0,PRT,0,1,0,78.4,0,Y
186,5,22,30,0,2,2,0,0,PRT,0,1,0,130.0,0,Y
313,8,35,26,0,2,2,0,0,PRT,1,1,0,62.0,0,Y
1,7,28,8,0,1,2,0,0,ITA,0,1,0,139.0,0,Y
43,12,53,29,0,3,2,2,0,BEL,0,6,0,349.63,1,N
141,9,39,23,0,2,3,0,0,GBR,0,4,3,163.8,1,N
59,3,12,23,0,1,2,0,0,GBR,0,1,0,79.2,0,N
123,6,26,29,2,3,2,0,0,BEL,0,4,0,120.06,0,Y
144,5,19,6,0,2,2,0,0,PRT,0,4,0,114.3,1,Y
81,2,9,24,0,3,3,0,0,IRL,0,1,0,92.1,0,N
17,9,37,10,0,2,2,0,0,USA,0,1,0,73.92,0,N
86,9,37,9,0,2,2,0,0,FRA,0,1,0,110.0,0,Y
19,3,11,15,0,1,1,0,0,PRT,1,1,2,89.0,1,N
163,6,24,5,2,2,1,0,0,PRT,0,1,0,100.0,0,Y
16,5,21,24,0,1,1,0,0,DEU,0,4,0,132.0,1,N
444,12,49,1,0,3,1,0,0,PRT,1,1,0,75.0,0,Y
109,9,39,20,0,3,2,0,0,JPN,0,4,0,149.4,2,N
8,4,15,10,1,1,1,0,0,GBR,0,1,0,140.0,1,N
286,5,20,11,0,4,2,0,0,AUT,0,1,0,99.0,1,N
200,9,37,12,2,1,2,0,0,PRT,1,1,0,86.0,0,Y
7,3,10,2,0,2,2,0,0,PRT,0,1,0,67.0,0,N
212,8,33,13,1,1,2,0,0,PRT,0,1,0,96.0,0,Y
50,8,35,25,0,4,2,0,0,PRT,0,1,0,62.0,0,Y
101,3,10,9,0,3,2,0,0,DEU,0,1,0,97.2,1,N
47,9,37,7,0,4,2,0,0,DEU,0,4,0,139.95,0,N
1,2,10,28,2,1,1,0,0,PRT,0,1,0,60.0,0,Y
193,9,40,29,0,3,2,0,0,SWE,0,1,0,93.09,1,N
0,3,13,21,1,1,1,0,0,PRT,0,6,1,0.0,2,N
19,4,17,27,0,1,1,0,0,PRT,0,1,0,95.0,0,Y
95,5,21,27,0,1,2,0,0,CN,0,4,0,153.0,0,Y
67,11,48,22,0,1,2,0,0,FRA,0,4,0,102.6,1,N
154,5,20,9,1,3,2,0,0,DEU,0,1,0,71.6,0,N
112,4,15,12,0,3,2,0,0,ITA,0,1,0,105.0,2,N
184,3,13,26,2,3,2,0,0,BRA,0,1,2,70.72,0,N
79,7,31,28,0,3,1,0,0,PRT,0,4,0,120.0,0,Y
20,11,46,11,2,5,1,0,0,SWE,0,1,0,68.85,1,N
47,11,46,12,2,2,1,0,0,IND,0,1,2,85.75,1,N
12,7,29,10,2,1,2,0,0,AUS,0,1,0,139.0,1,N
327,9,37,9,2,4,1,0,0,PRT,0,1,1,76.0,0,N
28,10,41,4,0,5,2,0,0,BEL,0,4,0,160.3,2,Y
12,2,7,13,1,0,2,0,0,PRT,0,1,0,143.0,2,Y
18,5,20,13,0,1,1,0,0,JPN,0,1,0,135.0,0,Y
9,6,24,10,1,2,2,2,0,ESP,0,6,0,221.0,0,Y
97,8,33,18,1,2,3,0,0,PRT,0,4,0,195.0,1,Y
233,9,38,18,0,1,2,0,0,PRT,1,1,0,120.0,0,Y
17,2,9,26,2,1,1,0,0,PRT,0,4,0,75.0,0,Y
5,10,43,19,1,2,2,0,0,POL,0,1,0,90.0,0,N
77,2,9,24,0,2,2,0,0,PRT,0,1,0,64.0,0,Y
87,8,34,14,2,2,2,1,0,ITA,0,1,2,134.1,0,Y
0,3,11,12,1,0,1,0,0,CHN,0,1,0,75.0,1,N
47,3,9,1,0,3,3,0,0,CHN,0,4,0,129.6,0,Y
250,6,24,17,2,1,1,0,0,DEU,0,1,0,109.8,2,Y
168,9,37,11,0,2,2,0,0,PRT,0,1,0,60.0,0,N
50,5,22,30,0,3,2,0,0,PRT,0,1,0,89.1,0,Y
11,4,17,23,2,2,2,1,0,ITA,0,1,1,141.5,2,N
35,2,7,13,2,4,2,0,0,BEL,0,1,0,78.3,1,N
18,9,36,5,1,1,2,0,0,PRT,0,1,0,80.85,1,N
188,6,25,15,0,2,1,0,0,PRT,0,1,0,130.0,0,Y
292,7,30,23,2,1,2,2,0,PRT,0,6,0,158.4,1,N
120,4,15,13,2,5,2,0,0,DEU,0,1,0,91.31,0,N
0,8,32,9,0,2,2,0,0,FRA,0,1,0,170.0,2,N
134,2,8,25,0,1,1,0,0,PRT,0,1,0,75.0,0,Y
34,5,19,12,2,2,2,0,0,ESP,0,1,0,170.0,1,Y
0,12,50,6,2,4,1,0,0,ESP,0,1,2,105.0,0,N
1,11,47,18,6,12,1,0,0,BRA,0,1,0,77.44,1,Y
102,5,21,21,2,2,2,0,0,FRA,0,1,0,137.25,2,N
6,2,8,18,2,3,2,0,0,FRA,0,5,0,107.0,2,N
118,6,24,6,1,1,1,0,0,DEU,0,1,1,110.0,0,N
12,12,52,20,2,2,3,0,0,ESP,0,4,0,140.5,0,N
107,6,24,10,0,2,2,0,0,PRT,0,1,0,130.0,1,N
31,3,10,5,2,3,3,0,0,PAK,0,4,0,119.1,1,Y
142,6,24,16,0,1,2,0,0,AUT,0,1,0,99.0,2,N
164,10,40,2,0,2,1,0,0,PRT,0,1,0,100.0,0,N
155,4,15,13,1,3,2,0,0,PRT,0,1,0,130.0,0,Y
103,8,34,21,1,5,2,0,0,BEL,0,4,0,117.8,1,N
17,4,17,27,0,2,2,1,0,NLD,0,1,0,154.1,0,N
167,7,29,19,0,2,2,0,0,ARG,0,1,0,107.1,2,N
34,12,50,8,0,2,1,0,0,PRT,1,1,0,90.0,0,Y
169,8,34,25,1,2,2,0,0,USA,0,4,0,139.5,1,N
1,5,19,3,0,3,1,0,0,PRT,0,1,0,65.0,1,N
152,4,15,10,1,2,2,0,0,BEL,0,1,0,117.0,2,N
35,11,47,16,0,4,2,0,0,FRA,0,1,0,88.4,1,N
116,2,10,28,2,2,1,0,0,CN,0,1,1,75.75,0,N
1,8,34,24,0,1,2,1,0,PRT,0,1,1,0.0,3,N
33,12,50,5,1,3,2,0,0,PRT,0,1,0,59.5,0,Y
9,10,41,7,0,3,2,0,0,ESP,0,1,0,145.0,0,N
112,5,19,6,0,2,2,0,0,FRA,0,1,0,98.69,1,N
34,12,53,27,2,1,2,0,0,ESP,0,1,0,102.3,1,N
3,8,36,31,1,2,2,0,0,PRT,0,1,0,105.33,1,N
46,3,11,10,2,3,2,0,0,DEU,0,1,0,77.35,2,N
69,9,37,8,1,3,2,0,0,FRA,0,4,0,149.4,1,N
41,4,15,9,2,0,1,0,0,DEU,0,1,0,130.0,0,Y
3,2,10,29,1,3,2,1,1,MAR,0,6,0,183.0,1,N
10,9,39,22,0,2,2,0,0,PRT,0,1,1,114.0,0,N
81,3,13,25,2,2,2,0,0,PRT,0,1,0,65.0,0,Y
0,1,4,18,1,1,1,0,0,GRC,0,1,0,64.5,0,N
172,6,25,24,2,2,2,0,0,DEU,0,1,0,89.1,1,N
357,5,21,24,0,2,2,0,0,GBR,0,1,0,99.0,0,Y
337,9,38,19,2,2,2,0,0,PRT,1,1,0,62.0,0,Y
31,8,36,28,2,3,2,0,0,FRA,0,1,0,108.3,0,N
18,2,8,22,2,5,2,0,0,FRA,0,4,0,100.54,2,N
98,5,19,8,1,1,1,0,0,PRT,0,1,0,120.0,0,Y
13,12,50,6,2,0,1,0,0,PRT,1,1,0,101.0,2,Y
146,3,12,25,2,2,2,0,0,FRA,0,1,0,64.67,1,N
2,6,24,10,0,2,2,0,0,PRT,0,4,0,136.0,1,N
233,10,42,14,1,2,2,0,0,PRT,0,1,0,90.0,0,Y
0,12,50,10,0,1,2,0,0,SWE,0,4,0,133.0,0,N
199,8,33,11,2,7,2,0,0,ITA,0,1,0,97.56,0,Y
245,10,42,13,2,3,2,0,0,DEU,0,1,0,106.59,0,N
49,5,23,30,1,0,1,0,0,ESP,0,1,0,121.5,1,N
1,2,6,1,1,0,1,0,0,PRT,0,1,0,66.22,1,N
115,8,34,20,2,0,1,0,0,ITA,0,1,1,125.0,0,N
55,9,37,9,0,2,2,0,0,FRA,0,1,0,100.0,0,Y
237,9,38,14,1,2,1,0,0,DEU,0,1,0,80.75,0,N
279,10,42,12,0,3,2,0,0,PRT,0,1,0,110.0,0,Y
249,10,44,28,1,2,2,0,0,FRA,0,1,0,96.3,0,Y
35,9,40,26,1,0,1,0,0,PRT,0,1,0,99.0,0,N
22,6,24,13,0,1,2,0,0,LUX,0,1,0,99.0,0,Y
10,2,6,10,0,1,2,0,0,PRT,0,4,3,78.4,0,N
14,10,42,15,0,1,1,0,0,PRT,0,1,1,100.0,0,N
13,7,30,19,0,2,1,0,0,NLD,0,1,0,93.17,1,N
321,9,36,3,0,2,2,0,0,PRT,1,1,0,62.8,0,Y
4,1,3,20,0,2,2,0,0,FRA,0,1,0,75.0,0,N
34,1,3,18,0,1,1,0,0,ESP,0,1,1,75.0,0,N
41,1,4,26,0,3,2,0,0,ESP,0,1,0,69.56,0,N
37,4,15,11,0,4,2,1,0,FRA,0,4,0,131.98,0,N
2,10,44,27,0,1,1,0,0,PRT,0,1,0,65.0,0,N
372,12,53,28,0,3,2,0,0,FRA,0,1,0,93.3,0,Y
278,8,33,11,0,1,2,0,0,PRT,1,1,0,65.0,0,Y
134,9,40,29,1,3,2,0,0,ITA,0,4,0,137.7,2,Y
89,10,40,3,2,2,2,0,0,PRT,0,1,0,62.0,0,Y
23,11,46,13,1,2,1,0,0,PRT,1,4,0,117.0,2,Y
316,5,22,26,0,3,2,0,0,PRT,0,1,0,110.0,0,Y
464,10,44,28,0,2,2,0,0,PRT,0,1,0,65.0,0,Y
6,9,39,23,0,1,1,0,0,ESP,0,4,0,0.0,1,N
178,8,34,15,1,3,2,0,0,IRL,0,1,0,99.45,2,N
2,4,17,20,0,3,1,0,0,ESP,0,1,0,72.38,1,N
129,8,34,16,0,5,2,0,0,ITA,0,4,0,124.2,2,N
414,7,28,13,0,2,1,0,0,DEU,0,1,1,95.5,0,N
205,5,19,10,0,4,2,0,0,DEU,0,4,0,48.75,0,N
240,5,21,25,0,3,2,0,0,BEL,0,4,0,138.6,1,Y
0,1,2,12,0,1,1,0,0,FRA,0,1,0,53.9,0,N
27,2,8,23,0,3,2,0,0,ITA,0,4,0,118.0,0,Y
172,2,5,3,0,2,2,0,0,CHN,0,1,0,81.0,2,Y
437,5,19,2,1,2,2,0,0,PRT,0,1,0,60.0,0,Y
34,10,42,13,0,2,2,0,0,PRT,0,1,0,82.8,0,N
156,5,18,6,2,5,2,0,0,BRA,0,1,0,110.57,1,Y
163,10,43,20,0,3,2,0,0,PRT,0,1,0,100.0,0,Y
26,4,17,18,1,4,2,0,0,MAR,0,1,0,133.8,0,N
148,4,15,14,2,4,2,0,0,MRT,0,4,0,97.65,1,N
405,8,34,18,0,2,2,0,0,PRT,0,1,0,62.0,0,Y
78,3,13,25,1,2,2,0,0,PRT,0,1,0,100.0,0,Y
0,5,21,20,0,1,1,0,0,ITA,0,1,1,149.0,0,N
99,5,22,30,0,4,2,0,0,BEL,0,1,1,169.2,2,N
364,10,42,16,0,2,2,0,0,PRT,1,1,0,101.5,0,Y
56,9,39,25,2,2,3,0,0,GRC,0,1,1,185.0,1,N
331,12,53,27,1,5,3,0,0,ITA,0,4,2,110.78,2,Y
107,8,35,24,0,4,3,0,0,ITA,0,4,0,152.1,0,Y
144,8,32,4,0,2,3,0,0,FRA,0,4,0,146.7,0,N
1,4,17,18,1,2,2,0,0,PRT,0,4,0,122.67,0,N
137,1,5,27,0,2,1,0,0,PRT,1,1,0,70.0,0,Y
29,1,1,3,0,2,2,0,0,CHN,0,1,0,79.2,1,Y
33,1,3,17,0,2,1,0,0,ESP,0,1,1,75.0,0,N
172,3,12,21,0,4,2,0,0,ITA,0,1,0,120.7,1,Y
65,3,11,12,2,2,2,0,0,FRA,0,1,0,73.0,1,N
26,6,25,17,2,4,3,0,0,ITA,0,4,2,161.6,0,Y
437,5,19,2,1,2,2,0,0,PRT,0,1,0,60.0,0,Y
226,6,24,16,0,1,1,0,0,CN,0,1,0,69.3,0,N
32,9,38,16,2,2,1,0,0,TZA,0,2,1,124.25,2,Y
119,6,27,26,2,0,2,0,0,FRA,0,1,0,96.3,1,N
320,8,34,18,0,2,2,0,0,DEU,0,1,0,115.0,1,N
6,1,2,14,0,1,2,1,0,PRT,0,5,1,120.0,1,N
63,4,17,23,2,4,2,0,0,ITA,0,1,0,108.0,0,N
18,1,3,15,2,3,2,2,0,IRQ,0,6,1,169.0,0,N
70,2,7,15,0,4,2,0,0,ESP,0,1,0,78.0,0,N
102,10,42,16,0,2,2,0,0,PRT,0,1,0,101.5,0,Y
84,3,10,5,2,4,2,0,0,DEU,0,1,0,50.33,0,N
69,8,31,5,2,2,2,0,0,IRL,0,1,1,114.8,0,N
10,3,12,13,1,0,2,0,0,BRA,0,1,0,97.0,0,Y
49,12,50,8,0,3,2,1,0,ESP,0,1,0,93.6,2,Y
99,5,18,4,1,3,2,0,0,IRL,0,4,0,135.0,2,N
63,7,30,24,1,0,1,0,0,ESP,0,1,0,75.6,0,N
34,12,50,8,0,2,1,0,0,PRT,1,1,0,90.0,0,Y
53,3,10,5,2,0,1,0,0,PRT,0,1,0,67.5,0,Y
56,3,12,21,0,3,2,0,0,PRT,0,1,0,85.0,0,Y
9,12,50,10,0,1,1,0,0,PRT,0,1,0,65.0,0,N
58,10,44,30,0,2,2,0,0,IRL,0,1,0,66.53,1,N
4,2,8,16,0,3,2,0,0,FRA,0,1,0,80.0,0,N
6,10,41,3,1,0,1,0,0,ESP,0,1,0,89.0,0,N
14,7,30,21,0,2,2,0,0,PRT,0,1,0,105.0,0,N
16,10,44,29,1,1,2,0,0,ESP,0,1,0,140.0,1,Y
0,5,21,17,0,0,2,0,0,PRT,0,1,0,0.0,0,N
109,6,22,3,2,2,2,0,0,FRA,0,1,0,129.5,0,Y
257,8,32,7,1,4,2,0,0,ITA,0,1,0,89.1,0,Y
6,12,50,8,0,2,1,0,0,PRT,0,1,0,65.0,0,N
141,6,26,27,2,5,1,0,0,PRT,0,1,0,130.0,0,Y
20,5,19,10,0,4,2,0,0,BGR,0,1,0,185.0,2,N
33,10,43,21,0,4,1,0,0,PRT,1,1,0,17.6,1,Y
9,7,28,12,0,1,2,0,0,DEU,0,1,0,120.0,1,N
0,11,48,26,0,1,2,0,0,PRT,0,1,0,80.0,0,N
115,8,32,6,0,1,3,0,0,PRT,0,4,0,146.7,0,Y
54,4,17,23,2,1,3,0,0,USA,0,4,0,171.0,0,Y
51,4,15,15,2,1,2,0,0,GBR,0,1,0,114.0,1,N
26,2,7,12,2,4,2,0,0,FRA,0,4,0,100.3,1,N
55,7,27,8,2,3,2,0,0,ITA,0,1,0,142.0,1,Y
0,2,8,21,0,1,1,0,0,PRT,0,1,0,80.0,0,Y
184,5,18,5,1,2,2,0,0,DEU,0,1,0,108.0,0,N
9,10,44,31,2,1,2,0,0,CZE,0,1,0,87.0,1,N
344,6,25,16,0,2,2,0,0,PRT,0,1,0,62.0,0,Y
188,6,25,15,0,2,1,0,0,PRT,0,1,0,130.0,0,Y
4,10,44,24,1,0,2,0,0,FRA,0,4,0,110.71,0,N
76,8,36,30,0,4,2,0,0,ESP,0,1,0,89.75,0,N
71,12,50,5,1,2,2,0,0,LUX,0,1,2,79.2,1,Y
28,4,16,11,1,3,2,0,0,FRA,0,1,0,156.25,2,N
22,12,53,29,0,5,2,2,0,ESP,0,6,8,199.0,0,Y
0,10,41,5,1,0,1,0,0,IRL,0,1,0,109.0,0,N
192,7,28,15,2,3,3,0,0,GBR,0,4,0,147.9,3,N
79,4,14,3,1,4,2,2,0,GBR,0,7,0,200.0,0,N
102,8,32,12,2,2,2,0,0,GBR,0,1,0,125.0,0,Y
32,10,43,19,1,2,2,0,0,FRA,0,1,0,96.3,1,N
12,2,7,7,2,1,2,0,0,BEL,0,1,0,129.0,0,Y
118,5,20,20,1,1,2,0,0,FRA,0,4,0,135.0,0,N
69,4,18,27,1,4,2,1,0,PRT,0,4,0,108.53,2,N
71,3,12,18,1,2,2,0,0,GBR,0,4,0,96.3,0,N
9,9,37,11,0,2,2,0,0,BEL,0,1,0,128.5,1,N
283,12,50,5,1,2,1,0,0,PRT,0,5,0,106.0,0,Y
247,6,24,6,1,1,2,0,0,DEU,0,1,0,115.0,1,N
245,6,25,17,0,2,2,0,0,PRT,0,1,0,75.0,0,Y
50,3,14,28,1,3,2,1,0,HRV,0,1,0,101.15,0,Y
221,10,41,10,2,1,2,0,0,FRA,0,1,0,65.0,0,N
97,10,41,7,0,2,2,0,0,PRT,0,1,0,62.0,0,N
325,9,37,7,1,1,2,0,0,PRT,1,1,0,62.0,0,Y
28,5,21,20,0,1,2,0,0,DEU,0,4,0,156.0,2,N
30,8,32,8,2,1,2,0,0,PRT,0,1,0,86.0,0,Y
39,10,44,24,1,3,2,0,0,FRA,0,1,0,85.0,0,N
7,5,19,5,0,3,2,0,0,DEU,0,1,0,144.0,0,N
0,5,19,9,0,1,1,0,0,DEU,0,4,0,165.0,0,N
215,11,48,21,1,2,2,0,0,GRC,0,1,2,85.0,0,N
295,4,18,28,0,2,2,0,0,PRT,0,1,0,62.0,0,Y
55,9,37,6,2,0,2,0,0,ESP,0,1,0,75.0,0,N
3,4,18,28,0,1,1,0,0,FRA,0,1,0,119.0,0,N
195,9,38,17,0,2,2,0,0,PRT,1,1,0,48.0,0,Y
117,5,18,1,1,4,2,0,0,NOR,0,1,0,108.0,1,N
16,9,39,25,2,3,1,0,0,FIN,0,1,0,170.0,0,N
99,2,8,19,0,1,2,0,0,PRT,1,1,0,80.0,0,Y
12,3,12,19,2,2,2,0,0,ESP,0,1,1,71.8,0,N
364,10,42,16,0,2,2,0,0,PRT,1,1,0,101.5,0,Y
168,5,20,14,2,1,2,0,0,GBR,0,1,0,108.0,0,N
134,2,8,25,0,1,1,0,0,PRT,0,1,0,75.0,0,N
97,4,16,22,2,2,3,0,0,NLD,0,4,0,172.8,2,N
135,8,32,7,2,5,3,0,0,ITA,0,4,0,189.43,2,N
63,8,33,9,0,3,3,0,0,ESP,0,4,0,168.3,0,N
62,4,14,6,0,3,1,0,0,PRT,0,1,0,135.0,0,Y
226,8,32,9,2,4,2,0,0,DEU,0,1,0,112.5,1,Y
156,8,32,10,0,3,3,0,0,GBR,0,4,0,175.5,0,Y
82,6,25,14,0,1,2,0,0,GBR,0,1,0,143.1,0,Y
304,8,34,17,1,1,2,0,0,PRT,1,1,0,62.0,0,Y
27,5,20,10,0,3,2,0,0,TJK,0,1,0,141.0,0,Y
142,7,27,5,0,3,2,0,0,BEL,0,5,0,143.1,0,Y
138,7,30,18,1,4,2,0,0,DEU,0,4,0,115.6,1,N
67,12,49,5,2,1,2,0,0,PRT,0,1,0,95.4,2,N
181,7,29,16,2,2,2,0,0,BEL,0,1,0,107.1,1,Y
1,9,37,5,1,1,1,0,0,FRA,0,1,0,149.0,1,N
94,8,33,15,0,3,2,0,0,GBR,0,1,0,145.0,2,N
288,4,17,21,0,2,2,0,0,PRT,0,1,0,62.0,0,Y
267,5,18,3,0,4,2,0,0,HUN,0,4,0,123.3,2,Y
323,5,21,17,0,4,2,0,0,PRT,0,1,0,70.0,0,Y
4,11,46,14,0,1,2,0,0,ISR,0,1,0,85.0,1,N
221,6,24,10,1,2,2,0,0,PRT,1,1,0,80.0,0,Y
305,11,45,4,1,2,2,0,0,PRT,0,1,0,89.0,0,Y
35,2,7,16,0,3,3,0,0,GBR,0,4,0,160.0,1,Y
86,10,40,3,2,1,2,0,0,PRT,0,1,0,86.0,0,Y
61,8,34,17,0,2,3,0,0,GBR,0,4,0,168.3,0,Y
38,2,7,12,2,2,2,0,0,FRA,0,1,0,78.3,1,Y
68,2,8,17,0,2,2,0,0,PRT,1,1,0,75.0,0,Y
136,11,48,22,0,2,3,0,0,ESP,0,4,0,122.4,1,Y
147,8,32,3,4,10,2,0,0,NOR,0,4,1,118.88,1,N
143,6,27,26,2,0,2,1,0,TUR,0,1,4,118.65,1,Y
49,9,37,4,2,0,2,0,0,SWE,0,1,0,109.8,3,N
254,7,27,6,2,8,3,0,0,DNK,0,4,0,156.6,2,N
79,10,41,10,1,1,2,0,0,PRT,0,1,0,62.0,0,N
47,3,12,16,0,2,1,0,0,FRA,0,1,0,76.5,0,Y
46,3,12,22,0,3,2,0,0,GBR,0,1,0,82.2,0,N
170,7,29,17,1,4,2,1,0,IND,0,1,0,125.1,1,N
1,9,38,15,0,1,2,0,0,PRT,0,1,1,169.0,1,N
77,7,29,13,1,2,2,0,0,PRT,0,1,0,76.5,1,Y
6,3,10,2,0,2,1,0,0,PRT,0,1,0,70.0,0,N
32,6,24,17,0,1,2,0,0,DEU,0,1,0,160.0,1,N
6,11,49,28,1,3,1,0,0,NLD,0,1,0,49.59,0,N
2,9,37,11,0,2,1,0,0,PRT,0,1,0,98.0,0,Y
59,6,26,22,0,2,2,0,0,CHN,0,1,0,99.9,2,N
28,8,34,14,2,2,2,0,1,JPN,0,5,1,187.0,0,N
262,1,2,9,1,2,2,1,0,ROU,0,1,2,98.1,2,N
97,10,41,7,0,2,2,0,0,PRT,0,1,0,62.0,0,N
230,5,21,25,0,3,2,0,0,GBR,0,1,1,125.1,1,Y
55,3,11,13,1,3,2,0,0,HUN,0,1,0,70.69,1,N
20,10,43,16,2,0,2,0,0,FRA,0,1,0,85.0,0,N
75,3,9,4,2,3,4,0,0,PRT,0,7,0,202.51,1,Y
99,3,13,31,1,2,2,0,0,POL,0,1,0,110.4,2,N
89,10,41,8,2,2,2,0,0,CHE,0,2,1,108.0,3,N
6,3,10,2,0,2,1,0,0,ESP,0,1,0,51.0,0,N
360,10,42,12,1,1,2,0,0,PRT,1,1,0,62.0,0,Y
101,5,21,19,0,3,3,0,0,USA,0,6,1,198.9,2,N
110,4,17,27,1,3,2,0,0,CHE,0,4,0,130.5,0,N
174,10,41,10,1,1,2,0,0,PRT,0,1,0,70.0,0,Y
19,7,30,25,2,2,2,0,0,PRT,0,1,0,62.0,0,N
51,5,21,27,2,1,2,0,0,BRA,0,5,1,260.0,2,N
31,5,20,14,2,3,1,0,0,DEU,0,1,0,130.0,0,N
31,7,29,16,2,0,1,0,0,USA,0,1,1,135.0,2,Y
379,7,30,21,0,2,2,0,0,PRT,0,1,0,62.0,0,Y
50,8,35,25,0,4,2,0,0,PRT,0,1,0,62.0,0,N
59,8,36,31,0,4,2,0,0,DEU,0,1,0,109.8,1,N
23,8,32,7,1,2,2,2,0,DZA,0,6,0,270.0,1,N
54,10,44,29,2,1,2,0,0,PRT,0,1,0,95.0,1,Y
0,1,2,6,0,2,1,0,0,ESP,0,1,0,79.0,0,N
407,5,18,6,2,1,2,0,0,PRT,0,1,0,90.0,0,Y
99,4,18,27,2,4,2,0,0,USA,0,4,0,107.95,1,N
0,6,24,13,0,1,1,0,0,PRT,0,1,0,80.0,0,Y
233,8,34,17,0,4,2,0,0,ITA,0,2,1,81.81,1,Y
21,9,39,24,1,1,2,0,0,PRT,0,1,0,163.0,2,N
153,6,25,21,0,4,1,0,0,PRT,0,1,0,110.0,0,Y
328,9,37,10,0,2,2,0,0,PRT,1,1,0,62.0,0,Y
82,11,45,4,2,3,2,0,0,PRT,0,1,0,122.76,2,N
8,11,45,5,0,1,2,0,0,CHN,0,1,0,130.0,0,N
57,4,16,21,0,2,2,0,0,CHE,0,6,0,225.0,0,Y
38,2,9,25,0,1,1,0,0,PRT,0,1,1,79.0,0,Y
101,4,15,4,1,2,2,0,0,PRT,0,1,0,80.0,0,Y
181,8,32,3,1,4,2,0,0,FRA,0,1,0,108.45,1,N
32,9,36,5,2,1,2,0,0,PRT,0,1,0,94.5,3,N
106,12,50,9,0,2,2,0,0,PRT,0,1,0,75.0,0,Y
304,11,45,3,0,3,2,0,0,PRT,0,1,0,89.0,0,Y
325,9,37,7,1,1,2,0,0,PRT,1,1,0,62.0,0,Y
80,4,16,11,1,2,2,0,0,DEU,0,1,0,80.75,0,N
146,6,24,11,2,2,2,0,0,GBR,0,1,0,85.0,1,N
15,3,13,31,0,2,1,0,0,ECU,0,1,0,111.0,0,N
202,8,33,19,2,5,1,0,0,PRT,0,1,0,106.59,1,Y
253,4,16,16,2,1,2,0,0,ITA,0,1,0,109.8,1,N
39,2,7,12,2,3,2,2,0,FRA,0,6,0,145.52,1,N
34,3,13,20,2,2,2,0,0,GBR,0,4,0,73.8,0,N
304,11,45,3,0,3,2,0,0,PRT,0,1,0,89.0,0,Y
1,5,20,10,0,1,2,0,0,FRA,0,1,0,83.0,0,N
107,12,52,21,2,5,2,0,0,NLD,0,1,4,76.69,1,N
0,3,10,4,0,1,2,0,0,PRT,0,1,0,89.0,0,N
98,3,9,3,0,2,2,0,0,FRA,0,1,0,97.2,0,Y
8,5,20,16,0,1,1,0,0,PRT,0,1,0,150.0,0,N
45,8,32,4,0,1,2,1,0,NLD,0,1,0,152.1,0,Y
14,2,5,3,0,1,2,0,0,PRT,0,1,0,84.0,1,N
3,12,50,5,1,0,1,0,0,PRT,0,4,0,137.0,0,Y
42,7,27,3,1,0,2,1,0,USA,0,1,0,149.0,1,N
4,5,22,24,0,2,1,0,0,JPN,0,5,1,160.0,0,N
100,10,44,31,1,1,2,0,0,PRT,0,1,0,62.0,0,Y
116,8,33,16,2,4,2,0,0,FRA,0,1,0,125.0,1,Y
4,8,34,19,0,2,2,0,0,GBR,0,1,0,106.0,2,N
172,8,33,18,1,2,2,0,0,FRA,0,1,0,118.2,1,N
0,8,35,27,0,1,2,0,0,PRT,0,1,0,122.0,2,N
316,5,19,10,0,2,2,0,0,PRT,0,1,0,109.8,1,Y
2,3,10,4,0,1,2,0,0,BRA,0,1,0,101.0,0,N
69,9,37,9,0,2,2,0,0,PRT,0,1,0,62.0,0,N
94,3,14,28,1,5,2,0,0,DEU,0,1,1,110.75,1,N
29,10,43,18,0,5,2,0,0,DEU,0,1,0,119.0,2,N
175,5,20,19,0,1,1,0,0,PRT,0,1,0,90.0,0,Y
150,1,1,2,2,1,2,0,0,PRT,0,1,0,101.0,0,Y
35,3,11,6,2,2,2,0,0,FRA,0,1,0,65.06,1,N
64,5,21,17,0,2,1,0,0,CHE,0,1,0,130.0,0,N
0,1,2,5,0,3,1,0,0,PRT,0,4,0,0.0,2,N
284,4,17,27,0,3,2,0,0,SWE,0,1,0,104.4,0,Y
10,2,8,21,0,5,2,0,0,ITA,0,4,0,102.0,0,N
63,8,33,13,2,1,2,0,0,GBR,0,1,0,140.0,1,Y
57,8,32,6,1,0,2,1,0,USA,0,1,1,165.0,0,N
92,11,46,11,0,1,2,0,0,THA,0,1,0,90.0,0,N
89,10,40,3,2,2,2,0,0,PRT,0,1,0,62.0,0,Y
538,12,53,29,0,2,2,0,0,PRT,0,1,0,62.8,0,Y
156,4,17,26,0,3,2,0,0,PRT,0,1,0,100.0,0,Y
70,7,28,7,0,1,2,0,0,IDN,0,1,0,107.1,0,Y
240,7,30,23,2,1,2,0,0,PRT,0,1,0,110.0,0,Y
31,2,6,10,0,2,2,0,0,GBR,0,1,0,88.0,2,N
18,6,24,11,2,2,2,0,0,NLD,0,4,0,139.0,1,N
130,3,11,17,1,2,2,2,0,ITA,0,6,0,156.6,1,N
31,10,43,18,2,2,2,0,0,IRL,0,1,0,85.5,2,N
325,7,28,15,1,1,2,0,0,BRA,0,1,0,103.5,2,Y
151,3,12,20,1,1,2,0,0,PRT,0,1,0,95.0,1,N
1,2,10,28,2,1,1,0,0,PRT,0,1,0,60.0,0,Y
3,9,39,19,1,0,1,0,0,PRT,0,1,0,65.0,0,N
182,4,18,30,2,1,2,0,0,GBR,0,1,0,90.09,1,N
48,4,15,10,1,3,2,0,0,DEU,0,1,0,108.0,0,Y
165,6,26,30,1,2,2,0,0,GBR,0,1,0,110.4,1,N
0,3,13,29,0,2,2,0,0,NLD,0,1,0,98.0,1,N
409,5,22,31,0,3,2,0,0,PRT,0,1,0,90.0,0,Y
145,6,27,26,2,4,2,0,0,ITA,0,1,0,90.95,2,Y
1,1,5,27,0,2,1,0,0,DEU,0,1,1,71.7,0,N
145,6,26,26,1,2,3,0,0,BRA,0,5,0,189.0,0,Y
80,5,19,8,1,1,2,0,0,MOZ,0,1,0,126.0,0,N
140,4,17,28,2,2,2,0,0,PRT,0,1,0,130.0,0,Y
304,11,45,3,0,3,2,0,0,PRT,0,1,0,89.0,0,Y
9,11,45,4,1,4,2,0,0,AUT,0,1,0,95.0,0,N
96,8,34,20,2,2,2,0,0,DEU,0,1,0,80.1,1,N
256,6,25,15,0,2,2,0,0,DEU,0,1,0,124.0,1,N
110,5,20,8,2,1,2,0,0,BEL,0,1,0,94.5,0,Y
101,4,18,26,0,1,1,0,0,PRT,0,1,0,0.0,0,N
123,6,24,7,1,5,2,0,0,FRA,0,1,0,119.85,1,N
6,11,48,22,2,0,1,0,0,FRA,0,1,0,81.0,0,N
123,5,19,8,1,4,2,0,0,NOR,0,1,3,111.6,1,N
5,5,22,29,1,0,1,0,0,PRT,0,1,0,0.0,0,N
295,8,32,8,2,2,2,0,0,PRT,1,1,0,62.0,0,Y
247,6,24,6,1,1,2,0,0,PRT,0,1,0,109.0,0,Y
251,3,13,22,0,3,2,0,0,PRT,0,1,0,125.0,0,Y
65,9,37,12,2,1,2,0,0,PRT,0,1,0,86.0,0,Y
8,1,2,11,0,3,2,0,0,ESP,0,1,0,87.69,2,N
4,2,8,19,0,1,2,0,0,PRT,0,1,0,80.0,0,Y
34,12,50,8,0,2,1,0,0,PRT,1,1,0,90.0,0,Y
137,1,5,27,0,2,1,0,0,PRT,1,1,0,70.0,0,Y
271,7,29,15,0,2,2,0,0,PRT,0,1,0,62.0,0,N
16,7,27,5,0,1,3,1,0,USA,0,7,0,237.48,1,N
476,7,28,15,2,4,2,0,0,USA,0,1,2,101.33,1,N
215,11,48,21,1,1,1,0,0,ITA,0,1,3,75.0,1,N
48,8,34,22,0,3,1,0,0,ITA,0,1,0,116.99,0,N
9,2,6,5,0,1,1,0,0,PRT,0,1,0,80.0,0,N
85,7,28,3,2,3,1,0,0,BEL,0,1,0,108.9,0,Y
4,9,37,5,1,1,2,0,0,KOR,0,1,0,149.0,0,Y
76,9,38,16,0,2,2,0,0,PRT,0,1,0,62.0,0,Y
283,6,22,2,2,2,2,0,0,DEU,0,1,0,84.15,3,N
148,5,18,4,0,2,2,0,0,PRT,0,1,0,95.0,0,Y
50,6,24,11,2,2,1,0,0,GBR,0,1,0,126.0,0,N
10,5,19,13,1,1,2,0,0,CHE,0,1,0,150.0,2,N
41,6,27,28,2,6,2,1,0,POL,0,5,0,150.3,0,Y
91,6,23,10,1,1,2,0,0,FRA,0,1,0,133.0,0,N
68,2,7,13,1,1,2,0,0,FRA,0,1,0,78.3,1,N
173,4,16,21,0,2,2,0,0,GBR,0,1,0,117.0,2,Y
39,3,13,27,1,1,1,0,0,MYS,0,1,0,98.0,0,Y
302,8,33,15,2,2,2,0,0,PRT,1,1,0,62.0,0,Y
198,9,37,9,1,2,2,0,0,PRT,0,1,0,120.0,0,Y
180,10,42,10,1,2,1,0,0,GUY,0,1,1,120.0,0,N
76,4,15,9,2,3,2,0,0,NOR,0,1,0,100.8,0,Y
52,8,34,18,1,3,2,1,0,ISR,0,1,0,152.1,3,Y
64,9,38,16,0,1,2,0,0,RUS,0,4,0,149.4,0,Y
88,4,17,26,0,3,2,0,0,PRT,0,1,0,140.0,0,Y
210,6,25,19,1,3,2,0,0,PRT,0,1,0,130.0,0,Y
322,2,6,5,2,3,2,1,0,FRA,0,1,2,92.65,0,Y
105,7,31,24,2,4,2,1,0,ITA,0,1,1,15.0,2,N
2,8,34,17,1,3,2,0,0,CHN,0,1,0,122.0,2,N
8,10,41,10,2,1,2,0,0,PRT,1,1,0,62.0,0,Y
151,1,4,19,0,3,1,0,0,SRB,0,1,3,71.0,0,N
294,8,32,7,0,2,2,0,0,PRT,1,1,0,62.0,0,Y
83,5,18,3,0,4,2,0,0,USA,0,4,0,135.0,0,Y
44,7,27,1,0,1,2,2,0,PRT,0,5,0,156.95,2,N
41,8,33,12,0,2,2,0,0,PRT,0,1,0,62.0,0,N
18,6,26,21,0,2,2,0,0,PRT,0,1,1,100.0,0,N
14,11,45,4,0,1,1,0,0,PRT,0,1,0,70.0,0,N
164,10,40,2,0,2,1,0,0,PRT,0,1,0,100.0,0,N
31,6,27,30,1,3,2,0,0,FRA,0,4,0,156.15,1,N
145,8,35,29,2,1,2,0,0,ITA,0,1,0,94.5,0,N
240,10,43,21,1,2,2,0,0,PRT,0,1,0,110.0,0,Y
440,9,39,22,0,2,2,0,0,PRT,0,1,0,62.0,0,Y
3,3,10,4,0,2,1,0,0,CHE,0,1,0,107.0,0,N
450,7,28,11,0,1,2,0,0,PRT,0,1,0,90.0,0,Y
66,9,36,1,0,3,2,0,0,ESP,0,1,0,141.9,1,N
120,5,18,6,2,2,2,0,0,DEU,0,1,0,108.0,1,Y
154,7,28,7,2,3,2,0,0,FRA,0,4,0,120.7,1,N
39,9,37,8,0,1,2,0,0,DEU,0,1,0,125.1,1,N
178,9,37,9,0,2,1,0,0,PRT,0,1,0,135.0,0,Y
84,9,37,9,0,2,3,0,0,ESP,0,4,0,177.3,2,Y
240,7,30,23,2,1,2,0,0,PRT,0,1,0,110.0,0,Y
183,5,19,11,1,3,2,0,0,PRT,0,1,0,130.0,0,Y
322,12,50,9,0,2,2,0,0,PRT,0,1,0,52.0,0,Y
0,8,36,31,1,2,1,0,0,ESP,0,1,1,95.5,0,N
6,12,53,30,1,2,2,0,0,ITA,0,1,0,126.0,0,N
53,2,7,17,2,3,2,0,0,AUS,0,1,0,74.8,0,N
20,10,41,4,2,4,2,0,0,FRA,0,1,0,107.0,0,N
81,7,28,3,2,3,1,0,0,CHN,0,1,0,108.9,1,N
104,3,12,19,2,5,2,0,0,FRA,0,1,0,75.0,1,N
0,2,7,14,0,1,2,0,0,PRT,0,1,0,99.0,0,N
0,2,8,25,0,1,1,0,0,CHN,0,1,1,88.2,0,N
204,6,24,17,2,3,1,0,0,PRT,0,1,0,120.0,0,Y
48,8,32,9,0,3,2,0,0,FRA,0,1,0,140.0,2,N
8,1,4,22,2,3,2,0,0,ITA,0,4,2,102.0,0,Y
54,3,12,17,1,3,2,0,0,BRA,0,1,0,89.46,0,Y
168,9,37,11,0,2,2,0,0,PRT,0,1,0,60.0,0,N
240,10,43,21,1,2,2,0,0,PRT,0,1,0,110.0,0,Y
151,4,15,13,0,3,2,0,0,PRT,0,1,0,126.0,1,Y
137,1,5,27,0,2,1,0,0,PRT,1,1,0,70.0,0,Y
405,7,27,4,0,2,1,0,0,PRT,0,1,1,91.5,0,N
150,6,24,17,2,3,1,0,0,PRT,0,1,0,120.0,0,Y
65,5,22,23,1,1,1,0,0,PRT,0,1,2,85.0,0,Y
44,11,48,25,2,4,2,0,0,DEU,0,1,0,74.8,0,Y
61,1,4,25,0,2,2,0,0,PRT,0,1,0,80.0,0,Y
87,6,25,12,2,5,2,0,0,ITA,0,1,0,134.42,1,N
30,1,1,7,8,21,2,0,0,AGO,0,4,0,98.6,0,Y
454,10,41,6,0,2,2,0,0,PRT,0,1,0,62.0,0,Y
300,8,33,13,0,2,2,0,0,PRT,1,1,0,62.0,0,Y
58,5,20,15,1,2,2,0,0,DEU,0,1,0,129.6,1,N
265,6,26,24,0,2,2,0,0,DEU,0,1,0,115.0,1,N
433,9,38,15,0,2,2,0,0,PRT,0,1,0,62.0,0,Y
71,6,25,14,0,3,1,0,0,PRT,0,1,0,120.0,0,Y
64,4,15,13,0,3,2,0,0,BRA,0,1,0,132.0,0,N
42,4,18,26,0,3,2,0,0,IND,0,1,0,72.76,0,N
305,10,40,1,1,1,2,0,0,PRT,1,1,0,100.0,0,Y
297,8,33,10,1,1,2,0,0,PRT,1,1,0,62.0,0,Y
296,9,39,21,0,4,2,0,0,ITA,0,1,0,117.0,1,N
6,10,41,4,0,1,2,0,0,NLD,0,1,0,140.0,0,N
252,10,42,15,2,1,2,0,0,DEU,0,1,1,106.3,0,N
334,9,38,16,0,2,2,0,0,PRT,1,1,0,62.0,0,Y
52,3,11,13,1,1,1,0,0,PRT,0,1,0,80.0,0,Y
73,4,13,1,2,1,2,0,0,GBR,0,1,0,117.0,1,Y
233,6,25,23,1,2,2,0,0,PRT,0,1,0,105.0,0,Y
91,3,10,9,1,3,2,0,0,BEL,0,1,0,79.2,0,N
91,7,29,16,2,1,2,0,0,NLD,0,4,0,127.8,2,N
40,9,36,3,1,1,2,0,0,PRT,0,1,0,96.0,0,Y
13,7,30,19,0,3,2,1,0,ESP,0,1,0,208.83,3,N
11,10,44,30,1,2,2,0,0,PRT,1,1,0,113.33,1,Y
25,2,6,9,2,3,2,0,0,CHE,0,1,0,91.8,2,N
112,8,33,8,1,2,3,1,0,PRT,0,5,0,176.7,3,Y
290,10,43,20,2,3,2,0,0,CHE,0,1,3,90.95,0,N
240,6,25,24,2,5,2,0,0,DEU,0,1,0,89.0,1,N
123,5,22,22,2,4,2,0,0,FRA,0,4,0,114.75,1,Y
0,4,15,10,1,0,1,0,0,FRA,0,1,0,112.0,1,N
566,1,4,26,0,2,2,0,0,PRT,0,1,0,62.0,0,Y
140,7,28,7,0,4,2,0,0,PRT,1,1,0,76.5,2,Y
256,7,29,21,0,1,2,1,0,DEU,0,1,0,125.1,2,N
29,5,21,19,0,2,2,0,0,PRT,0,4,0,111.5,1,N
61,10,42,14,2,5,2,0,0,FRA,0,4,2,132.3,0,Y
78,6,26,28,0,2,2,0,0,DEU,0,1,0,89.1,0,N
146,6,26,27,0,1,3,0,0,ESP,0,1,0,117.0,0,Y
3,11,46,9,0,4,2,2,0,FRA,0,6,0,246.25,1,N
3,9,38,12,1,2,1,0,0,FRA,0,4,0,110.0,0,N
41,3,12,13,2,1,2,0,0,POL,0,1,0,85.67,0,N
256,9,38,14,1,2,2,0,0,SWE,0,1,0,76.67,0,N
351,6,26,23,0,2,2,0,0,PRT,0,1,0,62.0,0,Y
55,9,39,22,0,1,2,0,0,GBR,0,4,0,137.7,0,N
407,5,18,6,2,1,2,0,0,PRT,0,1,0,90.0,0,Y
5,2,7,17,2,2,2,0,0,GBR,0,1,0,79.48,2,N
73,4,15,3,2,1,2,1,0,GBR,0,1,2,94.0,1,N
31,4,14,7,1,2,2,0,0,BRA,0,1,0,120.0,0,Y
18,9,37,11,2,2,2,0,0,PRT,0,1,1,116.75,1,Y
247,5,21,25,0,3,2,0,0,DEU,0,4,0,138.6,1,Y
238,3,13,28,0,4,2,0,0,DEU,0,4,0,97.75,1,N
140,7,27,3,1,2,2,0,0,FRA,0,4,1,111.6,0,N
12,9,40,25,2,0,2,0,0,USA,0,1,0,149.0,0,Y
39,5,18,5,0,1,3,0,0,CHN,0,4,0,197.1,0,Y
251,3,13,22,0,3,2,0,0,PRT,0,1,0,125.0,0,Y
68,10,45,30,2,1,2,0,0,ITA,0,1,0,96.6,1,N
208,9,38,12,5,12,3,0,0,BRA,0,4,2,150.45,0,Y
155,7,30,17,2,5,2,0,0,FRA,0,1,6,101.88,1,Y
3,1,2,12,0,2,1,0,0,PRT,0,1,1,75.0,1,N
179,8,32,8,0,5,3,0,0,PRT,0,4,0,171.66,1,N
67,6,27,26,2,0,3,0,0,FIN,0,4,0,132.3,2,N
271,7,29,15,0,2,3,0,0,PRT,0,1,1,84.0,0,N
3,10,41,8,0,1,2,0,0,PRT,0,1,0,65.0,0,Y
257,7,27,1,0,2,2,0,0,PRT,0,1,0,101.5,0,N
150,4,17,26,0,4,2,0,0,NOR,0,1,0,99.0,1,N
117,11,45,4,2,5,2,0,0,IRL,0,1,0,126.0,1,Y
0,12,50,7,1,0,2,0,0,PRT,0,1,0,0.0,0,N
83,10,42,13,1,3,1,0,0,GBR,0,5,0,152.78,0,N
110,8,35,22,1,1,3,0,0,FRA,0,1,1,153.4,0,N
14,1,2,8,2,3,2,0,0,TUR,0,1,0,82.88,2,Y
6,3,11,10,0,2,1,0,0,COL,0,1,0,93.0,0,Y
109,4,18,30,2,1,2,0,0,GBR,0,1,0,77.03,1,N
14,3,11,10,0,2,2,0,0,FRA,0,1,0,70.0,0,N
63,3,10,5,2,1,2,0,0,PRT,0,1,0,80.3,0,N
220,8,34,15,1,1,2,0,0,DEU,0,1,1,99.0,1,N
1,1,3,20,0,2,2,1,0,PRT,0,1,0,128.0,2,N
153,7,31,30,2,5,2,0,0,FRA,0,4,0,83.85,1,N
41,5,18,2,0,4,2,2,0,NLD,0,6,0,259.0,0,N
377,10,42,14,0,2,2,0,0,DEU,0,1,0,115.0,1,N
164,8,31,4,2,7,2,0,1,PRT,0,1,0,67.15,2,Y
175,6,23,9,0,2,2,0,0,PRT,0,1,0,65.0,0,N
68,11,49,27,2,1,2,1,0,ESP,0,1,0,109.8,0,Y
156,4,17,28,1,2,3,0,0,IRL,0,4,0,166.5,0,N
25,11,45,4,0,4,2,0,0,PRT,1,4,0,99.45,1,Y
59,9,37,6,0,4,2,0,0,IRL,0,4,0,126.9,0,N
1,8,32,5,0,2,2,0,0,PRT,0,2,0,12.0,1,Y
0,11,45,2,1,4,2,0,0,FRA,0,1,0,107.0,1,N
341,9,39,23,0,2,2,0,0,PRT,1,1,0,62.0,0,Y
52,4,17,18,1,1,2,0,0,PRT,0,1,0,85.5,0,N
180,7,27,2,2,5,2,0,0,GBR,0,1,0,89.1,0,N
8,8,33,13,2,5,2,0,0,PRT,0,2,0,76.5,1,Y
208,5,21,24,0,2,2,0,0,PRT,0,1,0,12.0,0,Y
93,6,25,22,2,3,2,0,0,DEU,0,1,0,85.0,0,N
21,6,26,25,1,0,2,0,0,BRA,0,1,0,160.0,0,Y
102,8,31,1,0,3,2,0,0,ESP,0,1,0,112.5,0,Y
7,10,41,8,0,3,1,0,0,PRT,0,1,0,65.45,0,N
395,3,13,21,1,2,2,0,0,PRT,1,1,0,62.8,0,Y
199,10,44,28,0,2,2,0,0,PRT,0,1,0,95.0,0,Y
42,3,13,21,1,2,2,0,0,PRT,0,1,0,63.0,0,Y
180,8,33,16,2,4,2,0,0,GBR,0,1,0,71.1,0,N
16,3,11,15,0,3,1,0,0,PRT,0,4,0,71.67,2,N
102,10,42,16,0,2,2,0,0,DEU,0,1,0,109.0,0,N
27,9,39,20,0,1,2,0,0,POL,0,1,0,95.0,0,N
0,8,32,2,0,1,3,0,0,BRA,0,1,0,174.0,0,N
28,5,22,28,0,1,2,0,0,KOR,0,4,0,156.0,0,N
7,6,23,7,0,2,1,0,0,PRT,0,4,0,121.83,0,N
7,12,50,4,2,0,2,0,0,DZA,0,1,0,104.0,2,N
59,2,6,6,2,2,2,0,0,AUT,0,1,0,62.0,0,N
251,6,26,30,2,2,2,1,0,BRA,0,1,0,127.58,2,Y
20,1,1,1,1,0,2,0,0,PRT,0,1,0,65.0,0,N
21,1,4,22,2,2,1,0,0,ESP,0,1,0,67.58,1,N
39,8,34,15,1,1,2,1,0,BRA,0,1,0,152.1,3,Y
54,9,36,1,0,1,3,0,0,GBR,0,4,0,142.2,2,N
27,3,11,10,2,5,2,0,0,ITA,0,1,0,77.2,2,Y
10,8,34,18,0,3,2,0,0,FRA,0,1,0,81.0,2,N
112,9,40,26,1,1,2,0,0,PRT,0,1,0,139.8,0,N
464,10,44,28,0,2,2,0,0,PRT,0,1,0,65.0,0,Y
113,8,33,13,2,2,2,0,0,KOR,0,1,0,125.0,1,N
94,3,10,4,0,2,2,0,0,PRT,1,1,0,80.0,0,Y
282,10,41,10,2,1,1,0,0,SWE,0,1,0,0.0,0,N
353,10,41,5,1,1,2,0,0,PRT,1,1,0,62.0,0,Y
45,1,2,9,5,14,2,0,0,BRA,0,4,0,96.9,0,Y
26,5,21,22,1,1,2,0,0,PRT,0,1,0,128.0,0,Y
173,4,14,7,2,2,3,0,0,DNK,0,4,0,149.4,0,N
174,7,31,31,1,3,3,0,0,ESP,0,4,2,184.5,0,Y
32,1,2,8,1,2,2,0,0,PRT,0,1,0,58.0,1,N
192,6,26,24,0,2,1,0,0,SRB,0,1,1,95.0,0,N
379,10,44,31,1,1,2,0,0,PRT,1,1,0,62.0,0,Y
198,9,37,9,1,2,2,0,0,PRT,0,1,0,90.0,0,Y
161,8,31,4,1,2,2,0,0,GBR,0,1,0,135.33,1,N
342,9,39,24,2,4,2,0,0,PRT,1,1,0,170.0,0,Y
210,8,34,15,1,3,2,0,0,PRT,0,1,0,90.95,1,N
102,4,17,24,1,3,2,0,0,IRL,0,1,0,100.0,0,N
36,10,42,13,0,3,1,0,0,PRT,0,1,0,91.0,0,N
330,6,23,2,0,2,2,0,0,PRT,0,1,0,62.0,0,Y
107,12,53,27,0,3,3,0,0,ITA,0,4,1,207.67,0,N
68,8,35,31,0,2,2,0,0,USA,0,1,0,129.0,1,Y
168,4,17,22,1,2,2,0,0,PRT,0,1,0,85.0,0,Y
48,4,16,15,0,1,1,0,0,PRT,0,4,0,127.8,0,N
33,11,46,7,1,2,1,0,0,CHE,0,1,0,197.0,2,N
42,11,49,29,0,3,1,0,0,PRT,0,1,0,90.0,0,Y
50,5,21,21,0,1,2,0,0,PRT,0,1,0,126.9,0,Y
15,11,47,17,2,4,2,0,0,RUS,0,1,0,92.5,0,Y
37,3,11,15,0,2,2,0,0,PRT,0,1,0,110.0,0,Y
19,6,26,29,0,2,1,0,0,PRT,0,1,0,120.0,1,N
48,2,8,22,0,2,1,0,0,ESP,0,1,0,65.0,1,N
12,10,42,10,1,0,2,0,0,PRT,0,1,0,130.0,0,N
282,10,41,10,2,1,2,0,0,PRT,1,1,0,96.0,0,Y
32,10,44,25,0,5,2,0,0,FRA,0,1,0,85.0,1,N
144,4,17,27,2,4,2,0,0,NLD,0,4,0,124.5,0,N
251,8,32,12,2,1,2,0,0,USA,0,1,0,112.5,2,Y
15,9,38,16,0,2,2,0,0,USA,0,4,0,115.0,2,N
48,5,23,30,1,3,2,0,0,DEU,0,1,0,85.5,0,N
426,9,37,8,0,2,2,0,0,PRT,0,1,0,62.0,0,Y
98,11,47,18,1,2,2,0,0,ESP,0,1,0,124.2,1,N
270,4,17,20,0,4,2,0,0,ISL,0,1,1,80.0,0,N
7,12,50,6,0,1,3,0,0,PRT,0,1,0,18.0,1,N
42,3,12,25,2,6,2,0,0,BRA,0,4,0,109.95,0,Y
3,7,28,12,0,2,2,0,0,IRL,0,4,0,86.35,0,N
68,10,45,30,2,1,2,0,0,FRA,0,1,0,96.6,2,N
0,3,13,21,1,0,2,0,0,PRT,0,5,0,135.0,0,N
17,4,16,14,2,4,2,1,0,BEL,0,1,0,132.0,3,Y
55,6,25,17,2,2,1,0,0,NLD,0,4,0,133.65,1,N
50,10,43,24,1,1,2,0,0,PRT,0,1,0,75.0,0,Y
10,10,41,4,1,0,2,0,0,BRA,0,1,0,87.78,1,N
87,10,44,23,2,1,3,0,0,NLD,0,4,0,141.9,0,N
57,2,9,27,2,4,2,0,0,CHE,0,1,0,59.21,1,N
314,8,35,27,0,2,2,0,0,PRT,1,1,0,62.8,0,Y
40,6,26,21,0,1,2,0,0,PRT,0,1,0,76.92,0,Y
290,8,32,3,1,1,2,0,0,PRT,1,1,0,62.0,0,Y
175,5,20,19,0,1,1,0,0,PRT,0,1,0,90.0,0,Y
408,5,22,30,0,1,2,0,0,PRT,0,1,0,90.0,0,Y
2,11,48,24,0,1,2,0,0,PRT,0,1,1,77.0,0,N
159,4,15,13,0,3,2,0,1,ESP,0,1,1,117.0,1,Y
51,3,13,21,1,3,2,0,0,PRT,0,2,0,83.3,1,N
2,4,17,20,0,1,1,0,0,PRT,0,1,0,95.0,1,N
28,8,32,9,0,3,2,0,0,USA,0,1,0,160.0,1,Y
46,12,51,16,1,2,2,0,0,ESP,0,1,0,79.2,1,Y
16,4,15,13,0,3,2,0,0,ESP,0,1,0,147.33,1,N
178,8,36,31,0,2,2,0,0,GBR,0,2,0,103.69,0,Y
6,7,27,1,0,2,1,0,0,PRT,0,1,0,0.0,0,N
35,5,19,10,0,1,2,0,0,PRT,0,1,0,130.0,0,Y
17,11,46,9,0,4,2,0,0,USA,0,5,0,178.75,0,Y
9,10,42,13,0,2,1,0,0,PRT,0,1,0,67.0,1,N
41,6,23,8,1,3,1,0,0,ITA,0,1,3,130.0,1,Y
213,6,24,7,0,3,2,0,0,PRT,0,1,0,130.0,0,Y
7,4,17,23,1,1,2,0,0,ESP,0,1,0,131.0,2,N
91,12,50,9,0,2,2,0,0,GBR,0,1,0,88.0,0,Y
59,7,28,13,1,3,2,0,0,CN,0,4,0,137.25,0,Y
141,8,35,22,1,2,3,0,0,ESP,0,4,0,137.7,0,Y
64,5,22,27,0,2,2,0,0,GBR,0,4,0,140.4,0,Y
45,11,47,19,1,1,2,0,0,DEU,0,1,0,93.6,0,Y
0,2,9,25,0,1,1,0,0,PRT,0,1,0,0.0,1,N
122,11,48,25,0,1,1,0,0,PRT,0,1,0,67.0,0,N
41,8,35,24,0,3,2,0,0,ESP,0,1,1,145.1,0,N
143,5,18,4,0,3,2,0,0,PRT,0,1,0,100.0,0,Y
103,7,29,18,2,1,2,0,0,ITA,0,1,0,94.5,0,Y
55,4,15,6,0,1,2,0,0,PRT,0,1,0,104.0,0,N
134,8,33,16,0,2,1,0,0,USA,0,1,0,71.1,0,N
159,8,34,25,0,2,2,0,0,ISR,0,4,0,139.5,0,Y
137,1,5,27,0,2,1,0,0,PRT,1,1,0,70.0,0,Y
74,9,38,18,0,2,1,0,0,PRT,0,1,0,87.0,0,N
74,6,24,10,0,2,2,0,0,FRA,0,1,0,116.1,1,N
37,10,42,13,0,3,1,0,0,PRT,0,1,0,95.0,0,Y
28,4,17,28,0,2,2,0,0,DEU,0,1,0,92.0,1,N
14,10,42,15,0,1,1,0,0,ITA,0,1,1,100.0,0,N
128,8,33,11,0,3,2,0,0,BEL,0,1,0,123.3,2,N
151,5,21,27,1,1,2,0,0,ITA,0,1,0,114.0,1,Y
32,11,47,14,1,4,3,0,0,CHN,0,4,0,107.1,1,Y
136,7,29,17,1,2,2,0,0,PRT,1,1,0,60.0,0,Y
5,3,12,14,1,3,2,0,0,FRA,0,1,0,109.0,1,N
288,5,19,5,0,3,2,0,0,FRA,0,1,0,81.67,0,N
2,7,28,14,0,1,2,0,0,CN,0,4,0,145.0,0,N
149,6,25,24,0,1,2,0,0,PRT,0,1,0,130.0,0,Y
49,9,39,22,0,1,1,0,0,PRT,0,1,0,65.0,0,N
476,7,28,15,2,1,1,0,0,GBR,0,1,2,91.33,0,N
100,9,40,28,0,4,2,0,0,ITA,0,1,1,140.0,1,N
26,5,21,22,1,1,2,0,0,PRT,0,1,0,128.0,0,Y
39,8,33,10,1,1,2,0,0,PRT,0,1,0,62.0,0,Y
61,12,52,22,2,5,2,0,0,DEU,0,1,0,88.4,4,Y
174,6,26,25,1,0,2,0,0,AUS,0,4,0,130.5,0,Y
172,7,27,6,0,2,2,0,0,CN,0,1,0,89.1,0,N
32,11,47,20,0,2,1,0,0,PRT,1,1,0,73.0,0,Y
119,8,35,27,2,6,2,0,0,ISR,0,1,1,82.87,1,N
33,4,18,29,2,2,2,0,0,BEL,0,4,0,140.4,1,N
315,9,40,30,1,2,2,0,0,PRT,0,1,0,160.0,0,Y
31,2,9,22,1,2,3,0,0,GBR,0,4,0,102.9,1,N
139,6,24,12,1,1,2,0,0,PRT,0,1,0,110.0,0,Y
0,2,6,2,0,2,1,0,0,PRT,1,1,0,65.0,0,N
398,8,33,11,0,2,2,0,0,PRT,0,1,0,62.0,0,Y
164,5,20,15,1,2,1,0,0,PRT,0,1,0,160.0,0,Y
291,8,31,2,2,5,2,0,0,FRA,0,1,1,107.1,1,N
256,6,25,15,0,2,2,0,0,DEU,0,1,0,115.0,1,N
0,10,43,20,0,1,1,0,0,IRQ,0,1,0,139.0,0,N
48,10,43,19,1,3,2,0,0,DEU,0,1,0,94.5,1,N
76,3,12,24,1,2,2,0,0,DEU,0,4,0,106.2,1,Y
73,12,50,4,2,0,2,0,0,FRA,0,1,0,75.0,0,N
42,3,12,25,2,2,3,0,0,FRA,0,5,0,130.05,2,N
5,12,51,17,0,2,2,0,0,POL,0,4,0,69.0,0,N
153,9,37,4,2,0,2,0,0,ITA,0,1,0,116.1,0,Y
36,11,47,14,1,4,2,0,0,FRA,0,4,0,96.9,3,N
316,5,19,10,0,2,2,0,0,PRT,0,4,0,123.3,1,Y
1,8,32,8,0,1,1,0,0,PRT,5,1,1,0.0,3,N
18,6,25,20,2,8,2,0,0,IRN,0,7,0,276.9,0,Y
0,12,52,25,0,0,2,0,0,PRT,0,1,1,0.0,0,N
0,1,1,4,0,1,2,0,0,DEU,0,1,0,88.0,1,N
254,9,38,16,0,2,1,0,0,ITA,0,1,0,91.0,0,N
51,11,47,17,0,3,2,0,0,GBR,0,1,0,68.47,1,N
247,10,44,28,1,2,2,0,0,PRT,0,1,0,110.0,0,Y
99,7,30,18,1,3,2,0,0,PRT,0,1,0,141.75,2,N
6,10,43,20,0,2,1,0,0,PRT,0,1,0,129.0,3,N
88,12,52,18,2,1,2,0,0,FRA,0,1,0,75.0,0,N
59,5,22,28,2,5,3,0,0,CHE,0,4,0,159.3,2,N
10,9,38,12,1,0,1,0,0,GBR,0,1,0,87.01,1,N
26,2,6,6,1,5,2,0,0,FRA,0,1,0,77.0,0,N
22,11,48,26,0,0,1,1,0,SVN,0,2,1,0.0,1,N
18,2,5,3,1,2,2,0,0,FRA,0,1,0,88.0,0,Y
31,10,40,2,0,1,2,0,0,PRT,0,1,0,111.6,1,Y
41,1,4,28,1,1,2,0,0,PRT,0,1,0,79.5,1,Y
167,8,32,10,0,1,2,1,0,CN,0,1,0,148.5,0,Y
54,11,46,12,2,1,2,0,0,ESP,0,1,0,88.2,1,Y
182,4,18,27,0,4,2,0,0,PRT,1,1,0,75.0,0,Y
52,2,9,26,2,0,2,2,0,PRT,0,6,0,140.8,0,N
75,8,35,31,0,3,3,0,0,FRA,0,4,0,193.33,0,Y
133,7,29,11,1,1,2,1,0,DEU,0,1,0,126.0,0,N
199,10,44,28,0,2,2,0,0,PRT,0,1,0,95.0,0,Y
85,9,40,30,0,3,2,0,0,DEU,0,1,0,125.0,0,N
81,3,13,25,2,2,2,0,0,PRT,0,1,0,65.0,0,Y
128,7,29,21,1,2,2,0,0,GBR,0,4,0,138.0,0,N
5,3,11,6,1,0,1,0,0,GBR,0,1,0,97.0,0,N
54,11,46,11,1,2,2,0,0,POL,0,1,0,96.0,1,N
107,8,33,9,2,4,2,0,0,PRT,0,1,0,63.75,1,Y
66,4,15,9,2,0,2,0,0,PRT,0,1,0,100.0,0,Y
45,5,21,21,2,2,2,0,0,GBR,0,1,0,116.1,1,N
44,5,21,19,0,1,2,0,0,ESP,0,1,0,76.5,0,N
67,3,12,23,0,3,2,0,0,NLD,0,5,0,133.2,1,N
56,6,24,8,0,1,2,0,0,PRT,0,1,0,120.0,0,Y
18,12,53,27,0,1,1,0,0,BRA,0,1,2,60.0,0,N
275,10,41,5,1,4,2,0,0,PRT,0,1,0,90.0,0,Y
335,10,42,13,0,3,1,0,0,FRA,0,1,0,90.0,0,N
150,6,25,16,0,3,2,0,0,FRA,0,1,0,90.0,1,N
9,4,18,29,0,2,1,0,0,PRT,0,1,0,100.0,0,N
317,9,38,15,0,2,2,0,0,PRT,0,1,0,120.0,0,Y
132,7,29,14,0,3,2,0,0,PRT,0,1,0,72.25,0,N
0,8,35,27,2,2,2,0,0,DEU,0,4,0,129.83,1,N
336,9,38,18,0,2,2,0,0,PRT,1,1,0,101.5,0,Y
5,4,15,4,1,1,1,0,0,DEU,0,1,0,95.0,1,N
159,5,22,31,0,2,2,0,0,DEU,0,1,0,126.0,1,N
0,8,34,18,0,3,1,0,0,DNK,0,4,0,178.33,1,N
330,9,37,12,2,1,2,0,0,PRT,1,1,0,62.8,0,Y
8,3,10,1,0,2,1,0,0,ESP,0,1,1,56.0,0,N
317,9,38,15,0,2,2,0,0,PRT,0,1,0,120.0,0,Y
66,2,7,8,1,2,3,0,0,FRA,0,1,0,85.0,1,N
153,8,32,3,1,2,2,0,0,PRT,1,1,1,12.0,0,Y
56,2,5,1,0,3,2,0,0,PRT,0,1,0,60.0,0,Y
142,6,26,28,0,3,2,1,0,NOR,0,1,0,135.0,0,Y
15,12,53,27,1,5,3,0,0,BRA,0,5,1,140.0,0,N
80,9,40,25,2,2,2,0,0,PRT,0,1,0,135.9,0,N
39,8,33,14,0,2,2,0,0,DEU,0,1,0,109.0,0,N
13,1,3,11,1,2,2,0,0,FRA,0,1,0,82.0,0,N
0,5,21,23,0,1,2,0,0,PRT,0,1,0,160.0,0,N
448,6,24,17,2,1,2,0,0,PRT,0,1,0,90.0,0,Y
80,7,31,24,2,2,2,0,0,NLD,0,1,0,72.25,0,N
224,12,53,29,2,3,2,0,0,AUS,0,1,0,82.11,0,Y
0,8,33,14,0,2,2,0,0,PRT,0,1,0,109.0,0,Y
0,10,44,29,0,1,1,0,0,PRT,0,1,0,120.0,0,N
91,5,18,6,2,5,1,0,0,DEU,0,5,0,164.57,0,Y
307,8,34,20,0,2,2,0,0,PRT,1,1,0,62.8,0,Y
6,5,19,9,0,4,1,0,0,IRL,0,4,1,110.0,0,N
21,3,11,14,0,1,1,0,0,PRT,0,1,2,251.0,0,N
38,4,15,9,1,0,3,0,0,DEU,0,4,0,190.0,1,N
296,9,39,21,0,4,2,0,0,ITA,0,1,0,117.0,1,N
102,7,31,25,1,4,3,0,0,PRT,0,1,0,96.9,0,Y
337,9,38,19,2,2,2,0,0,PRT,1,1,0,62.0,0,Y
16,5,18,1,1,0,2,0,0,CHN,0,1,0,96.0,1,N
26,9,38,15,2,6,2,0,0,DEU,0,1,0,56.25,1,N
407,5,18,6,2,1,2,0,0,PRT,0,1,0,90.0,0,Y
2,2,9,26,2,0,1,0,0,PRT,0,1,0,79.2,0,N
447,9,40,29,0,2,2,0,0,PRT,0,1,0,62.0,0,Y
163,8,34,21,1,2,2,2,0,ITA,0,5,0,240.0,1,N
10,6,25,16,0,3,2,0,0,CN,0,1,0,129.0,1,Y
135,12,53,28,0,1,3,0,0,ESP,0,4,1,131.4,2,Y
62,6,26,20,1,2,2,1,0,BGR,0,1,0,88.8,1,N
13,5,20,16,2,5,2,0,0,FRA,0,6,0,194.34,2,N
38,5,20,15,1,2,1,0,0,ITA,0,1,0,134.5,0,N
172,7,30,25,0,2,1,0,0,ROU,0,1,0,121.5,0,N
0,3,13,29,0,2,2,0,0,CN,0,1,1,108.0,0,N
29,5,19,9,0,2,1,0,0,POL,0,1,4,130.0,0,N
31,12,49,2,0,2,2,0,0,GBR,0,1,0,88.0,0,Y
164,9,40,30,2,2,2,0,0,BEL,0,4,0,126.9,1,N
75,5,22,26,0,2,2,0,0,FRA,0,4,0,140.4,0,Y
7,1,3,16,2,1,2,0,0,DEU,0,1,0,78.3,0,Y
86,1,4,22,0,1,1,0,0,PRT,1,1,0,75.0,0,Y
19,7,30,25,2,2,1,0,0,PRT,0,1,0,0.0,0,N
478,8,32,8,0,1,2,0,0,PRT,0,1,0,90.0,0,Y
65,9,36,5,1,1,2,0,0,PRT,0,1,0,62.0,0,Y
16,9,39,25,2,3,1,0,0,GBR,0,1,0,170.0,0,N
94,8,32,5,1,2,2,1,0,CN,0,1,1,134.1,0,Y
53,7,29,10,2,1,2,0,0,PRT,0,1,0,100.5,1,N
100,4,18,25,1,2,2,0,0,DEU,0,1,0,81.2,0,N
22,11,48,26,0,2,2,0,0,PRT,0,1,0,97.0,0,Y
23,3,10,7,0,4,2,0,0,ITA,0,4,0,102.43,0,N
396,6,26,25,2,0,2,0,0,DEU,0,1,0,122.4,1,N
169,6,23,8,0,3,2,0,0,PRT,0,1,0,170.0,0,Y
18,1,3,21,1,1,2,0,0,FRA,0,1,0,97.5,0,Y
330,9,37,12,2,1,2,0,0,PRT,1,1,0,62.8,0,Y
165,7,28,8,2,2,2,0,0,IRL,0,1,0,99.45,1,N
61,4,14,4,0,2,3,0,0,GBR,0,4,1,162.0,0,Y
81,4,14,1,0,2,2,0,0,PRT,0,1,0,0.0,0,N
14,5,22,27,0,1,2,0,0,PRT,0,1,0,73.0,0,N
5,10,44,26,0,1,1,0,0,ESP,0,1,0,105.0,0,N
188,8,33,8,1,1,2,1,0,ITA,0,1,1,164.25,1,N
226,7,30,22,0,2,2,0,0,USA,0,1,0,76.5,1,N
24,12,51,13,0,4,2,0,0,FRA,0,1,0,68.07,0,N
373,4,14,5,0,3,2,0,0,PRT,0,1,0,90.0,0,Y
104,3,12,19,2,5,2,0,0,FRA,0,1,0,75.0,1,N
309,5,20,13,1,2,2,0,0,PRT,0,1,0,101.0,0,Y
0,1,4,20,0,1,1,0,0,PRT,0,1,0,65.0,0,N
0,3,13,20,2,3,2,0,0,ESP,0,1,0,124.2,0,N
12,8,32,5,0,3,2,0,0,RUS,0,1,0,65.0,0,N
12,2,7,12,2,3,2,1,0,DEU,0,1,0,111.0,1,N
181,8,32,4,2,5,2,0,0,PRT,0,4,0,112.2,1,Y
110,4,17,27,2,3,2,0,0,GBR,0,1,0,118.8,1,N
6,12,50,6,2,2,2,0,0,FRA,0,1,0,58.0,0,N
148,12,53,30,1,4,2,0,0,PRT,0,1,0,67.0,0,Y
167,7,28,13,0,3,2,0,0,IRL,0,4,0,116.1,0,Y
24,6,25,13,1,1,1,0,0,MLT,0,1,0,89.25,0,N
521,8,35,29,0,1,2,0,0,PRT,0,1,0,90.0,0,Y
219,12,52,22,2,3,2,0,0,ITA,0,1,3,106.25,1,N
79,3,9,2,0,3,2,0,0,ITA,0,1,0,97.2,1,Y
18,9,38,12,1,0,2,0,0,CHN,0,1,0,89.0,0,N
29,2,8,20,1,3,2,0,0,FRA,0,1,0,69.7,0,Y
3,8,33,14,1,2,2,0,0,PRT,0,1,0,126.67,2,Y
74,7,30,23,4,5,2,0,0,GBR,0,1,0,145.56,1,Y
26,3,9,1,2,4,2,0,0,GBR,0,4,0,113.0,1,N
111,3,13,23,0,3,2,0,0,CHE,0,1,0,60.0,0,N
3,10,40,1,0,1,1,0,0,PRT,0,1,0,120.0,0,N
0,3,12,17,0,1,1,0,0,ESP,0,1,0,97.0,1,N
22,7,30,22,0,2,2,0,0,PRT,0,1,0,62.0,0,Y
115,3,13,20,2,0,1,0,0,PRT,1,1,0,70.0,0,Y
31,8,33,17,0,2,2,0,0,CHE,0,1,0,169.0,3,N
91,4,15,4,1,2,2,0,0,PRT,0,1,0,80.0,0,Y
8,9,39,23,2,5,1,0,0,PRT,0,1,0,187.43,2,N
82,3,10,5,2,4,2,0,0,USA,0,1,0,91.8,0,Y
186,11,48,24,0,3,2,0,0,GBR,0,1,0,64.56,0,N
12,2,8,14,2,1,2,0,0,FRA,0,1,0,87.0,1,N
74,5,21,15,2,3,2,0,0,DEU,0,4,0,132.6,0,Y
5,5,23,29,2,2,2,0,0,GBR,0,4,0,117.73,0,Y
46,6,25,24,1,1,2,0,0,DEU,0,1,0,150.0,1,N
12,1,4,19,0,2,1,0,0,DEU,0,1,2,71.0,0,N
188,7,31,25,1,3,2,0,0,NLD,0,1,0,90.95,1,N
45,11,48,25,1,2,2,0,0,BRA,0,1,0,90.0,0,N
23,9,37,6,0,2,2,0,0,AUT,0,1,0,118.0,1,N
36,9,40,28,0,3,2,0,0,CHE,0,4,0,147.6,2,N
346,12,53,28,0,4,2,0,0,GBR,0,1,0,72.25,0,Y
45,6,26,28,0,2,2,0,0,DEU,0,1,0,108.0,0,N
93,4,14,6,0,3,2,0,0,PRT,0,1,0,95.0,0,Y
261,10,42,16,0,1,2,0,0,PRT,1,1,0,120.0,0,Y
45,11,46,9,1,3,2,0,0,FRA,0,4,0,60.0,0,N
1,2,9,24,0,2,1,0,0,PRT,0,1,0,65.5,0,N
139,7,31,30,2,1,2,2,0,FRA,0,6,0,192.3,1,Y
29,12,49,2,0,2,1,0,0,DEU,0,1,4,66.18,1,N
1,3,13,22,0,3,2,0,0,BRA,0,1,0,112.0,0,N
48,5,19,6,1,2,3,0,0,GBR,0,4,0,159.3,0,N
32,4,16,13,0,3,3,0,0,FRA,0,4,0,140.7,0,Y
23,9,37,10,1,3,2,0,0,CN,0,1,0,65.55,1,N
6,8,34,21,2,3,2,0,0,ESP,0,1,0,96.4,0,N
118,7,29,11,2,5,3,0,0,ESP,0,1,1,133.46,1,N
93,7,30,24,4,10,2,0,0,ECU,0,4,0,112.5,1,Y
179,8,34,22,2,1,2,0,0,PRT,1,1,0,86.0,0,Y
67,3,13,26,0,1,2,0,0,PRT,0,1,1,89.24,1,N
83,4,17,23,2,3,2,0,0,BRA,0,1,1,12.0,2,N
54,6,25,17,1,2,3,0,0,PRT,0,4,0,159.3,2,N
152,5,19,2,1,3,2,0,0,PRT,0,1,0,76.58,1,Y
39,9,40,25,1,0,1,0,0,DEU,0,1,0,138.7,0,N
69,4,14,6,0,3,1,0,0,PRT,0,1,0,85.0,0,Y
1,2,7,13,0,1,1,0,0,ITA,0,1,0,79.0,0,N
135,12,49,5,2,1,2,0,0,ESP,0,1,0,62.0,0,N
49,3,13,24,1,3,2,0,0,NLD,0,1,1,62.8,0,N
69,6,25,12,2,4,1,0,0,PRT,0,1,0,120.0,0,Y
451,7,28,12,0,3,2,0,0,PRT,0,1,0,90.0,0,Y
4,3,12,14,1,2,1,0,0,RUS,0,1,0,80.08,1,N
407,5,18,6,2,1,2,0,0,PRT,0,1,0,90.0,0,Y
215,6,26,28,0,4,2,0,0,PRT,0,1,0,110.0,0,Y
423,6,24,14,0,3,2,0,0,GBR,0,1,0,112.67,1,N
2,3,11,9,0,4,2,0,0,ITA,0,1,0,105.0,1,N
123,6,24,17,2,1,2,0,0,CHN,0,1,0,105.3,1,N
146,6,23,4,2,1,2,1,0,DEU,0,1,0,162.0,2,N
121,6,26,24,1,2,2,0,0,PRT,0,1,0,90.0,0,Y
6,5,23,29,2,2,3,0,0,CN,0,4,0,135.58,3,N
126,4,16,14,0,3,2,0,0,PRT,0,1,0,65.0,0,Y
106,7,28,8,2,6,2,0,0,GBR,0,1,0,72.25,2,N
0,10,42,12,1,2,1,0,0,ISR,0,1,0,106.67,0,N
28,3,9,2,0,3,2,0,0,PRT,0,1,0,95.0,0,Y
33,1,4,22,2,3,1,0,0,DEU,0,1,0,74.38,0,N
116,7,30,18,2,5,2,0,0,ITA,0,4,0,121.37,0,Y
198,9,37,9,1,2,2,0,0,PRT,0,1,0,90.0,0,Y
13,5,20,15,1,2,1,0,0,FRA,0,5,0,125.0,0,N
180,5,19,2,1,1,2,0,0,ITA,0,1,0,100.0,1,N
178,9,37,9,0,2,1,0,0,PRT,0,1,0,135.0,0,Y
163,4,15,13,1,3,2,0,0,DEU,0,4,0,137.25,2,Y
98,11,48,23,1,4,2,0,0,MEX,0,1,3,75.0,0,N
79,10,41,10,1,1,2,0,0,ESP,0,1,0,62.0,0,N
21,6,25,18,2,2,2,0,0,ISR,0,5,0,190.0,0,N
58,8,35,24,0,4,2,0,0,PRT,0,1,0,85.0,1,N
153,7,31,27,0,4,2,0,0,DEU,0,1,0,91.38,1,N
104,4,15,5,0,2,2,0,0,PRT,0,1,0,96.0,0,Y
27,8,33,8,1,1,2,1,0,FRA,0,1,0,195.5,2,N
56,3,12,24,1,2,2,0,0,NLD,0,4,0,106.2,1,N
38,3,10,3,0,3,2,0,0,PRT,0,1,0,87.71,1,N
292,7,30,21,0,2,2,0,0,DEU,0,1,0,115.0,0,N
43,9,38,16,0,2,2,0,0,PRT,0,1,0,130.0,0,Y
27,9,38,18,2,2,2,0,0,PRT,0,1,0,120.9,0,Y
35,11,49,28,1,2,1,0,0,AUT,0,1,0,65.0,0,N
69,9,37,9,0,2,2,0,0,PRT,0,1,0,62.0,0,N
43,5,20,9,1,2,2,0,0,AUT,0,1,0,126.9,0,Y
10,2,8,21,0,2,2,0,0,NLD,0,1,0,70.0,2,N
332,9,39,22,1,3,2,0,0,PRT,0,1,1,77.23,0,N
212,10,42,9,2,2,3,0,0,BRA,0,4,0,103.84,1,N
184,8,35,27,2,2,2,0,0,NLD,0,1,0,90.95,1,N
138,8,34,22,2,1,2,0,0,ITA,0,1,0,94.5,0,N
4,8,34,20,0,1,2,0,0,PRT,0,1,0,121.6,0,Y
76,4,14,3,1,4,2,0,0,FRA,0,1,0,85.0,0,N
158,10,42,9,2,1,3,0,0,FRA,0,4,0,151.2,2,N
273,5,20,13,1,2,2,0,0,PRT,0,1,0,95.0,0,Y
66,6,23,4,1,1,3,0,0,FRA,0,4,0,154.8,0,Y
101,4,18,26,0,1,1,0,0,PRT,0,1,0,74.0,0,Y
165,8,33,13,2,5,3,0,0,FRA,0,1,0,137.34,0,Y
277,11,46,7,1,2,2,0,0,PRT,0,1,0,100.0,0,Y
239,8,35,27,2,3,2,0,0,DEU,0,1,0,96.25,0,N
266,9,37,9,0,2,2,0,0,PRT,0,1,0,105.0,0,Y
4,2,6,5,0,2,2,1,0,ESP,0,1,0,120.0,2,N
226,7,30,22,0,2,2,0,0,USA,0,1,0,76.5,1,N
82,5,19,2,1,1,1,0,0,ITA,0,1,1,80.0,1,N
307,8,34,20,0,2,2,0,0,PRT,1,1,0,62.8,0,Y
39,4,15,11,0,3,2,0,0,BEL,0,1,0,120.0,0,Y
125,7,31,29,0,1,2,1,0,FRA,0,1,0,130.5,1,N
25,1,2,9,1,1,2,0,0,PRT,0,1,2,70.0,0,N
294,4,17,26,2,6,2,0,0,DEU,0,1,0,109.8,2,Y
10,10,41,7,2,2,2,0,0,AGO,0,1,0,134.5,4,N
82,7,29,16,1,0,3,0,0,GRC,0,4,0,190.0,1,N
18,3,12,18,1,2,2,0,0,FRA,0,1,0,97.0,0,Y
98,5,20,14,2,2,2,0,0,AUT,0,1,0,139.5,4,N
14,9,38,11,2,0,2,0,0,PRT,0,1,0,118.0,1,N
55,11,48,24,2,3,2,0,0,BRA,0,1,1,68.07,1,N
2,2,7,17,0,2,1,0,0,PER,0,1,0,99.0,1,N
4,12,51,19,0,1,2,0,0,PRT,0,2,0,77.25,1,N
0,8,33,12,0,3,2,0,0,FRA,0,1,0,138.0,0,N
1,4,14,5,0,1,1,0,0,PRT,0,4,0,157.5,0,Y
334,1,1,2,1,4,3,0,0,RUS,0,4,0,107.95,3,N
279,7,30,23,0,2,2,0,0,PRT,1,1,0,62.0,0,Y
457,8,34,25,0,2,2,0,0,PRT,0,1,0,122.4,1,Y
150,7,29,10,2,5,3,0,0,NLD,0,1,0,96.9,2,N
61,2,10,29,1,2,1,0,0,DEU,0,1,0,78.9,1,Y
178,4,18,28,0,3,1,0,0,PRT,1,1,0,110.0,0,Y
10,8,35,24,0,1,2,0,0,GBR,0,1,0,140.0,3,Y
346,9,40,28,1,1,2,0,0,PRT,1,1,0,62.0,0,Y
99,2,8,19,0,1,2,0,0,PRT,1,1,0,80.0,0,Y
301,8,33,14,0,2,2,0,0,PRT,1,1,0,101.5,0,Y
289,10,42,17,0,1,1,0,0,PRT,0,1,1,0.0,0,N
132,7,30,23,0,1,2,0,0,PRT,0,1,0,90.0,0,N
489,11,46,10,0,2,2,0,0,PRT,0,1,0,62.8,0,Y
50,10,43,24,0,1,2,0,0,PRT,0,1,0,146.0,0,Y
158,5,22,24,0,2,1,0,0,PRT,0,1,0,130.0,0,Y
295,6,25,22,0,2,2,0,0,BEL,0,Unknown,0,108.0,2,Y
150,8,33,14,1,2,2,0,0,FRA,0,Unknown,0,76.5,1,N
461,10,42,13,0,1,1,0,0,PRT,0,Unknown,0,59.0,0,Y
12,2,6,3,0,2,2,2,0,CHN,0,Unknown,0,171.0,0,Y
162,8,34,14,2,1,3,0,0,ITA,0,Unknown,0,146.7,0,Y
95,5,19,8,1,3,2,0,0,GBR,0,Unknown,0,108.0,0,Y
6,9,37,11,1,2,2,0,0,PRT,0,Unknown,0,127.0,0,Y
62,4,15,9,2,1,2,0,0,ITA,0,Unknown,0,118.8,0,N
12,6,27,29,0,2,1,0,0,USA,0,Unknown,0,151.0,2,N
61,3,11,10,0,3,2,0,0,GBR,0,Unknown,0,87.3,0,Y
464,10,44,28,0,2,2,0,0,PRT,0,1,2,65.0,0,Y
26,2,6,7,0,1,1,0,0,FRA,0,1,1,75.0,0,N
56,5,23,30,1,0,1,0,0,PRT,0,1,0,120.0,0,Y
27,3,11,15,0,1,1,0,0,PRT,0,4,0,89.97,0,Y
0,7,30,24,0,2,2,1,0,PRT,0,4,1,0.0,2,N
11,4,16,10,1,0,1,0,0,USA,0,4,0,90.0,1,N
5,10,42,12,1,1,2,0,0,PRT,0,1,0,138.0,0,N
56,12,50,7,0,3,2,0,0,ITA,0,2,1,82.44,1,N
72,10,41,7,0,2,2,0,0,TUN,0,1,1,85.5,0,Y
28,5,20,19,0,2,3,0,0,ITA,0,4,0,230.0,1,Y
346,9,38,13,0,2,2,0,0,DEU,0,1,0,115.0,1,N
301,7,31,30,1,1,2,0,0,DEU,0,1,0,115.0,1,N
34,6,25,12,2,1,0,2,0,USA,0,2,0,119.5,1,N
6,12,49,3,0,2,2,0,0,SGP,0,1,0,55.0,0,N
31,4,16,14,0,1,2,0,0,PHL,0,1,0,94.5,0,Y
270,7,29,17,1,3,2,0,0,FRA,0,1,0,89.1,0,Y
59,2,7,14,0,5,2,0,0,FRA,0,4,0,98.6,2,N
5,5,22,24,0,1,1,0,0,PRT,1,1,0,67.0,0,N
45,3,9,3,0,2,2,0,0,FRA,0,1,0,75.0,0,N
21,5,20,9,1,3,2,0,0,JPN,0,1,0,114.0,2,N
13,4,16,14,0,1,2,0,0,PRT,0,1,1,131.6,0,Y
64,7,31,25,1,3,2,0,0,FRA,0,1,0,94.5,1,N
83,4,15,3,2,1,2,2,0,GBR,0,6,0,159.3,2,N
189,3,11,14,0,5,2,0,0,DEU,0,1,0,68.07,1,N
3,6,26,20,1,1,1,0,0,PRT,0,1,0,67.0,1,N
19,3,12,18,0,2,2,1,0,ITA,0,1,0,174.5,0,Y
268,7,29,12,2,1,2,0,0,PRT,1,1,0,82.0,0,Y
286,5,20,11,0,4,3,0,0,AUT,0,1,1,143.5,1,N
72,3,11,17,0,1,2,2,0,USA,0,6,0,160.2,0,Y
80,4,16,10,2,1,1,0,0,PRT,0,1,0,100.0,0,Y
206,5,18,1,1,2,2,0,0,BEL,0,1,0,117.0,0,N
0,3,10,1,0,2,1,0,0,PRT,0,1,0,89.0,1,N
6,3,11,15,0,2,1,0,0,IRL,0,2,0,100.6,0,Y
138,7,28,11,3,6,1,0,0,PRT,0,1,0,68.0,1,Y
444,12,49,1,0,3,1,0,0,PRT,1,1,0,75.0,0,Y
29,11,45,6,1,2,2,0,0,CHE,0,1,0,96.3,2,N
43,12,50,4,2,1,2,0,0,FRA,0,4,0,110.2,1,N
0,8,33,10,1,1,2,1,0,MAR,0,1,0,110.0,0,N
2,9,38,17,2,3,2,0,0,PRT,0,5,0,181.79,0,Y
36,11,45,1,0,3,2,0,0,FRA,0,1,0,75.0,0,N
14,1,5,28,0,1,1,0,0,PRT,0,1,0,80.0,0,N
0,8,36,30,0,4,3,0,0,HRV,0,4,1,142.2,1,N
81,8,34,16,0,2,2,1,0,FRA,0,1,0,161.1,1,N
0,9,38,17,0,1,1,0,0,PRT,0,1,0,0.0,0,N
98,11,48,23,1,4,1,0,0,MEX,0,1,1,70.0,0,N
87,9,39,25,2,3,2,0,0,PRT,0,1,0,170.0,0,Y
68,4,16,21,0,2,2,0,0,AUT,0,1,0,126.0,3,N
61,7,30,29,2,1,3,0,0,CHN,0,5,0,197.4,0,Y
59,10,42,15,2,4,2,0,0,FIN,0,1,0,89.25,2,N
85,8,31,1,1,5,2,0,0,ESP,0,1,0,144.33,1,Y
271,9,39,21,0,3,1,0,0,BEL,0,1,1,85.67,0,N
7,2,7,10,1,4,3,0,0,FRA,0,4,2,127.0,1,Y
0,2,6,7,0,2,2,0,1,PRT,0,1,2,107.0,1,N
207,8,33,7,2,5,2,0,0,ITA,0,1,0,90.95,1,N
169,6,23,8,0,3,2,0,0,PRT,0,1,0,170.0,0,Y
17,2,9,23,0,4,2,2,0,GBR,0,6,0,171.0,0,N
157,8,34,19,2,3,2,2,0,POL,0,6,0,217.6,0,Y
74,9,38,18,0,2,2,0,0,PRT,0,1,0,101.5,0,Y
6,3,11,10,0,3,2,0,0,TUR,0,1,0,65.0,0,N
39,6,27,27,1,3,2,0,0,FRA,0,1,0,113.4,0,Y
4,8,34,20,0,1,2,0,0,PRT,0,1,0,121.6,0,Y
109,6,26,30,1,2,2,0,0,GBR,0,5,0,198.0,0,Y
139,12,49,3,0,1,2,0,0,PRT,0,1,0,72.25,1,Y
172,7,27,3,1,3,3,0,0,BRA,0,4,0,153.9,0,Y
19,4,16,18,0,3,1,0,0,NLD,0,1,0,79.8,1,N
62,4,17,22,0,1,2,0,0,DEU,0,4,0,91.48,1,N
46,3,12,20,1,2,3,0,0,FRA,0,4,0,142.2,0,Y
128,11,48,26,1,1,2,0,0,DEU,0,1,0,79.2,0,Y
71,4,18,24,2,1,2,0,0,PRT,0,1,0,88.5,0,N
32,6,23,7,1,4,1,0,0,CHE,0,1,0,137.6,2,N
6,8,34,14,2,2,2,0,0,PRT,0,4,0,170.0,2,N
29,10,41,5,1,4,2,0,0,POL,0,4,0,161.0,2,N
76,3,13,26,2,3,2,0,0,DEU,0,4,0,99.45,0,Y
66,4,16,15,2,3,2,0,0,CHE,0,4,0,108.8,0,N
219,6,23,9,1,2,2,0,0,PRT,0,1,0,105.0,0,Y
140,11,47,18,0,3,1,0,0,PRT,0,1,1,65.0,0,N
68,2,7,16,2,3,2,0,0,FRA,0,1,0,90.1,1,N
161,3,13,25,1,2,2,0,0,PRT,0,1,0,130.0,0,Y
291,8,34,19,0,2,2,0,0,PRT,0,1,0,115.0,0,Y
223,7,27,5,1,4,2,0,0,USA,0,1,0,89.1,0,Y
40,11,48,20,2,2,2,0,0,BRA,0,1,0,57.6,1,N
233,9,38,18,0,1,2,0,0,PRT,1,1,0,120.0,0,Y
252,5,18,4,1,3,3,0,0,IRL,0,4,0,145.8,1,Y
63,7,27,2,1,3,1,0,0,PRT,0,1,0,68.0,0,Y
169,6,23,8,0,3,2,0,0,PRT,0,1,0,170.0,0,Y
4,9,38,16,0,3,2,0,0,PRT,0,4,0,147.6,1,Y
82,5,22,31,0,3,2,0,0,NLD,0,4,2,198.0,2,N
2,8,32,3,1,0,2,0,0,PRT,0,2,0,12.0,1,Y
42,4,16,21,1,2,2,0,0,BRA,0,4,0,156.67,2,N
13,10,43,22,2,5,2,0,0,NLD,0,1,0,131.97,0,N
223,8,35,29,0,4,2,0,0,BEL,0,1,0,99.0,2,Y
34,1,3,18,0,1,1,0,0,ESP,0,1,0,75.0,0,N
8,3,14,30,0,1,2,1,0,DNK,0,1,0,128.0,2,N
45,12,49,2,0,2,3,0,0,PRT,0,4,0,127.2,0,Y
377,10,42,14,0,2,2,0,0,DEU,0,1,0,115.0,1,N
197,5,19,7,2,1,2,0,0,BEL,0,1,0,99.0,2,Y
73,7,31,29,1,2,3,1,0,FRA,0,5,0,173.7,0,N
175,5,20,19,0,1,1,0,0,PRT,0,1,0,90.0,0,Y
290,6,25,17,1,2,2,0,0,FRA,0,1,0,72.0,1,N
49,3,10,10,1,2,2,0,0,CZE,0,1,0,77.76,1,N
206,4,16,22,2,1,1,0,0,ROU,0,1,0,109.8,0,Y
346,9,38,13,0,2,1,0,0,PRT,0,1,1,90.0,0,N
71,6,25,14,0,3,1,0,0,PRT,0,1,0,120.0,0,Y
360,10,42,12,1,1,2,0,0,PRT,1,1,0,62.0,0,Y
109,5,22,23,1,3,2,0,0,CHE,0,1,0,75.0,0,N
57,4,18,28,0,2,3,0,0,ITA,0,1,0,148.95,0,N
265,7,28,9,0,2,2,0,0,PRT,1,1,0,62.0,0,Y
167,5,20,14,2,1,2,0,0,FRA,0,1,0,126.0,1,Y
295,8,32,8,2,2,2,0,0,PRT,1,1,0,62.0,0,Y
105,5,20,19,0,2,1,0,0,PRT,0,1,0,160.0,0,Y
34,12,50,8,0,2,1,0,0,PRT,1,1,0,90.0,0,Y
258,10,41,2,2,5,2,0,0,CHE,0,1,0,90.1,0,Y
180,10,42,10,1,0,1,0,0,FRA,0,1,0,98.1,1,Y
36,11,46,8,0,2,2,0,0,FRA,0,1,0,142.45,1,N
80,9,38,12,1,2,3,0,0,FRA,0,4,0,168.3,0,Y
198,10,40,3,1,1,2,0,0,PRT,0,1,0,60.0,0,Y
70,8,31,4,0,1,2,2,0,NLD,0,6,1,249.0,1,N
6,7,28,12,0,1,2,0,0,PRT,0,1,0,75.0,0,N
129,8,34,17,0,1,3,0,0,ITA,0,4,0,146.7,3,N
241,3,10,9,0,3,1,0,0,DEU,0,1,0,84.6,0,Y
180,11,47,13,1,0,1,0,0,GBR,0,1,0,51.28,2,N
64,5,22,27,0,2,2,0,0,GBR,0,4,0,140.4,0,Y
6,11,48,23,0,2,1,0,0,PRT,0,1,0,65.0,1,N
6,10,43,19,1,3,2,0,0,PRT,1,1,1,114.0,0,Y
0,4,16,15,0,1,2,0,0,PRT,0,1,0,99.0,1,N
26,2,5,4,1,1,2,0,0,FRA,0,1,2,90.0,0,N
125,4,16,20,0,3,2,0,0,PRT,0,1,0,85.0,0,Y
154,7,29,17,1,3,2,0,0,FIN,0,4,0,116.1,0,Y
9,2,6,3,0,2,1,0,0,FRA,0,1,0,67.0,0,N
112,8,35,31,1,3,2,0,0,DEU,0,1,0,145.0,2,Y
444,12,49,1,0,3,1,0,0,PRT,1,1,0,75.0,0,Y
1,10,42,13,0,1,1,0,0,PRT,0,1,0,0.0,1,Y
30,8,32,8,0,2,2,0,0,FRA,0,1,0,180.0,2,Y
2,6,27,29,0,4,2,0,0,PRT,0,6,0,214.0,0,Y
11,3,11,12,2,2,2,0,0,FRA,0,1,0,93.93,1,N
169,6,23,8,0,3,2,0,0,PRT,0,1,0,170.0,0,Y
205,5,23,29,2,1,2,0,0,PRT,0,1,0,90.0,0,Y
104,4,18,28,2,3,2,0,0,DEU,0,1,0,96.55,1,N
127,7,27,8,2,3,3,0,0,GBR,0,1,1,122.08,1,N
313,8,35,26,0,2,2,0,0,PRT,1,1,0,62.0,0,Y
153,6,25,21,0,4,1,0,0,PRT,0,1,0,110.0,0,Y
15,2,7,17,0,2,2,0,0,PRT,0,1,0,95.0,0,Y
52,5,20,18,1,3,2,0,0,CHE,0,1,0,160.0,0,Y
14,7,29,17,1,2,1,0,0,IRL,0,1,1,75.0,2,N
322,12,50,9,0,2,2,0,0,PRT,0,1,0,52.0,0,Y
11,6,27,30,0,3,2,0,0,FRA,0,1,0,139.0,1,Y
54,5,18,3,0,1,2,0,0,PRT,0,1,0,126.0,0,Y
2,9,38,19,0,1,2,0,0,PRT,0,4,0,200.0,1,N
342,7,29,16,2,5,2,1,0,FRA,0,1,0,158.85,3,N
198,9,37,9,1,2,2,0,0,PRT,0,1,0,120.0,0,Y
168,6,25,18,2,2,2,0,0,FRA,0,4,2,130.5,3,N
133,4,16,19,0,4,2,0,0,ISL,0,1,0,124.0,0,N
72,11,46,12,1,1,2,0,0,ESP,0,1,0,95.4,0,Y
6,10,42,13,0,1,1,0,0,ESP,0,1,0,95.0,0,N
4,12,50,8,0,3,2,2,0,ESP,0,6,0,178.0,2,N
5,3,14,27,2,3,2,2,0,DEU,0,6,0,254.0,0,Y
6,2,5,4,0,1,2,0,0,PRT,0,1,1,97.0,1,N
137,1,5,27,0,2,1,0,0,PRT,1,1,0,70.0,0,Y
320,8,34,18,0,2,2,0,0,DEU,0,1,0,115.0,1,N
14,10,40,1,2,7,1,0,0,PRT,1,1,0,122.11,1,Y
0,8,34,20,0,1,2,0,0,STP,0,1,0,124.0,3,N
0,1,4,21,0,1,2,0,0,NLD,0,1,0,91.0,1,N
175,7,30,28,0,2,1,0,0,CHE,0,1,0,121.5,0,Y
188,6,23,2,0,3,2,0,0,ITA,0,1,0,80.75,0,N
69,3,11,17,1,2,2,0,0,GBR,0,1,0,79.2,0,N
35,8,33,7,2,2,2,0,0,NLD,0,1,1,154.1,2,N
89,8,34,15,1,1,3,0,0,NLD,0,4,0,150.3,1,N
28,1,1,5,1,3,2,1,0,HRV,0,1,0,107.1,2,N
213,6,24,7,0,3,2,0,0,PRT,0,1,0,130.0,0,Y
4,3,14,27,2,1,2,2,0,UKR,0,6,0,194.33,2,N
196,8,32,1,2,5,2,0,0,ITA,0,4,0,99.45,1,N
1,12,52,20,1,0,2,0,0,PRT,0,1,0,75.0,0,N
47,2,8,20,2,2,2,0,0,IRL,0,4,0,79.35,0,N
68,2,8,17,0,2,2,0,0,PRT,1,1,0,75.0,0,Y
42,10,41,2,2,1,2,0,0,GBR,0,1,0,97.02,1,N
3,3,10,7,6,15,1,0,0,PRT,0,7,0,231.81,0,Y
64,4,17,23,1,1,2,0,0,PRT,0,4,0,118.8,1,N
6,8,33,12,2,4,2,0,0,PRT,0,1,0,90.0,2,N
25,2,7,13,0,1,2,0,0,FRA,0,1,0,91.0,0,Y
2,5,20,8,2,4,1,0,0,AUT,0,1,0,119.67,0,N
275,4,17,17,2,0,2,0,0,PRT,0,1,0,110.0,0,Y
290,8,32,3,1,1,2,0,0,PRT,1,1,0,62.0,0,Y
26,10,43,21,0,1,1,0,0,PRT,0,1,0,65.0,0,N
165,7,28,8,0,2,2,0,0,ESP,0,1,0,94.5,0,Y
165,7,28,12,0,1,2,0,0,FRA,0,1,0,89.1,1,N
84,5,22,22,2,3,2,0,0,ESP,0,1,0,135.31,1,Y
517,12,50,8,0,2,2,0,0,PRT,0,1,0,62.8,0,Y
49,9,39,19,1,3,2,0,0,ESP,0,4,0,192.6,1,Y
344,6,25,16,0,2,2,0,0,PRT,0,1,0,62.0,0,Y
423,7,29,22,1,1,1,0,0,DEU,0,1,1,95.5,0,N
386,10,44,23,2,0,2,0,0,DEU,0,1,0,115.0,1,N
53,11,47,18,0,4,1,0,0,PRT,1,1,1,65.0,0,Y
311,8,35,28,1,0,2,0,0,PRT,0,1,0,89.1,0,N
175,7,27,7,0,2,2,0,0,GBR,0,1,0,89.1,0,N
37,2,6,9,2,3,2,0,0,FRA,0,1,0,74.8,1,Y
35,9,38,14,2,5,2,0,0,PRT,0,1,1,67.49,0,N
0,9,37,9,0,3,2,0,0,USA,0,1,0,152.0,2,N
8,1,3,20,1,2,2,0,0,NOR,0,4,0,123.33,0,N
5,6,26,20,1,0,1,0,0,FRA,0,1,0,95.0,0,N
243,7,30,26,0,4,2,0,0,PRT,0,1,0,110.0,0,Y
144,3,9,4,1,1,2,2,0,BRA,0,6,0,174.0,0,Y
24,5,20,20,0,1,1,0,0,PRT,0,1,1,130.0,1,Y
342,9,39,24,2,4,2,0,0,PRT,1,1,0,170.0,0,Y
45,10,43,20,0,1,1,0,0,PRT,0,1,2,94.5,2,N
45,9,37,8,0,5,2,0,0,CHE,0,1,0,82.98,0,N
54,3,12,17,1,3,2,0,0,BRA,0,1,0,89.46,0,Y
175,5,20,19,0,1,1,0,0,PRT,0,1,0,90.0,0,Y
26,7,30,25,0,1,3,0,0,FRA,0,4,0,210.0,2,Y
45,2,6,6,2,2,1,0,0,CHE,0,1,0,46.9,1,N
114,2,7,15,0,4,2,0,0,ESP,0,1,0,78.0,0,N
168,10,41,4,0,4,2,0,0,PRT,0,1,0,96.8,0,Y
215,11,48,21,1,1,1,0,0,FIN,0,1,0,75.0,0,N
110,4,17,26,1,4,2,0,0,NOR,0,4,0,158.95,0,Y
286,5,20,11,0,4,2,0,0,PRT,0,1,0,101.0,0,Y
159,8,34,23,0,4,3,1,0,PRT,0,7,0,225.48,1,Y
59,9,37,5,1,3,2,0,0,PRT,0,4,0,123.98,1,N
48,11,47,13,2,0,2,0,0,FRA,0,1,0,75.0,0,N
81,5,18,2,0,2,2,0,0,DEU,0,1,0,117.0,1,N
270,4,17,20,0,4,1,0,0,ISL,0,1,1,70.0,0,N
79,8,36,28,2,3,2,2,0,ESP,0,5,0,236.0,2,N
19,10,41,6,0,3,2,0,0,PRT,1,1,0,90.0,0,Y
16,3,12,23,0,2,1,0,0,BEL,0,1,3,93.0,0,N
100,9,40,28,0,4,2,0,0,ITA,0,1,0,140.0,1,N
434,6,22,3,2,1,2,0,0,GBR,0,1,0,112.67,1,N
11,2,6,6,0,1,2,0,0,PRT,0,1,0,93.0,1,N
42,11,46,9,0,4,2,0,0,DEU,0,1,0,133.03,1,N
113,6,22,2,1,2,2,0,0,GBR,0,1,0,126.0,0,Y
50,10,43,24,1,1,2,0,0,PRT,0,1,0,75.0,0,Y
71,5,20,10,0,3,2,0,0,PRT,0,1,0,90.0,0,Y
88,4,18,26,0,4,2,0,0,DEU,0,1,0,98.18,0,Y
90,6,23,10,1,1,2,0,0,IRL,0,1,0,100.8,0,N
312,8,35,25,0,4,1,0,0,PRT,1,1,0,60.0,0,Y
14,10,42,13,2,5,2,0,0,POL,0,1,0,131.43,2,N
316,5,22,26,0,3,2,0,0,AUT,0,1,0,110.0,0,N
184,7,28,10,3,6,3,0,0,DEU,0,4,2,151.17,1,Y
36,4,17,24,1,3,2,2,0,CHE,0,6,0,224.0,0,Y
238,9,38,18,2,3,2,0,0,PRT,1,1,0,89.25,2,Y
2,4,17,17,2,2,2,0,0,DEU,0,1,0,72.75,0,N
39,3,10,4,0,2,1,0,0,JPN,0,1,0,76.5,0,Y
55,12,50,8,0,3,1,0,0,ESP,0,1,0,86.4,2,Y
79,7,28,9,2,3,3,0,0,PRT,0,4,0,143.1,0,N
94,4,16,12,0,2,2,0,0,USA,0,1,0,96.3,1,N
41,3,12,16,2,7,2,1,0,PRT,0,4,0,66.72,1,N
323,9,36,5,2,2,2,0,0,PRT,1,1,0,62.0,0,Y
115,7,27,6,2,3,2,0,0,GBR,0,4,0,135.0,1,N
126,5,21,27,2,5,2,0,0,FRA,0,4,0,123.81,1,Y
64,8,35,27,2,1,2,0,0,GBR,0,4,0,143.4,1,Y
451,5,21,16,1,2,2,0,0,PRT,0,1,0,60.0,0,Y
180,4,16,13,0,1,2,0,0,PRT,1,1,0,125.0,0,Y
277,9,37,5,2,5,2,0,0,NOR,0,1,0,89.14,1,N
9,1,6,31,2,0,1,0,0,PRT,0,1,1,66.0,0,N
31,11,47,13,2,2,2,0,0,GBR,0,1,0,88.4,1,N
0,3,13,20,1,0,2,0,0,PRT,0,1,0,129.0,0,N
0,1,4,19,0,1,1,0,0,CHN,0,1,0,85.0,0,N
377,10,42,14,0,2,2,0,0,DEU,0,1,0,115.0,1,N
311,8,35,24,1,1,2,0,0,PRT,1,1,0,62.0,0,Y
139,5,21,24,0,3,2,0,0,BEL,0,4,0,139.5,1,N
7,10,44,29,0,1,1,0,0,PRT,0,1,0,65.0,0,N
7,5,18,1,1,3,1,0,0,CHE,0,5,0,210.0,0,N
52,4,15,12,0,1,3,0,0,DEU,0,4,0,171.0,0,N
44,2,8,17,0,3,2,0,0,PRT,0,1,0,75.0,0,Y
129,1,2,8,2,1,1,0,0,PRT,0,4,0,67.0,0,Y
37,5,21,21,0,1,2,0,0,CHE,0,4,0,108.11,1,N
304,8,34,17,1,1,2,0,0,PRT,1,1,0,62.0,0,Y
84,5,20,13,2,2,2,2,0,CHE,0,6,0,187.85,1,N
98,5,21,17,0,2,3,0,0,ISR,0,4,2,168.3,0,Y
16,7,27,2,2,0,2,1,0,ESP,0,1,0,180.0,0,N
71,6,24,9,0,1,2,0,0,JPN,0,1,0,126.9,0,Y
128,4,16,16,2,1,2,0,0,PRT,0,1,0,100.0,0,Y
4,2,7,9,0,3,2,1,0,JPN,0,4,0,97.1,2,N
197,6,23,3,1,2,2,0,0,PRT,1,1,0,80.0,0,Y
110,8,35,29,0,5,2,0,0,PRT,0,4,1,171.0,2,N
3,5,21,16,1,1,1,0,0,PRT,0,1,0,65.0,0,N
270,4,17,20,0,4,2,0,0,PRT,0,1,0,80.0,0,N
11,2,6,3,0,2,2,1,0,CHN,0,1,0,111.0,2,N
423,7,29,22,1,1,2,0,0,DEU,0,1,0,122.4,1,N
69,7,30,19,0,3,2,2,0,NLD,0,6,1,180.3,2,N
8,2,8,17,0,4,2,0,0,DEU,0,4,0,106.0,1,N
34,7,27,3,1,0,2,0,0,CN,0,1,0,98.1,3,N
221,8,33,12,0,1,2,0,0,DEU,0,1,0,96.0,1,N
335,9,38,17,0,2,2,0,0,PRT,1,1,0,62.0,0,Y
234,7,29,18,0,3,3,0,0,PRT,0,4,0,156.6,2,N
286,10,43,16,1,0,2,0,0,PRT,0,1,0,90.0,0,Y
55,5,22,31,0,2,2,0,0,PRT,0,1,0,135.0,0,Y
77,4,16,16,2,2,1,0,0,PRT,0,1,1,95.2,1,N
18,10,40,2,0,2,2,0,0,NOR,0,6,0,186.5,1,N
278,8,33,11,0,1,2,0,0,PRT,1,1,0,65.0,0,Y
182,4,18,27,0,4,2,0,0,PRT,1,1,0,75.0,0,Y
230,7,31,26,0,3,2,0,0,BEL,0,2,1,95.75,1,Y
3,12,50,5,1,3,1,0,0,BRA,0,1,0,71.8,0,N
72,10,44,28,0,3,2,0,0,PRT,0,1,0,85.67,0,N
42,2,7,12,1,2,2,0,0,PRT,0,1,0,71.6,0,N
289,10,42,17,0,1,2,0,0,SWE,0,1,0,67.0,0,N
225,5,21,24,0,4,2,0,0,DEU,0,1,0,107.1,0,Y
22,5,21,20,0,2,2,0,0,PRT,0,1,0,140.0,0,Y
88,3,10,8,0,3,2,0,0,GBR,0,4,0,106.2,2,N
99,7,29,17,1,4,2,0,0,IRL,0,4,0,150.0,1,Y
96,10,43,21,2,3,2,0,1,NLD,0,4,1,135.72,2,N
37,10,42,13,0,3,1,0,0,PRT,0,1,0,95.0,0,Y
103,9,40,28,0,1,1,0,0,PRT,0,1,0,85.0,0,Y
191,8,33,15,0,3,2,0,0,DEU,0,1,2,132.5,0,N
0,6,26,27,0,1,1,0,0,ESP,0,1,0,102.0,0,N
321,9,36,3,0,2,2,0,0,PRT,1,1,0,62.8,0,Y
179,9,39,24,2,1,2,0,0,DEU,0,1,0,126.9,2,N
22,7,30,21,0,2,2,2,0,ESP,0,6,0,240.0,1,N
23,3,10,5,2,3,2,0,0,PRT,0,1,0,65.75,0,N
0,5,21,17,0,0,2,0,0,PRT,0,1,0,0.0,0,N
35,2,9,26,1,2,2,0,0,PRT,0,4,0,84.9,1,Y
322,5,21,19,1,3,2,0,0,PRT,0,1,0,80.0,0,Y
54,6,25,17,2,3,2,0,0,PRT,0,1,1,116.1,1,N
0,3,11,6,0,0,2,0,0,PRT,0,4,0,0.0,0,N
31,10,41,5,1,2,1,0,0,MYS,0,1,0,85.5,2,N
104,5,20,15,1,2,1,0,0,PRT,0,1,0,160.0,0,Y
33,6,24,9,0,1,2,0,0,BEL,0,1,0,98.1,0,Y
173,5,19,13,2,1,2,0,0,DEU,0,1,2,137.03,0,Y
76,3,11,7,1,3,2,0,0,IRL,0,1,0,65.75,1,N
105,6,24,11,1,1,2,0,0,ARG,0,1,0,126.9,1,N
25,6,22,3,0,1,2,0,0,USA,0,1,0,140.0,0,N
64,7,30,24,1,0,2,0,0,CN,0,1,0,98.0,1,N
14,3,11,10,1,3,3,0,0,DEU,0,4,0,69.75,0,N
594,2,8,23,0,2,2,0,0,PRT,0,1,0,62.0,0,Y
74,9,38,18,0,2,2,0,0,PRT,0,1,0,101.5,0,Y
54,1,3,18,0,3,2,0,0,PRT,0,1,0,65.0,0,Y
290,8,32,3,1,1,2,0,0,PRT,1,1,0,62.0,0,Y
39,8,33,14,0,2,2,0,0,DEU,0,1,0,109.0,0,N
61,1,4,25,0,2,2,0,0,PRT,0,1,0,80.0,0,Y
27,5,20,17,0,1,1,0,0,ESP,0,4,0,110.0,1,N
65,6,26,20,1,1,2,0,0,DEU,0,1,0,126.9,0,Y
305,11,45,4,1,2,2,0,0,PRT,0,1,0,89.0,0,Y
180,10,42,10,1,2,1,0,0,FRA,0,1,1,120.0,0,N
92,11,48,26,0,3,2,0,0,PRT,0,1,0,72.25,1,Y
67,12,53,27,2,3,2,0,0,FRA,0,1,0,103.14,1,N
16,9,37,7,1,3,2,0,0,BEL,0,1,1,135.0,0,N
128,7,28,8,0,2,3,0,0,GBR,0,1,0,146.7,2,N
273,7,29,17,0,2,1,0,0,PRT,0,1,1,87.0,0,N
25,8,33,16,0,1,2,2,0,PRT,0,7,0,266.96,1,Y
451,6,25,20,0,1,2,0,0,PRT,0,1,0,90.0,0,Y
41,4,15,13,0,3,2,0,0,ESP,0,4,0,156.67,0,Y
51,9,37,7,0,1,2,0,0,CZE,0,1,0,96.3,1,N
330,6,23,9,1,2,2,0,0,DEU,0,1,0,99.0,2,N
28,5,21,21,1,0,2,0,0,ITA,0,4,1,199.0,2,N
44,8,36,30,0,3,2,0,0,GBR,0,1,0,99.0,0,Y
32,2,8,20,1,1,1,0,0,PRT,0,1,0,75.0,0,Y
134,7,31,31,3,7,2,1,0,FRA,0,1,0,148.5,0,Y
141,4,15,11,0,1,2,1,0,BRA,0,1,0,135.0,0,Y
12,11,45,1,0,4,1,0,0,DEU,0,1,0,85.0,0,Y
97,6,23,10,2,3,2,1,0,DEU,0,4,0,170.5,0,N
5,1,3,11,1,2,2,0,0,FRA,0,4,0,99.0,1,N
128,7,27,1,2,4,2,2,0,USA,0,6,0,163.2,2,N
468,10,43,20,0,2,2,0,0,PRT,0,1,0,62.0,0,Y
133,4,16,19,0,4,1,0,0,ISL,0,1,3,102.0,0,N
121,5,20,14,1,1,2,0,0,PRT,0,1,0,96.0,0,Y
34,12,50,8,0,2,1,0,0,PRT,1,1,0,90.0,0,Y
219,7,28,10,1,3,1,0,0,GBR,0,1,0,89.1,1,Y
7,8,33,12,2,2,2,0,0,ESP,0,1,0,174.0,1,N
63,10,43,20,0,2,1,0,0,ITA,0,4,0,132.3,0,Y
316,5,22,26,0,3,1,0,0,AUT,0,1,1,0.0,0,N
86,5,21,20,1,2,2,0,0,PRT,0,1,0,65.0,1,N
8,12,49,1,0,3,2,0,0,DNK,0,4,0,116.33,1,N
0,5,21,21,1,0,1,0,0,PRT,0,5,1,0.0,0,N
99,3,13,23,0,2,2,0,0,PRT,0,1,0,89.3,1,N
139,4,18,30,2,5,2,0,0,FIN,0,5,0,104.21,0,N
10,9,37,12,2,5,2,0,0,PRT,0,1,0,136.14,2,Y
140,12,53,29,0,5,2,0,0,PRT,0,1,0,70.0,0,Y
226,8,35,27,1,1,2,0,0,PRT,0,1,0,96.0,0,Y
0,10,41,4,0,3,2,0,0,IRL,0,1,0,103.5,2,N
405,8,34,18,0,2,2,0,0,PRT,0,1,0,62.0,0,Y
51,7,29,11,1,1,3,0,0,IRL,0,4,0,142.2,0,Y
92,9,40,30,0,1,2,0,0,PRT,0,1,0,170.0,0,Y
5,2,8,16,0,3,1,0,0,ESP,0,1,1,64.4,0,N
177,6,23,3,0,2,2,0,0,PRT,0,1,0,100.0,0,Y
192,6,26,24,0,2,1,0,0,SRB,0,1,0,95.0,0,N
175,5,20,19,0,1,1,0,0,PRT,0,1,0,90.0,0,Y
36,6,24,13,0,2,2,1,0,IND,0,1,0,114.8,2,N
198,12,49,5,2,1,1,0,0,ESP,0,1,0,65.0,0,Y
119,8,33,13,2,6,2,0,0,DEU,0,1,0,72.25,0,N
102,10,42,16,0,2,2,0,0,DEU,0,1,0,109.0,0,N
22,8,34,25,0,2,1,0,0,DEU,0,1,1,95.5,0,N
149,6,24,17,2,3,2,0,0,ITA,0,4,0,126.0,2,N
342,9,39,24,2,4,2,0,0,PRT,1,1,0,170.0,0,Y
171,1,2,13,0,2,3,0,0,PRT,0,4,0,131.4,1,Y
59,12,53,29,0,3,2,0,0,AUT,0,1,0,122.4,1,Y
20,9,39,18,2,2,2,0,0,PRT,0,1,0,95.0,1,Y
99,5,20,13,1,2,3,0,0,DEU,0,4,0,159.3,0,Y
0,3,13,20,0,0,2,0,0,PRT,0,4,0,0.0,0,N
162,7,29,16,1,1,2,1,0,BEL,0,1,0,130.5,2,N
15,5,18,5,0,2,2,0,0,FRA,0,1,0,150.0,1,Y
45,10,42,16,2,2,2,0,0,USA,0,4,0,78.54,2,N
0,2,8,15,1,3,1,0,0,PRT,0,1,0,88.0,0,N
271,12,49,3,2,1,2,0,0,PRT,0,1,0,78.3,0,Y
104,8,36,30,2,1,2,0,0,ESP,0,1,0,90.0,0,Y
21,10,44,25,0,3,1,0,0,PRT,0,1,0,83.2,0,Y
170,7,31,24,2,5,3,0,0,DNK,0,1,0,95.13,2,N
489,11,46,10,0,2,2,0,0,PRT,0,1,0,62.8,0,Y
29,12,49,2,0,2,2,0,0,PRT,0,1,0,85.0,0,N
0,10,43,22,0,1,2,0,0,PRT,0,1,0,130.0,0,N
280,8,32,4,0,2,2,0,0,PRT,0,1,0,73.46,0,N
336,7,29,19,0,2,2,0,0,ITA,0,1,0,99.9,0,Y
15,11,47,19,2,1,2,0,0,ESP,0,1,1,99.67,2,N
377,10,42,14,0,2,2,0,0,DEU,0,1,0,115.0,1,N
337,6,24,9,0,2,2,0,0,PRT,0,1,0,62.0,0,Y
20,5,21,22,1,0,2,0,0,USA,0,1,0,130.0,1,N
137,3,12,24,1,2,2,0,0,DEU,0,1,0,72.0,1,N
0,4,15,12,0,0,2,0,0,PRT,0,1,0,0.0,1,N
186,4,15,9,2,1,2,2,0,FRA,0,6,0,196.0,0,N
88,10,41,5,1,1,2,0,0,PRT,0,1,0,112.2,0,N
83,6,23,6,0,3,2,0,0,CHE,0,1,0,144.0,0,Y
59,8,36,31,0,3,2,0,0,DEU,0,1,0,109.8,1,N
3,1,2,10,0,3,2,0,0,ITA,0,1,0,108.53,0,N
32,11,47,20,0,2,1,0,0,PRT,0,1,0,73.0,0,N
2,2,9,27,0,1,2,0,0,CHN,0,1,0,93.0,1,N
320,8,34,18,0,2,1,0,0,AUT,0,1,1,90.0,0,N
66,4,15,9,2,0,2,0,0,PRT,0,1,0,100.0,0,Y
0,11,48,25,0,0,2,0,0,PRT,0,1,0,0.0,0,N
272,7,29,16,0,2,2,0,0,PRT,1,1,0,62.0,0,Y
164,10,40,2,0,2,1,0,0,PRT,0,1,0,100.0,0,Y
5,4,16,14,1,3,2,0,0,CHE,0,4,0,138.5,1,N
203,6,23,2,0,3,2,0,0,PRT,1,1,0,65.0,0,Y
2,6,27,26,2,0,2,0,0,GBR,0,1,0,122.0,1,N
44,8,34,24,0,3,2,0,0,FRA,0,4,0,162.67,1,N
12,8,34,15,1,3,2,0,0,FRA,0,1,2,141.0,2,Y
12,9,40,28,0,2,2,0,0,FRA,0,5,0,160.2,1,N
12,12,51,14,0,1,1,0,0,NLD,0,1,0,94.0,0,N
148,4,17,25,0,2,2,0,0,CHN,0,1,0,89.1,0,Y
62,3,12,13,2,2,2,0,0,BEL,0,4,0,63.49,1,N
103,7,29,18,2,1,2,0,0,ITA,0,1,0,94.5,0,Y
203,8,32,7,1,4,1,1,0,BEL,0,1,0,75.6,0,N
538,12,53,29,0,2,2,0,0,PRT,0,1,0,62.8,0,Y
34,12,50,8,0,2,1,0,0,PRT,1,1,0,90.0,0,Y
54,8,31,4,2,4,2,0,0,GBR,0,1,0,140.0,1,Y
68,2,8,17,0,2,2,0,0,PRT,1,1,0,75.0,0,Y
97,4,18,25,1,2,2,0,0,BEL,0,1,0,85.5,0,N
48,9,37,11,1,2,2,0,0,PRT,0,1,0,60.0,0,N
336,9,38,18,0,2,2,0,0,PRT,1,1,0,101.5,0,Y
53,4,15,3,2,3,2,0,0,FRA,0,1,0,75.0,0,N
127,10,43,18,0,2,3,0,0,NLD,0,4,0,160.2,1,N
56,2,5,1,0,3,2,0,0,PRT,0,1,0,60.0,0,Y
48,1,3,16,1,1,2,0,0,ITA,0,1,0,93.6,0,Y
327,9,37,9,2,4,1,0,0,PRT,0,1,1,76.0,0,N
71,4,17,18,1,1,2,0,0,FRA,0,1,0,85.5,0,N
48,9,38,14,0,2,2,0,0,ESP,0,1,0,130.0,0,N
113,5,20,20,2,1,1,0,0,PRT,0,1,0,190.0,0,Y
243,10,44,29,2,2,2,0,0,SWE,0,2,1,81.76,3,N
38,7,31,30,2,0,3,0,0,USA,0,4,0,210.0,0,N
2,9,39,18,2,1,2,0,0,GBR,0,4,0,194.0,1,N
20,4,15,9,2,2,2,0,0,GBR,0,4,0,134.0,1,N
16,9,39,25,2,2,2,0,0,ITA,0,1,0,170.0,0,N
21,6,24,12,1,1,2,0,0,ARG,0,1,0,109.0,1,Y
49,7,29,11,1,0,2,0,0,CHN,0,1,0,93.15,0,Y
2,12,51,17,2,1,1,0,0,PRT,0,1,0,65.0,1,N
63,4,16,10,2,4,2,2,0,FRA,0,6,0,167.45,1,Y
99,3,13,31,1,2,2,0,0,POL,0,1,0,110.4,2,N
193,9,40,28,1,3,2,0,0,NLD,0,1,0,149.81,1,N
41,7,29,16,2,1,3,0,0,IDN,0,5,0,233.33,0,Y
213,8,35,28,1,3,1,0,0,PRT,0,1,1,104.0,0,N
19,12,52,22,0,4,2,0,0,FRA,0,1,0,58.0,1,N
216,11,48,22,0,1,1,0,0,PRT,0,1,2,137.0,0,Y
192,6,26,24,0,2,1,0,0,PRT,0,1,0,95.0,0,N
126,4,17,27,2,3,2,0,0,FRA,0,4,2,163.8,1,N
70,12,50,8,0,3,2,2,0,ESP,0,1,0,113.87,2,N
67,4,15,4,1,4,2,0,0,FIN,0,1,0,80.75,0,Y
76,9,38,16,0,2,2,0,0,ESP,0,1,0,62.0,0,N
135,6,26,30,0,1,2,0,0,PRT,0,1,0,130.0,0,Y
0,9,39,22,0,1,2,0,1,PRT,0,6,0,250.0,0,N
53,1,4,27,0,2,2,0,0,CHN,0,1,2,71.42,1,N
183,2,7,15,0,3,2,1,0,GBR,0,1,0,106.2,1,Y
25,7,31,27,1,1,2,0,0,PRT,0,1,0,62.0,0,Y
94,12,49,3,0,2,2,0,0,PRT,0,1,0,72.25,1,N
56,11,46,12,2,3,2,0,0,FRA,0,1,0,74.8,1,N
45,11,49,28,1,3,2,0,0,FRA,0,1,0,88.4,0,N
92,3,11,15,0,3,2,0,0,PRT,0,1,0,85.0,0,Y
0,10,40,1,2,1,2,0,0,BEL,0,1,0,98.1,0,N
29,12,49,4,1,2,2,2,0,ITA,0,6,0,183.67,1,N
57,5,23,31,0,1,1,0,0,PRT,0,1,0,120.0,0,Y
243,7,30,26,0,4,2,0,0,PRT,0,1,0,110.0,0,Y
69,10,44,25,2,1,2,0,0,PRT,0,1,0,85.67,0,N
0,6,26,22,0,1,3,0,0,PRT,0,4,0,147.0,2,N
37,10,42,13,0,3,2,0,0,PRT,0,1,0,105.0,0,Y
91,5,20,13,1,2,2,1,0,FRA,0,4,0,140.4,0,Y
214,11,48,20,2,1,2,0,0,GBR,0,1,2,85.0,1,N
198,5,21,20,0,1,2,0,0,PRT,0,1,1,65.0,0,Y
8,2,7,18,2,2,3,0,0,FRA,0,4,0,126.6,0,N
213,6,26,26,1,1,2,0,0,PRT,0,1,0,115.0,0,Y
28,2,9,26,1,2,3,0,0,ESP,0,4,0,125.77,1,Y
291,8,34,19,0,2,2,0,0,PRT,0,1,0,115.0,0,Y
172,6,27,27,1,2,2,0,0,NLD,0,1,0,96.3,1,N
59,10,44,29,0,2,2,0,0,PRT,0,1,0,85.0,0,N
23,6,23,7,0,2,2,0,0,ESP,0,1,0,166.5,0,Y
433,9,37,8,0,3,2,0,0,PRT,0,1,0,70.0,0,Y
94,4,14,6,0,3,2,0,0,CHE,0,1,2,117.0,1,N
192,10,43,21,0,2,2,0,0,PRT,0,1,0,95.0,0,Y
61,10,41,4,2,0,2,0,0,FRA,0,1,0,91.0,0,N
109,2,9,21,2,1,2,0,0,PRT,1,1,0,75.0,0,Y
23,9,37,6,2,3,2,0,0,GBR,0,1,0,118.8,0,N
251,9,36,3,2,5,2,0,0,SWE,0,4,0,105.64,1,N
33,1,3,15,3,5,3,0,0,CYP,0,4,1,100.0,2,N
16,1,3,19,1,3,2,0,0,NOR,0,1,0,75.44,1,N
5,1,3,21,2,2,2,0,0,FRA,0,1,0,75.0,0,N
256,10,43,16,2,3,2,0,0,DEU,0,4,0,103.7,0,Y
4,7,28,6,0,2,2,0,0,ESP,0,1,0,139.0,1,N
15,10,40,1,0,3,2,0,0,PRT,1,4,0,123.33,1,Y
335,10,42,13,0,3,2,0,0,FRA,0,1,1,90.0,1,N
518,8,34,26,2,1,1,0,0,PRT,0,1,1,0.0,0,N
311,8,35,24,1,1,2,0,0,PRT,1,1,0,62.0,0,Y
82,8,34,19,0,2,3,0,0,FRA,0,4,0,150.3,3,N
212,5,21,20,2,3,2,0,0,PRT,0,1,0,78.0,0,Y
158,5,22,24,0,2,1,0,0,PRT,0,1,0,130.0,0,Y
181,8,35,23,0,5,2,1,0,PRT,0,1,1,162.15,2,N
195,2,8,24,0,1,2,0,0,BRA,0,1,0,90.0,1,Y
316,5,22,26,0,3,2,0,0,PRT,0,1,0,110.0,0,N
241,10,43,19,1,2,1,0,0,USA,0,1,1,50.0,0,N
292,8,32,5,0,2,2,0,0,PRT,1,1,0,62.0,0,Y
39,11,47,13,2,5,2,0,0,POL,0,1,0,64.67,3,N
66,3,10,10,1,2,2,0,0,FRA,0,1,0,80.0,1,N
10,7,30,29,0,1,1,0,0,PRT,0,1,0,65.0,0,Y
98,10,44,26,0,2,2,0,0,DNK,0,1,0,80.1,0,Y
80,7,31,24,2,0,1,0,0,FRA,0,1,1,94.5,1,N
300,11,46,11,0,2,2,0,0,PRT,0,1,0,65.0,0,Y
396,6,26,25,2,0,2,0,0,PRT,0,1,0,122.4,1,N
251,3,13,22,0,3,2,0,0,PRT,0,1,0,125.0,0,Y
4,8,32,2,0,1,1,0,0,PRT,0,1,0,121.0,1,N
250,9,40,26,1,3,2,0,0,PRT,0,1,0,95.0,0,Y
79,11,47,19,2,5,2,0,0,PRT,0,4,0,91.2,2,N
139,6,24,12,1,1,2,0,0,PRT,0,1,0,110.0,0,Y
217,8,32,7,0,1,2,0,0,FRA,0,2,0,76.5,3,N
291,8,34,19,0,2,2,0,0,PRT,0,1,0,115.0,0,Y
40,9,38,13,0,4,1,0,0,SWE,0,1,1,108.0,0,N
112,6,23,1,0,4,2,0,0,PRT,0,4,0,132.6,0,Y
11,3,12,21,0,3,2,0,0,FRA,0,1,0,98.0,0,N
94,3,12,19,2,2,2,0,0,ITA,0,1,0,73.95,0,Y
0,12,51,19,0,1,2,1,0,PRT,0,1,1,0.0,0,N
156,8,31,3,2,3,2,0,0,ESP,0,1,0,122.5,0,Y
37,2,7,8,1,4,2,0,0,FRA,0,1,0,78.5,1,N
109,2,9,21,2,1,2,0,0,PRT,1,1,0,75.0,0,Y
257,7,27,1,0,2,2,0,0,PRT,0,1,0,101.5,0,N
265,6,26,24,0,2,2,0,0,PRT,0,1,0,115.0,1,N
9,6,27,27,1,3,2,0,0,NOR,0,4,0,194.0,2,Y
164,10,41,5,0,1,2,0,0,USA,0,1,0,117.0,0,N
127,5,19,8,1,1,2,0,0,GBR,0,1,0,126.0,1,Y
89,9,40,27,1,0,1,0,0,PRT,0,1,0,170.0,0,Y
288,5,19,5,0,3,2,0,0,FRA,0,1,0,81.67,0,N
13,2,8,16,0,1,1,0,0,ESP,0,1,0,85.0,0,N
47,3,14,28,1,2,3,0,0,ESP,0,4,0,123.3,0,Y
41,6,24,17,2,5,2,1,0,USA,0,1,1,194.29,2,N
32,3,11,18,2,5,2,2,0,EST,0,6,0,200.86,0,Y
42,6,23,8,0,2,2,0,0,DEU,0,1,0,128.7,0,N
140,1,4,27,1,2,2,0,0,IRL,0,1,0,94.67,2,N
239,7,29,18,0,4,2,0,0,DEU,0,1,0,107.1,2,N
267,3,14,31,0,2,2,0,0,PRT,0,1,0,62.0,0,Y
182,7,31,26,0,4,2,0,0,FRA,0,1,0,85.25,0,Y
6,6,25,19,1,1,2,0,0,NLD,0,1,0,108.0,0,N
19,4,15,4,1,2,2,0,0,PRT,0,4,1,101.27,1,N
22,9,40,26,1,1,2,0,0,BRA,0,1,1,139.0,1,N
54,10,43,19,0,2,2,1,0,GBR,0,1,0,130.0,0,Y
276,7,30,20,1,1,2,0,0,PRT,1,1,0,62.0,0,Y
73,2,7,12,2,1,2,0,0,FRA,0,1,0,72.0,0,N
6,1,2,14,0,1,2,2,0,PRT,0,6,0,168.0,0,Y
6,10,43,17,1,1,1,0,0,AUT,0,1,0,95.0,0,N
29,7,27,7,1,2,2,0,0,GBR,0,1,0,140.0,1,N
279,10,42,12,0,3,2,0,0,PRT,0,1,0,110.0,0,Y
138,7,30,25,0,1,2,0,0,PRT,0,1,0,60.0,0,N
66,4,15,4,1,1,1,0,0,ITA,0,1,0,99.9,0,N
247,6,24,6,1,1,2,0,0,DEU,0,1,0,115.0,1,N
134,7,27,2,1,0,3,0,0,COL,0,4,0,152.1,0,N
257,7,27,1,0,2,1,0,0,PRT,0,1,1,80.0,0,N
0,2,6,2,0,2,1,0,0,PRT,0,1,0,65.0,0,N
2,4,17,20,0,1,1,0,0,PRT,0,1,0,67.0,0,N
167,5,21,25,0,3,2,0,0,PRT,0,1,0,115.0,0,Y
0,3,11,14,0,1,2,0,0,PRT,0,1,0,12.0,0,Y
164,10,40,2,0,1,1,0,0,PRT,0,1,0,100.0,0,N
116,2,10,28,2,1,1,0,0,PRT,0,1,0,61.0,0,Y
24,1,2,6,0,2,2,0,0,BRA,0,1,0,115.5,1,N
15,3,10,11,2,1,2,0,0,USA,0,4,0,121.33,0,Y
21,9,40,25,1,0,1,0,0,AUS,0,1,0,87.01,1,N
1,2,9,27,0,1,2,0,0,PRT,0,4,0,97.0,1,N
93,5,20,8,2,1,2,0,0,FRA,0,1,1,170.1,0,N
216,10,43,19,1,2,2,0,0,PRT,0,1,0,12.0,0,Y
0,8,35,25,0,1,2,0,0,PRT,0,1,0,92.98,0,N
204,5,19,5,0,3,2,0,0,PRT,0,1,0,100.0,0,Y
9,2,7,12,1,2,1,0,0,GBR,0,1,0,85.0,1,Y
151,3,12,20,1,1,2,0,0,PRT,0,1,0,95.0,1,N
84,11,48,27,1,2,1,0,0,PRT,0,1,1,56.0,0,N
99,4,15,15,2,4,2,0,0,DEU,0,1,0,105.0,0,N
7,2,8,14,2,2,2,0,0,GBR,0,1,0,66.57,1,N
105,5,20,19,0,2,1,0,0,PRT,0,1,0,160.0,0,Y
133,10,44,23,2,2,2,0,0,GBR,0,4,0,108.38,1,N
136,8,35,26,0,2,1,0,0,CHE,0,1,0,90.9,0,N
278,8,33,11,0,1,2,0,0,PRT,1,1,0,65.0,0,Y
146,12,53,29,0,3,2,0,0,AUT,0,1,0,75.0,0,N
17,1,4,23,0,1,2,0,0,PRT,0,1,0,69.5,1,N
90,6,25,19,1,2,3,0,0,GBR,0,4,1,225.0,3,N
28,3,9,2,0,3,2,0,0,PRT,0,1,0,95.0,0,Y
295,8,32,8,2,2,2,0,0,PRT,1,1,0,62.0,0,Y
151,3,12,20,1,1,2,0,0,PRT,0,1,0,95.0,1,N
16,3,14,29,0,4,2,0,0,ITA,0,1,0,141.0,1,N
141,6,24,16,1,2,2,0,0,DEU,0,1,0,89.1,0,N
33,3,12,25,1,1,2,0,0,FRA,0,1,0,108.0,1,N
79,1,5,30,2,1,2,0,0,GBR,0,1,0,64.64,0,N
615,3,11,16,0,2,2,0,0,PRT,0,1,0,62.0,0,Y
12,10,44,25,2,1,2,0,0,PRT,0,1,0,85.67,0,N
56,3,13,31,0,1,2,1,0,DEU,0,1,0,124.2,0,Y
80,8,31,3,2,3,2,0,0,FRA,0,1,0,145.0,1,N
118,5,18,1,1,3,2,0,0,SWE,0,1,0,108.0,0,Y
33,7,30,25,0,1,2,1,0,CHN,0,1,0,162.0,0,Y
14,4,17,21,0,2,2,0,0,BRA,0,1,0,119.0,2,N
38,1,2,14,0,1,1,0,0,PRT,0,1,0,75.0,0,Y
4,4,17,27,0,3,2,0,0,FRA,0,1,1,0.0,2,N
304,11,45,3,0,3,2,0,0,PRT,0,1,0,89.0,0,Y
15,5,23,29,2,0,2,0,0,BEL,0,1,0,93.15,0,N
71,6,25,14,0,3,1,0,0,PRT,0,1,0,120.0,0,Y
18,9,39,22,1,3,2,0,0,ITA,0,1,1,150.5,1,N
316,5,22,26,0,3,2,0,0,PRT,0,1,0,110.0,0,N
141,6,26,27,2,5,1,0,0,PRT,0,1,0,130.0,0,Y
74,5,21,15,2,2,2,0,0,BEL,0,4,0,132.6,1,N
18,10,41,4,2,1,1,0,0,PRT,1,1,0,110.0,0,Y
245,7,28,6,2,4,1,0,0,PRT,0,1,0,110.0,0,Y
93,4,14,6,0,3,2,0,0,PRT,0,1,0,95.0,0,Y
68,10,42,11,2,2,2,0,0,PRT,0,1,0,89.25,1,Y
229,10,43,22,2,2,1,0,0,PRT,0,1,0,80.75,0,Y
2,8,34,19,0,2,1,0,0,PRT,0,1,1,0.0,0,N
214,8,33,9,2,5,2,0,0,FRA,0,1,0,90.95,1,N
330,9,37,12,2,2,2,0,0,PRT,1,1,0,62.0,0,Y
32,6,23,7,2,4,3,0,0,USA,0,5,0,223.33,1,N
3,11,46,7,1,1,1,0,0,ISR,0,1,0,140.0,1,N
30,5,22,23,1,1,2,0,0,FRA,0,1,0,117.9,1,N
113,6,25,13,1,2,2,0,0,CHE,0,1,0,116.1,1,N
309,5,20,13,1,2,2,0,0,PRT,0,1,0,101.0,0,Y
16,5,20,18,0,3,3,0,0,GBR,0,7,0,228.0,1,N
6,3,10,2,0,2,2,0,0,PRT,0,1,1,78.0,0,N
155,4,17,24,1,3,2,0,0,BRA,0,1,0,135.0,1,N
68,11,46,7,1,3,1,0,0,USA,0,5,2,220.0,2,Y
31,6,26,20,1,1,2,1,0,PRT,0,1,0,118.5,0,N
1,5,21,26,0,2,2,1,0,PRT,0,2,1,179.5,0,N
29,3,10,4,1,2,2,0,0,FRA,0,1,0,87.0,0,N
139,6,25,13,1,0,2,0,0,DEU,0,1,0,126.9,0,N
16,9,39,21,1,3,2,0,0,IND,0,1,0,124.0,2,N
147,8,33,14,2,5,2,0,0,FRA,0,4,1,149.5,2,N
12,7,31,30,1,0,2,0,0,IRL,0,1,0,109.0,2,N
6,12,53,28,0,4,2,0,0,AUT,0,4,0,119.0,3,N
49,2,9,22,1,3,2,0,0,GBR,0,1,0,65.75,1,N
0,3,13,30,0,1,1,0,0,PRT,0,1,0,104.0,0,N
60,2,9,26,1,2,2,0,0,ESP,0,1,0,83.3,1,N
212,5,21,20,2,3,2,0,0,DEU,0,1,0,78.0,0,N
3,9,36,5,2,2,1,0,0,PRT,0,1,1,0.0,0,Y
34,12,50,8,0,2,1,0,0,PRT,1,1,0,90.0,0,Y
36,10,42,13,0,1,1,0,0,PRT,0,1,0,102.6,2,N
38,6,22,2,1,2,2,0,0,ISR,0,1,0,140.0,0,N
164,8,35,21,2,2,2,2,0,ITA,0,6,0,167.45,0,Y
87,4,16,17,1,3,3,0,0,FRA,0,1,0,115.0,0,N
142,6,27,28,0,2,2,0,0,DEU,0,1,0,85.5,0,Y
84,5,22,24,0,4,2,0,0,TUR,0,4,0,132.6,0,Y
31,1,1,5,2,3,2,0,0,FRA,0,1,0,88.4,1,Y
16,10,40,1,1,3,2,0,0,ESP,0,1,0,111.75,1,N
57,6,24,10,1,2,2,0,0,PRT,0,1,0,90.67,1,N
41,3,11,8,2,5,2,0,0,GBR,0,1,0,71.41,0,N
0,8,34,18,0,1,1,0,0,AGO,0,4,0,100.0,0,N
304,8,34,17,1,1,2,0,0,PRT,1,1,0,62.0,0,Y
489,11,46,10,0,1,1,0,0,PRT,0,1,0,51.4,0,Y
36,2,7,13,1,3,3,0,0,FRA,0,4,0,129.2,1,N
120,4,17,23,1,1,2,0,0,CHE,0,1,0,95.2,0,N
2,3,14,30,0,3,1,0,0,PRT,0,1,0,65.0,1,N
28,10,42,13,0,1,1,0,0,GBR,0,1,0,120.0,0,Y
33,4,18,24,2,4,1,0,0,PRT,0,6,0,139.52,0,Y
93,6,26,20,1,1,2,0,0,CHN,0,1,0,126.9,1,N
269,7,29,13,1,1,2,0,0,PRT,1,1,0,62.0,0,Y
203,8,33,9,0,3,2,0,0,RUS,0,1,0,96.3,0,Y
236,7,31,28,2,4,0,2,0,NLD,0,2,1,6.0,1,N
4,8,35,21,2,2,2,0,0,CHE,0,1,1,128.0,1,N
50,3,14,31,0,3,2,0,0,ISR,0,1,0,65.0,0,N
0,10,41,2,1,0,2,1,0,PRT,0,1,0,144.0,0,N
8,12,52,22,1,3,2,0,0,CHN,0,1,0,87.98,3,N
37,9,37,10,2,1,2,0,0,NLD,0,4,0,149.4,2,Y
287,4,17,28,2,2,2,0,0,DEU,0,1,2,112.85,0,N
3,11,45,5,0,3,2,0,0,PRT,0,2,0,96.5,1,N
129,8,31,3,0,3,2,0,0,ESP,0,1,0,80.1,1,N
39,8,33,14,0,2,2,0,0,PRT,0,1,0,101.5,0,Y
275,6,23,4,1,1,2,0,0,PRT,0,1,0,62.8,0,Y
5,11,45,4,1,2,2,0,0,ITA,0,1,0,133.33,2,N
301,8,33,14,0,2,2,0,0,PRT,1,1,0,101.5,0,Y
165,5,18,3,0,3,2,0,0,ITA,0,4,0,130.5,0,Y
37,10,42,13,0,3,2,0,0,PRT,0,1,0,105.0,0,Y
3,2,7,7,2,3,1,0,0,PRT,0,1,0,79.75,0,N
279,7,30,23,0,2,2,0,0,PRT,1,1,0,62.8,0,Y
2,3,10,11,0,1,2,0,0,USA,0,1,0,78.4,0,N
158,5,22,24,0,2,1,0,0,PRT,0,1,0,130.0,0,Y
139,8,33,19,2,5,2,0,0,AUT,0,4,0,155.0,0,Y
43,5,21,21,2,2,2,0,0,BRA,0,4,0,140.4,1,N
66,4,14,2,2,1,1,0,0,ITA,0,1,0,89.1,0,Y
19,10,41,6,0,3,1,0,0,PRT,1,1,0,80.0,0,Y
23,6,25,17,0,2,2,0,1,HUN,0,4,1,160.5,2,N
44,7,28,9,0,1,2,1,1,ROU,0,4,1,131.4,1,N
379,10,44,31,1,1,2,0,0,PRT,1,1,0,62.0,0,Y
10,9,40,30,2,2,1,0,0,ESP,2,4,0,110.0,0,N
398,8,33,11,0,2,2,0,0,PRT,0,1,0,62.0,0,Y
89,8,32,12,2,2,3,0,0,FRA,0,4,5,195.0,2,N
346,5,20,16,0,1,2,0,0,BRA,0,1,0,109.8,1,Y
168,9,37,11,0,2,1,0,0,PRT,0,1,1,50.0,0,N
6,5,22,23,1,1,2,0,0,PRT,0,1,0,100.87,2,N
36,3,13,24,0,1,2,1,0,ESP,0,1,0,115.2,0,Y
176,8,33,14,1,3,2,0,0,FRA,0,1,1,132.5,0,N
173,8,32,2,0,2,2,0,0,DEU,0,1,0,105.3,0,Y
64,9,38,16,0,1,1,0,0,RUS,0,4,0,149.4,0,Y
1,12,50,10,0,1,1,0,0,ITA,0,1,0,85.0,0,N
119,6,27,28,0,1,2,1,0,FRA,0,1,0,112.5,0,Y
134,2,8,25,0,1,1,0,0,PRT,0,1,0,75.0,0,Y
59,1,4,23,1,1,2,0,0,PRT,0,1,0,80.0,0,Y
65,10,42,16,0,1,2,0,0,BRA,0,1,0,89.2,1,N
4,1,2,10,0,2,1,0,0,ESP,0,1,0,70.0,0,N
277,11,46,7,1,2,2,0,0,PRT,0,1,0,100.0,0,Y
41,8,34,22,0,2,1,0,0,ITA,0,1,1,95.0,0,N
56,2,5,1,0,3,2,0,0,PRT,0,1,0,60.0,0,Y
102,10,42,16,0,2,2,0,0,PRT,0,1,0,101.5,0,Y
83,5,19,1,2,2,2,0,0,FRA,0,1,0,75.0,0,N
8,4,17,28,0,1,2,0,0,GBR,0,1,0,144.0,1,N
52,3,12,20,1,4,2,0,0,GBR,0,1,2,92.88,0,Y
225,4,17,29,1,1,3,0,0,FRA,0,4,0,207.38,0,N
201,6,24,14,0,4,2,0,0,PRT,0,1,0,110.0,0,Y
325,10,43,17,1,2,2,0,0,PRT,1,1,0,95.0,0,Y
37,11,45,4,0,3,2,0,0,FRA,0,4,0,60.0,0,N
308,11,48,23,0,3,2,0,0,NOR,0,1,0,78.3,1,N
88,5,19,3,0,3,2,0,0,PRT,0,1,0,117.0,1,N
141,6,24,15,0,3,2,0,0,CHE,0,1,0,126.0,0,N
36,12,53,26,1,3,2,0,0,ESP,0,1,0,102.0,0,Y
304,8,34,17,1,1,2,0,0,PRT,1,1,0,62.0,0,Y
179,8,34,22,2,1,2,0,0,PRT,1,1,0,86.0,0,Y
27,2,9,27,1,0,1,0,0,IRL,0,1,0,88.0,2,N
156,6,25,22,0,3,3,0,0,GBR,0,4,0,162.0,0,N
92,11,46,11,0,1,2,0,0,THA,0,1,0,90.0,0,N
44,2,8,17,0,3,2,0,0,PRT,0,1,0,75.0,0,Y
226,7,28,9,2,1,2,0,0,PRT,0,1,0,110.0,0,Y
18,2,5,4,1,1,2,0,0,PRT,0,4,0,90.86,0,Y
111,9,38,11,2,2,2,0,0,DEU,0,1,0,118.8,2,Y
20,3,11,9,0,3,2,0,0,FRA,0,1,0,80.0,0,N
351,6,26,23,0,2,2,0,0,PRT,0,1,0,62.0,0,Y
305,11,45,4,1,2,2,0,0,PRT,0,1,0,89.0,0,Y
56,7,28,15,2,1,2,0,0,DEU,0,1,0,133.33,0,Y
124,5,19,6,1,2,2,0,0,DEU,0,4,0,114.3,0,N
16,7,27,1,0,2,3,0,0,CN,0,4,0,187.0,3,N
173,2,7,12,2,3,2,0,0,TUR,0,1,0,88.4,1,Y
393,3,12,19,2,1,2,0,0,PRT,0,1,0,70.53,0,Y
129,5,22,31,1,4,2,0,0,NOR,0,4,0,145.8,0,N
391,7,31,27,0,2,2,0,0,PRT,0,1,0,65.0,0,Y
332,4,16,22,1,1,2,1,0,BEL,0,1,0,125.1,0,Y
35,6,23,6,0,2,1,0,0,DEU,0,1,1,95.0,0,N
189,8,33,8,1,3,2,0,0,IRL,0,1,0,72.25,0,N
29,12,53,31,0,3,2,0,0,FRA,0,1,0,118.0,0,N
205,5,23,29,2,1,2,0,0,PRT,0,1,0,90.0,0,Y
109,4,17,26,2,5,2,0,0,FRA,0,1,0,120.86,0,Y
218,5,20,15,1,1,2,0,0,CHE,0,1,0,107.1,0,Y
91,10,43,20,0,3,2,0,0,IRL,0,4,0,132.3,2,Y
176,4,15,14,2,2,2,0,0,RUS,0,1,0,113.0,1,N
36,1,4,24,0,1,1,0,0,ITA,0,1,0,87.5,0,N
239,6,25,15,0,2,2,0,0,PRT,0,1,0,112.2,0,Y
4,10,43,19,1,3,2,0,0,PRT,0,4,0,72.25,0,N
9,8,35,25,2,3,1,2,0,FRA,0,4,0,176.42,2,N
146,4,18,24,2,0,2,0,0,PRT,0,1,0,95.0,0,Y
141,6,26,27,2,5,1,0,0,PRT,0,1,0,130.0,0,Y
74,4,16,18,0,1,3,0,0,ITA,0,1,0,126.0,0,N
0,7,27,2,1,0,2,0,0,FRA,0,1,0,123.0,0,N
105,5,20,17,0,3,2,0,0,DEU,0,1,0,138.0,0,N
170,3,11,17,1,2,1,1,0,LUX,0,6,0,174.0,1,N
156,4,17,26,0,3,2,0,0,PRT,0,1,0,100.0,0,Y
102,10,42,16,0,2,2,0,0,PRT,0,1,0,101.5,0,Y
46,9,38,11,2,3,2,0,0,COL,0,4,0,149.4,1,Y
19,2,8,17,0,1,1,0,0,PRT,0,1,0,57.98,1,N
209,10,43,21,2,3,2,0,0,BRA,0,1,0,96.3,1,N
0,9,38,16,1,2,2,0,0,CHE,0,1,0,78.8,0,Y
215,6,25,21,1,4,2,0,0,GBR,0,1,0,76.24,0,N
7,1,2,10,0,2,1,0,0,PRT,1,1,1,89.0,2,N
5,8,35,21,2,1,2,0,0,BRA,0,4,0,119.35,1,N
1,8,36,28,2,0,2,0,0,PRT,0,1,1,149.0,1,N
104,5,20,15,1,2,1,0,0,PRT,0,1,0,160.0,0,Y
49,8,34,26,1,1,3,0,0,BEL,0,4,0,164.1,2,N
86,9,37,9,0,2,2,0,0,FRA,0,1,0,110.0,0,Y
79,4,14,2,2,3,2,0,0,COL,0,4,1,92.65,1,N
102,8,33,16,0,4,2,0,0,NOR,0,4,0,155.0,1,Y
95,8,33,19,2,2,1,0,0,PRT,0,1,2,115.0,0,N
3,3,10,11,0,1,2,2,0,PRT,0,6,0,208.0,0,N
81,3,13,23,2,5,2,0,0,CHE,0,1,0,89.31,0,N
190,4,15,9,1,1,2,0,0,PRT,0,1,0,70.0,1,N
224,8,34,24,2,3,2,0,0,GBR,0,4,0,127.8,2,N
8,7,28,9,2,3,2,0,0,DEU,0,1,0,128.0,1,Y
316,5,22,26,0,3,2,0,0,AUT,0,1,0,110.0,0,N
22,7,30,22,0,2,2,0,0,PRT,0,1,0,62.0,0,Y
177,7,27,3,1,1,3,0,0,IRL,0,4,0,156.6,0,Y
243,8,31,4,0,1,2,0,0,NLD,0,1,1,112.5,1,N
9,1,5,29,0,2,2,0,0,USA,0,2,1,78.25,1,N
155,7,28,8,2,3,2,0,0,CHE,0,1,0,72.25,0,N
18,11,46,7,0,0,2,0,0,PRT,0,1,0,0.0,1,N
62,6,24,9,0,3,2,0,0,ESP,0,1,0,117.9,0,Y
67,2,7,12,2,0,2,0,0,PRT,0,1,0,80.0,0,Y
273,7,29,17,0,2,2,0,0,PRT,0,1,0,109.0,0,N
8,7,29,15,1,2,2,0,0,NLD,0,1,0,154.33,0,N
215,4,15,14,2,2,2,0,0,CN,0,1,0,110.0,1,Y
86,5,21,15,2,2,2,2,0,IRL,0,6,0,187.85,1,N
28,6,25,14,0,3,1,0,0,PRT,0,4,0,108.42,0,Y
23,1,2,14,0,1,2,0,0,KOR,0,1,0,97.5,1,Y
205,8,35,29,0,2,2,0,0,DEU,0,1,0,99.0,5,N
126,6,27,26,2,4,2,0,0,FRA,0,1,0,80.75,1,N
37,11,46,12,0,1,1,0,0,IRL,0,1,2,67.5,0,N
10,10,42,14,1,2,1,0,0,PRT,0,1,0,119.0,0,N
412,8,35,25,0,2,2,0,0,PRT,0,1,0,62.0,0,Y
122,3,11,16,0,3,2,0,0,BRA,0,1,0,69.98,3,N
358,10,41,10,1,1,2,0,0,PRT,1,1,0,62.0,0,Y
0,9,37,8,0,1,1,0,0,PRT,0,1,0,0.0,0,N
3,12,51,12,1,3,1,0,0,POL,0,1,1,81.6,2,N
31,11,45,2,1,0,2,0,0,PRT,1,1,0,85.5,1,Y
15,6,25,21,0,2,1,0,0,IRL,0,1,0,170.0,1,Y
172,7,28,10,1,5,3,0,0,ITA,0,4,0,152.1,2,N
270,4,17,20,0,4,2,0,0,ISL,0,1,0,80.0,0,N
40,12,50,7,0,4,2,0,0,AUT,0,4,0,96.9,1,N
6,5,19,10,0,1,2,0,0,PRT,0,1,0,90.0,0,Y
9,12,50,7,0,1,1,0,0,AUT,0,4,1,114.0,1,N
117,2,10,29,1,2,2,0,0,PRT,1,1,0,75.0,0,Y
59,4,17,21,1,3,2,1,0,ITA,0,4,0,122.1,1,N
80,11,47,20,1,2,2,0,0,GBR,0,1,0,94.0,0,N
418,9,40,26,1,2,2,0,0,DEU,0,1,0,107.0,0,N
28,6,26,21,0,1,3,0,0,USA,0,4,0,147.0,2,Y
11,8,36,28,1,0,2,0,0,FRA,0,1,2,109.0,0,N
3,10,42,10,1,3,1,0,0,PRT,4,1,0,65.0,1,N
150,6,24,17,2,3,1,0,0,PRT,0,1,0,120.0,0,Y
2,8,33,9,1,0,2,0,0,PRT,0,5,0,67.5,2,N
55,5,18,5,1,2,2,0,0,FRA,0,1,0,126.0,0,N
30,6,26,26,1,2,3,0,0,SGP,0,4,0,193.0,0,N
63,3,10,5,2,1,2,0,0,ITA,0,1,0,80.3,0,N
2,12,49,2,0,1,1,0,0,PRT,0,1,0,65.0,0,N
464,7,30,25,0,1,2,0,0,PRT,0,1,0,90.0,0,Y
279,10,42,12,0,3,2,0,0,PRT,0,1,0,110.0,0,Y
156,4,17,26,0,3,2,0,0,PRT,0,1,0,100.0,0,Y
0,9,39,21,1,2,2,0,0,AUS,0,1,0,145.0,1,N
93,4,15,15,2,2,2,0,0,RUS,0,4,2,139.5,0,Y
78,6,27,28,2,5,2,0,0,GBR,0,1,0,103.5,2,N
40,10,43,24,0,1,2,0,0,GBR,0,1,0,96.3,0,N
52,3,11,13,1,1,1,0,0,PRT,0,1,0,80.0,0,Y
200,8,33,9,0,3,3,0,0,PRT,0,1,1,96.9,1,Y
80,10,41,9,0,2,1,0,0,PRT,0,4,0,108.0,0,N
155,6,25,24,2,1,2,0,0,PRT,0,1,0,130.0,0,Y
1,8,34,17,0,1,2,0,0,BEL,0,1,0,140.0,1,N
179,5,21,25,1,3,2,0,0,AUT,0,1,0,111.0,1,N
0,5,20,11,0,1,1,0,0,PRT,0,1,0,90.71,0,N
286,9,38,16,0,2,2,0,0,ITA,0,1,0,117.0,0,N
134,2,8,25,0,1,1,0,0,PRT,0,1,0,75.0,0,N
71,10,41,4,0,1,2,0,0,NLD,0,1,2,111.0,0,N
3,8,34,20,1,1,2,0,0,CHE,0,1,0,128.0,1,N
22,7,28,5,0,2,2,0,0,GBR,0,1,0,85.0,0,N
221,5,20,15,1,1,2,0,0,MEX,0,1,0,99.0,0,N
23,4,16,10,2,3,2,0,0,PRT,0,4,0,125.2,1,N
141,9,39,23,0,2,3,0,0,POL,0,4,2,163.8,1,N
191,8,34,14,2,2,2,0,0,ITA,0,4,3,153.5,1,N
66,4,15,9,2,0,2,0,0,PRT,0,1,0,100.0,0,Y
278,8,33,18,1,2,2,0,0,DEU,0,1,0,107.1,1,Y
89,7,27,8,0,1,2,0,0,GBR,0,4,1,170.5,1,N
14,9,38,16,0,1,1,0,0,GBR,0,1,1,114.0,1,N
374,10,44,26,1,1,2,0,0,PRT,1,1,0,62.0,0,Y
13,3,13,20,1,0,2,0,0,BRA,0,1,0,85.0,1,N
20,6,24,12,1,2,2,0,0,PRT,0,1,0,99.0,0,Y
189,8,33,8,1,3,2,0,0,PRT,0,1,0,72.25,0,Y
143,5,19,7,2,2,2,0,0,FRA,0,1,0,108.0,0,N
109,6,22,2,2,2,2,0,0,AUS,0,1,1,162.0,1,N
49,11,47,16,0,4,2,0,0,FRA,0,1,0,74.8,2,Y
5,6,23,5,1,1,1,0,0,ITA,0,1,1,145.0,0,N
106,7,31,29,2,5,2,1,0,PRT,0,1,0,106.75,2,Y
113,2,9,25,0,3,2,0,0,PRT,1,1,0,75.0,0,Y
3,8,33,13,0,1,2,2,0,FRA,0,6,0,153.0,0,N
22,5,20,13,0,2,2,1,0,PRT,0,4,0,92.5,3,N
62,4,16,16,2,3,1,0,0,BRA,0,1,0,108.0,0,Y
102,3,12,23,1,3,2,0,0,RUS,0,4,0,100.3,1,Y
6,10,41,7,2,3,3,0,0,BRA,0,4,0,150.45,1,N
0,3,10,5,2,1,2,0,0,FRA,0,1,0,75.0,0,N
195,10,43,18,0,4,1,0,0,ROU,0,1,0,90.9,2,Y
173,4,15,11,0,4,2,1,0,DEU,0,1,2,141.0,0,N
237,4,16,22,2,2,3,0,0,FRA,0,4,0,145.8,0,Y
7,8,35,24,0,1,2,0,0,DEU,0,1,0,137.0,2,N
14,2,9,25,0,3,3,0,0,FRA,0,1,0,118.0,1,N
566,1,4,26,0,2,2,0,0,PRT,0,1,0,62.0,0,Y
281,7,30,25,2,2,2,0,0,PRT,1,1,0,62.0,0,Y
39,9,40,25,1,0,1,0,0,DEU,0,1,1,129.7,0,N
3,3,13,31,0,1,2,0,0,PRT,0,1,0,107.0,0,N
120,9,40,28,0,3,2,0,0,ISR,0,4,0,108.57,0,N
3,8,33,11,0,2,1,2,0,FRA,0,1,1,107.0,0,N
1,1,4,24,0,3,2,0,0,FRA,0,1,0,64.37,0,N
271,7,29,15,0,2,2,0,0,PRT,0,1,0,62.0,0,N
80,3,13,31,0,2,2,0,0,PRT,0,1,0,90.0,0,Y
60,6,25,20,0,3,2,0,0,ARG,0,1,0,140.0,1,Y
1,7,31,30,0,1,1,0,0,PRT,0,1,0,0.0,1,N
37,10,42,13,0,3,2,0,0,PRT,0,1,0,105.0,0,Y
95,8,31,1,2,5,2,0,0,DEU,0,1,0,79.0,0,N
46,11,47,13,2,1,1,0,0,JPN,0,1,0,79.2,0,N
41,2,9,26,2,1,2,0,0,FRA,0,1,1,105.0,0,N
9,2,5,4,1,1,2,0,0,PRT,0,1,0,88.0,0,Y
4,3,13,26,2,1,3,0,0,GBR,0,4,0,176.0,2,N
110,9,38,14,0,4,2,0,0,GBR,0,1,0,86.9,1,N
142,4,17,22,2,3,2,0,0,POL,0,1,0,103.0,0,Y
32,1,2,11,0,3,2,1,0,HRV,0,1,0,126.0,2,N
96,4,17,26,0,2,2,0,0,PRT,0,1,0,130.0,0,Y
2,9,39,23,0,2,2,0,0,PRT,0,1,0,65.0,0,Y
34,10,41,2,2,1,3,0,0,ISR,0,4,0,158.4,1,N
83,6,23,3,1,2,2,0,0,ESP,0,1,1,123.9,0,N
122,4,16,15,0,2,2,0,0,PRT,0,1,0,85.0,0,N
42,5,20,12,0,2,3,0,0,BRA,0,4,0,168.3,2,N
9,4,17,21,0,1,1,0,0,PRT,0,1,0,104.0,0,N
0,3,13,20,1,0,2,0,0,PRT,0,1,1,129.0,0,N
42,11,49,29,0,3,2,0,0,PRT,0,1,0,90.0,0,Y
117,4,14,5,0,4,2,0,0,PRT,0,1,0,93.5,0,Y
12,8,32,6,2,1,1,0,0,GBR,0,1,0,112.42,1,N
0,1,5,25,1,0,2,0,0,PRT,0,1,0,90.0,0,N
55,1,3,17,0,3,2,0,0,ESP,0,1,0,95.0,0,N
0,6,25,17,0,1,1,0,0,PRT,0,1,0,129.0,2,N
86,9,39,24,0,2,2,0,0,PRT,0,1,0,120.0,0,Y
346,9,40,28,1,1,2,0,0,PRT,1,1,0,62.0,0,Y
98,11,48,23,1,2,1,0,0,PRT,0,1,0,70.0,0,Y
50,1,3,14,0,3,2,0,0,FRA,0,1,0,52.0,1,N
296,7,30,28,2,3,2,2,0,DOM,0,1,0,89.1,0,Y
7,3,11,7,1,1,1,0,0,PRT,0,1,0,96.0,1,N
224,2,8,23,0,3,3,0,0,GBR,0,4,0,122.4,2,Y
30,6,23,8,1,3,2,0,0,KOR,0,1,0,89.0,0,N
111,4,17,27,1,3,2,0,0,PRT,0,1,0,120.0,0,Y
74,1,1,7,2,3,2,0,0,PRT,0,1,1,67.0,0,Y
1,4,16,12,0,5,2,0,0,PRT,0,1,0,120.0,0,N
10,4,17,23,1,1,2,0,0,DEU,0,4,0,146.0,1,Y
239,10,42,17,0,1,2,0,0,PRT,1,1,0,60.0,0,Y
12,12,52,25,1,2,2,0,0,FRA,0,2,1,80.42,0,N
195,8,33,8,2,5,2,0,0,DEU,0,1,0,72.25,0,N
62,7,27,2,2,2,3,0,0,IND,0,4,0,150.3,2,N
265,6,26,24,1,2,1,0,0,DEU,0,1,1,83.33,0,N
2,9,37,10,0,1,1,0,0,PRT,0,1,0,0.0,1,N
80,1,2,7,0,1,2,0,0,USA,0,1,0,87.32,0,N
249,11,47,18,1,2,2,0,0,ESP,0,1,0,112.5,0,Y
0,3,13,29,0,1,2,0,0,PRT,0,1,1,118.0,1,N
290,8,32,3,1,3,2,0,0,PRT,1,1,0,62.0,0,Y
23,4,18,29,1,2,2,0,1,ITA,0,1,1,137.67,2,Y
8,2,7,14,0,1,2,0,0,CHE,0,1,0,79.2,0,N
0,10,41,2,0,0,2,1,0,PRT,0,1,0,0.0,1,N
99,10,44,30,2,2,2,0,0,PRT,0,1,0,65.0,0,Y
50,10,43,24,0,1,2,0,0,PRT,0,1,0,146.0,0,Y
62,11,46,6,2,2,1,0,0,RUS,0,1,0,140.63,1,N
125,6,27,27,1,5,3,0,0,DEU,0,4,0,121.55,2,N
13,11,46,8,2,5,2,0,0,FIN,0,1,0,90.95,1,N
257,7,27,1,0,2,2,0,0,PRT,0,1,0,101.5,0,N
147,7,30,21,0,2,2,0,0,PRT,1,1,0,75.0,0,Y
457,8,34,25,0,2,2,0,0,DEU,0,1,1,122.4,1,N
138,8,34,22,2,1,2,0,0,ITA,0,1,0,94.5,0,Y
24,10,42,9,1,0,1,0,0,PRT,0,1,0,120.0,0,Y
287,9,40,29,1,3,2,0,0,DEU,0,1,0,100.3,0,Y
137,4,15,11,0,3,2,0,0,IRL,0,1,0,102.0,1,N
86,12,49,2,1,2,2,0,0,BEL,0,1,0,79.2,1,Y
28,3,9,2,0,3,2,0,0,PRT,0,1,0,95.0,0,Y
13,8,34,16,0,0,2,0,0,PRT,0,1,0,0.0,2,N
105,12,53,26,1,3,2,0,0,NLD,0,1,0,61.09,1,N
118,6,24,6,1,2,1,0,0,SVN,0,1,0,110.0,0,N
59,1,4,23,1,1,2,0,0,PRT,0,1,0,80.0,0,Y
20,7,31,29,0,1,2,0,0,CN,0,1,0,99.0,1,N
27,12,51,13,0,4,2,0,0,FRA,0,1,0,88.4,1,N
531,12,52,22,0,2,2,0,0,PRT,0,1,0,62.8,0,Y
288,7,27,5,3,9,2,0,0,DEU,0,1,0,107.1,1,Y
100,5,21,15,2,4,2,0,0,IRL,0,4,2,164.9,1,N
152,5,19,12,0,2,2,0,0,ITA,0,1,0,144.0,1,Y
12,12,49,5,1,1,2,0,0,ESP,0,1,0,55.0,1,N
386,7,31,28,0,2,2,0,0,PRT,0,1,0,62.0,0,Y
0,7,28,5,0,3,2,0,0,USA,0,1,0,110.46,1,N
135,5,22,28,1,1,2,0,0,PRT,0,1,0,96.0,0,Y
55,12,53,27,3,5,2,0,0,PRT,1,4,0,117.0,0,Y
137,1,5,27,0,2,1,0,0,PRT,1,1,0,70.0,0,Y
83,9,37,7,0,2,2,0,0,BEL,0,1,0,135.9,2,N
408,5,22,30,0,4,2,0,0,AUS,0,1,1,107.0,1,N
44,2,8,17,0,3,2,0,0,PRT,0,1,0,75.0,0,Y
12,10,42,12,1,3,1,0,0,ESP,0,1,1,95.0,0,N
0,9,38,18,0,1,2,0,0,PRT,0,4,1,115.0,2,N
15,5,23,29,2,0,2,0,0,BEL,0,1,0,111.0,0,Y
98,12,53,26,1,3,3,0,0,PRT,0,1,0,91.4,0,Y
96,5,19,11,0,3,2,0,0,IRL,0,4,0,147.0,0,Y
188,6,25,15,0,2,1,0,0,CHE,0,1,0,130.0,0,Y
183,8,34,21,1,2,2,0,0,ITA,0,1,0,117.0,3,N
102,10,42,16,0,2,2,0,0,PRT,0,1,0,101.5,0,Y
243,8,31,2,2,8,2,1,0,MAR,0,1,0,148.5,1,Y
135,12,49,5,2,1,2,0,0,ESP,0,1,0,62.0,0,N
81,10,43,21,2,4,2,0,0,FRA,0,4,0,123.0,2,Y
89,12,50,10,1,1,2,0,0,ITA,0,1,0,104.0,2,N
67,4,15,9,1,1,2,0,0,GBR,0,4,0,137.7,0,Y
66,3,10,10,1,2,2,0,0,FRA,0,1,0,80.0,1,N
75,7,29,22,1,1,2,2,0,JOR,0,5,0,205.0,0,N
66,3,13,26,1,0,2,0,0,NOR,0,1,0,79.2,0,Y
0,12,52,20,0,1,1,0,0,PRT,0,1,0,65.0,2,Y
123,6,24,16,1,2,2,0,0,FRA,0,5,0,153.0,0,Y
54,12,49,1,0,1,2,0,0,PRT,1,1,1,81.0,0,Y
10,3,12,18,0,2,2,0,0,DEU,0,1,0,100.0,0,Y
212,9,40,26,1,3,2,0,0,GBR,0,1,1,100.0,1,N
135,7,29,15,0,2,2,0,0,PRT,1,1,0,100.0,0,Y
6,9,37,7,1,3,2,0,0,FRA,0,1,0,100.0,1,N
47,11,46,11,0,1,1,0,0,PRT,0,1,0,100.0,0,N
41,12,53,27,2,5,2,0,0,BRA,0,1,0,100.0,0,N
44,4,17,23,2,1,1,0,0,FRA,0,1,1,100.0,0,N
148,7,29,18,0,5,2,0,0,BEL,0,5,0,100.0,1,N
70,3,12,24,1,2,2,0,0,NLD,0,4,0,108.0,1,N
161,10,45,31,1,3,2,0,0,DEU,0,1,0,59.5,0,N
63,7,30,23,2,5,3,0,0,JPN,0,5,0,225.43,2,N
110,10,42,9,1,0,1,0,0,PRT,0,1,1,120.0,0,Y
290,12,49,1,1,3,2,0,0,SVK,0,4,0,86.7,0,Y
15,12,53,27,1,5,2,0,0,BRA,0,1,0,70.0,0,N
330,6,23,2,0,2,2,0,0,PRT,0,1,0,62.0,0,Y
135,7,29,16,1,1,2,1,0,PRT,0,4,0,102.09,0,Y
143,3,13,24,0,2,2,0,0,PRT,1,1,0,86.0,1,Y
245,6,25,17,0,2,2,0,0,PRT,0,1,0,75.0,0,Y
315,9,38,17,1,1,2,0,0,FRA,0,1,1,65.0,1,N
59,7,29,17,1,2,3,0,0,BEL,0,4,0,200.0,0,N
120,5,19,12,0,2,2,0,0,COL,0,1,2,126.0,0,Y
55,4,16,12,0,1,2,0,0,USA,0,1,1,94.5,0,N
86,1,4,22,0,1,2,0,0,PRT,1,1,0,85.0,0,Y
59,8,34,23,0,2,2,0,0,GBR,0,1,0,95.12,0,N
75,2,6,8,1,4,2,0,0,FRA,0,1,0,88.4,1,N
1,10,40,2,0,2,1,0,0,PRT,0,1,0,100.0,0,N
110,7,30,25,2,1,2,0,0,ITA,0,1,0,94.5,0,N
32,11,47,15,0,2,2,0,0,DEU,0,5,0,75.0,1,N
214,7,28,9,1,0,2,0,0,USA,0,1,0,89.1,3,N
6,5,18,4,0,1,1,0,0,ITA,0,4,0,175.0,1,N
5,2,7,12,0,1,2,1,0,PRT,0,1,0,110.0,3,N
358,10,41,10,1,1,2,0,0,PRT,1,1,0,62.0,0,Y
71,10,43,24,2,1,2,0,0,FIN,0,1,0,89.25,2,N
8,1,3,13,0,3,2,0,0,PRT,0,1,0,69.5,0,N
277,11,46,7,1,2,2,0,0,PRT,0,1,0,100.0,0,Y
10,2,7,8,1,0,1,0,0,PRT,0,1,0,61.0,0,N
178,7,27,7,0,2,2,0,0,ITA,0,1,0,143.1,0,Y
3,8,35,24,2,4,2,0,0,ESP,0,1,1,117.26,2,N
30,8,36,31,0,1,1,0,0,FRA,0,1,1,94.2,0,N
150,8,32,9,0,3,2,1,0,DEU,0,1,0,157.5,1,N
190,8,34,19,2,5,2,0,0,ITA,0,1,0,89.25,0,Y
109,2,9,21,2,1,2,0,0,PRT,1,1,0,75.0,0,Y
297,8,33,10,1,1,2,0,0,PRT,1,1,0,62.0,0,Y
55,11,46,11,0,2,2,1,0,FRA,0,1,0,113.4,1,Y
146,8,35,29,0,5,2,0,0,NOR,0,1,0,131.0,1,Y
0,10,43,23,0,1,1,0,0,PRT,0,1,2,109.0,0,N
239,8,32,8,0,4,2,0,0,DEU,0,1,0,130.5,0,Y
37,6,26,20,1,2,1,0,0,FRA,0,1,0,94.5,0,N
258,7,27,2,0,2,2,0,0,PRT,1,1,0,62.8,0,Y
374,10,44,26,1,1,2,0,0,PRT,1,1,0,62.0,0,Y
353,10,41,5,1,1,2,0,0,PRT,1,1,0,62.0,0,Y
365,7,28,7,0,2,2,0,0,PRT,0,1,0,62.0,0,Y
68,6,26,19,1,0,2,0,0,ITA,0,1,0,116.1,1,N
91,6,25,18,2,1,2,0,0,ISR,0,1,0,126.0,0,Y
219,9,36,4,0,1,2,0,0,DEU,0,1,0,108.0,0,N
38,1,2,14,0,1,1,0,0,PRT,0,1,0,75.0,0,Y
99,6,26,28,0,2,2,1,0,FRA,0,1,0,144.0,0,Y
25,12,50,8,0,2,1,0,0,PRT,1,1,0,90.0,0,Y
95,12,53,29,0,4,2,0,0,FRA,0,4,0,60.5,0,N
68,10,42,10,1,2,2,1,0,NOR,0,1,2,136.3,1,N
19,9,39,21,1,1,2,0,0,ESP,0,1,0,124.0,0,N
62,3,10,4,2,2,2,0,0,GBR,0,1,0,58.94,1,N
78,12,53,27,0,3,2,0,0,DEU,0,4,0,114.9,2,N
64,10,45,31,1,2,2,0,0,BEL,0,4,0,105.6,4,N
14,2,8,18,0,2,1,0,0,IDN,0,1,0,85.0,0,Y
156,8,35,21,2,1,2,0,0,FRA,0,1,0,103.5,0,N
74,10,42,14,0,1,2,0,0,PRT,0,1,1,120.0,0,N
74,6,24,17,2,1,2,0,0,CHN,0,1,0,105.3,1,N
74,11,46,13,0,2,2,0,0,PRT,0,1,0,75.0,0,Y
74,7,32,31,2,3,2,0,0,FRA,0,4,0,113.9,0,Y
116,2,10,28,2,1,1,0,0,PRT,0,1,0,61.0,0,Y
13,8,32,9,0,1,2,2,0,PRT,0,6,0,270.0,3,N
304,8,34,17,1,1,2,0,0,PRT,1,1,0,62.0,0,Y
105,4,15,6,0,1,2,0,0,PRT,0,1,0,75.0,0,Y
75,8,34,14,2,0,2,0,0,BEL,0,1,0,135.9,0,Y
47,7,28,10,1,1,2,0,0,PRT,0,1,0,80.1,1,Y
14,5,19,9,0,1,2,0,0,PRT,0,1,0,150.0,1,Y
88,6,25,15,0,3,2,0,0,PRT,0,1,0,134.1,1,N
3,11,47,14,9,25,2,0,0,PRT,0,1,3,93.0,0,N
76,2,7,16,1,3,2,0,0,USA,0,1,0,88.4,0,Y
72,9,36,5,2,2,2,0,0,DEU,0,1,0,72.25,0,N
92,3,11,15,0,3,2,0,0,PRT,0,1,0,85.0,0,Y
82,4,16,22,2,1,2,0,0,ITA,0,1,0,126.0,1,Y
24,8,31,2,0,4,2,0,0,CIV,0,4,1,212.0,1,Y
36,9,40,28,0,3,1,0,0,DEU,0,1,2,76.0,0,N
56,2,5,3,1,2,2,3,0,PRT,0,7,1,220.8,0,Y
4,10,42,12,1,0,1,0,0,PRT,0,1,0,65.0,0,N
115,5,21,22,1,3,2,0,0,LUX,0,5,0,173.25,2,Y
1,8,31,4,0,1,3,0,0,NLD,0,4,0,190.0,1,N
19,2,6,11,2,2,2,1,0,CHE,0,1,0,108.8,0,Y
15,12,52,23,0,1,2,0,0,PRT,0,1,0,97.0,0,N
59,8,33,11,0,1,2,0,0,BEL,0,1,0,144.9,1,N
168,8,33,8,1,3,2,0,0,DEU,0,1,0,72.25,0,N
192,6,26,24,0,2,1,0,0,SRB,0,1,0,95.0,0,N
85,3,10,8,0,3,2,0,0,IRL,0,1,0,79.2,2,N
153,6,25,21,0,4,1,0,0,PRT,0,1,0,110.0,0,Y
92,9,40,30,0,1,2,0,0,PRT,0,1,0,170.0,0,Y
48,9,38,14,0,1,1,0,0,PRT,0,1,0,120.0,0,Y
304,11,45,3,0,3,2,0,0,PRT,0,1,0,89.0,0,Y
342,9,39,24,2,4,2,0,0,PRT,1,1,0,170.0,0,Y
92,7,29,14,0,2,2,2,0,USA,0,6,0,177.3,0,Y
54,8,33,15,0,4,2,0,0,ITA,0,1,1,152.5,3,N
199,10,44,28,0,2,2,0,0,PRT,0,1,0,95.0,0,Y
31,3,12,14,1,1,2,0,0,TUR,0,2,0,81.9,1,N
107,12,53,26,1,3,2,0,0,AUT,0,1,0,61.09,1,N
126,7,27,2,1,0,2,1,0,USA,0,4,0,133.6,0,N
72,4,16,21,1,2,3,0,0,ITA,0,4,1,171.0,0,Y
337,9,38,19,2,2,2,0,0,PRT,1,1,0,62.0,0,Y
55,6,25,18,2,2,2,0,0,NLD,0,4,0,126.9,1,N
29,5,20,9,1,4,2,0,0,FRA,0,4,0,143.52,1,N
11,1,4,17,2,0,2,0,0,USA,0,1,0,98.0,2,N
77,4,13,1,2,2,2,0,0,DEU,0,4,0,163.8,0,Y
94,12,50,6,0,3,2,1,0,ITA,0,1,0,109.8,0,Y
79,4,17,24,1,3,2,0,0,DEU,0,1,0,123.75,0,Y
36,9,40,28,0,3,2,0,0,DEU,0,1,0,43.5,0,N
0,1,2,5,0,1,2,0,0,PRT,0,1,0,85.0,0,N
111,12,53,25,2,2,2,2,0,DEU,0,6,0,196.35,1,Y
44,4,16,20,0,3,1,0,0,ITA,0,1,1,106.67,0,N
120,6,24,13,0,3,2,0,0,NLD,0,1,0,144.0,0,Y
2,11,46,6,2,5,2,0,0,DEU,0,4,0,78.2,1,N
7,3,12,20,1,0,2,0,0,FRA,0,1,0,98.0,0,N
59,3,13,25,2,2,2,0,0,FIN,0,5,0,104.65,0,N
1,3,11,17,0,1,2,0,0,PRT,0,5,0,158.0,2,N
44,2,9,27,1,3,2,0,0,BEL,0,4,0,136.0,2,N
140,11,47,18,0,3,1,0,0,PRT,0,1,1,65.0,0,N
68,2,8,17,0,2,2,0,0,PRT,1,1,0,75.0,0,Y
164,10,40,2,0,2,1,0,0,PRT,0,1,0,100.0,0,N
0,9,38,18,0,1,2,0,0,RUS,0,1,0,200.0,0,N
133,8,34,20,0,1,2,0,0,DEU,0,1,0,94.5,0,Y
70,7,29,12,2,6,2,0,0,PRT,0,1,0,93.6,0,Y
85,7,30,18,1,0,2,0,0,DEU,0,1,0,105.3,0,N
84,6,25,20,0,3,3,0,0,CHN,0,4,0,189.0,0,Y
53,6,26,24,1,2,2,0,0,PRT,0,1,0,65.0,1,N
309,5,19,13,2,3,2,0,0,MOZ,0,1,2,89.1,0,N
0,5,22,31,0,2,3,0,0,ESP,0,4,0,229.0,1,Y
73,6,24,13,0,3,2,0,0,BEL,0,1,0,140.0,2,N
162,6,25,23,1,2,3,0,0,ITA,0,4,2,163.8,0,Y
329,9,37,11,2,3,2,0,0,PRT,1,1,0,90.0,0,Y
33,10,44,25,2,3,3,0,0,FRA,0,4,0,105.0,1,N
267,10,40,1,1,1,2,0,0,IRL,0,4,0,115.2,0,Y
91,3,12,18,0,2,1,0,0,PRT,0,1,0,75.0,0,Y
111,6,27,26,2,2,2,0,0,DEU,0,1,0,99.45,1,N
92,10,41,6,0,5,2,0,0,PRT,0,1,1,89.25,1,N
68,9,37,12,2,2,2,0,0,PRT,0,1,0,62.0,0,N
86,3,13,30,1,3,2,0,0,DEU,0,1,0,104.4,0,N
229,11,47,13,4,5,2,0,0,BRA,0,1,0,107.64,1,Y
89,5,20,15,1,4,2,0,0,BRA,0,1,0,147.6,1,N
22,12,51,18,0,1,1,0,0,PRT,0,1,0,65.0,0,N
159,8,32,5,1,2,3,0,0,FRA,0,1,0,143.7,0,Y
112,4,14,4,0,2,2,0,0,PRT,0,1,0,95.0,0,Y
144,7,28,3,2,2,2,0,0,FRA,0,1,0,112.0,0,N
144,6,27,27,1,3,2,0,0,PRT,0,1,1,80.75,0,N
123,8,33,9,2,4,2,0,0,DEU,0,1,0,63.75,1,N
6,8,32,7,1,1,3,0,0,CHE,0,4,0,183.99,1,N
124,10,42,9,2,1,2,0,0,DEU,0,1,0,118.8,2,N
240,9,37,10,1,1,3,0,0,ITA,0,1,1,139.2,0,N
30,3,10,4,0,2,1,0,0,ITA,0,1,0,77.5,0,N
212,6,22,2,1,2,2,0,0,FRA,0,1,2,127.33,0,N
202,10,43,20,0,3,2,0,0,ITA,0,1,0,96.3,2,N
329,9,37,11,2,3,2,0,0,PRT,1,1,0,90.0,0,Y
433,9,37,8,0,3,2,0,0,PRT,0,1,0,70.0,0,Y
127,11,47,19,2,2,2,0,0,ITA,0,4,0,97.75,0,Y
167,7,30,24,1,3,2,0,0,DEU,0,1,0,80.1,0,N
111,3,13,20,2,0,2,0,0,BEL,0,1,0,58.0,1,N
88,4,16,16,2,2,2,0,0,GBR,0,1,0,89.1,1,N
82,5,21,17,0,2,2,0,0,CHE,0,4,0,149.4,0,N
15,1,5,28,2,4,2,0,0,CHN,0,2,1,77.88,0,Y
2,1,3,14,0,1,1,0,0,PRT,0,1,0,66.0,0,N
263,8,32,8,0,1,2,0,0,BEL,0,1,0,107.1,2,N
289,10,42,17,0,1,2,0,0,PRT,0,1,0,67.0,0,N
64,12,53,25,2,2,2,0,0,BRA,0,4,1,74.61,2,N
21,3,11,12,0,1,1,2,0,DEU,0,1,1,127.0,0,N
115,6,22,2,0,2,2,0,0,PRT,0,1,1,80.0,0,N
42,9,40,27,0,2,2,0,0,ISR,0,4,0,158.4,1,N
322,12,50,9,0,2,2,0,0,PRT,0,1,0,52.0,0,Y
348,6,22,3,2,1,2,0,0,PRT,0,1,0,90.0,0,Y
99,4,14,5,0,3,2,0,0,GBR,0,1,0,99.0,1,Y
0,1,5,27,0,2,3,0,0,MAR,0,2,1,120.5,0,N
36,6,25,19,1,2,2,0,0,GBR,0,1,0,160.0,1,N
98,4,18,26,2,5,2,0,0,FRA,0,1,0,98.24,1,N
277,5,19,12,1,2,2,0,0,DEU,0,1,0,89.1,1,N
179,4,15,10,1,3,2,2,0,BEL,0,2,0,206.1,0,Y
0,10,41,3,1,0,1,0,0,PRT,0,5,0,156.0,0,N
213,9,37,8,0,3,2,0,0,USA,0,4,0,117.11,1,N
21,11,49,30,0,2,1,0,0,POL,0,1,0,76.0,0,N
1,9,36,1,0,1,1,0,0,PRT,0,1,0,0.0,1,N
44,1,1,1,1,0,3,0,0,BRA,0,1,2,65.0,2,N
24,11,47,18,0,2,2,0,0,PRT,0,1,0,0.0,1,N
26,9,36,5,1,1,1,0,0,GBR,0,1,0,95.0,2,N
213,8,35,28,1,3,1,0,0,PRT,0,1,1,104.0,0,N
6,8,33,7,1,0,2,1,0,ESP,0,1,0,171.0,2,Y
290,8,32,3,1,3,2,0,0,PRT,1,1,0,62.0,0,Y
169,8,31,2,2,5,2,1,1,FRA,0,1,1,154.93,1,N
135,9,38,14,1,4,2,0,0,PRT,0,1,0,80.75,2,Y
240,6,22,3,0,1,2,0,0,GBR,0,4,0,147.6,1,N
95,11,47,18,2,3,2,0,0,GBR,0,1,0,85.0,1,N
124,5,18,6,2,1,2,0,0,CN,0,1,0,97.02,1,N
24,5,20,12,0,3,2,0,0,DEU,0,1,0,99.33,1,N
0,9,37,5,1,0,2,0,0,PRT,0,1,1,149.0,0,N
16,3,10,3,0,3,2,0,0,ITA,0,4,0,109.33,0,Y
66,11,46,12,2,1,2,0,0,SWE,0,1,0,105.33,1,Y
76,5,21,17,0,3,1,0,0,NLD,0,1,0,126.9,0,N
50,6,26,28,0,2,2,0,0,IRL,0,1,0,140.0,0,N
32,11,47,20,0,2,1,0,0,PRT,0,1,0,73.0,0,N
188,8,33,13,1,1,2,0,0,ISR,0,1,0,105.3,0,Y
44,9,37,12,2,1,2,0,0,IRL,0,1,0,120.6,2,N
15,1,3,21,1,1,2,0,0,ESP,0,1,0,80.0,0,Y
205,8,34,25,0,2,2,0,0,CHE,0,1,0,72.42,1,N
5,11,45,1,2,2,2,0,0,GBR,0,4,1,105.0,0,N
147,9,40,25,2,2,2,0,0,CN,0,1,0,129.6,2,N
49,7,30,20,0,2,3,1,0,ARG,0,4,0,159.3,0,Y
327,9,37,9,2,4,2,0,0,PRT,0,1,0,88.0,0,N
24,3,11,8,0,3,2,0,0,PRT,0,1,0,81.0,2,N
20,7,31,31,1,1,2,2,0,CHN,0,6,0,234.0,0,N
2,11,48,25,2,4,1,0,0,ITA,0,1,0,91.38,0,N
78,3,13,25,1,2,2,0,0,PRT,0,1,0,100.0,0,Y
2,3,10,5,2,5,1,0,0,PRT,0,1,0,60.0,0,N
34,12,50,8,0,2,1,0,0,PRT,1,1,0,90.0,0,Y
95,4,17,20,0,2,1,0,0,PRT,0,1,0,74.0,0,Y
215,11,48,21,1,1,1,0,0,NLD,0,1,1,75.0,0,N
50,10,41,9,0,2,2,0,0,PRT,0,1,0,85.0,0,N
91,4,14,5,0,4,1,0,0,USA,0,1,2,69.3,1,N
156,6,23,9,2,2,2,0,0,GBR,0,1,0,126.0,0,Y
18,11,45,1,0,2,2,0,0,DEU,0,1,0,120.0,1,N
373,4,14,5,0,3,2,0,0,PRT,0,1,0,90.0,0,Y
7,9,40,29,0,1,1,0,0,ESP,0,1,0,195.7,0,N
97,4,16,16,2,1,2,0,0,PRT,0,4,0,102.3,0,N
35,12,52,26,0,1,2,0,0,ESP,0,2,0,77.25,2,N
6,12,53,31,0,1,2,1,0,PRT,0,1,0,77.5,0,N
156,4,17,26,0,3,2,0,0,PRT,0,1,0,100.0,0,Y
24,10,43,19,1,4,3,0,0,FRA,0,4,1,105.0,0,N
69,4,14,6,0,3,1,0,0,PRT,0,1,0,85.0,0,Y
106,3,13,22,0,3,2,0,0,FRA,0,1,1,77.33,0,N
8,2,8,19,0,1,1,0,0,PRT,0,1,0,81.0,0,N
160,8,32,11,1,2,2,0,0,DNK,0,1,0,120.83,0,Y
57,11,47,17,0,3,2,0,0,NLD,0,1,0,79.2,2,N
163,8,32,1,1,0,2,1,0,PRT,0,1,0,121.5,3,N
226,6,24,16,1,2,2,0,0,PRT,0,1,0,105.0,0,Y
150,6,24,17,2,3,1,0,0,PRT,0,1,0,120.0,0,Y
3,7,28,13,0,1,1,0,0,PRT,1,4,0,95.0,1,N
75,3,13,29,0,4,2,0,0,NLD,0,1,0,98.1,2,N
116,3,12,24,0,2,1,0,0,FRA,0,1,0,90.0,0,N
88,6,24,17,0,1,2,1,0,ESP,0,1,0,204.3,0,Y
309,5,20,12,0,2,2,0,0,PRT,0,1,0,62.0,0,Y
204,5,19,5,0,3,2,0,0,PRT,0,1,0,100.0,0,Y
21,10,41,4,0,3,2,0,0,CHN,0,1,0,116.1,0,Y
327,9,37,9,0,2,2,0,0,PRT,1,1,0,62.0,0,Y
99,6,27,29,0,3,2,0,0,FRA,0,1,0,114.3,1,N
84,5,21,16,1,3,2,0,0,CHN,0,1,0,109.65,1,Y
54,12,53,30,1,4,2,0,0,PRT,0,4,0,118.2,1,Y
92,10,41,7,0,4,2,0,0,PRT,0,1,0,70.0,0,N
30,3,12,21,0,4,2,0,0,PRT,0,4,0,134.73,1,N
203,6,26,26,2,5,2,0,0,GBR,0,1,0,96.17,1,Y
129,6,24,12,2,5,2,0,0,BGR,0,1,3,132.43,0,N
13,12,50,6,2,0,2,0,0,PRT,1,1,0,107.0,2,Y
7,3,11,17,0,2,2,0,0,PRT,0,4,0,95.0,0,Y
17,7,29,11,1,1,2,0,0,NOR,0,1,0,139.0,0,N
294,7,30,23,2,2,2,0,0,GBR,0,1,1,89.1,1,N
7,4,16,16,1,1,2,1,0,ISR,0,1,0,143.0,1,N
96,7,28,11,2,1,2,0,0,ITA,0,1,0,94.5,0,Y
45,6,25,19,1,3,2,0,0,IRL,0,1,0,150.0,0,N
139,6,24,12,1,1,3,0,0,PRT,0,4,2,188.5,0,Y
116,5,19,9,0,3,2,0,0,FRA,0,1,1,117.0,1,N
55,9,37,6,2,0,2,0,0,FRA,0,1,0,75.0,0,N
106,5,22,31,0,4,3,0,0,PRT,0,5,0,163.8,0,Y
410,5,19,9,0,1,2,0,0,PRT,0,1,0,90.0,0,Y
146,8,32,12,2,1,3,0,0,MYS,0,4,0,175.5,2,N
272,7,29,16,0,2,2,0,0,PRT,1,1,0,62.0,0,Y
37,11,46,9,0,4,2,0,0,FRA,0,1,0,125.57,1,N
220,8,34,14,2,2,2,0,0,ITA,0,4,0,108.45,0,Y
272,8,32,5,0,1,2,0,0,PRT,1,1,0,65.0,0,Y
8,7,30,17,2,0,2,0,0,ESP,0,1,0,160.0,1,N
9,11,47,17,0,1,1,0,0,PRT,0,1,1,79.0,1,N
8,12,50,9,0,2,1,0,0,FRA,0,1,1,79.0,0,N
59,3,12,22,0,1,2,0,0,FRA,0,1,0,60.98,0,Y
56,2,7,14,0,2,2,0,0,CHE,0,1,0,79.2,1,Y
19,7,28,3,2,2,3,0,0,ESP,0,4,0,187.0,2,N
122,3,11,17,0,2,2,0,0,BRA,0,1,0,93.6,0,Y
31,5,21,19,0,1,1,0,0,PRT,0,4,0,108.11,0,N
13,5,19,5,1,3,2,0,0,FRA,0,4,0,148.5,0,N
57,8,31,2,2,4,2,0,0,FRA,0,1,0,126.0,0,N
83,9,39,23,0,2,2,0,0,PRT,0,1,0,62.0,0,N
110,8,32,1,1,5,2,0,0,FRA,0,4,0,120.3,1,N
88,5,19,3,0,3,2,0,0,PRT,0,1,0,117.0,1,N
109,10,42,11,0,1,2,0,0,FRA,0,1,0,108.0,0,Y
5,9,39,20,2,0,2,0,0,PRT,1,1,0,100.0,0,Y
46,1,1,1,2,0,2,0,0,PRT,0,1,0,65.0,0,N
121,7,29,16,2,1,2,0,0,USA,0,1,0,105.3,1,N
4,3,10,6,1,1,1,0,0,PRT,0,5,0,110.0,0,N
1,2,10,28,2,1,1,0,0,PRT,0,1,0,60.0,0,Y
384,7,30,20,0,2,2,0,0,PRT,0,1,0,65.0,0,Y
9,3,11,16,1,3,3,0,0,ESP,0,4,0,142.8,0,N
27,9,39,20,0,1,2,0,0,BRA,0,1,0,95.0,0,N
17,3,12,20,1,0,1,0,0,FRA,0,1,0,80.0,2,N
60,5,19,7,2,2,2,0,0,IRL,0,1,0,144.0,0,Y
364,10,42,16,0,2,2,0,0,PRT,1,1,0,101.5,0,Y
68,11,45,2,1,4,2,2,0,SWE,0,2,0,164.88,0,Y
34,8,32,5,0,2,2,0,0,PRT,0,1,0,62.0,0,Y
34,10,42,15,0,3,2,0,0,GBR,0,1,0,125.0,1,N
2,11,48,20,2,2,2,0,0,SWE,0,1,0,91.38,1,N
37,2,5,1,2,4,3,0,0,FIN,0,5,1,115.6,1,Y
175,5,20,19,0,1,1,0,0,PRT,0,1,0,90.0,0,Y
3,5,20,9,1,0,1,0,0,PRT,0,1,0,77.6,0,N
350,6,25,17,0,2,2,0,0,PRT,0,1,0,140.0,0,Y
122,4,16,15,0,2,2,0,0,PRT,0,1,0,85.0,0,N
278,7,30,22,0,2,2,0,0,PRT,1,1,0,62.0,0,Y
213,12,51,17,0,1,1,0,0,DEU,0,1,2,67.5,0,N
4,1,1,2,1,1,1,0,0,IRL,0,1,0,97.0,2,N
180,10,40,1,2,1,2,0,0,IRL,0,1,0,108.9,0,Y
69,9,37,9,0,2,2,0,0,PRT,0,1,0,62.0,0,N
112,6,23,2,0,2,2,0,0,FRA,0,1,0,100.0,0,N
2,9,38,15,0,1,2,0,0,DEU,0,1,0,159.0,0,N
296,9,39,21,0,4,2,0,0,ITA,0,1,0,117.0,1,N
8,8,34,23,0,2,2,0,0,AUS,0,1,0,129.5,0,N
220,6,23,4,2,1,1,0,0,USA,0,1,0,61.67,0,N
13,2,8,18,0,3,2,0,0,FRA,0,1,0,87.0,1,N
86,4,18,26,1,5,2,0,0,GBR,0,1,0,95.2,1,N
44,7,27,1,0,2,2,2,0,PRT,0,5,0,156.95,1,Y
0,6,24,16,0,2,2,0,0,PRT,0,1,0,124.8,1,N
53,8,35,27,2,1,2,0,0,PRT,0,1,0,77.04,0,Y
24,2,6,5,2,5,1,0,0,MAR,0,1,1,75.0,0,N
137,2,7,7,2,1,3,0,0,FRA,0,4,0,93.0,2,N
8,1,4,19,0,5,2,0,0,ROU,0,1,0,79.4,1,N
13,3,12,19,2,0,1,0,0,GBR,0,5,0,148.0,2,N
21,9,40,28,0,1,1,0,0,FRA,0,1,0,129.0,2,Y
138,7,30,25,0,1,2,0,0,PRT,0,1,0,60.0,0,N
37,4,13,1,1,1,1,1,0,AGO,0,1,1,120.0,1,N
30,9,40,30,0,2,2,0,0,PRT,0,1,0,121.0,0,Y
0,8,32,8,1,1,2,0,0,FRA,0,1,1,75.0,0,N
93,8,33,15,2,3,2,0,0,PRT,0,1,0,76.5,2,Y
1,12,52,24,0,1,2,0,0,PRT,11,5,0,55.0,0,Y
7,10,44,29,0,1,1,0,0,PRT,0,1,0,65.0,0,N
62,3,13,31,1,2,3,0,0,DEU,0,1,0,116.1,1,N
175,6,26,29,2,5,2,0,0,DEU,0,1,0,91.93,0,N
1,12,50,12,0,1,1,0,0,PRT,0,1,1,0.0,0,N
83,9,39,23,0,2,3,0,0,ESP,0,1,1,84.0,0,N
199,8,34,14,2,5,3,0,0,FRA,0,4,0,127.62,2,N
101,4,18,26,0,1,2,0,0,PRT,0,1,0,98.0,0,N
60,7,29,20,2,5,3,2,0,GBR,0,7,0,239.3,1,N
188,6,25,15,0,2,1,0,0,PRT,0,1,0,130.0,0,Y
21,1,3,19,0,3,2,0,0,ITA,0,4,0,119.83,1,N
0,9,39,20,0,1,2,0,0,PRT,0,1,0,190.0,0,Y
19,6,26,22,0,2,1,0,0,PRT,0,1,1,90.0,0,N
32,5,22,30,0,2,2,0,0,ISR,0,1,0,160.0,2,N
0,9,39,21,1,3,2,0,0,ESP,0,4,0,155.0,1,N
83,12,51,11,2,1,2,0,0,FRA,0,1,0,75.0,0,N
177,4,14,7,2,2,0,2,0,LUX,0,2,1,103.05,0,N
295,4,18,28,0,2,2,0,0,PRT,0,1,0,62.0,0,Y
0,7,31,29,0,1,2,0,0,MOZ,0,1,0,109.0,1,N
175,7,30,23,1,1,2,0,0,PRT,0,1,0,85.5,2,N
53,8,32,11,0,2,3,0,0,GBR,0,4,0,210.0,3,N
151,7,30,25,2,1,2,0,0,PRT,1,1,0,86.0,0,Y
182,4,15,11,0,4,0,2,0,BEL,0,2,0,103.05,2,N
48,7,27,2,2,3,3,0,0,ESP,0,4,2,157.5,0,Y
84,6,24,12,1,3,2,0,0,AUT,0,1,0,126.0,0,N
104,8,35,27,1,0,3,1,0,PRT,0,5,0,162.0,1,N
60,3,11,6,2,5,2,0,0,ESP,0,1,0,82.95,0,Y
140,11,47,18,0,3,2,0,0,PRT,0,1,3,75.0,1,N
153,6,26,30,2,5,2,0,0,DEU,0,4,0,153.51,0,N
0,5,19,10,0,1,1,0,0,BEL,0,1,0,285.0,0,N
192,6,26,24,0,2,1,0,0,GBR,0,1,0,95.0,0,N
14,10,42,15,0,1,1,0,0,ITA,0,1,1,100.0,0,N
2,12,52,20,0,3,2,0,0,FRA,0,1,0,79.5,1,N
17,2,7,13,1,1,2,1,0,PRT,0,1,0,128.0,2,Y
327,9,37,9,0,2,2,0,0,PRT,1,1,0,62.0,0,Y
457,8,34,25,0,2,2,0,0,DEU,0,1,1,122.4,1,N
44,11,48,26,1,1,2,0,0,PRT,0,1,0,98.8,2,N
67,3,13,26,2,1,3,0,0,PRT,0,1,0,100.81,1,Y
5,5,22,22,2,0,2,0,0,GBR,0,5,0,119.0,0,N
305,11,45,4,1,2,2,0,0,PRT,0,1,0,89.0,0,Y
97,9,37,9,2,5,2,0,0,DEU,0,1,0,135.9,0,Y
43,1,4,28,2,3,2,0,0,BRA,0,1,0,68.0,1,N
161,9,38,15,1,3,2,0,0,IRL,0,1,0,126.9,0,Y
0,10,45,31,0,0,2,0,0,PRT,0,1,0,0.0,1,N
216,6,24,13,1,5,1,0,0,PRT,0,1,0,108.0,1,N
80,8,33,16,0,2,2,1,0,ESP,0,1,0,170.0,2,N
23,1,1,2,2,1,2,0,0,ITA,0,1,0,109.0,0,N
230,6,26,19,2,3,2,0,0,NLD,0,1,0,80.75,0,N
34,8,33,16,0,1,3,0,0,FRA,0,4,1,239.0,1,N
78,9,36,1,0,3,2,0,0,BRA,0,4,0,149.4,1,N
65,10,41,8,0,3,2,0,0,DEU,0,1,0,72.25,0,N
168,8,33,13,0,1,3,0,0,BRA,0,1,0,146.7,1,N
156,4,17,26,0,3,2,0,0,PRT,0,1,0,100.0,0,Y
253,10,41,7,1,2,1,0,0,LUX,0,4,0,140.4,1,N
104,5,20,15,1,2,1,0,0,PRT,0,1,0,160.0,0,Y
330,9,37,12,2,2,2,0,0,PRT,1,1,0,62.0,0,Y
33,9,37,10,1,1,3,0,0,ESP,0,1,0,120.6,0,N
461,10,42,13,0,2,2,0,0,PRT,0,1,0,62.0,0,Y
39,11,49,27,2,2,1,0,0,FIN,0,1,0,65.0,0,N
5,4,17,26,0,1,1,0,0,ESP,0,5,1,215.0,0,N
458,8,34,26,0,1,2,0,0,PRT,0,1,2,43.2,2,Y
30,4,17,19,0,3,2,0,0,GBR,0,1,0,103.5,0,N
0,10,45,30,2,0,1,0,0,CZE,0,1,0,150.0,2,N
272,7,29,16,0,2,2,0,0,PRT,1,1,0,62.8,0,Y
60,7,31,25,1,0,3,0,0,DEU,0,4,0,137.7,2,N
69,10,44,25,2,1,2,0,0,PRT,0,1,0,85.67,0,N
0,1,4,19,0,3,1,0,0,PRT,0,1,0,66.0,0,N
21,8,36,30,0,1,2,1,0,ITA,0,1,0,140.0,1,N
280,9,39,19,1,2,2,0,0,PRT,0,1,0,110.0,0,Y
78,4,17,29,2,1,2,0,0,PRT,0,1,0,90.0,0,Y
84,10,45,31,1,3,2,1,0,CHE,0,1,0,149.18,1,N
29,10,44,28,0,3,2,0,0,PRT,1,4,0,136.0,3,Y
110,7,30,22,2,2,2,0,0,KAZ,0,4,0,121.05,0,N
173,8,33,14,1,2,2,0,0,FRA,0,1,0,112.5,1,N
68,5,20,18,0,2,2,0,0,DEU,0,1,1,180.0,0,N
44,9,37,10,0,2,2,0,0,PRT,0,1,0,126.0,0,Y
26,9,36,3,2,2,2,0,0,CHE,0,1,2,116.72,0,N
134,7,27,2,1,0,2,0,0,COL,0,4,0,116.1,0,N
98,12,53,29,0,3,2,0,0,PRT,1,1,0,59.5,0,Y
201,8,32,10,2,4,2,0,0,GBR,0,1,0,82.3,1,N
1,1,5,27,0,2,1,0,0,DEU,0,1,1,71.7,0,N
207,5,18,2,0,3,2,0,0,AUT,0,1,0,117.0,2,N
1,3,11,16,0,2,2,0,0,ARG,0,1,0,72.16,0,N
86,1,4,22,0,1,2,0,0,PRT,1,1,0,85.0,0,Y
95,5,22,22,2,3,3,0,0,PRT,0,4,0,141.32,1,Y
175,5,20,19,0,1,1,0,0,PRT,0,1,0,90.0,0,Y
49,7,27,1,1,2,3,0,0,GBR,0,4,0,150.3,4,N
19,3,9,1,1,4,2,0,0,CHE,0,4,0,133.0,2,N
346,9,38,13,0,2,2,0,0,DEU,0,1,0,115.0,1,N
1,1,2,5,0,3,1,0,0,PRT,0,1,0,66.0,0,N
173,4,14,7,1,2,2,1,0,DEU,0,1,0,133.2,1,Y
172,7,27,2,2,2,2,0,0,GBR,0,4,0,117.9,3,Y
227,6,22,1,0,3,3,0,0,FRA,0,4,0,157.5,1,Y
278,8,33,11,0,1,2,0,0,PRT,1,1,0,65.0,0,Y
23,4,16,10,2,3,3,0,0,FRA,0,4,0,146.2,3,N
20,11,46,7,1,3,1,0,0,USA,0,1,0,171.13,2,N
68,4,14,5,0,2,1,0,0,BEL,0,1,0,100.0,0,N
7,6,24,14,0,1,2,1,0,PRT,0,1,1,0.0,2,N
92,3,11,15,0,3,2,0,0,PRT,0,1,0,85.0,0,Y
134,6,26,30,2,2,2,0,0,PRT,0,1,0,91.58,0,N
4,2,5,4,0,1,2,0,0,PRT,2,1,0,75.0,1,N
1,3,9,3,0,1,2,0,0,ISR,0,1,0,70.4,0,N
18,9,40,27,1,0,1,0,0,ITA,0,1,3,170.0,0,N
4,2,6,1,1,0,1,0,0,PRT,0,1,0,41.0,1,N
38,5,22,23,1,2,2,0,0,DEU,0,1,0,126.9,1,Y
164,10,40,2,0,2,1,0,0,PRT,0,1,0,100.0,0,Y
142,5,21,24,0,3,2,0,0,AUT,0,1,0,126.0,0,N
181,7,27,7,2,3,2,0,0,GBR,0,1,2,86.63,2,N
52,10,43,23,1,2,2,0,0,CZE,0,1,0,94.5,3,N
0,8,32,8,0,1,2,0,0,PRT,0,1,0,89.0,1,N
2,3,9,1,0,1,2,0,0,PRT,0,1,0,143.0,2,N
30,10,41,4,0,4,2,0,0,BRA,0,4,0,144.8,1,N
199,10,44,28,0,2,2,0,0,PRT,0,1,0,95.0,0,Y
7,2,7,14,0,3,1,0,0,PRT,0,4,1,139.67,2,N
601,3,9,2,0,2,2,0,0,PRT,0,1,0,62.0,0,Y
96,4,16,10,2,2,2,0,0,DEU,0,1,0,76.93,0,N
0,11,45,7,1,1,1,0,0,USA,0,1,0,73.15,0,N
0,8,33,11,0,2,1,0,0,MEX,0,1,0,144.0,0,N
330,6,23,2,0,2,2,0,0,PRT,0,1,0,62.0,0,Y
27,9,40,30,0,2,2,0,0,PRT,0,1,0,108.0,0,Y
17,8,35,27,2,0,2,0,0,CN,0,1,0,114.5,1,N
605,10,43,17,1,2,2,0,0,PRT,0,1,0,60.0,0,Y
0,10,42,15,0,0,2,0,0,PRT,0,4,0,0.0,0,N
0,1,5,31,0,1,1,0,0,USA,0,1,0,93.0,0,N
59,10,43,19,0,3,2,0,0,ISR,0,4,3,139.5,1,Y
45,5,23,30,1,3,2,0,0,BEL,0,1,0,80.75,0,N
1,12,53,31,0,1,2,0,0,PRT,0,1,0,135.0,1,N
51,10,42,11,1,0,2,0,0,GBR,0,1,0,94.5,1,N
5,9,39,19,1,1,1,0,0,PRT,0,1,0,65.0,1,N
35,5,22,23,1,1,1,0,0,AUT,0,1,0,99.9,0,N
3,8,32,6,0,1,2,0,0,ESP,0,1,0,139.0,0,Y
143,5,18,4,0,2,2,0,0,PRT,0,1,0,120.0,0,Y
112,6,23,2,0,2,2,0,0,FRA,0,1,0,100.0,0,N
269,3,12,23,0,3,2,0,0,DEU,0,1,0,72.0,0,N
44,2,7,8,1,3,0,2,0,ITA,0,2,0,66.5,1,Y
130,7,31,27,0,3,3,0,0,AUT,0,4,0,137.7,0,N
164,10,40,2,0,2,1,0,0,PRT,0,1,0,100.0,0,N
0,4,15,8,0,1,2,0,0,PRT,0,1,0,89.0,1,N
95,11,45,5,0,1,1,0,0,PRT,0,1,0,75.0,0,Y
40,9,38,13,0,5,1,0,0,GBR,0,1,1,108.0,0,N
19,2,7,14,0,3,2,0,0,PRT,0,1,0,80.0,0,N
1,3,13,29,0,1,1,0,0,PRT,0,1,0,117.0,1,N
10,7,27,6,0,1,1,0,0,PRT,0,1,0,95.0,0,N
286,10,44,28,0,2,2,0,0,PRT,0,1,0,65.0,0,Y
8,11,45,2,0,1,2,0,0,ESP,0,1,0,120.0,2,N
193,9,40,30,1,2,2,0,0,PRT,0,1,0,132.0,0,N
37,12,53,30,0,1,2,0,0,CHE,0,4,0,146.0,1,N
31,10,44,26,1,2,2,1,0,FRA,0,4,0,90.0,1,N
175,3,11,17,1,2,2,0,0,CHE,0,1,0,79.2,1,Y
189,5,21,19,0,3,2,0,0,FRA,0,1,0,65.0,0,N
19,5,19,12,2,5,2,0,0,DEU,0,4,0,184.29,1,N
82,10,44,26,0,2,2,0,0,ARG,0,4,0,80.39,1,N
25,10,42,11,2,2,2,0,0,IRL,0,1,0,72.76,0,N
247,6,24,6,1,1,2,0,0,DEU,0,1,0,115.0,1,N
126,6,24,17,2,2,2,0,0,NLD,0,1,0,117.0,1,N
0,1,3,12,0,1,1,0,0,PRT,0,1,0,79.0,0,N
281,5,21,23,0,3,2,0,0,AUT,0,1,0,109.8,2,N
1,9,39,20,2,3,2,0,0,CHE,0,1,1,102.41,0,N
3,2,7,8,1,0,1,0,0,ITA,0,1,1,129.0,1,N
15,7,27,2,2,1,2,0,0,FRA,0,1,0,151.0,1,N
131,5,19,5,0,3,1,0,0,AUT,0,1,0,99.9,0,Y
130,6,25,18,2,1,2,1,0,NLD,0,1,0,165.0,3,N
43,2,8,25,1,1,2,0,0,CHN,0,4,0,108.0,0,Y
98,11,48,23,1,2,1,0,0,PRT,0,1,0,70.0,0,Y
7,12,51,13,4,10,2,0,0,PRT,0,1,0,88.4,0,N
87,8,32,11,1,2,2,0,0,ITA,0,1,0,145.0,1,Y
22,2,6,7,0,4,2,0,0,ITA,0,1,0,74.8,0,N
12,10,43,19,0,1,1,0,0,PRT,5,1,0,65.0,0,N
105,5,20,19,0,2,1,0,0,PRT,0,1,0,160.0,0,Y
176,3,10,9,0,3,2,0,0,FRA,0,1,0,75.0,0,N
243,7,30,26,0,4,2,0,0,PRT,0,1,0,110.0,0,Y
144,5,19,6,0,2,2,0,0,PRT,0,4,0,114.3,1,Y
5,5,19,3,0,2,3,0,0,PRT,0,4,0,177.0,2,N
158,3,13,27,1,1,2,0,0,ISR,0,1,0,95.0,1,N
19,10,41,6,0,3,1,0,0,PRT,1,1,0,80.0,0,Y
13,8,34,18,0,2,2,0,0,PRT,0,1,0,90.0,2,Y
353,10,41,5,1,1,2,0,0,PRT,1,1,0,62.0,0,Y
69,6,25,12,2,4,1,0,0,PRT,0,1,0,120.0,0,Y
154,5,19,12,0,1,2,0,0,URY,0,1,0,98.1,1,N
28,8,36,30,0,4,2,0,0,NLD,0,1,0,104.5,2,N
17,2,5,3,2,5,2,0,0,IRL,0,1,0,91.8,1,N
229,8,32,5,1,2,2,0,0,DEU,0,1,0,96.3,1,N
12,10,41,4,1,0,2,0,0,FRA,0,1,0,72.0,0,N
337,6,24,9,0,2,2,0,0,PRT,0,1,0,62.0,0,Y
135,5,22,28,1,1,2,0,0,PRT,0,1,0,96.0,0,Y
288,5,19,5,0,3,2,0,0,PRT,0,1,0,65.0,0,Y
379,7,30,21,0,2,2,0,0,PRT,0,1,0,62.0,0,Y
0,6,24,6,1,0,2,0,0,IRL,0,1,0,96.12,0,N
0,5,21,16,1,0,1,0,0,ROU,0,1,0,74.14,0,N
23,5,22,30,0,1,2,0,0,PRT,0,1,0,160.0,1,N
23,5,19,11,1,3,2,0,0,ARG,0,1,0,175.0,1,Y
1,6,25,17,0,1,1,0,0,USA,0,1,0,89.25,0,N
6,4,15,13,0,2,2,1,0,ESP,0,1,0,189.0,0,N
180,8,36,28,2,0,2,0,0,ITA,0,1,0,96.3,0,N
1,3,13,23,0,1,1,0,0,ITA,0,1,0,96.0,1,N
626,11,46,7,1,2,2,0,0,PRT,0,1,0,62.8,0,Y
115,3,13,20,2,0,1,0,0,PRT,1,1,0,70.0,0,Y
137,4,15,9,2,2,2,0,0,PRT,0,1,0,122.4,0,Y
7,9,38,14,1,2,2,0,0,DEU,0,1,0,152.0,1,N
68,9,37,12,2,2,2,0,0,PRT,0,1,0,62.0,0,N
75,8,34,20,0,1,2,0,0,PRT,0,1,0,118.15,2,Y
9,1,4,27,0,2,2,0,0,AUT,0,1,0,83.16,1,N
26,4,14,7,0,1,2,0,0,CHN,0,1,0,126.0,0,Y
285,6,25,20,0,4,2,0,0,BRA,0,1,0,110.0,1,Y
53,1,4,24,0,4,3,0,0,CHN,0,4,2,117.81,0,Y
10,2,6,2,0,2,2,0,0,GBR,0,1,0,92.0,0,N
395,3,13,21,1,2,2,0,0,PRT,1,1,0,62.8,0,Y
95,8,33,19,1,1,1,0,0,PRT,0,1,2,115.0,0,Y
342,9,39,24,2,4,2,0,0,PRT,1,1,0,170.0,0,Y
30,4,17,29,2,1,1,0,0,GBR,0,1,0,126.33,1,Y
301,11,47,18,0,2,2,0,0,PRT,0,1,0,52.0,0,Y
203,6,23,2,0,3,2,0,0,PRT,1,1,0,65.0,0,Y
12,9,39,22,0,4,2,0,0,NLD,0,1,0,164.0,1,N
280,9,39,19,1,2,2,0,0,PRT,0,1,0,110.0,0,Y
113,6,25,13,2,5,2,0,0,GBR,0,1,0,119.85,0,Y
76,5,23,30,1,4,2,0,0,CHE,0,4,0,132.6,2,N
86,4,17,20,0,2,2,0,0,CN,0,4,0,127.8,0,Y
98,5,22,31,0,4,3,0,0,DEU,0,5,0,169.98,0,N
517,12,50,8,0,2,2,0,0,PRT,0,1,0,62.8,0,Y
11,3,11,10,0,2,2,0,0,ITA,0,1,0,95.0,0,N
213,6,26,26,1,1,2,0,0,PRT,0,1,0,115.0,0,Y
44,4,18,25,1,3,2,0,0,FRA,0,1,0,101.34,1,N
152,4,16,22,2,2,2,0,0,PRT,0,1,0,105.0,0,Y
134,7,31,26,0,4,2,0,0,CN,0,1,0,72.25,0,N
1,8,33,11,0,1,2,0,0,FRA,0,1,0,105.0,1,N
45,9,38,11,2,2,2,1,0,GBR,0,1,0,162.79,2,N
307,8,34,20,0,2,2,0,0,PRT,1,1,0,62.8,0,Y
85,4,16,13,2,5,2,0,0,DEU,0,1,0,90.95,0,Y
41,10,43,16,2,2,2,0,0,DEU,0,1,0,85.5,0,N
326,8,32,8,0,2,2,2,0,MAR,0,6,0,199.0,0,Y
70,12,52,22,2,3,2,0,0,FRA,0,1,0,74.8,3,N
60,4,14,6,0,2,2,1,0,GBR,0,5,0,165.0,0,N
283,10,44,23,2,1,2,0,0,GBR,0,4,0,111.3,1,N
8,4,17,21,0,3,3,0,0,ITA,0,4,1,176.0,2,N
73,8,32,9,0,1,2,2,0,NLD,0,6,0,240.0,0,Y
56,6,24,8,0,1,2,0,0,PRT,0,1,0,120.0,0,Y
405,7,27,4,0,2,2,0,0,DEU,0,1,0,114.4,0,N
114,12,53,28,1,4,3,0,0,PRT,0,1,0,109.8,2,Y
175,5,20,19,0,1,1,0,0,PRT,0,1,0,90.0,0,Y
142,8,33,14,2,5,2,0,0,PRT,0,1,0,157.5,2,Y
112,4,14,4,0,2,2,0,0,PRT,0,1,0,95.0,0,Y
2,4,16,16,2,1,2,0,0,CHE,0,1,0,109.0,1,N
0,9,40,29,0,1,1,0,0,PRT,0,1,1,170.0,0,N
263,9,40,29,2,4,2,0,0,DEU,0,1,0,100.3,0,Y
105,3,13,22,0,1,2,0,0,ESP,0,1,0,78.3,0,N
1,12,49,4,1,2,2,0,0,FRA,0,1,0,80.27,0,N
74,10,45,31,1,0,3,0,0,AUS,0,4,0,123.3,0,N
451,7,28,12,0,3,2,0,0,GBR,0,1,0,112.67,2,N
51,10,42,13,0,1,3,0,0,DEU,0,4,0,158.4,1,N
212,6,22,2,1,2,2,0,0,PRT,0,1,0,105.0,0,Y
59,10,42,13,0,3,2,0,0,USA,0,4,0,128.7,0,Y
126,4,14,8,2,3,2,0,0,FRA,0,1,1,118.99,0,N
19,3,10,4,0,2,2,0,0,ITA,0,4,0,111.0,0,Y
35,6,23,7,0,3,3,0,0,DEU,0,4,0,247.0,1,N
192,8,33,8,1,3,2,0,0,NLD,0,1,0,72.75,1,N
0,8,33,13,0,2,2,0,0,CHN,0,1,3,89.0,0,N
115,12,52,18,2,2,2,0,0,NLD,0,1,2,88.4,2,N
93,10,42,15,2,1,1,0,0,PRT,0,1,0,115.0,0,Y
207,9,40,29,0,2,2,0,0,PRT,1,1,0,48.0,0,Y
4,2,6,10,0,2,2,0,0,PRT,0,4,0,118.0,0,N
168,9,37,11,0,2,2,0,0,PRT,0,1,0,60.0,0,Y
72,5,20,13,2,2,2,0,0,FRA,0,1,0,119.85,1,N
38,6,23,10,2,2,2,0,0,CN,0,1,0,130.0,1,Y
39,8,33,14,0,2,2,0,0,DEU,0,1,0,109.0,0,N
1,9,39,20,0,1,1,0,0,CYP,0,1,0,95.0,0,N
185,7,30,18,2,5,2,0,0,SWE,0,1,0,90.95,0,Y
57,4,15,5,0,4,3,0,0,DEU,0,4,0,130.05,0,Y
78,7,29,12,0,1,2,0,0,NLD,0,1,0,105.3,1,N
173,8,31,5,2,5,2,1,0,FRA,0,1,0,148.5,0,Y
15,2,10,29,1,3,2,0,0,GBR,0,4,0,85.55,1,N
57,2,7,8,1,1,2,1,0,DEU,0,1,1,91.5,1,N
62,4,18,30,1,1,2,0,0,ESP,0,4,0,140.4,0,Y
166,6,27,26,1,0,2,0,0,FRA,0,1,0,96.3,1,N
91,5,18,6,2,5,2,0,0,DEU,0,5,0,164.57,0,Y
0,9,40,26,1,0,1,0,0,POL,0,1,1,106.65,0,N
262,1,2,9,1,2,2,0,0,ALB,0,1,0,81.9,2,N
15,7,30,29,2,5,3,0,0,SWE,0,4,0,222.57,1,Y
40,8,36,31,0,4,2,0,0,DEU,0,1,0,85.5,0,N
14,2,8,18,0,2,1,0,0,IDN,0,1,0,85.0,0,Y
97,4,14,8,2,3,3,0,0,AUT,0,4,0,157.25,0,Y
5,10,43,24,0,1,1,0,0,PRT,0,1,1,75.0,0,N
63,3,13,31,1,2,1,0,0,CN,0,1,0,101.4,2,Y
80,1,2,11,0,4,2,1,0,BEL,0,1,0,105.4,3,N
34,2,8,17,1,4,2,0,0,FRA,0,1,0,66.0,1,N
297,8,33,10,1,1,2,0,0,PRT,1,1,0,62.0,0,Y
224,9,37,11,1,2,2,0,0,PRT,1,1,0,90.0,0,Y
164,8,34,14,2,4,2,0,0,POL,0,1,0,106.53,0,Y
184,7,29,16,1,1,3,0,0,PRT,0,1,1,180.0,0,N
20,3,14,31,0,2,1,0,0,PRT,0,1,2,79.0,0,Y
115,5,20,18,0,3,2,0,0,AUT,0,4,0,135.0,0,Y
301,7,31,30,1,1,1,0,0,DEU,0,1,1,90.0,0,N
102,10,42,16,0,2,1,0,0,PRT,0,1,0,80.0,0,Y
1,1,5,30,1,1,2,0,0,CHN,0,1,0,81.99,2,N
97,7,29,12,0,2,2,1,0,PRT,0,1,0,121.5,1,N
129,6,25,24,2,1,2,0,0,PRT,0,1,0,130.0,0,Y
163,8,34,24,0,1,2,0,0,TUR,0,1,0,80.1,0,N
115,3,13,20,2,0,1,0,0,PRT,1,1,0,70.0,0,Y
68,9,40,29,0,2,2,0,0,FRA,0,1,0,65.0,0,N
12,2,6,1,9,20,1,0,0,AGO,0,1,0,63.03,1,Y
0,9,39,21,1,1,2,0,0,PRT,0,1,0,65.0,0,N
97,10,41,5,1,3,1,0,0,PRT,0,1,0,140.0,0,Y
22,10,44,25,0,1,2,0,0,NOR,0,1,0,110.0,0,N
45,8,33,16,0,1,2,2,0,COM,0,6,0,259.0,0,N
61,1,4,25,0,2,2,0,0,PRT,0,1,0,80.0,0,Y
121,11,45,4,1,2,3,0,0,ITA,0,4,0,122.4,1,Y
21,11,49,30,0,2,1,0,0,POL,0,1,0,76.0,0,N
212,6,25,21,0,4,1,0,0,PRT,0,1,0,110.0,0,Y
5,11,49,28,1,1,1,0,0,ESP,0,1,0,82.35,0,N
166,5,21,24,0,2,2,0,0,BRA,0,1,1,108.0,3,Y
185,5,20,20,0,1,2,0,0,IRL,0,4,0,139.5,3,Y
52,4,16,12,0,3,2,0,0,FRA,0,1,0,94.5,0,Y
238,6,25,18,0,1,2,0,0,GBR,0,4,0,115.2,1,N
23,6,25,18,2,1,2,0,0,GBR,0,4,0,163.33,0,N
171,8,32,9,0,4,2,0,0,NLD,0,1,1,115.63,0,N
83,4,14,5,0,2,2,0,0,GBR,0,1,0,99.0,0,Y
99,2,8,19,0,1,2,0,0,PRT,1,1,0,80.0,0,Y
173,8,32,10,0,3,2,0,0,NLD,0,1,0,112.5,0,N
62,4,17,24,1,2,2,0,0,IRL,0,1,0,89.1,0,N
64,4,17,23,2,1,2,0,0,BRA,0,4,0,118.8,1,Y
74,9,38,18,0,2,2,0,0,PRT,0,1,0,101.5,0,Y
63,9,36,2,0,3,2,0,0,BRA,0,1,0,60.0,0,N
81,12,50,6,1,0,2,0,0,FRA,0,1,0,76.5,2,N
258,9,37,8,0,1,2,0,0,PRT,0,1,0,65.0,0,Y
183,9,37,8,0,3,2,0,0,PRT,0,1,0,110.0,1,N
2,8,31,3,0,1,2,0,0,PRT,0,1,0,166.0,1,N
53,9,36,1,2,4,2,0,0,NLD,0,4,0,121.35,1,N
7,4,15,9,2,4,3,0,0,BRA,0,4,1,159.0,0,Y
0,8,36,30,0,1,2,0,0,AGO,0,5,0,175.0,1,N
292,7,30,21,0,2,2,0,0,DEU,0,1,0,115.0,0,N
3,7,31,24,1,0,2,0,0,DEU,0,1,0,131.0,0,N
14,6,23,3,1,2,2,0,0,GBR,0,4,0,149.33,1,N
269,10,43,22,0,3,2,0,0,PRT,1,1,0,65.29,1,Y
4,3,14,29,0,1,1,0,0,PRT,3,1,1,40.0,1,N
39,10,43,23,1,2,2,0,0,NLD,0,1,1,74.88,1,N
158,5,22,24,0,2,1,0,0,PRT,0,1,0,130.0,0,Y
63,8,36,30,0,2,2,0,0,POL,0,4,0,174.6,1,N
90,9,37,7,0,3,2,0,0,FRA,0,4,0,112.88,0,N
12,9,38,14,1,4,2,0,0,ITA,0,4,0,147.2,1,N
66,3,10,10,1,2,2,0,0,FRA,0,1,0,80.0,1,N
88,9,39,26,2,2,2,0,0,PRT,0,1,0,170.0,0,Y
192,8,33,9,0,3,2,1,0,FRA,0,1,0,121.5,1,N
157,5,23,29,2,5,2,1,0,GBR,0,1,0,72.15,1,N
44,11,47,18,0,2,2,0,0,GBR,0,4,0,83.39,1,N
262,7,28,6,1,1,2,0,0,PRT,1,1,0,62.0,0,Y
48,4,14,1,2,3,2,0,0,DEU,0,4,2,131.4,0,Y
8,5,22,25,0,1,1,0,0,TUR,0,1,0,119.0,0,Y
2,7,27,5,0,2,1,0,0,PRT,0,1,0,67.0,2,N
0,5,19,4,0,2,1,0,0,PRT,0,1,0,65.0,0,N
5,1,4,17,1,0,2,0,0,PRT,0,1,0,92.0,1,N
0,2,8,19,2,4,2,0,0,IRQ,0,1,0,98.0,0,N
23,9,38,16,1,4,2,0,0,USA,0,4,0,68.0,1,N
44,12,49,2,0,2,2,0,0,DEU,0,1,0,98.8,0,Y
327,9,37,9,0,2,1,0,0,PRT,1,1,0,60.0,0,Y
37,10,44,28,0,4,2,1,0,FRA,0,4,0,75.0,1,N
125,4,16,20,0,3,2,0,0,PRT,0,1,0,85.0,0,Y
14,10,42,15,0,2,1,0,0,IRQ,0,1,0,100.0,0,N
117,5,19,5,0,3,2,2,0,FRA,0,6,0,177.3,2,N
309,5,20,12,0,2,2,0,0,PRT,0,1,0,62.0,0,Y
337,6,24,9,0,2,2,0,0,PRT,0,1,0,62.0,0,Y
40,2,6,6,2,1,2,0,0,DEU,0,1,0,40.67,0,N
137,5,21,25,0,3,2,0,0,FRA,0,4,0,139.5,1,N
3,2,6,9,0,1,1,0,0,PRT,0,1,0,93.0,0,N
170,6,26,30,2,2,3,0,0,BEL,0,4,0,145.88,0,N
281,4,16,21,1,2,2,0,0,BRA,0,4,0,123.3,0,Y
423,7,29,22,1,1,2,0,0,PRT,0,1,0,80.0,0,Y
22,2,7,12,2,2,2,0,0,USA,0,4,0,80.8,0,Y
117,7,27,7,0,2,2,0,0,CN,0,1,0,108.0,0,N
240,7,30,23,2,1,2,0,0,PRT,0,1,0,110.0,0,Y
35,2,8,19,2,2,2,0,0,CHL,0,1,0,82.35,0,N
224,8,35,21,2,2,2,0,0,FRA,0,1,0,80.75,0,Y
75,4,14,5,0,4,1,0,0,PRT,0,1,0,85.0,0,Y
96,5,22,22,2,2,2,0,0,DEU,0,2,0,112.01,0,Y
292,7,30,21,0,2,2,0,0,AUT,0,1,0,115.0,0,N
38,7,30,19,0,2,3,0,0,ESP,0,4,0,159.3,2,N
35,6,26,21,0,1,2,0,0,SGP,0,1,0,89.1,0,Y
150,6,25,16,0,3,2,0,0,FRA,0,1,0,90.0,1,N
91,7,30,23,2,2,2,0,0,ISR,0,1,0,112.5,1,N
131,6,26,19,2,3,2,0,0,NLD,0,1,0,115.94,0,Y
444,12,49,1,0,3,1,0,0,PRT,1,1,0,75.0,0,Y
9,9,38,15,0,2,2,0,0,FRA,0,1,0,149.0,1,Y
157,5,19,3,0,4,2,0,0,ROU,0,1,0,89.25,0,N
1,1,5,31,0,3,1,0,0,PRT,6,1,0,65.0,1,N
37,2,7,12,1,2,0,2,0,USA,0,2,0,69.5,1,N
199,8,31,4,1,2,2,2,0,GBR,0,6,0,211.5,0,N
147,6,23,2,0,3,3,0,0,PRT,0,1,0,124.0,1,Y
215,8,33,8,1,2,2,0,0,BEL,0,1,1,96.3,2,N
59,7,31,25,1,2,3,0,0,ITA,0,4,0,137.7,0,Y
177,7,26,1,2,4,2,0,0,PRT,0,1,0,80.1,1,N
120,8,34,23,0,2,1,0,0,USA,0,5,3,180.0,2,N
184,8,32,10,0,3,2,0,0,FRA,0,1,2,164.7,0,Y
78,4,14,7,2,3,2,0,0,FRA,0,1,0,85.0,0,N
82,2,6,2,0,5,2,0,0,PRT,1,1,0,96.0,0,Y
3,11,45,2,1,2,1,0,0,FRA,0,1,0,79.0,1,N
229,7,28,12,1,4,2,0,0,PRT,0,1,0,110.0,0,Y
3,4,17,29,0,1,1,0,0,IRL,0,4,0,190.0,1,Y
0,9,39,20,0,1,2,0,0,PRT,0,7,2,275.0,0,N
451,7,28,12,0,3,2,0,0,PRT,0,1,0,90.0,0,Y
22,2,8,20,1,3,2,0,0,IRL,0,1,0,69.7,1,N
351,10,40,3,2,2,1,0,0,PRT,1,1,0,60.0,0,Y
412,8,35,25,0,2,2,0,0,PRT,0,1,0,62.0,0,Y
134,8,35,23,0,4,3,0,0,ITA,0,4,0,133.2,0,Y
2,7,28,6,0,1,2,0,0,PRT,0,1,0,149.0,0,N
62,4,18,24,2,1,3,0,0,FRA,0,4,0,137.7,2,N
149,7,28,10,1,2,1,0,0,GBR,0,4,0,85.93,0,N
192,6,26,24,0,2,1,0,0,PRT,0,1,0,95.0,0,N
171,8,33,17,1,3,2,0,0,DEU,0,1,0,130.5,0,Y
168,5,21,26,1,2,2,0,0,PRT,0,1,0,140.0,0,Y
3,1,2,9,1,1,2,0,0,AGO,0,1,0,78.3,1,Y
111,4,17,27,1,3,2,0,0,PRT,0,1,0,120.0,0,Y
17,6,22,2,0,2,3,0,0,ESP,0,4,0,210.0,1,N
152,8,36,28,2,1,3,1,0,GBR,0,7,0,218.7,0,N
143,4,16,19,0,3,2,2,0,DEU,0,6,0,189.0,0,N
269,8,34,22,2,5,2,0,0,DEU,0,1,0,99.0,2,N
5,9,36,2,0,1,1,1,0,ESP,0,1,0,60.0,1,N
81,8,31,3,2,3,2,0,0,FRA,0,1,0,125.0,1,N
490,7,30,29,2,1,2,0,0,PRT,0,1,0,90.0,0,Y
405,8,33,10,0,2,2,0,0,PRT,0,1,0,65.0,0,Y
161,3,13,25,1,2,2,0,0,PRT,0,1,0,130.0,0,Y
91,3,12,18,0,2,1,0,0,PRT,0,1,0,75.0,0,Y
46,2,9,27,1,2,2,0,0,ESP,0,1,0,106.2,0,N
15,10,40,2,0,2,2,0,0,PRT,1,1,0,190.0,0,Y
29,10,41,3,1,2,2,0,0,FRA,0,1,0,143.03,3,N
273,7,29,17,0,2,1,0,0,PRT,0,1,1,87.0,0,N
210,7,32,31,2,0,2,0,0,GBR,0,1,0,96.3,2,Y
144,6,25,22,0,3,2,0,0,DEU,0,4,2,126.0,2,N
199,8,36,28,1,0,2,0,0,GBR,0,1,0,85.5,0,Y
321,9,36,3,0,2,2,0,0,PRT,1,1,0,62.0,0,Y
69,8,31,1,0,3,2,1,0,BRA,0,1,1,150.0,2,N
45,11,45,4,1,2,1,0,0,DEU,0,1,0,90.0,2,Y
150,1,1,2,2,1,2,0,0,PRT,0,1,0,101.0,0,Y
34,8,32,5,0,2,2,0,0,PRT,0,1,0,62.0,0,Y
412,8,35,25,0,2,2,0,0,PRT,0,1,0,62.0,0,Y
405,7,27,4,0,2,2,0,0,DEU,0,1,0,114.4,0,N
161,3,13,25,1,2,2,0,0,PRT,0,1,0,130.0,0,Y
317,6,23,9,2,5,3,0,0,DEU,0,4,0,142.2,0,Y
39,12,53,27,0,1,2,0,0,BRA,0,1,0,65.0,1,N
116,2,10,28,2,1,1,0,0,PRT,0,1,0,75.0,0,N
124,4,16,18,0,3,3,0,0,FRA,0,4,2,175.5,1,N
3,9,38,17,0,1,1,0,0,PRT,0,1,0,0.0,0,N
20,6,27,28,0,3,2,0,0,BEL,0,1,0,76.5,0,N
92,6,27,26,2,1,2,0,0,GBR,0,1,0,80.75,1,N
4,1,4,19,0,1,1,0,0,PRT,0,1,0,80.0,0,N
31,3,10,5,2,1,2,0,0,BEL,0,1,0,84.9,0,Y
14,12,53,27,2,2,2,0,0,FRA,0,1,0,105.0,1,N
152,7,29,22,2,3,2,0,0,FRA,0,4,0,127.1,0,N
76,3,14,29,2,5,2,0,0,GBR,0,1,0,82.45,1,N
164,7,27,5,0,4,2,0,0,FRA,0,4,0,116.1,1,N
72,3,12,19,0,1,0,2,0,PRT,0,2,1,78.0,0,Y
49,7,29,11,1,0,2,0,0,CHN,0,1,0,93.15,0,Y
174,7,31,25,1,2,2,0,0,PRT,0,1,0,112.0,1,Y
418,9,40,26,1,2,2,0,0,PRT,0,1,0,75.0,0,Y
38,4,14,6,0,2,1,0,0,FRA,0,1,0,130.0,0,Y
175,10,44,28,2,2,2,0,0,PRT,0,4,0,104.4,0,Y
0,10,42,15,0,2,2,0,0,AGO,0,4,1,136.0,1,N
84,10,45,30,2,0,2,0,0,BEL,0,1,0,80.1,2,N
5,8,35,26,0,2,1,0,0,PRT,0,1,0,65.0,0,Y
42,4,17,21,1,3,2,0,0,PRT,0,1,0,103.84,1,N
65,5,20,20,1,1,2,1,0,GBR,0,1,0,180.0,2,N
189,7,31,30,2,3,2,0,0,AUT,0,1,0,90.95,1,N
47,7,27,3,1,3,3,0,0,IRL,0,5,0,234.5,1,Y
81,7,29,16,2,1,2,0,0,USA,0,1,3,96.0,0,N
111,8,33,13,1,1,2,1,0,DEU,0,4,0,99.28,0,N
129,6,24,17,2,2,2,0,0,POL,0,1,0,99.0,0,N
22,8,32,10,1,3,2,0,0,FRA,0,1,1,180.0,2,N
23,8,31,1,0,2,1,0,0,CHN,0,4,0,154.0,0,Y
412,8,35,25,0,2,2,0,0,PRT,0,1,0,62.0,0,Y
104,5,20,15,1,2,1,0,0,PRT,0,1,0,160.0,0,Y
47,4,18,28,1,3,2,0,0,PRT,0,1,0,88.52,1,N
90,4,17,17,2,3,2,1,0,FRA,0,1,0,100.85,2,N
114,7,31,27,1,2,2,0,0,NLD,0,1,1,76.5,2,N
111,4,17,27,1,3,2,0,0,PRT,0,1,0,120.0,0,Y
17,9,37,4,1,0,2,0,0,IRL,0,1,0,138.0,2,N
54,1,3,18,0,3,2,0,0,PRT,0,1,0,65.0,0,Y
405,7,27,4,0,2,1,0,0,DEU,0,1,1,91.5,0,N
121,8,35,23,0,1,2,2,0,BEL,0,6,0,198.9,2,N
22,3,10,4,0,2,2,0,0,FRA,0,1,0,87.0,0,N
112,6,23,9,0,2,2,0,0,FRA,0,4,0,153.0,0,Y
82,5,22,23,1,3,1,0,0,IRL,0,5,0,148.75,0,Y
121,7,28,7,0,2,2,0,0,FRA,0,1,0,112.5,1,N
0,7,27,2,2,2,2,0,0,CZE,0,1,0,151.0,1,N
127,7,31,28,2,3,3,0,0,GBR,0,4,0,141.3,0,N
14,10,41,7,0,2,2,0,0,PRT,0,5,0,166.25,0,Y
110,11,49,28,1,0,1,0,0,ESP,0,1,0,84.6,0,N
44,8,32,1,1,3,2,0,0,IRL,0,1,0,118.15,0,Y
6,11,48,25,0,1,3,0,0,PRT,0,4,0,161.0,0,N
62,9,40,27,0,2,1,0,0,FRA,0,4,0,115.04,1,N
221,10,42,17,2,1,2,1,0,FRA,0,1,1,77.5,0,N
2,10,43,22,0,1,1,0,0,GBR,0,1,0,120.0,1,N
114,8,32,2,0,2,2,3,0,PRT,0,7,0,266.3,0,Y
154,2,7,12,1,2,2,0,0,PRT,0,4,0,62.0,1,N
98,9,38,16,1,2,2,0,0,GBR,0,1,0,80.75,0,N
626,11,46,7,1,2,2,0,0,PRT,0,1,0,62.8,0,Y
0,7,31,28,0,2,2,0,0,ESP,0,1,1,139.0,0,N
26,4,14,7,0,1,2,0,0,CHN,0,1,0,126.0,0,Y
454,10,41,6,0,2,2,0,0,PRT,0,1,0,62.0,0,Y
22,6,27,27,1,5,2,0,0,GBR,0,4,0,134.87,0,N
70,5,20,15,1,3,2,0,0,FRA,0,1,0,144.0,0,Y
59,4,16,11,1,3,2,1,0,FRA,0,1,0,93.08,1,N
59,2,6,6,2,2,2,0,0,AUT,0,1,0,62.0,0,N
91,4,14,2,2,4,2,0,0,BRA,0,1,0,81.25,1,Y
145,6,24,15,0,2,2,0,0,NOR,0,1,0,113.88,2,N
9,7,28,14,1,2,2,0,0,FRA,0,1,0,132.0,1,N
78,4,17,29,2,1,2,0,0,PRT,0,1,0,90.0,0,Y
111,6,25,17,2,2,1,0,0,NLD,0,1,0,109.65,1,N
11,10,41,3,1,0,1,0,0,FRA,0,1,0,144.0,2,N
167,8,32,6,0,1,2,0,0,ISR,0,1,0,105.3,0,Y
20,1,2,12,0,2,2,0,0,ESP,0,1,0,97.5,0,Y
443,4,18,29,0,1,2,0,0,PRT,0,1,0,65.0,0,Y
154,9,40,25,1,0,2,0,0,USA,0,1,0,127.8,0,N
14,8,33,13,1,1,0,2,0,PRT,0,7,0,0.0,1,Y
14,4,16,15,0,2,2,0,0,ITA,0,4,0,142.0,0,Y
263,9,39,21,1,0,2,0,0,PRT,0,1,0,67.0,0,N
64,3,12,19,1,1,2,2,0,PRT,0,5,0,159.6,2,N
219,9,36,4,1,2,1,0,0,SWE,0,1,0,76.67,0,N
62,9,39,23,0,1,2,0,0,PRT,0,1,0,71.4,0,N
84,8,31,5,0,1,2,0,0,NLD,0,1,0,125.0,2,N
56,3,14,29,0,3,3,0,0,CHE,0,4,0,123.3,1,Y
87,10,44,23,2,1,2,0,0,DEU,0,1,0,80.75,1,N
112,6,23,2,0,3,2,0,0,PRT,0,1,0,120.0,0,Y
231,8,35,23,2,5,3,0,0,DEU,0,1,0,96.9,2,N
18,5,21,22,1,1,2,0,0,PRT,0,1,0,120.0,1,N
152,6,25,21,0,4,2,0,0,FRA,0,1,0,117.0,2,N
96,2,6,11,2,2,2,0,0,GBR,0,4,0,102.6,3,N
5,10,41,5,1,0,1,0,0,PRT,0,1,0,65.0,0,N
0,8,33,11,0,2,1,0,0,PRT,0,4,0,0.0,2,N
125,3,12,23,2,4,2,0,0,GRC,0,1,0,88.4,1,N
90,4,18,25,1,1,2,0,0,DEU,0,1,0,96.3,1,N
0,12,50,6,1,0,2,0,0,PRT,0,1,0,111.0,0,N
16,11,46,6,2,3,1,0,0,CN,0,1,2,165.6,2,N
37,6,23,10,1,1,2,0,0,CHN,0,1,0,140.0,1,Y
67,7,30,23,1,1,2,0,0,ITA,0,1,0,94.5,1,N
156,7,28,5,0,4,2,0,0,CHE,0,1,0,114.83,1,N
104,12,50,8,1,3,2,0,0,CHE,0,1,0,88.4,1,N
350,6,26,26,1,0,2,0,0,BRA,0,1,0,99.0,0,Y
285,10,41,3,1,3,2,0,0,PRT,0,1,0,100.0,0,Y
271,9,39,21,0,3,1,0,0,PRT,0,1,1,95.0,0,Y
13,7,31,30,2,2,3,0,0,ITA,0,4,0,204.5,1,N
12,5,20,16,2,5,2,0,0,GBR,0,4,0,175.71,2,Y
310,4,17,23,2,2,2,0,0,PRT,0,1,0,75.0,0,Y
159,8,32,1,1,3,2,0,0,NOR,0,1,0,99.45,1,N
5,4,14,1,2,3,2,0,0,GBR,0,4,1,141.0,2,N
35,11,48,26,2,4,2,1,0,SVN,0,2,1,71.25,2,N
1,4,16,13,0,1,1,0,0,PRT,0,1,0,65.0,0,N
27,11,47,16,0,4,2,0,0,USA,0,1,0,88.4,2,N
75,10,45,30,2,0,2,0,0,PRT,0,1,0,105.0,0,Y
223,6,25,14,0,2,2,0,0,PRT,1,1,0,135.0,0,Y
44,2,8,17,0,3,2,0,0,PRT,0,1,0,75.0,0,Y
0,8,33,14,0,2,2,0,0,PRT,0,1,0,109.0,0,Y
25,7,31,27,1,1,2,0,0,ESP,0,1,0,62.0,0,N
53,8,35,25,1,3,3,0,0,FRA,0,4,0,161.78,1,N
517,12,50,8,0,2,2,0,0,PRT,0,1,0,62.8,0,Y
3,8,32,5,2,2,2,0,0,DEU,0,4,0,166.0,1,N
166,3,9,4,2,5,2,0,0,ROU,0,1,0,88.4,2,N
56,4,15,9,2,2,2,1,0,DEU,0,1,0,144.0,0,Y
28,3,9,2,0,3,2,0,0,PRT,0,1,0,95.0,0,Y
137,3,10,6,1,1,2,0,0,ISR,0,1,0,80.0,1,N
18,7,27,4,0,2,3,1,0,BRA,0,5,0,244.0,0,N
91,10,45,30,2,2,2,0,0,POL,0,1,0,90.45,1,N
165,8,32,8,2,1,2,0,0,PRT,1,1,0,86.0,0,Y
8,6,23,1,0,1,1,0,0,PRT,0,1,0,98.0,1,N
45,8,36,31,0,2,2,0,0,FRA,0,1,0,108.0,1,N
256,6,25,15,0,2,2,0,0,DEU,0,1,0,115.0,1,N
137,4,15,11,0,4,3,0,0,DEU,0,4,0,136.8,0,N
342,9,39,24,2,4,2,0,0,PRT,1,1,0,170.0,0,Y
32,1,4,22,2,4,2,0,0,IRL,0,1,0,60.06,1,N
1,1,1,4,0,1,1,0,0,PRT,1,1,0,80.0,2,N
155,8,34,18,0,1,2,0,0,NOR,0,4,0,118.8,1,Y
275,6,23,4,1,1,2,0,0,PRT,0,1,0,62.8,0,Y
93,3,12,25,2,2,2,0,0,FRA,0,4,0,100.3,1,N
25,3,13,27,1,3,1,0,0,PRT,0,4,0,95.0,2,Y
316,5,22,26,0,3,2,0,0,PRT,0,1,0,110.0,0,N
158,5,22,24,0,2,1,0,0,PRT,0,1,0,130.0,0,Y
2,5,20,20,0,1,1,0,0,IND,0,1,0,95.0,0,N
14,10,42,15,0,2,2,0,0,SVN,0,1,1,100.0,0,N
159,6,23,9,2,3,2,0,0,GBR,0,1,0,126.0,1,Y
37,6,25,17,0,2,2,0,0,PRT,0,5,0,134.1,1,Y
4,8,35,25,0,4,1,0,0,PRT,0,1,0,60.0,0,N
78,9,38,13,0,5,2,0,0,GBR,0,4,0,145.8,0,N
47,8,34,18,0,2,1,0,0,DEU,0,1,0,100.0,1,N
174,6,22,1,0,2,2,0,0,PRT,0,1,0,100.0,0,Y
19,1,2,11,0,4,3,0,0,FRA,0,4,0,117.06,0,N
95,11,45,5,0,1,1,0,0,PRT,0,1,0,75.0,0,Y
213,9,37,4,2,1,2,0,0,GBR,0,4,0,90.95,0,N
62,3,11,11,1,2,2,2,0,GBR,0,2,0,139.05,0,Y
142,4,17,22,2,3,1,0,0,POL,0,1,0,89.0,0,Y
40,8,33,13,1,1,2,0,0,USA,0,7,1,205.38,1,N
336,9,38,18,0,2,2,0,0,PRT,1,1,0,101.5,0,Y
167,5,21,25,0,3,2,0,0,PRT,0,1,0,115.0,0,Y
107,8,32,11,2,2,2,0,0,GBR,0,5,0,185.0,2,N
100,1,2,6,1,4,2,0,0,PRT,1,4,0,99.0,1,Y
10,8,33,8,1,1,2,0,0,FRA,0,1,0,160.0,1,N
13,7,31,26,0,1,2,0,0,PRT,0,1,2,75.0,0,N
414,7,28,13,0,2,2,0,0,DEU,0,1,0,122.4,1,N
17,8,34,19,0,1,2,0,1,PRT,0,1,1,118.15,0,N
135,11,47,16,0,4,2,0,0,DEU,0,1,0,85.0,2,N
41,10,42,16,1,2,2,0,0,PRT,0,1,0,105.9,2,N
41,6,24,15,0,1,2,0,0,PRT,0,1,0,112.0,1,N
53,3,11,13,1,4,1,0,0,PRT,0,1,0,65.0,0,N
86,9,37,9,0,2,2,0,0,PRT,0,1,0,100.0,0,N
1,4,16,16,0,1,2,1,0,PRT,0,1,0,88.65,0,Y
0,7,28,7,0,1,2,0,0,PRT,0,2,0,159.0,0,N
135,12,49,5,2,1,2,0,0,PRT,0,1,0,62.0,0,N
65,6,26,27,0,3,2,0,0,DEU,0,1,0,129.0,1,N
66,4,15,9,2,0,2,0,0,PRT,0,1,0,100.0,0,Y
6,9,37,10,0,1,1,0,0,PRT,0,1,0,102.6,0,Y
412,8,35,25,0,2,2,0,0,PRT,0,1,0,62.0,0,Y
61,7,30,23,1,1,2,0,0,ESP,0,1,0,105.3,0,Y
103,4,17,19,0,2,1,0,0,PRT,0,1,0,115.0,0,Y
85,6,23,2,0,1,2,0,0,BRA,0,4,0,140.4,0,Y
213,8,35,28,1,3,1,0,0,PRT,0,1,1,104.0,0,N
349,10,41,4,1,5,1,0,0,DEU,0,1,0,96.67,0,N
199,10,44,28,0,2,2,0,0,PRT,0,1,0,95.0,0,Y
26,5,21,19,1,3,2,0,0,CHE,0,4,0,151.0,1,N
8,2,6,5,0,2,3,0,0,ESP,0,4,0,127.0,1,Y
75,4,14,1,2,3,2,0,0,FRA,0,1,0,82.45,1,N
358,10,41,10,1,1,1,0,0,PRT,1,1,0,60.0,0,Y
57,6,26,20,1,3,1,0,0,ESP,0,1,0,99.9,0,Y
100,4,16,22,2,2,2,0,0,PRT,0,1,0,105.0,0,Y
327,9,37,9,0,2,2,0,0,PRT,1,1,0,62.0,0,Y
30,4,17,27,0,1,1,0,0,ITA,0,1,1,124.0,0,N
59,1,4,23,1,1,2,0,0,PRT,0,1,0,80.0,0,Y
0,3,12,16,0,1,1,0,0,PRT,1,1,0,65.0,1,N
1,6,27,27,1,0,2,0,0,PRT,0,1,0,127.0,1,N
197,5,19,9,0,3,2,0,0,ITA,0,1,0,125.7,1,Y
265,7,28,9,0,2,2,0,0,PRT,1,1,0,62.0,0,Y
14,2,6,8,0,4,2,0,0,CHE,0,1,0,91.8,0,N
95,12,49,4,2,2,2,0,0,PRT,0,1,0,72.25,2,Y
83,8,35,21,2,1,3,0,0,DEU,0,4,0,162.3,0,N
15,4,16,14,0,1,1,0,0,DEU,0,1,0,98.1,0,N
125,8,35,21,2,3,2,0,0,BEL,0,4,0,117.0,1,N
20,3,12,22,0,1,1,0,0,KOR,0,1,0,62.4,0,N
12,7,29,18,2,2,2,0,0,PRT,0,1,0,62.0,0,N
11,9,39,26,0,1,1,0,0,PRT,1,1,0,212.0,1,Y
264,8,32,12,2,5,2,1,0,FRA,0,1,0,167.85,0,Y
309,6,24,11,2,2,2,0,0,FRA,0,1,0,99.0,0,Y
6,4,17,25,0,3,1,0,0,PRT,0,1,0,67.0,0,N
178,4,18,28,0,3,1,0,0,PRT,1,1,0,110.0,0,Y
59,3,12,17,0,3,2,0,0,PRT,0,4,0,77.85,0,Y
120,6,22,3,0,1,2,0,0,BEL,0,1,0,126.0,2,N
66,12,52,24,2,1,2,0,0,SGP,0,4,0,79.0,1,N
95,5,21,21,1,1,1,0,0,RUS,0,1,0,121.5,1,Y
172,5,21,24,0,4,2,0,0,BEL,0,1,0,126.0,3,N
19,10,41,6,0,3,1,0,0,PRT,1,1,0,80.0,0,Y
186,5,22,30,0,2,2,0,0,PRT,0,1,0,130.0,0,Y
162,8,35,27,0,1,2,0,0,PRT,0,1,0,96.3,0,Y
270,8,32,10,0,3,2,2,0,NLD,0,6,0,179.1,0,N
120,5,20,12,0,1,2,0,0,PRT,0,1,0,72.76,0,N
4,11,47,14,1,0,1,0,0,POL,0,1,0,6.0,2,N
5,6,23,9,2,2,2,0,0,FRA,0,1,0,169.75,1,N
112,8,34,14,2,5,2,2,0,FRA,0,7,0,240.3,1,N
333,9,39,20,0,2,2,0,0,PRT,1,1,0,90.0,0,Y
5,1,2,5,0,5,2,0,0,NLD,0,1,0,56.0,0,N
133,6,26,28,0,3,2,0,1,NOR,0,1,1,108.0,2,N
157,7,28,7,0,3,2,0,0,ESP,0,1,2,123.3,1,N
4,1,5,25,1,0,1,0,0,PRT,0,1,1,59.0,0,N
187,8,32,10,2,3,2,0,0,GBR,0,1,0,80.1,1,N
56,9,36,3,2,2,2,0,0,SWE,0,4,0,120.38,1,N
150,7,29,14,2,8,3,0,0,FRA,0,4,0,131.75,2,Y
134,2,8,25,0,1,1,0,0,PRT,0,1,0,75.0,0,Y
171,7,28,15,2,3,3,0,0,BEL,0,4,0,152.1,1,N
174,7,28,11,0,2,3,1,0,FRA,0,5,0,174.75,0,N
98,5,21,16,1,2,2,0,0,FRA,0,1,0,105.0,0,N
226,7,28,9,2,1,2,0,0,PRT,0,1,0,110.0,0,Y
73,12,49,2,0,2,1,0,0,BEL,0,1,0,79.2,1,Y
405,7,27,4,0,2,2,0,0,DEU,0,1,0,114.4,0,N
258,10,43,16,1,0,2,0,0,PRT,0,1,0,110.0,0,Y
29,4,16,16,2,3,2,0,0,DEU,0,1,0,102.8,1,N
130,9,40,29,0,3,2,0,0,NLD,0,4,0,139.5,2,Y
67,1,1,1,2,2,2,0,0,ITA,0,4,0,103.7,1,Y
317,8,34,23,0,3,2,1,0,ITA,0,1,0,149.1,0,Y
0,6,22,1,0,1,2,0,0,DZA,0,1,0,150.0,0,N
70,8,31,4,0,1,2,0,0,PRT,0,1,1,150.0,1,N
175,5,19,4,0,1,2,0,0,PRT,1,1,0,117.0,1,Y
4,3,11,14,0,1,1,0,0,FRA,0,4,0,95.0,0,N
63,9,36,4,0,2,2,0,0,PRT,0,1,0,116.0,0,N
316,5,22,26,0,3,3,0,0,AUT,0,4,1,160.0,1,N
165,8,32,8,2,1,2,0,0,PRT,1,1,0,86.0,0,Y
61,1,4,25,0,2,2,0,0,PRT,0,1,0,80.0,0,Y
17,8,35,28,4,10,1,0,0,PRT,0,1,0,97.77,1,Y
468,7,30,29,2,1,2,0,0,GBR,0,1,0,112.67,1,N
0,10,43,20,0,1,1,0,0,PRT,0,1,1,140.0,0,Y
154,10,43,16,2,2,2,0,0,DNK,0,1,0,118.8,0,Y
4,1,2,13,1,2,2,0,0,FRA,0,4,0,86.4,0,N
64,8,33,8,1,1,2,1,0,ESP,0,4,0,161.1,0,N
0,3,10,2,2,6,1,0,0,GNB,0,1,0,75.65,0,N
225,4,15,14,2,2,2,0,0,RUS,0,1,0,113.0,1,N
103,8,33,11,0,3,3,0,0,FRA,0,1,0,211.8,1,N
29,4,16,15,2,3,2,0,0,FRA,0,1,0,102.8,1,N
172,5,20,15,1,3,2,0,0,FRA,0,1,0,125.1,0,Y
37,10,42,13,0,3,1,0,0,PRT,0,1,0,95.0,0,Y
162,8,33,19,1,1,2,0,0,PRT,0,1,0,140.0,0,Y
0,3,12,14,1,1,2,0,0,PRT,0,1,0,109.0,0,N
215,5,19,12,1,2,2,0,0,DEU,0,1,0,119.1,1,N
188,8,34,22,0,3,2,2,0,PRT,0,6,0,158.4,0,Y
17,2,8,20,2,1,1,0,0,NLD,0,1,2,79.0,0,N
262,11,46,9,1,2,2,0,0,PRT,1,1,0,62.8,0,Y
4,8,36,28,1,0,2,0,0,PRT,0,1,0,139.0,1,N
30,6,23,10,0,1,2,0,0,PRT,0,1,0,144.0,1,Y
214,7,27,3,1,4,2,0,0,ESP,0,1,0,98.1,2,N
86,8,32,8,0,2,2,0,0,ITA,0,1,0,145.0,2,Y
11,12,51,16,0,1,2,0,0,PRT,0,1,0,95.0,0,Y
277,11,46,7,1,2,2,0,0,PRT,0,1,0,100.0,0,Y
133,9,36,3,2,1,2,0,0,ITA,0,1,0,118.8,0,Y
1,5,20,9,1,1,2,0,0,CRI,0,1,3,89.0,0,N
61,11,48,23,1,2,1,0,0,PRT,0,1,0,70.0,0,N
209,3,13,30,2,4,2,0,0,FRA,0,1,0,90.93,1,N
171,7,27,7,1,2,2,0,0,GBR,0,4,0,111.6,0,N
41,8,33,14,1,3,2,0,0,CN,0,1,0,131.2,0,N
168,7,30,18,1,2,2,0,0,DEU,0,4,0,112.8,1,N
273,5,20,13,1,2,2,0,0,PRT,0,1,0,95.0,0,Y
6,9,39,20,2,0,2,0,0,GBR,0,1,1,152.84,1,N
176,9,38,15,0,1,2,0,0,PRT,0,1,0,97.71,0,Y
405,7,27,4,0,2,1,0,0,DEU,0,1,1,91.5,0,N
132,7,30,23,0,1,3,0,0,PRT,0,1,1,130.5,0,N
364,10,42,16,0,2,1,0,0,PRT,1,1,1,80.0,0,Y
176,7,28,6,0,4,2,1,0,HUN,0,1,0,93.75,1,N
156,3,13,28,0,3,2,0,0,BRA,0,4,0,79.0,1,N
0,9,38,16,0,1,2,1,1,EST,0,4,0,147.59,0,N
0,6,25,13,1,3,2,0,0,CHE,0,6,0,150.92,1,N
175,12,50,7,0,4,3,0,0,ITA,0,4,0,115.6,0,Y
77,11,47,19,1,1,2,0,0,USA,0,1,0,93.6,1,N
206,6,23,9,1,2,1,0,0,CHE,0,1,0,144.0,1,N
146,3,14,30,0,3,1,0,0,PRT,1,1,0,80.0,0,Y
44,2,9,21,2,5,2,0,0,ESP,0,1,0,66.29,1,N
98,11,48,23,1,2,1,0,0,PRT,0,1,0,84.0,0,Y
35,9,39,25,2,3,2,0,0,PRT,0,1,0,170.0,0,Y
37,3,10,6,1,3,2,0,0,DEU,0,1,0,54.71,1,N
35,6,26,21,0,2,2,0,0,PRT,0,1,0,113.4,1,N
34,10,45,30,2,2,2,0,0,FRA,0,1,0,75.0,0,N
25,4,16,12,0,1,1,0,0,DEU,0,4,0,120.0,0,N
29,1,3,18,0,3,1,0,0,DNK,0,1,0,65.0,0,N
2,4,15,6,0,1,1,0,0,PRT,0,1,0,104.0,0,N
6,8,33,8,1,0,1,0,0,PRT,0,1,0,65.0,0,Y
147,7,29,16,2,2,2,0,0,ITA,0,1,0,89.1,0,Y
92,10,41,7,0,4,2,0,0,PRT,0,1,0,70.0,0,N
101,7,29,15,0,1,2,0,0,CHE,0,1,2,94.5,2,N
11,11,47,13,2,4,2,0,0,CHE,0,1,0,65.29,1,N
351,10,40,3,2,2,2,0,0,PRT,1,1,0,62.0,0,Y
11,12,50,5,1,3,2,0,0,ESP,0,1,0,97.4,0,N
22,3,10,6,1,3,2,1,0,GBR,0,4,0,77.23,0,N
169,6,23,8,0,3,2,0,0,PRT,0,1,0,170.0,0,Y
151,3,12,20,1,1,2,0,0,PRT,0,1,0,95.0,0,N
217,8,34,17,0,3,2,0,0,ZAF,0,1,0,88.5,0,Y
7,6,24,14,0,1,2,0,0,PRT,0,1,1,0.0,1,N
67,2,5,2,0,2,2,1,0,TUR,0,1,0,111.6,0,Y
19,10,41,6,0,3,2,0,0,PRT,1,1,0,90.0,0,Y
34,10,44,26,0,4,2,0,0,THA,0,1,0,129.0,1,Y
517,12,50,8,0,2,2,0,0,PRT,0,1,0,62.8,0,Y
53,1,3,21,2,3,2,1,0,PRT,0,1,0,70.4,0,Y
62,7,31,26,0,4,3,0,0,PRT,0,4,0,146.7,2,N
169,4,16,20,0,1,2,1,0,BRA,0,1,0,76.24,1,N
173,7,30,25,2,4,2,0,0,PRT,1,1,0,76.5,1,Y
373,4,14,5,0,3,2,0,0,PRT,0,1,0,90.0,0,Y
5,4,17,22,1,2,2,0,0,ITA,0,4,0,136.0,1,N
65,11,47,18,0,1,1,0,0,PRT,0,4,0,81.9,2,N
204,5,19,5,0,3,2,0,0,PRT,0,1,0,100.0,0,Y
9,3,10,7,0,2,1,0,0,BEL,0,4,1,127.0,0,N
71,10,43,22,2,1,2,2,0,CHE,0,6,0,190.8,1,N
180,7,29,22,2,5,2,0,0,FRA,0,1,0,130.5,0,N
236,4,15,14,1,2,2,0,0,CHE,0,1,0,113.4,1,N
47,11,46,11,0,1,1,0,0,PRT,0,1,1,92.0,0,N
276,9,39,22,0,3,2,0,0,DEU,0,1,0,116.33,0,N
192,6,26,24,0,2,1,0,0,PRT,0,1,0,95.0,0,N
61,12,50,8,0,3,2,0,0,ESP,0,1,0,93.6,1,N
444,12,49,1,0,3,1,0,0,PRT,1,1,0,75.0,0,Y
0,12,49,2,0,1,1,0,0,PRT,0,4,0,0.0,1,N
41,8,35,24,0,3,3,0,0,ESP,0,4,0,177.3,1,N
149,6,25,24,0,1,1,0,0,PRT,0,1,0,120.0,0,Y
94,4,15,7,2,5,2,0,0,GRC,0,1,0,75.89,1,Y
30,12,50,8,0,1,2,0,0,ESP,0,4,0,108.0,0,N
70,2,7,16,0,3,2,0,0,GBR,0,1,0,95.4,2,Y
327,9,37,9,2,4,2,0,0,PRT,0,1,0,88.0,0,N
62,8,31,5,2,1,2,0,0,ESP,0,1,0,135.0,0,Y
7,2,6,5,0,2,1,0,0,FIN,0,5,1,86.0,0,N
240,7,30,23,2,1,2,0,0,PRT,0,1,0,110.0,0,Y
335,10,42,13,0,3,1,0,0,PRT,0,1,0,80.0,0,N
53,5,19,6,0,2,3,0,0,PRT,0,4,0,159.3,3,N
27,7,28,9,2,2,2,0,0,IRL,0,1,0,130.0,1,Y
213,6,24,7,0,3,2,0,0,PRT,0,1,0,130.0,0,Y
44,6,25,21,0,2,2,0,0,FRA,0,1,0,126.0,0,Y
105,5,20,19,0,2,1,0,0,PRT,0,1,0,160.0,0,Y
89,9,40,25,2,1,3,0,0,PRT,0,1,1,127.33,0,Y
93,10,41,7,0,4,2,0,0,PRT,0,1,0,89.25,1,N
71,5,20,10,0,3,1,0,0,DEU,0,1,0,98.0,0,N
134,12,49,4,2,2,2,0,0,PRT,0,1,0,65.0,0,Y
35,10,44,26,1,1,2,0,0,PRT,0,1,0,76.5,1,N
281,7,30,25,2,2,2,0,0,PRT,1,1,0,62.0,0,Y
71,5,20,10,0,3,1,0,0,DEU,0,1,0,98.0,0,N
48,10,43,19,1,3,0,2,0,PRT,0,2,0,6.0,1,Y
315,12,49,2,0,2,2,0,0,PRT,0,1,0,52.0,0,Y
55,8,34,16,0,3,3,0,0,ESP,0,4,2,168.3,0,Y
143,5,19,2,1,4,2,0,0,CHE,0,1,0,64.26,0,N
14,12,51,16,0,3,2,0,0,FRA,0,1,0,58.0,0,N
38,1,2,14,0,1,1,0,0,PRT,0,1,0,75.0,0,Y
342,1,2,12,0,2,2,0,0,AUS,0,4,0,81.62,1,N
1,9,40,30,0,2,2,0,0,PRT,1,1,0,102.6,0,Y
26,4,15,4,1,0,1,0,0,POL,0,1,0,119.0,0,N
29,7,30,24,1,1,2,0,0,USA,0,1,0,140.0,1,N
6,8,33,12,1,4,2,0,0,TUN,0,1,0,75.0,0,N
102,12,51,19,2,4,2,0,0,PRT,0,1,0,72.25,1,Y
124,5,20,13,1,2,2,0,0,DEU,0,1,1,117.1,1,N
129,1,2,8,2,1,1,0,0,PRT,0,4,0,67.0,0,Y
34,1,3,18,0,1,1,0,0,ESP,0,1,1,75.0,0,N
37,3,11,15,0,2,2,0,0,PRT,0,1,0,110.0,0,Y
0,3,13,28,0,1,1,0,0,USA,0,7,1,108.0,2,N
8,11,47,15,0,2,2,0,0,ITA,0,1,0,90.0,0,N
259,10,41,5,0,4,2,0,0,PRT,0,1,0,89.0,0,Y
2,5,21,15,2,2,1,0,0,DEU,0,1,1,66.88,0,N
96,7,28,11,2,1,2,0,0,ITA,0,1,0,94.5,0,Y
306,8,31,2,2,5,2,0,0,BRA,0,4,0,120.6,3,Y
51,7,28,15,2,2,3,0,0,BRA,0,5,0,232.5,1,Y
100,9,40,28,0,4,1,0,0,ITA,0,1,1,110.0,0,N
192,6,26,24,0,2,1,0,0,SRB,0,1,0,95.0,0,N
615,3,11,16,0,2,2,0,0,PRT,0,1,0,62.0,0,Y
317,9,37,9,1,2,2,0,0,PRT,1,1,0,90.0,0,Y
305,3,12,25,0,1,2,0,0,CN,0,1,0,71.1,2,Y
134,2,8,25,0,1,1,0,0,PRT,0,1,0,75.0,0,N
28,3,11,13,1,2,2,0,0,IRL,0,4,0,133.33,1,N
39,5,20,12,0,2,2,0,0,BEL,0,1,0,116.1,0,Y
69,6,24,11,2,2,2,0,0,PRT,0,1,0,89.1,0,Y
141,7,28,3,2,5,2,0,0,ITA,0,1,1,111.68,1,N
1,1,5,29,0,1,2,0,0,PRT,0,1,0,79.0,1,N
4,9,37,8,0,4,2,0,0,DEU,0,1,0,124.0,1,N
41,12,50,7,0,4,2,0,0,ESP,0,1,0,88.4,2,Y
39,9,40,29,0,1,1,0,0,PRT,0,1,0,250.0,0,Y
3,8,35,24,0,1,3,0,0,PRT,0,4,0,188.0,3,N
1,8,32,5,0,2,3,0,0,PRT,0,2,0,18.0,2,Y
48,10,41,5,0,2,2,0,0,PRT,0,1,0,120.0,0,Y
349,10,41,4,1,5,2,0,0,PRT,0,1,0,90.0,0,Y
6,5,19,10,0,1,2,0,0,PRT,0,1,0,90.0,0,Y
17,9,39,26,2,2,2,0,0,ITA,0,1,1,170.0,0,N
5,5,19,8,1,2,1,0,0,PRT,6,1,0,65.0,1,N
87,5,18,4,0,3,2,0,0,AUS,0,1,0,108.0,1,N
153,6,25,21,0,4,1,0,0,PRT,0,1,0,110.0,0,Y
215,11,48,21,1,1,1,0,0,ITA,0,1,1,75.0,0,N
80,10,41,9,0,2,2,0,0,PRT,0,4,0,136.0,0,N
46,10,43,19,0,2,2,0,0,GBR,0,1,0,107.55,2,Y
133,7,30,23,2,2,2,0,0,PRT,0,1,0,130.5,2,N
104,3,10,10,0,2,2,0,0,USA,0,1,0,97.2,0,Y
26,5,21,22,1,0,1,0,0,IRL,0,1,0,160.0,1,Y
16,4,15,7,1,3,1,0,0,SAU,0,4,0,127.5,0,Y
52,1,3,18,0,3,1,0,0,FRA,0,1,0,86.4,1,N
11,11,45,5,0,1,2,0,0,GBR,0,1,0,130.0,1,Y
81,3,13,30,1,3,2,0,0,GBR,0,1,0,77.89,1,N
64,3,12,24,0,2,2,0,0,PRT,0,4,0,81.0,0,Y
89,4,15,14,2,2,2,0,0,ITA,0,5,0,166.5,0,Y
64,7,29,12,0,2,2,0,0,ESP,0,1,0,63.75,0,N
14,2,5,3,0,1,1,0,0,ESP,0,1,0,88.0,1,N
66,10,43,20,0,2,0,2,0,RUS,0,2,0,108.0,1,N
147,8,34,14,2,1,2,0,0,FRA,0,1,0,123.3,1,N
127,7,32,31,2,2,4,0,0,GBR,0,7,1,253.5,1,N
223,6,25,14,0,2,2,0,0,PRT,1,1,0,135.0,0,Y
342,9,39,24,0,2,2,0,0,PRT,1,1,0,62.0,0,Y
305,11,45,4,1,2,2,0,0,PRT,0,1,0,89.0,0,Y
157,4,16,19,0,1,2,0,0,ISR,0,1,1,99.0,1,N
1,7,30,20,0,1,2,1,0,PRT,0,1,0,111.0,2,N
84,4,16,18,0,1,1,0,0,NLD,0,1,0,117.0,0,N
0,1,3,20,0,2,1,0,0,CHE,0,1,0,78.0,0,N
150,6,24,16,2,2,2,0,0,GBR,0,1,0,72.42,1,N
208,5,21,24,0,2,2,0,0,DEU,0,1,0,114.4,0,N
32,11,47,20,0,2,1,0,0,FRA,0,1,0,73.0,0,N
115,6,24,11,2,5,2,0,0,IDN,0,1,0,89.1,0,N
54,6,23,4,1,1,2,0,0,AUS,0,4,0,126.9,1,N
205,9,38,16,1,2,2,0,0,PRT,0,1,0,120.0,0,Y
123,4,14,2,2,1,2,0,0,FRA,0,1,0,99.0,0,N
68,2,8,17,0,2,2,0,0,PRT,1,1,0,75.0,0,Y
47,10,42,9,2,1,2,0,0,ISR,0,4,0,139.5,2,N
4,3,13,24,0,3,2,0,0,ESP,0,4,0,162.67,1,N
72,4,13,1,2,4,2,0,0,FRA,0,1,0,75.0,0,N
93,5,19,2,1,0,2,0,0,DEU,0,1,0,126.9,0,Y
26,6,24,8,0,1,2,0,0,PRT,0,1,0,120.0,0,Y
58,3,9,2,1,3,3,0,0,IRL,0,5,0,117.3,2,Y
394,5,20,16,0,4,1,0,0,PRT,0,1,2,88.5,0,N
92,8,33,16,0,3,2,0,0,PRT,0,1,0,80.1,0,Y
175,5,20,19,1,2,2,0,0,PRT,0,1,0,110.0,0,Y
0,1,2,5,0,2,2,0,0,ESP,0,1,1,44.0,1,N
103,4,15,14,1,2,3,0,0,ITA,0,4,0,145.5,1,Y
98,3,10,10,1,2,1,0,0,DNK,0,1,2,90.0,2,Y
93,12,49,3,1,3,2,0,0,ESP,0,1,0,72.25,2,N
52,5,21,21,2,1,2,0,0,GBR,0,4,0,152.0,0,N
7,8,36,31,0,1,2,1,0,ESP,0,1,0,107.03,3,N
4,2,8,19,1,2,1,0,0,PRT,0,1,3,81.0,0,N
28,3,9,2,0,3,2,0,0,PRT,0,1,0,95.0,0,Y
6,12,50,6,0,1,1,0,0,PRT,0,5,1,105.0,0,N
110,7,28,8,1,2,2,0,0,PRT,0,1,0,114.3,1,N
31,10,43,19,0,1,2,0,0,PRT,0,6,0,168.63,0,Y
43,10,41,3,1,0,2,0,0,BRA,0,1,0,108.0,1,Y
2,8,35,26,0,1,1,0,0,PRT,0,1,0,65.0,0,N
6,4,17,20,0,2,1,0,0,PRT,0,1,1,95.0,0,N
33,5,19,8,1,2,1,0,0,BEL,0,1,2,130.0,1,N
48,11,45,4,1,2,2,0,0,CHE,0,1,0,79.2,2,N
164,5,19,2,1,3,2,0,0,NLD,0,1,1,99.45,0,N
27,1,5,29,0,2,2,0,0,ESP,0,1,0,77.0,1,Y
123,6,25,17,2,2,2,1,0,GBR,0,1,0,135.15,2,Y
106,5,21,21,2,2,2,0,0,GBR,0,1,0,120.28,0,Y
11,2,7,12,1,2,2,0,0,CHN,0,1,0,81.0,1,N
28,3,9,2,0,3,2,0,0,PRT,0,1,0,95.0,0,Y
98,11,45,2,1,4,2,0,0,ITA,0,1,0,90.0,1,N
140,9,38,12,1,2,2,0,0,GBR,0,4,0,110.19,3,N
573,2,5,2,0,2,2,0,0,PRT,0,1,0,62.0,0,Y
33,12,50,10,1,3,2,0,0,FRA,0,1,0,74.25,0,N
25,6,25,12,2,1,1,0,0,GBR,0,4,2,126.0,0,Y
0,5,19,5,0,1,1,0,0,PRT,0,1,0,111.2,0,N
462,7,26,1,2,1,1,0,0,PRT,0,1,1,0.0,0,N
115,4,15,8,0,2,1,0,0,FRA,0,1,1,57.5,0,N
212,7,28,14,1,2,2,1,0,ITA,0,1,0,125.1,4,N
70,2,7,15,0,4,2,0,0,ESP,0,1,2,0.0,0,N
209,8,32,6,2,1,2,0,0,DEU,0,1,0,130.5,1,N
84,8,33,15,0,4,3,0,0,ESP,0,4,0,215.0,3,N
75,4,14,5,0,4,1,0,0,PRT,0,1,0,85.0,0,Y
279,10,42,12,0,3,2,0,0,PRT,0,1,0,110.0,0,Y
191,8,34,25,1,2,2,0,0,SWE,0,4,0,126.0,0,Y
32,4,14,1,1,2,2,0,0,DEU,0,4,0,131.4,0,Y
12,7,29,18,2,2,2,0,0,PRT,0,1,0,62.0,0,Y
45,6,25,18,2,2,2,0,0,CHE,0,1,0,150.0,1,N
19,9,38,15,0,2,2,0,0,PRT,0,4,0,174.0,2,N
10,12,53,27,2,1,2,0,0,ESP,0,7,0,52.0,0,N
113,5,23,31,0,3,1,0,0,PRT,0,1,0,100.0,0,Y
11,2,8,20,1,0,2,0,0,IRL,0,1,0,80.0,0,Y
67,2,7,12,2,0,2,0,0,PRT,0,1,0,80.0,0,Y
256,6,25,15,0,2,1,0,0,DEU,0,1,1,90.0,0,N
7,5,19,5,0,3,2,0,0,DEU,0,1,0,144.0,0,N
15,7,31,26,0,3,2,2,0,FRA,0,7,0,225.2,2,N
22,11,45,6,2,3,2,0,0,PRT,1,2,0,85.0,0,Y
141,6,23,3,1,2,2,0,0,FRA,0,1,0,132.0,0,N
372,7,29,14,0,2,2,0,0,PRT,0,1,0,62.0,0,Y
7,9,39,20,0,1,1,0,0,PRT,0,1,0,143.0,3,Y
230,8,33,18,2,4,2,0,0,DEU,0,1,0,72.86,1,N
35,12,52,26,0,1,2,0,0,ESP,0,2,0,77.25,0,N
56,6,26,21,0,3,2,0,0,CHN,0,4,0,87.32,1,N
74,2,9,26,8,16,1,0,0,AGO,0,1,0,74.8,0,Y
256,9,40,29,0,3,2,0,0,GBR,0,1,0,95.4,1,N
179,8,32,4,2,3,3,0,0,FRA,0,4,2,130.05,1,N
24,1,6,31,2,1,2,0,0,POL,0,1,1,122.0,0,N
323,5,22,26,0,2,2,0,0,PRT,0,1,0,62.0,0,Y
1,1,5,29,2,2,2,0,0,FRA,11,4,0,106.0,1,N
171,7,27,7,1,2,2,1,0,DEU,0,1,0,125.1,2,N
192,6,26,24,0,2,1,0,0,GBR,0,1,0,95.0,0,N
10,5,21,23,0,3,2,0,0,CHE,0,1,0,107.1,0,N
118,6,24,6,1,3,1,0,0,BEL,0,1,1,110.0,0,N
15,12,51,19,2,2,2,0,0,PRT,0,1,0,58.0,0,Y
260,6,26,26,1,1,2,0,0,DEU,0,4,0,164.7,0,Y
7,6,24,12,1,2,2,0,0,ESP,0,1,0,99.0,0,N
34,3,12,21,0,4,3,0,0,IRL,0,5,0,127.93,1,Y
55,3,13,22,0,3,2,0,0,GIB,0,1,0,99.0,1,Y
91,5,21,21,2,3,2,0,0,BEL,0,1,0,138.6,0,Y
248,7,28,11,0,4,2,0,0,DNK,0,1,1,89.1,1,N
129,7,30,29,2,4,2,0,0,POL,0,4,0,139.5,0,Y
33,4,18,29,2,3,2,0,0,RUS,0,4,0,140.4,0,N
209,10,41,5,0,3,2,0,0,GBR,0,1,0,98.1,1,Y
145,8,34,17,0,2,3,0,0,ITA,0,4,0,142.2,0,N
217,8,34,18,1,3,2,0,0,ITA,0,1,1,80.5,1,N
3,8,32,7,0,1,2,0,0,PRT,0,1,0,75.0,0,N
5,5,22,24,0,2,2,0,0,ARG,0,1,0,110.0,1,N
79,5,22,28,2,1,1,0,0,MAC,0,1,2,140.0,0,Y
122,3,14,28,1,3,2,0,0,BEL,0,2,0,68.64,0,N
9,3,10,1,0,3,1,0,0,DNK,0,1,0,71.84,1,N
245,7,28,6,2,4,1,0,0,PRT,0,1,0,110.0,0,Y
56,4,15,4,1,2,2,0,0,FRA,0,1,0,75.0,0,N
20,4,16,12,0,2,1,0,0,PRT,0,1,1,90.0,0,N
213,6,24,13,1,5,2,0,0,DEU,0,4,0,121.5,0,N
27,9,40,29,0,2,2,2,0,NOR,0,6,0,234.0,1,Y
17,7,28,9,2,2,2,0,0,FRA,0,1,0,150.4,1,N
108,12,53,25,2,2,2,0,0,FRA,0,1,0,104.0,2,N
15,9,39,20,2,2,2,2,0,PRT,0,6,0,174.0,2,Y
3,8,34,20,0,2,2,0,0,PRT,0,1,0,75.0,1,Y
7,7,30,23,2,2,2,0,0,DEU,0,1,0,146.75,1,N
305,5,19,9,0,3,2,0,0,PRT,0,1,0,89.1,0,Y
20,5,20,11,0,4,2,0,0,GBR,0,1,0,95.0,0,N
52,2,7,17,2,4,2,0,0,RUS,0,1,0,79.2,0,N
268,4,15,8,2,3,2,0,0,PRT,0,1,0,78.0,0,N
433,9,38,15,0,2,2,0,0,PRT,0,1,0,62.0,0,Y
36,10,42,13,0,3,2,0,0,PRT,0,1,0,112.0,0,N
192,6,26,24,0,2,1,0,0,GBR,0,1,0,95.0,0,N
172,4,16,18,0,4,2,2,0,IRL,0,7,0,216.0,1,N
35,6,27,26,2,2,2,1,0,PRT,0,1,0,125.1,1,N
207,8,35,23,0,4,2,0,0,BEL,0,1,1,99.45,1,N
53,7,29,22,0,1,2,0,0,GBR,0,4,0,160.0,2,N
67,3,9,3,0,2,2,0,0,ESP,0,4,0,106.2,1,N
169,7,28,12,0,4,2,0,0,GBR,0,4,0,116.1,0,Y
30,10,42,14,0,3,2,0,0,BEL,0,1,0,96.3,5,N
90,4,14,4,0,3,2,0,0,GBR,0,1,0,99.0,1,N
146,3,14,30,0,3,1,0,0,PRT,1,1,0,80.0,0,Y
245,6,25,17,0,2,2,0,0,PRT,0,1,0,75.0,0,Y
8,1,3,19,1,3,2,0,0,BRA,0,1,0,79.05,1,N
133,4,18,29,1,2,2,0,0,DEU,0,1,0,99.3,1,N
3,12,52,19,1,0,1,0,0,PRT,0,1,0,65.0,1,N
7,5,22,23,1,2,1,0,0,PRT,3,1,1,67.0,0,N
5,1,3,10,2,2,2,0,0,POL,0,1,0,64.64,0,N
94,3,12,24,1,2,2,0,0,FRA,0,1,1,72.0,1,N
75,3,11,12,0,1,2,0,0,PRT,0,1,2,71.1,1,Y
124,1,2,13,0,2,2,0,0,GBR,0,1,0,88.0,1,Y
72,9,37,11,0,2,1,0,0,LUX,0,1,1,98.0,0,N
12,5,23,29,2,0,1,0,0,NLD,0,1,0,81.62,1,N
91,3,12,18,0,2,1,0,0,PRT,0,1,0,75.0,0,Y
6,2,9,21,2,3,2,0,0,FRA,0,1,0,70.0,0,N
78,7,27,7,1,2,3,0,0,POL,0,4,0,190.0,0,Y
71,6,25,14,0,3,1,0,0,PRT,0,1,0,120.0,0,Y
54,10,43,16,2,2,1,0,0,DEU,0,1,2,66.5,0,N
241,10,44,29,2,2,0,2,0,SWE,0,2,0,81.76,1,N
1,2,8,24,0,1,2,1,0,PRT,0,1,0,118.0,2,N
8,4,14,8,2,1,2,0,0,ESP,0,1,0,115.0,0,N
448,6,24,17,2,1,2,0,0,GBR,0,1,0,112.67,3,N
99,10,41,8,2,2,2,0,0,DEU,0,1,1,118.0,1,N
2,1,2,6,0,3,2,0,0,ESP,0,1,0,84.0,1,N
38,1,2,14,0,1,1,0,0,PRT,0,1,0,75.0,0,Y
25,5,22,31,0,1,2,0,0,USA,0,1,0,160.0,1,Y
59,8,34,20,2,0,1,0,0,BEL,0,1,1,6.0,0,N
20,6,25,20,0,1,1,0,0,PRT,1,4,1,119.0,2,N
39,8,33,14,0,2,2,0,0,DEU,0,1,0,109.0,0,N
96,11,47,21,2,4,2,0,0,KOR,0,1,3,75.0,0,N
56,5,18,5,2,6,2,0,0,RUS,0,1,2,132.25,0,Y
181,8,34,16,0,3,2,0,0,ESP,0,1,0,94.5,1,N
172,8,35,25,0,3,2,0,0,ESP,0,4,0,109.8,0,N
49,12,53,28,1,4,2,0,0,ESP,0,1,0,145.61,1,N
8,10,41,10,2,1,2,0,0,PRT,1,1,0,62.0,0,Y
27,3,13,22,0,3,2,0,0,GBR,0,1,0,129.0,0,Y
0,11,46,9,1,3,1,0,0,DEU,0,1,0,91.0,1,N
145,8,32,12,2,1,2,0,0,NLD,0,1,1,129.83,0,N
16,2,8,20,1,5,2,0,0,DEU,0,4,2,101.07,0,Y
451,5,21,16,1,2,2,0,0,PRT,0,1,0,60.0,0,Y
1,6,25,13,1,0,2,0,0,GBR,0,1,0,88.0,1,N
59,2,6,6,2,2,2,0,0,AUT,0,1,0,62.0,0,N
286,5,21,17,0,1,2,0,0,PRT,0,1,0,65.0,0,Y
57,3,13,21,1,2,2,0,0,PRT,0,1,0,108.0,1,Y
464,10,44,28,0,2,2,0,0,PRT,0,1,0,65.0,0,Y
115,4,15,8,0,2,2,0,0,FRA,0,1,0,65.0,1,N
175,7,30,23,1,1,2,0,0,BEL,0,1,0,85.5,1,N
0,10,44,30,0,1,2,0,0,PRT,0,1,0,95.0,0,Y
111,4,14,3,1,1,2,0,0,ISR,0,1,2,95.0,0,N
174,6,22,1,0,2,2,0,0,PRT,0,1,0,100.0,0,Y
116,2,10,28,2,1,2,0,0,PRT,0,1,1,70.0,0,Y
41,12,53,27,0,1,1,0,0,BRA,0,1,2,60.0,0,N
11,9,37,12,0,1,2,0,0,PRT,0,4,0,187.0,2,N
259,5,19,5,0,3,2,0,0,PRT,0,1,0,90.0,0,Y
220,10,42,17,2,1,2,0,0,PRT,1,1,0,65.0,0,Y
61,10,41,4,2,0,2,0,0,FRA,0,1,0,91.0,0,N
85,4,15,7,0,2,2,0,0,FRA,0,1,1,95.5,1,N
72,3,13,26,1,1,2,0,0,PRT,0,1,0,96.0,0,Y
51,7,28,9,2,1,2,0,0,GBR,0,1,0,80.1,0,N
117,6,24,9,2,3,2,0,0,FRA,0,1,3,105.26,0,N
0,10,43,21,0,1,2,0,0,PRT,0,1,0,145.0,0,N
103,11,46,7,1,3,1,0,0,FIN,0,1,1,186.0,2,N
5,11,46,6,2,2,2,0,0,PRT,0,1,0,165.75,1,Y
78,9,39,18,2,1,3,0,0,PRT,0,4,0,177.3,1,N
104,8,36,30,2,1,2,0,0,ESP,0,1,0,90.0,0,Y
25,5,20,10,0,3,1,0,0,FRA,0,1,1,129.0,0,N
18,4,15,8,0,1,2,0,0,GBR,0,1,0,89.0,0,Y
129,8,34,23,0,1,2,0,0,IRL,0,1,0,125.0,2,N
281,4,16,14,0,1,1,0,0,PRT,0,1,0,59.0,0,Y
0,1,3,15,2,2,2,0,0,AGO,0,1,4,80.0,0,N
71,6,25,14,0,3,1,0,0,PRT,0,1,0,120.0,0,Y
1,11,47,18,2,2,2,0,0,ESP,0,1,0,101.86,2,N
10,9,39,24,0,1,3,0,0,IND,0,1,1,161.0,2,N
2,6,25,18,1,0,2,0,0,DEU,0,1,0,160.0,2,N
20,5,19,11,0,3,2,0,0,CHN,0,1,0,153.0,0,Y
172,6,26,24,0,2,1,0,0,PRT,0,1,0,95.0,0,Y
71,6,25,14,0,3,1,0,0,PRT,0,1,0,120.0,0,Y
16,2,6,5,2,3,1,0,0,FRA,0,1,1,70.69,1,N
33,12,50,9,0,2,2,0,0,PRT,1,1,0,110.0,0,Y
221,8,33,12,0,1,1,0,0,DEU,0,1,1,73.0,0,N
153,8,32,3,1,2,2,0,0,PRT,1,1,0,60.0,0,Y
5,5,18,6,1,1,2,0,0,FRA,0,4,0,136.8,1,N
182,9,40,30,0,2,2,0,0,GBR,0,1,0,117.9,2,N
74,3,13,21,1,3,2,0,0,PRT,0,4,0,99.45,1,N
42,3,11,11,1,2,2,0,0,ITA,0,1,0,71.1,1,N
104,5,19,11,0,3,2,0,0,SWE,0,4,0,147.0,1,N
41,9,37,10,2,1,2,0,0,GBR,0,1,0,125.1,1,N
518,8,34,26,2,1,2,0,0,GBR,0,1,0,112.67,1,N
268,7,29,12,2,1,2,0,0,PRT,1,1,0,82.0,0,Y
311,8,35,24,1,1,2,0,0,PRT,1,1,0,62.0,0,Y
17,2,8,19,1,2,2,0,0,FRA,0,1,0,66.0,0,N
54,8,35,24,2,5,3,0,0,AUT,0,4,0,208.41,1,Y
61,1,4,25,0,2,2,0,0,PRT,0,1,0,80.0,0,Y
12,10,45,30,2,1,2,0,0,ITA,0,1,0,97.53,1,N
13,8,34,20,0,3,1,0,0,PRT,0,1,0,80.0,1,Y
1,6,24,10,0,1,2,0,0,PRT,0,1,0,132.0,1,Y
11,5,22,31,0,2,3,0,0,ISR,0,4,0,210.0,2,Y
0,10,44,25,0,1,1,0,0,PRT,0,1,0,0.0,1,N
286,10,43,16,1,0,2,0,0,PRT,0,1,0,90.0,0,Y
200,8,33,17,0,3,2,2,0,FRA,0,6,0,226.33,0,Y
54,4,14,5,0,2,2,0,0,PRT,0,1,0,110.0,0,Y
272,4,17,28,1,2,2,0,0,ITA,0,1,0,144.0,0,Y
351,6,26,23,0,2,2,0,0,PRT,0,1,0,62.0,0,Y
124,6,26,29,0,3,2,0,0,GBR,0,5,0,149.7,0,N
63,3,10,5,2,1,2,0,0,GBR,0,4,0,87.3,0,Y
5,5,19,9,0,1,2,0,0,PRT,0,1,0,90.0,0,Y
59,7,30,18,1,1,1,0,0,PRT,0,1,1,85.0,0,N
227,6,22,1,0,3,3,0,0,FRA,0,4,0,157.5,2,N
55,4,15,6,0,1,2,0,0,PRT,0,1,0,104.0,0,N
73,11,47,17,0,3,2,0,0,NLD,0,4,0,102.6,1,N
46,4,15,4,1,1,2,0,0,USA,0,1,0,107.1,0,Y
152,5,18,3,0,3,2,0,0,PRT,0,1,0,100.0,0,Y
70,7,31,31,1,2,3,0,0,QAT,0,5,0,230.0,1,Y
34,1,3,18,0,1,1,0,0,MEX,0,1,0,75.0,0,N
87,9,39,25,2,3,2,0,0,PRT,0,1,0,170.0,0,Y
0,12,50,10,0,1,1,0,0,PRT,0,1,0,85.0,0,N
290,6,25,17,1,2,1,0,0,FRA,0,1,1,65.0,1,N
46,6,23,6,0,4,3,0,0,POL,0,4,0,210.0,1,Y
89,9,37,9,0,2,3,0,0,BEL,0,4,0,168.3,2,N
36,5,19,1,2,2,2,0,0,DNK,0,1,0,116.1,1,N
315,7,27,7,0,1,0,2,0,USA,0,2,2,91.85,2,Y
59,1,4,23,1,1,2,0,0,PRT,0,1,0,80.0,0,Y
109,8,32,10,2,4,2,0,0,DEU,0,1,0,125.0,1,Y
0,11,45,5,0,2,2,0,0,USA,0,1,1,95.0,0,N
97,5,22,28,2,3,2,0,0,FRA,0,4,0,164.0,0,N
96,3,11,16,0,3,2,0,0,GBR,0,1,0,79.2,3,N
279,5,21,25,0,3,3,0,0,FRA,0,4,0,153.9,2,Y
276,9,39,22,0,3,2,0,0,PRT,0,1,0,95.0,0,Y
148,12,53,30,1,4,2,0,0,PRT,0,1,0,67.0,0,Y
83,5,19,11,0,2,3,0,0,GBR,0,6,3,240.0,3,N
85,10,44,25,0,4,2,0,0,ITA,0,4,0,104.4,2,N
49,6,25,23,0,2,2,0,0,GBR,0,1,0,130.0,1,N
145,7,28,3,2,1,3,0,0,FRA,0,4,0,131.7,1,N
104,8,36,30,2,1,2,0,0,ESP,0,1,0,90.0,0,Y
292,12,51,13,0,4,2,0,0,ITA,0,4,0,81.6,1,N
27,1,5,31,0,3,2,0,0,BEL,0,1,0,98.0,1,Y
69,3,11,13,1,4,2,0,0,ITA,0,1,0,74.8,0,Y
349,10,41,4,1,5,1,0,0,PRT,0,1,0,80.0,0,Y
348,2,8,24,2,3,2,0,0,DEU,0,4,0,90.1,2,N
138,7,28,4,1,2,2,0,0,IND,0,4,0,91.48,1,N
6,10,43,18,1,0,1,0,0,FRA,1,1,0,95.0,1,Y
7,8,36,31,1,2,1,0,0,ISR,0,1,0,60.0,0,N
165,9,36,2,2,3,3,0,0,GBR,0,4,0,150.45,0,N
137,4,15,9,2,1,2,0,0,ESP,0,1,3,118.8,0,N
2,3,9,1,0,1,1,0,0,PRT,0,1,0,89.0,2,N
63,7,30,23,2,5,2,1,0,TUN,0,1,0,121.5,0,Y
6,8,32,10,1,3,2,0,0,IRL,0,4,0,200.0,0,N
34,2,8,19,2,1,2,0,0,TZA,0,1,0,80.0,0,Y
102,10,45,30,2,2,1,0,0,DEU,0,4,0,122.85,2,N
6,12,51,12,1,0,2,0,0,NLD,0,1,1,108.0,1,N
4,1,2,10,0,2,1,0,0,ESP,0,1,0,70.0,0,N
23,2,5,3,0,2,2,0,0,CHE,0,1,2,88.0,0,Y
8,2,6,3,1,4,2,0,0,DEU,0,1,0,65.58,0,N
334,9,38,16,0,2,2,0,0,PRT,1,1,0,62.0,0,Y
247,6,24,6,1,1,2,0,0,DEU,0,1,0,115.0,1,N
240,10,44,27,1,3,2,0,0,DNK,0,1,1,90.95,2,N
38,3,12,25,2,5,2,0,0,ARG,0,1,0,80.87,0,Y
18,10,44,28,0,4,2,1,1,PRT,0,6,0,131.5,1,N
111,8,35,29,1,5,1,0,0,JPN,0,4,1,135.0,2,N
102,4,17,24,1,3,1,0,0,IRL,0,1,1,90.0,0,N
68,9,37,12,2,2,2,0,0,PRT,0,1,0,62.0,0,Y
0,10,42,11,0,0,2,0,0,PRT,0,1,0,0.0,1,N
188,10,44,27,0,3,2,0,0,TUN,0,1,0,85.5,2,Y
27,10,44,29,2,1,2,0,0,ESP,0,1,1,110.0,1,N
4,5,20,9,1,2,2,0,0,FRA,0,1,0,95.0,0,N
13,4,15,4,1,1,1,0,0,DEU,0,1,0,96.0,0,N
25,11,46,11,0,2,2,0,0,PRT,0,1,0,0.0,0,N
144,9,37,7,2,5,2,0,0,NOR,0,1,0,116.1,1,N
1,3,9,4,1,1,2,0,0,FRA,0,1,0,88.0,1,N
38,1,2,14,0,1,1,0,0,PRT,0,1,0,75.0,0,Y
6,8,35,21,1,0,2,0,0,ESP,0,4,0,145.0,2,N
5,2,9,24,0,4,1,0,0,PRT,0,1,0,80.0,0,N
72,4,17,23,1,1,2,0,0,FRA,0,4,0,118.8,1,N
150,6,24,17,2,3,1,0,0,PRT,0,1,0,120.0,0,Y
90,4,17,23,2,3,2,0,0,PRT,0,4,1,129.02,1,N
87,4,15,15,2,2,2,0,0,PRT,0,1,0,95.0,0,Y
87,10,45,31,1,3,2,0,0,FRA,0,1,0,90.23,1,N
322,5,21,19,1,3,2,0,0,PRT,0,1,0,80.0,0,Y
277,11,46,7,1,2,2,0,0,PRT,0,1,0,100.0,0,Y
68,2,7,13,2,3,2,1,0,FRA,0,1,0,58.0,1,N
325,10,43,17,1,2,2,0,0,PRT,1,1,0,95.0,0,Y
450,7,28,11,0,1,2,0,0,PRT,0,1,0,90.0,0,Y
188,6,25,15,0,2,1,0,0,PRT,0,1,0,130.0,0,Y
334,9,38,16,0,2,1,0,0,PRT,1,1,0,60.0,0,Y
22,9,40,26,1,3,1,0,0,PRT,0,1,0,106.4,0,Y
288,4,17,21,0,1,1,0,0,PRT,0,1,0,59.0,0,Y
42,8,34,15,1,1,2,0,0,PRT,0,1,0,76.5,0,N
32,11,47,20,0,2,2,0,0,PRT,0,1,3,85.0,0,N
197,10,44,29,2,1,2,0,0,ITA,0,1,0,96.3,0,Y
74,10,42,9,2,1,2,0,0,GBR,0,1,0,118.8,0,Y
55,9,37,6,2,0,2,0,0,FRA,0,1,0,75.0,0,N
52,9,37,5,1,0,2,1,0,CN,0,1,0,79.2,0,N
225,5,21,24,0,4,2,0,0,DEU,0,1,0,107.1,0,Y
134,2,8,25,0,1,1,0,0,PRT,0,1,0,75.0,0,N
24,1,5,29,1,2,2,0,0,BRA,0,2,1,77.25,1,Y
175,5,20,19,0,1,1,0,0,PRT,0,1,0,90.0,0,Y
37,6,25,17,0,2,2,0,0,PRT,0,4,0,96.3,0,N
130,6,25,20,0,3,2,0,0,ITA,0,1,0,151.2,0,N
321,9,36,3,0,2,2,0,0,PRT,1,1,0,62.0,0,Y
14,10,43,19,1,2,1,0,0,SWE,0,1,0,120.0,1,N
55,4,15,6,0,1,2,0,0,PRT,0,1,0,104.0,0,N
47,8,35,22,1,3,2,0,0,ESP,0,1,0,85.0,0,N
11,8,33,15,0,2,2,0,0,PRT,0,1,0,12.0,0,Y
423,7,29,22,1,1,1,0,0,DEU,0,1,1,95.5,0,N
16,1,3,19,0,1,2,0,0,BRA,0,1,0,98.0,0,N
1,10,44,25,0,1,2,0,0,GBR,0,1,2,123.33,0,N
71,6,25,14,0,3,1,0,0,PRT,0,1,0,120.0,0,Y
121,5,18,5,1,2,2,0,0,BRA,0,1,0,108.0,0,Y
110,3,13,27,1,0,2,0,0,TUR,0,1,0,79.2,1,N
221,10,42,17,2,1,2,0,0,FRA,0,1,0,65.0,0,N
179,7,27,5,0,4,2,0,0,GBR,0,1,0,89.1,0,Y
231,1,1,2,1,4,2,0,0,RUS,0,1,0,109.65,2,Y
129,6,27,30,0,3,3,0,0,DEU,0,4,0,164.87,2,N
104,3,12,19,2,5,1,0,0,FRA,0,1,0,65.0,0,N
224,7,27,2,2,3,1,0,0,GBR,0,1,0,89.1,0,N
37,3,12,14,1,3,2,0,0,FRA,0,4,0,95.4,1,Y
138,8,34,22,2,1,2,0,0,ITA,0,1,0,94.5,0,N
20,7,27,1,0,1,2,1,0,MOZ,0,1,0,169.0,1,Y
25,6,26,27,0,1,1,0,0,PRT,0,1,1,95.0,0,N
247,6,24,6,1,1,2,0,0,DEU,0,1,0,115.0,0,N
28,6,24,13,0,1,0,2,0,DEU,0,1,1,109.0,2,N
51,6,24,16,1,2,2,0,0,DEU,0,1,0,140.0,1,Y
64,1,3,19,2,3,1,0,0,FRA,0,1,2,79.2,2,N
5,8,33,12,0,1,2,0,0,DEU,0,1,0,75.0,0,N
79,10,41,10,1,1,2,0,0,PRT,0,1,0,62.0,1,N
0,9,39,19,1,2,1,0,0,FRA,0,4,0,110.0,0,N
65,3,13,27,1,3,3,0,0,FRA,0,5,0,125.8,2,Y
149,7,31,28,0,3,2,0,0,GBR,0,4,0,92.03,0,N
127,3,12,19,2,5,2,0,0,PRT,0,2,0,94.7,1,Y
504,8,32,12,2,1,2,0,0,USA,0,1,0,112.67,1,N
73,2,7,18,2,3,2,0,0,FRA,0,1,0,88.4,1,N
105,8,33,14,1,0,2,0,0,DEU,0,4,0,155.0,1,Y
155,9,38,16,2,4,3,0,0,PRT,0,1,0,126.48,0,Y
299,8,33,12,0,2,2,0,0,PRT,1,1,0,62.0,0,Y
4,1,5,25,3,5,1,0,0,AGO,0,1,0,64.08,1,Y
146,6,23,5,1,4,2,0,0,NOR,0,4,0,157.5,2,N
364,10,42,16,0,2,2,0,0,PRT,1,1,0,101.5,0,Y
39,2,7,8,1,1,3,0,0,CHN,0,1,0,98.94,2,N
194,8,35,31,0,3,2,0,0,ZAF,0,1,0,99.0,0,N
5,5,22,24,0,2,2,0,0,URY,0,1,0,110.0,1,N
0,12,50,6,0,0,2,1,0,PRT,0,1,0,0.0,1,N
66,4,14,6,0,3,2,0,0,GBR,0,1,0,80.1,1,N
148,4,17,23,2,1,2,0,0,NLD,0,1,2,61.56,0,N
307,7,27,6,0,3,2,0,0,PRT,0,1,0,107.1,2,Y
198,8,31,2,1,4,2,0,0,GBR,0,5,0,103.5,1,N
396,6,26,25,2,0,2,0,0,DEU,0,1,0,122.4,1,N
76,10,42,10,1,0,1,0,0,PRT,0,1,0,120.0,0,Y
38,7,31,26,0,2,2,0,0,ESP,0,1,0,125.1,1,Y
468,10,43,20,0,2,2,0,0,PRT,0,1,0,62.0,0,Y
39,8,31,2,0,3,2,0,0,USA,0,1,2,150.0,3,N
150,6,24,17,2,3,1,0,0,PRT,0,1,0,120.0,0,Y
1,10,43,21,0,2,2,0,0,SWE,0,1,0,149.0,0,N
42,10,41,2,2,1,2,0,0,CHN,0,1,0,113.4,0,Y
17,9,36,3,0,3,2,0,0,PRT,0,2,0,89.25,1,N
407,5,18,6,2,1,2,0,0,PRT,0,1,0,90.0,0,Y
15,3,13,26,2,0,2,0,0,FRA,0,1,1,108.0,0,N
301,8,33,14,0,2,2,0,0,PRT,1,1,0,101.5,0,Y
192,9,39,25,2,3,2,0,0,PRT,0,1,0,102.0,0,N
1,8,36,28,2,0,2,0,0,ITA,0,1,0,85.5,0,N
34,9,39,23,0,3,2,0,0,PRT,0,1,0,224.67,0,N
71,6,25,14,0,3,1,0,0,PRT,0,1,0,120.0,0,Y
96,6,23,7,2,5,2,0,0,FRA,0,1,0,178.2,0,Y
0,11,46,10,0,0,1,0,0,PRT,0,4,1,0.0,1,N
8,11,45,5,0,1,2,0,0,CHN,0,1,0,130.0,0,N
135,6,26,30,0,1,1,0,0,PRT,0,1,0,120.0,0,Y
38,3,11,8,0,4,2,0,0,ESP,0,1,0,81.9,1,Y
199,7,28,13,0,2,3,0,0,BEL,0,1,0,107.1,0,Y
35,11,48,26,0,3,1,0,0,GBR,0,1,1,103.5,2,N
5,2,8,25,0,1,3,0,0,ESP,0,6,0,193.0,0,N
256,6,25,15,0,2,2,0,0,AUT,0,1,0,115.0,1,N
245,7,28,6,2,4,1,0,0,PRT,0,1,0,110.0,0,Y
38,1,2,14,0,1,1,0,0,PRT,0,1,0,75.0,0,Y
8,9,38,13,0,1,1,0,0,PRT,0,1,0,40.0,1,N
72,10,44,28,0,3,2,0,0,ISR,0,1,0,85.67,0,N
42,2,5,2,1,3,2,0,0,FRA,0,1,0,90.1,1,N
272,7,29,16,0,2,2,0,0,PRT,1,1,0,62.0,0,Y
56,9,39,25,2,2,2,0,0,PRT,0,1,0,185.0,0,N
9,10,41,2,2,1,2,0,0,FRA,0,1,0,85.0,1,N
211,5,23,31,0,3,2,0,0,PRT,1,1,0,115.0,0,Y
12,8,34,14,2,2,2,0,0,FRA,0,1,0,131.5,3,Y
53,10,42,14,0,1,1,0,0,PRT,0,1,0,120.0,0,N
118,6,24,6,1,3,1,0,0,RUS,0,1,1,110.0,0,N
223,6,25,24,2,4,2,0,0,AUT,0,4,0,95.46,1,N
234,6,26,24,0,2,2,0,0,PRT,0,1,0,65.0,0,Y
0,8,33,14,0,2,2,0,0,PRT,0,1,0,109.0,0,Y
80,8,32,6,2,5,3,0,0,ROU,0,5,1,237.71,0,N
0,3,12,24,0,1,2,0,0,GBR,0,1,0,98.0,2,N
58,4,15,7,0,2,2,0,0,ARG,0,1,0,105.3,1,N
398,8,33,11,0,2,2,0,0,PRT,0,1,0,62.0,0,Y
50,5,21,17,0,3,2,0,0,FRA,0,4,0,140.4,1,N
12,7,29,21,0,1,2,0,0,PRT,0,1,0,118.0,1,Y
321,9,36,3,0,2,2,0,0,PRT,1,1,0,62.0,0,Y
138,3,11,18,2,2,1,0,0,DEU,0,1,0,61.52,1,N
135,4,16,21,1,2,2,0,0,PRT,0,1,0,90.0,0,Y
46,8,36,30,1,5,2,0,0,MAR,0,4,0,123.3,0,Y
38,8,33,18,2,6,2,0,0,CN,0,1,0,157.25,3,Y
379,7,30,21,0,2,2,0,0,PRT,0,1,0,62.0,0,Y
55,7,28,7,0,1,1,0,0,PRT,0,1,0,79.0,0,N
240,10,43,21,1,2,2,0,0,PRT,0,1,0,110.0,0,Y
151,1,4,19,0,4,1,0,0,BLR,0,1,2,70.75,0,N
420,9,36,3,2,2,2,0,0,PRT,0,1,0,75.0,0,Y
133,4,15,15,0,1,1,0,0,FRA,0,1,0,118.8,0,Y
36,6,24,12,1,4,2,0,0,BEL,0,1,0,144.0,1,Y
43,11,45,1,0,5,2,0,0,DEU,0,1,0,68.0,0,N
379,10,44,31,1,1,2,0,0,PRT,1,1,0,62.0,0,Y
0,8,32,6,0,1,2,0,0,BGR,0,1,2,90.0,0,N
545,1,1,5,0,2,2,0,0,PRT,0,1,0,62.0,0,Y
20,9,40,25,2,0,2,0,0,GBR,0,1,0,85.5,1,N
165,8,32,8,2,1,2,0,0,PRT,1,1,0,86.0,0,Y
8,2,9,26,1,2,3,0,0,PRT,0,4,0,130.0,1,N
96,9,40,28,1,1,2,0,0,PRT,0,5,1,138.0,0,Y
100,10,42,16,0,1,2,0,0,PRT,0,1,0,108.0,0,Y
25,11,49,30,9,24,2,0,0,PRT,0,1,1,98.33,0,Y
54,10,44,25,0,1,2,1,0,FRA,0,1,0,123.3,2,N
44,1,1,2,2,1,2,0,0,ITA,0,1,2,98.0,0,N
169,6,23,8,0,3,2,0,0,PRT,0,1,0,170.0,0,Y
3,3,12,23,0,1,1,0,0,ITA,0,1,0,88.2,0,N
67,5,18,2,0,3,1,0,0,RUS,0,1,1,110.0,0,N
9,6,25,13,1,1,2,0,0,FRA,0,1,0,107.0,1,N
88,4,15,7,0,2,2,0,0,NLD,0,1,0,76.5,0,Y
129,2,8,22,0,3,3,0,0,ESP,0,4,0,126.0,1,N
23,5,20,16,0,3,2,0,0,CHE,0,4,0,176.67,1,N
22,9,39,24,2,2,2,0,0,POL,0,4,0,161.5,1,N
34,12,50,8,0,2,1,0,0,PRT,1,1,0,90.0,0,Y
2,7,30,23,1,3,1,0,0,PRT,0,1,0,17.6,0,Y
0,8,35,27,1,0,2,0,0,PRT,0,1,0,99.0,1,N
61,2,6,8,0,4,2,0,0,ITA,0,1,0,90.1,1,N
41,11,45,2,0,2,2,0,0,BRA,0,4,0,118.0,0,N
0,9,36,2,0,1,2,0,0,USA,0,1,0,94.1,0,N
185,8,31,1,2,5,3,1,0,GBR,0,7,0,207.33,1,N
14,7,30,21,0,2,2,0,0,PRT,0,1,0,105.0,0,Y
89,4,15,9,2,1,2,0,0,ITA,0,1,1,79.5,1,N
6,9,37,7,1,3,2,0,0,NLD,0,4,0,77.57,1,N
626,11,46,7,1,2,2,0,0,PRT,0,1,0,62.8,0,Y
270,4,17,29,1,1,2,0,0,ITA,0,1,0,99.0,0,Y
50,10,41,9,0,2,3,0,0,PRT,0,1,1,120.0,0,N
2,10,41,4,2,1,2,0,0,NLD,0,1,0,114.0,0,N
176,8,34,20,2,5,2,0,0,DEU,0,4,0,126.0,0,N
198,9,37,9,1,2,2,0,0,PRT,0,1,0,120.0,0,Y
333,9,39,20,0,2,2,0,0,PRT,1,1,0,90.0,0,Y
166,11,45,1,0,3,1,0,0,PRT,0,1,0,110.0,0,Y
175,3,12,20,1,3,2,0,0,BRA,0,1,0,74.8,2,Y
2,9,38,11,1,0,2,0,0,USA,0,4,0,145.0,1,N
147,6,24,11,2,1,2,0,0,CHE,0,1,0,102.3,0,N
40,1,3,14,0,3,0,2,0,ESP,0,2,0,6.0,1,N
67,6,23,6,0,3,2,0,0,FRA,0,4,0,170.0,0,Y
43,1,2,13,2,4,2,0,0,FRA,0,4,0,94.5,3,Y
40,9,37,5,1,4,2,0,0,FRA,0,5,0,115.2,0,N
6,12,50,10,0,1,2,0,0,PRT,0,1,0,95.0,2,N
63,3,10,10,0,1,2,0,0,PRT,0,1,3,79.2,0,N
108,4,14,2,2,5,2,0,0,FRA,0,2,0,74.89,0,N
71,6,25,14,0,3,1,0,0,PRT,0,1,0,120.0,0,Y
386,10,44,23,2,0,1,0,0,DEU,0,1,1,90.0,0,N
57,8,34,15,1,3,2,1,0,POL,0,1,0,152.1,0,N
151,5,20,19,0,1,2,0,0,USA,0,1,0,140.0,1,Y
218,7,29,21,2,3,3,0,0,BEL,0,4,0,175.32,2,N
0,3,10,2,0,1,2,0,0,PRT,0,1,1,101.0,0,N
206,3,13,26,2,1,2,0,0,CN,0,1,0,72.0,0,N
16,2,9,26,2,1,1,0,0,PRT,0,1,1,60.06,0,N
10,12,50,11,2,3,2,0,0,FRA,0,1,0,58.0,0,N
0,8,32,2,0,1,1,0,0,DEU,0,1,1,120.7,0,N
40,6,24,11,2,1,1,0,0,PRT,0,1,0,95.0,0,Y
93,4,15,10,1,1,2,1,0,GBR,0,5,0,144.0,0,N
50,4,15,4,1,3,2,0,0,FRA,0,4,0,112.2,0,Y
162,5,18,6,2,1,1,0,0,PRT,0,1,0,80.0,0,Y
440,9,39,22,0,2,2,0,0,PRT,0,1,0,62.0,0,Y
69,10,44,25,2,1,2,0,0,PRT,0,1,0,85.67,0,N
2,5,20,17,0,2,1,0,0,FRA,0,1,0,130.0,0,N
161,4,17,22,1,2,2,0,0,PRT,0,2,0,80.0,0,N
193,8,35,26,2,2,2,0,0,FRA,0,1,0,95.2,0,N
10,5,21,21,1,1,2,0,0,PRT,0,4,0,107.0,0,N
177,10,42,14,1,2,2,0,0,PRT,0,1,0,80.75,0,N
377,10,44,29,0,2,2,0,0,PRT,1,1,0,62.0,0,Y
150,1,1,2,2,1,2,0,0,PRT,0,1,0,101.0,0,Y
88,9,39,26,2,2,2,0,0,PRT,0,1,0,170.0,0,Y
13,11,48,20,2,2,2,0,0,ESP,0,1,0,77.14,1,Y
65,1,2,12,0,2,1,0,0,DEU,0,1,0,65.0,0,N
1,3,10,1,0,2,1,0,0,PRT,3,5,0,0.0,1,N
274,4,15,7,0,2,2,0,0,PRT,0,1,0,62.0,0,Y
62,7,27,4,0,4,2,0,0,CN,0,4,0,110.2,1,N
198,9,39,22,0,3,3,0,0,FRA,0,4,0,159.3,3,Y
84,8,32,6,0,3,2,0,0,PRT,0,1,0,76.5,1,Y
70,6,23,3,0,2,2,0,0,PRT,0,1,0,100.0,0,N
174,6,22,1,0,3,2,0,0,PRT,0,1,0,110.0,0,Y
120,8,34,15,1,3,2,0,0,ITA,0,4,0,125.55,0,Y
31,2,6,3,0,4,2,0,0,DEU,0,1,0,80.3,0,N
64,4,17,23,2,4,2,0,0,FRA,0,4,0,112.48,1,N
197,10,45,30,2,1,2,0,0,FRA,0,1,0,82.5,0,Y
157,7,30,28,2,7,2,0,0,NLD,0,4,0,139.5,1,Y
40,6,27,27,1,2,2,0,0,ISR,0,1,0,85.5,0,N
14,11,46,7,1,1,1,0,0,BEL,0,1,0,189.5,1,N
34,10,41,6,0,3,2,0,0,GBR,0,1,0,94.5,2,N
0,8,34,20,1,0,2,0,0,DEU,0,4,0,203.6,0,Y
11,8,34,18,0,2,1,0,0,PRT,0,1,2,67.0,0,Y
2,10,40,1,0,1,1,0,0,PRT,0,1,0,120.0,1,N
29,7,27,7,1,2,2,0,0,GBR,0,1,0,140.0,1,N
38,1,2,14,0,1,1,0,0,PRT,0,1,0,75.0,0,Y
330,9,37,12,2,2,2,0,0,PRT,1,1,0,62.0,0,Y
336,9,38,18,0,2,2,0,0,PRT,1,1,0,101.5,0,Y
129,6,22,2,1,2,2,0,0,PRT,0,1,0,130.0,0,Y
218,6,24,15,0,3,3,0,0,GBR,0,4,1,180.5,2,N
142,8,35,21,2,3,2,0,0,IRL,0,2,1,95.79,1,N
464,7,30,25,0,4,2,0,0,PRT,0,1,1,107.0,1,N
201,10,41,3,1,2,3,0,0,CHN,0,4,3,142.56,2,N
231,8,35,28,1,5,2,0,0,DEU,0,4,2,134.58,0,N
124,5,22,31,0,4,2,0,0,DEU,0,1,0,117.0,0,Y
95,7,27,6,0,3,2,0,0,ITA,0,1,0,120.0,1,N
106,3,13,24,1,3,2,0,0,ESP,0,4,2,108.5,0,N
150,6,24,17,2,3,1,0,0,PRT,0,1,0,120.0,0,Y
5,7,28,15,1,1,2,0,0,PRT,0,1,0,99.0,1,N
213,6,24,7,0,3,2,0,0,PRT,0,1,0,130.0,0,Y
26,6,27,28,0,2,1,0,0,PRT,1,1,0,65.0,1,N
60,4,14,6,1,3,2,0,0,DEU,0,1,0,99.0,0,N
166,11,45,1,0,3,1,0,0,PRT,0,1,0,110.0,0,Y
17,10,42,10,1,3,2,0,0,FRA,0,1,0,85.0,0,N
0,1,2,4,1,2,1,0,0,PRT,2,1,0,66.0,0,N
132,5,21,15,2,1,2,2,0,DEU,0,2,1,171.9,0,N
308,11,48,25,0,2,2,0,0,PRT,0,1,0,52.0,0,Y
56,2,5,1,0,3,2,0,0,PRT,0,1,0,60.0,0,Y
37,10,42,13,0,3,1,0,0,PRT,0,1,0,95.0,0,Y
189,6,22,2,0,2,2,0,0,PRT,0,1,0,100.0,0,Y
156,4,17,26,0,3,2,0,0,PRT,0,1,0,100.0,0,Y
152,10,44,23,2,2,2,0,0,GBR,0,1,0,94.05,0,Y
30,6,23,2,0,2,2,0,0,PRT,0,1,0,140.0,0,Y
280,9,39,19,1,2,2,0,0,PRT,0,1,0,110.0,0,Y
47,6,24,15,0,2,2,0,0,FRA,0,1,0,130.0,1,N
136,7,29,17,1,2,2,0,0,PRT,1,1,0,60.0,0,Y
210,10,41,8,1,3,2,0,0,FRA,0,1,0,72.75,0,N
38,5,19,8,1,2,2,0,0,FRA,0,1,1,99.0,0,N
30,8,36,28,1,0,1,0,0,LUX,0,1,0,104.4,0,Y
281,10,40,1,2,1,2,0,0,ITA,0,1,1,96.0,0,N
20,5,22,30,0,3,2,0,0,PRT,0,1,0,133.33,1,N
6,12,52,18,2,1,2,2,0,FRA,0,6,0,148.39,2,N
121,8,34,24,0,1,1,0,0,DEU,0,1,1,115.0,0,N
103,7,29,18,2,1,2,0,0,ITA,0,1,0,94.5,0,Y
0,10,42,10,1,0,2,0,0,AUS,0,1,0,123.2,1,N
120,4,16,20,0,3,2,0,0,BRA,0,4,1,155.0,3,N
4,2,7,17,1,2,2,0,0,FRA,0,1,1,68.0,0,N
35,8,34,16,0,4,3,0,0,AUT,0,4,0,168.3,2,N
36,2,7,13,0,1,2,0,0,CHN,0,1,0,67.5,0,Y
65,10,43,16,2,2,2,0,0,DEU,0,1,0,80.75,0,N
9,1,2,11,0,2,2,0,0,DEU,0,1,0,67.0,1,N
95,11,45,5,0,1,1,0,0,PRT,0,1,1,75.0,0,Y
48,8,35,26,2,3,2,0,0,DEU,0,4,0,133.74,1,Y
142,6,26,29,1,3,2,0,0,NOR,0,1,0,94.05,0,Y
28,9,36,1,0,2,2,0,0,ESP,0,1,0,122.0,1,Y
2,8,33,9,3,5,1,0,0,PRT,0,1,0,80.0,1,N
8,9,36,3,0,2,2,2,0,PRT,0,1,0,174.0,2,N
33,10,40,1,0,2,2,0,0,PRT,0,1,0,79.35,1,Y
120,10,42,13,0,3,2,0,0,SWE,0,4,0,132.3,2,N
94,7,30,21,1,3,2,0,0,PRT,0,4,0,123.3,0,N
19,1,2,13,2,2,2,0,0,ESP,0,1,2,82.88,2,N
80,12,49,4,2,2,2,0,0,PRT,1,1,1,110.2,0,Y
626,11,46,7,1,2,2,0,0,PRT,0,Unknown,0,62.8,0,Y
19,8,35,27,1,0,2,0,0,PRT,0,Unknown,0,89.0,1,Y
28,10,41,5,1,1,2,0,0,PRT,0,Unknown,0,70.0,0,Y
318,5,19,12,1,2,2,0,0,ITA,0,Unknown,0,99.0,1,N
43,9,36,2,1,2,2,0,0,PRT,0,Unknown,0,123.3,2,N
162,7,28,5,0,4,2,0,0,FRA,0,Unknown,0,99.45,1,N
37,2,7,13,0,1,2,0,0,DEU,0,Unknown,0,69.53,0,N
89,10,41,3,1,1,1,0,0,IRL,0,Unknown,0,113.4,1,N
173,3,14,31,0,3,2,0,0,PRT,0,Unknown,0,100.8,2,Y
33,2,6,10,1,2,2,1,0,FRA,0,1,0,118.0,1,N
186,8,34,15,1,4,3,0,0,SWE,0,4,0,130.05,1,Y
115,2,9,27,2,2,1,0,0,BRA,0,1,1,76.0,0,N
274,7,29,18,2,2,2,0,0,PRT,1,1,0,62.0,0,Y
66,10,44,24,1,2,2,2,0,NLD,0,7,0,184.52,1,N
102,10,42,16,0,2,2,0,0,DEU,0,1,0,109.0,0,N
160,5,22,22,2,2,2,0,0,GBR,0,1,0,99.45,1,N
301,8,33,14,0,2,2,0,0,PRT,1,1,0,101.5,0,Y
1,2,10,28,2,2,2,0,0,PRT,0,1,0,70.0,0,Y
126,1,3,20,0,2,3,0,0,BRA,0,4,0,140.0,0,Y
288,10,42,16,0,2,1,0,0,PRT,1,1,1,80.0,0,Y
166,3,12,25,2,2,2,0,0,AUT,0,1,0,88.4,1,Y
337,9,38,19,2,2,2,0,0,PRT,1,1,0,62.0,0,Y
35,10,41,8,0,2,1,0,0,GBR,0,1,0,94.05,1,N
11,12,49,5,2,2,2,0,0,PRT,0,1,0,104.0,0,N
1,5,20,10,0,1,2,0,0,DEU,0,1,0,83.0,0,N
350,6,25,17,0,2,2,0,0,PRT,0,1,0,140.0,0,Y
68,9,40,29,0,2,2,0,0,FRA,0,1,0,65.0,0,N
20,12,53,31,1,1,2,0,0,GBR,0,6,1,208.0,1,N
29,5,19,6,2,2,2,1,0,ESP,0,1,0,162.01,0,Y
56,9,37,5,1,3,1,0,0,SWE,0,4,0,123.98,2,N
28,5,20,19,2,2,2,0,0,BRA,0,4,0,190.0,0,N
16,2,6,9,2,4,3,0,0,ITA,0,4,0,135.8,1,N
28,5,20,9,1,2,1,0,0,PRT,0,1,1,89.0,1,N
132,5,22,24,0,3,2,0,0,FRA,0,4,0,116.1,0,N
175,7,30,23,1,1,2,0,0,BEL,0,1,0,85.5,1,N
123,5,19,4,0,3,2,0,0,FRA,0,1,0,105.3,0,N
97,6,25,21,0,3,2,1,0,BRA,0,1,1,162.0,2,N
86,3,12,16,2,5,1,0,0,FRA,0,1,0,68.85,0,N
145,9,38,16,2,2,2,0,0,GBR,0,1,0,118.8,0,Y
147,7,30,21,0,2,2,0,0,PRT,1,1,0,75.0,0,Y
33,3,9,2,2,3,2,0,0,FRA,0,4,0,100.3,0,N
57,11,48,21,1,2,2,0,0,ITA,0,1,0,79.2,1,Y
162,9,38,17,0,3,2,0,0,PRT,0,1,0,70.0,0,N
5,5,21,23,0,3,1,0,0,PRT,0,1,0,65.0,1,N
49,11,47,13,2,3,2,0,0,FRA,0,1,0,74.8,2,N
39,2,5,4,2,3,2,0,0,BGR,0,1,0,57.6,1,N
59,7,31,24,2,2,2,0,0,NLD,0,1,0,94.5,1,N
117,12,51,13,0,5,2,0,0,ITA,0,1,0,85.0,1,Y
93,5,22,23,1,2,2,0,0,USA,0,5,1,211.0,0,N
262,11,46,9,1,2,2,0,0,PRT,1,1,0,62.8,0,Y
5,7,28,9,1,0,3,0,0,PRT,0,5,0,198.0,0,N
132,2,7,7,2,1,2,0,0,CHE,0,4,0,62.0,0,N
33,3,12,14,1,2,2,0,0,PRT,0,1,0,85.0,0,Y
14,12,49,2,0,1,2,2,0,GBR,0,6,0,174.0,0,N
7,1,1,1,2,2,3,0,0,ITA,0,5,0,161.5,0,N
43,10,42,13,0,1,2,0,0,PRT,0,1,0,85.0,0,N
21,3,11,10,0,2,2,0,0,NZL,0,1,0,93.0,1,N
292,7,30,21,0,2,1,0,0,DEU,0,1,1,90.0,0,N
85,5,20,13,0,1,2,0,0,DEU,0,1,0,125.1,3,N
12,8,33,18,0,2,3,0,0,ESP,0,4,0,230.0,0,Y
188,6,25,15,0,2,1,0,0,PRT,0,1,0,130.0,0,Y
4,12,49,5,2,2,2,0,0,ESP,0,1,0,102.0,1,N
81,5,21,17,0,3,1,0,0,PRT,0,5,1,106.0,0,N
19,11,45,2,0,1,1,0,0,DEU,0,1,0,75.0,0,N
166,11,45,1,0,3,1,0,0,PRT,0,1,0,110.0,0,Y
140,4,17,28,2,2,2,0,0,PRT,0,1,0,130.0,0,Y
56,3,11,12,2,3,2,0,0,DEU,0,1,0,74.8,1,N
208,6,26,25,2,1,2,0,0,GBR,0,4,0,121.5,0,N
28,2,8,22,0,1,1,0,0,GHA,0,1,1,73.0,0,N
17,4,17,28,1,2,2,0,0,FRA,0,4,0,130.5,1,N
344,9,39,26,2,1,2,0,0,PRT,1,1,0,170.0,0,Y
198,9,37,9,1,2,2,0,0,PRT,0,1,0,120.0,0,Y
1,7,29,12,0,3,2,0,0,NLD,0,1,0,116.27,1,N
38,1,2,14,0,1,1,0,0,PRT,0,1,0,75.0,0,Y
23,5,19,2,1,2,3,0,0,PRT,0,4,0,143.99,1,N
26,12,49,5,2,1,2,1,0,PRT,1,1,0,84.5,1,Y
393,4,16,22,2,1,2,0,0,PRT,0,1,0,90.0,0,Y
50,8,35,25,0,4,3,0,0,PRT,0,1,1,84.0,1,N
204,2,8,25,1,1,3,0,0,ITA,0,4,0,122.4,2,Y
330,9,37,12,2,2,2,0,0,PRT,1,1,0,62.0,0,Y
7,9,40,28,1,1,1,0,0,USA,0,1,0,170.0,0,N
56,12,51,16,2,2,2,0,0,CHN,0,1,0,67.32,0,Y
124,11,48,24,0,4,2,0,0,FRA,0,1,0,72.25,1,N
59,1,4,23,1,1,2,0,0,PRT,0,1,0,80.0,0,Y
256,6,25,15,0,2,2,0,0,PRT,0,1,0,115.0,1,N
27,9,38,16,0,1,2,0,0,PRT,0,1,0,105.0,1,N
1,9,39,21,0,1,1,0,0,PRT,0,4,0,110.0,0,N
351,6,26,23,0,2,2,0,0,PRT,0,1,0,62.0,0,Y
107,6,26,20,1,3,2,0,0,DEU,0,1,0,86.72,1,N
85,6,27,30,0,3,2,0,0,TUR,0,1,0,103.5,0,Y
214,8,32,4,0,2,2,0,0,IRL,0,4,2,105.3,1,N
180,5,18,3,0,3,2,0,0,FRA,0,4,0,130.5,1,Y
351,6,26,23,0,2,2,0,0,PRT,0,1,0,62.0,0,Y
73,3,11,15,0,3,3,0,0,BEL,0,4,0,142.2,1,N
30,5,18,1,1,3,2,0,0,LUX,0,4,0,179.0,0,N
99,10,42,12,0,4,1,0,0,USA,0,5,3,152.78,0,N
83,4,16,16,2,2,2,0,0,GBR,0,4,0,103.7,0,N
29,1,3,18,0,3,1,0,0,PRT,0,1,0,65.0,0,Y
30,9,40,25,2,2,2,0,0,GBR,0,4,0,92.25,1,N
10,2,8,20,2,1,2,1,0,ITA,0,1,0,109.0,2,N
164,10,40,2,0,2,1,0,0,PRT,0,1,0,100.0,0,N
1,9,39,22,0,2,2,0,0,PRT,0,1,0,145.0,1,N
142,4,17,22,2,3,2,0,0,POL,0,1,0,103.0,0,Y
40,3,13,20,2,1,2,0,0,AUS,0,1,0,88.2,1,N
170,7,29,20,2,4,3,0,0,BEL,0,1,0,122.7,0,Y
113,8,32,6,2,3,2,0,0,ESP,0,2,1,112.4,0,N
16,9,36,2,0,3,2,0,0,NLD,0,1,0,105.0,0,N
67,2,5,3,1,2,2,0,0,DEU,0,1,0,79.2,0,Y
89,11,47,16,0,4,2,0,0,PRT,0,1,0,57.6,0,Y
6,5,22,23,1,1,1,0,0,FRA,0,1,0,97.02,2,N
82,9,38,13,2,7,2,0,0,PRT,0,4,0,149.4,3,N
328,9,37,10,0,2,2,0,0,PRT,1,1,0,62.0,0,Y
177,7,30,27,0,2,2,0,0,GBR,0,1,0,89.0,1,N
156,4,17,26,0,3,2,0,0,PRT,0,1,0,100.0,0,Y
451,7,28,12,0,3,2,0,0,PRT,0,1,0,90.0,0,Y
158,5,22,24,0,2,1,0,0,PRT,0,1,0,130.0,0,Y
75,1,2,8,2,1,1,0,0,USA,0,4,0,67.0,2,N
50,5,23,31,0,5,2,0,0,FRA,0,4,0,149.4,1,N
342,9,39,24,2,4,2,0,0,PRT,1,1,0,170.0,0,Y
20,11,47,14,1,2,2,0,0,ESP,0,1,0,80.0,0,N
5,7,29,14,1,3,2,0,0,FRA,0,1,0,139.0,1,N
97,6,25,18,2,3,2,1,0,GBR,0,1,0,162.0,1,N
23,6,26,25,2,0,1,0,0,DEU,0,1,2,110.0,1,N
274,8,33,9,0,3,2,0,0,BEL,0,1,0,107.0,2,N
97,9,37,8,2,3,2,0,0,FRA,0,1,0,112.6,0,N
15,3,12,18,0,2,2,1,0,FRA,0,1,1,127.0,1,N
246,12,53,27,2,5,3,0,0,ROU,0,1,3,93.36,2,N
2,3,11,16,0,2,1,0,0,CHN,0,1,0,108.0,1,N
139,11,47,16,2,4,2,0,0,PRT,0,1,0,68.0,0,Y
27,1,4,24,0,5,3,0,0,BRA,0,5,0,108.38,2,N
56,2,5,1,0,3,2,0,0,PRT,0,1,0,60.0,0,Y
144,5,18,6,2,1,2,0,0,FRA,0,1,0,90.0,1,N
293,8,32,6,0,2,2,0,0,PRT,1,1,0,62.0,0,Y
0,8,33,14,0,2,2,0,0,PRT,0,1,0,109.0,0,Y
212,8,33,13,1,1,2,0,0,PRT,0,1,0,96.0,0,Y
144,8,32,4,2,3,2,0,0,NLD,0,1,0,76.48,1,N
173,6,24,12,1,2,2,0,0,GBR,0,1,0,144.0,2,N
4,10,44,25,0,1,1,0,0,FRA,0,1,0,95.0,0,N
32,2,7,17,2,3,2,0,0,DEU,0,1,0,120.02,1,Y
198,9,39,22,0,3,3,0,0,FRA,0,4,0,159.3,3,Y
54,3,11,15,0,4,2,0,0,GBR,0,1,0,57.6,1,N
12,10,41,6,0,4,2,1,0,PRT,0,4,0,123.3,1,N
63,5,21,16,1,3,2,0,0,PRT,0,1,0,92.28,1,N
176,8,35,30,0,4,2,0,0,DEU,0,1,0,137.25,0,Y
18,12,51,11,1,0,2,0,0,PRT,0,1,0,80.0,0,N
2,9,40,27,2,0,1,0,0,PRT,0,1,0,65.0,0,Y
451,6,25,20,0,1,2,0,0,PRT,0,1,0,90.0,0,Y
301,8,33,14,0,2,2,0,0,PRT,1,1,0,101.5,0,Y
49,3,12,17,0,1,2,0,0,ESP,0,1,0,71.1,1,Y
26,3,12,19,2,0,1,0,0,PRT,0,1,0,65.0,0,Y
29,2,7,14,0,3,2,0,0,GBR,0,1,0,80.0,2,N
70,5,19,1,2,1,2,0,0,FRA,0,4,0,135.0,0,N
50,8,35,25,0,4,2,0,0,PRT,0,1,0,62.0,0,Y
195,9,37,7,1,5,2,0,0,FRA,0,1,1,89.25,1,N
0,11,46,9,1,0,1,0,0,PRT,0,1,0,65.0,0,N
247,6,24,6,1,1,2,0,0,PRT,0,1,0,115.0,1,N
198,7,31,30,1,1,1,0,0,ITA,0,1,1,0.0,1,N
96,3,11,12,2,2,2,0,0,GBR,0,1,0,79.2,0,N
34,1,3,18,0,1,1,0,0,ESP,0,1,0,75.0,0,N
28,4,17,29,2,1,2,0,0,DEU,0,1,1,146.33,2,N
3,12,52,21,0,4,2,0,0,FRA,0,1,0,67.57,1,N
83,1,1,6,0,2,2,0,0,DEU,0,1,0,79.2,2,N
36,10,42,13,0,3,1,0,0,PRT,0,1,0,91.0,0,N
60,9,39,21,1,1,1,0,0,FRA,0,1,1,0.0,0,N
12,3,10,10,0,1,2,0,0,PER,0,1,0,98.0,0,Y
199,5,19,7,1,0,2,0,0,GBR,0,1,0,126.0,1,N
0,10,41,6,0,1,2,0,0,PRT,0,1,0,114.0,2,N
41,10,42,16,1,2,2,0,0,LUX,0,1,0,105.9,2,N
0,11,45,6,0,1,2,0,0,PRT,0,1,2,95.0,1,N
42,11,49,30,2,4,1,0,0,USA,0,1,0,48.5,1,N
277,9,37,5,2,5,2,0,0,NOR,0,1,0,89.14,1,N
50,11,47,18,1,2,1,0,0,LUX,0,1,0,86.4,2,Y
299,4,17,27,0,3,2,0,0,IRL,0,1,1,109.8,1,N
173,5,20,19,1,2,2,0,0,DEU,0,4,0,139.5,2,Y
1,2,5,4,0,1,2,0,0,PRT,0,4,0,0.0,0,N
34,8,35,27,1,0,2,0,0,FRA,0,1,0,98.0,0,N
68,2,8,17,0,2,2,0,0,PRT,1,1,0,75.0,0,Y
73,2,8,20,1,3,2,0,0,IRL,0,2,0,88.6,1,N
90,5,18,6,2,5,1,0,0,DEU,0,4,0,137.57,1,N
59,2,6,9,1,3,2,0,0,PRT,0,1,0,79.2,1,N
423,7,29,22,1,1,1,0,0,DEU,0,1,1,95.5,0,N
96,4,17,26,0,2,2,0,0,PRT,0,1,0,130.0,0,Y
314,8,35,27,0,2,2,0,0,PRT,1,1,0,62.8,0,Y
11,2,8,19,1,0,2,0,0,PRT,0,4,0,110.0,2,N
99,2,8,19,0,1,2,0,0,PRT,1,1,0,80.0,0,Y
124,8,33,8,1,4,2,0,0,FRA,0,1,0,114.3,0,Y
28,2,6,5,2,2,1,0,0,GBR,0,1,0,76.95,0,Y
3,9,39,25,2,3,1,0,0,JPN,0,1,0,170.0,0,N
181,6,23,8,0,2,2,0,0,PRT,0,1,0,100.0,0,Y
19,1,2,12,0,3,2,0,0,FRA,0,1,0,82.88,0,Y
91,8,32,3,0,1,2,1,0,NLD,0,1,0,135.9,0,Y
0,4,15,7,0,1,2,0,0,PRT,0,1,0,50.0,0,N
40,6,24,11,2,2,2,0,0,PRT,0,4,0,150.0,1,Y
264,7,28,8,0,2,2,0,0,PRT,1,1,0,62.0,0,Y
11,6,23,2,0,3,2,0,0,GBR,0,4,0,152.67,1,N
125,4,15,14,2,2,2,1,0,ITA,0,1,0,139.5,0,Y
28,10,44,29,0,1,1,0,0,PRT,0,1,0,130.0,0,N
238,9,36,1,2,4,2,0,0,BEL,0,1,0,94.07,1,N
96,8,33,11,0,2,2,0,0,NOR,0,4,0,82.45,0,N
134,6,27,30,0,3,1,0,0,DEU,0,1,0,90.9,0,Y
1,10,45,31,1,0,2,0,0,AUS,0,1,0,140.0,0,N
74,7,31,27,3,7,2,1,0,GBR,0,1,0,69.4,0,N
193,10,42,15,0,3,2,0,0,Unknown,0,1,0,65.0,0,Y
25,8,35,27,2,1,3,0,0,PRT,0,7,0,210.4,1,Y
6,2,6,7,0,4,2,0,0,FRA,0,1,0,91.8,0,N
304,11,45,3,0,3,2,0,0,PRT,0,1,0,89.0,0,Y
241,3,10,9,0,3,2,0,0,DEU,0,1,0,79.2,0,Y
132,7,27,1,1,2,2,0,0,PRT,0,1,0,72.25,0,N
323,5,22,26,0,2,2,0,0,PRT,0,1,0,62.0,0,Y
165,8,32,8,2,1,2,0,0,PRT,1,1,0,86.0,0,Y
39,2,7,12,2,1,2,0,0,FRA,0,1,0,156.0,1,N
41,10,44,26,0,2,1,0,0,ESP,0,1,0,123.5,0,N
350,8,35,29,0,4,1,0,0,JPN,0,1,2,125.25,1,Y
100,7,31,31,0,2,2,0,0,DEU,0,1,0,55.96,1,N
5,2,5,1,0,1,1,0,0,PRT,2,1,0,67.0,0,N
25,9,38,16,2,2,2,0,0,ESP,0,1,0,154.0,0,N
5,11,46,8,1,0,1,0,0,PRT,0,1,0,65.0,0,N
139,8,33,13,2,2,2,0,0,ITA,0,1,0,114.3,0,Y
75,4,14,5,0,4,1,0,0,NLD,0,1,0,85.0,0,N
91,4,14,2,2,2,2,0,0,DEU,0,1,2,117.0,4,N
278,7,30,22,0,2,2,0,0,PRT,1,1,0,62.0,0,Y
47,12,49,5,2,1,2,0,0,PRT,0,1,0,62.0,0,N
160,7,26,1,2,1,2,0,0,DEU,0,1,0,116.1,2,N
16,1,5,27,0,1,1,0,0,FRA,0,1,1,80.0,0,N
248,7,28,11,0,4,2,1,0,DNK,0,1,0,125.1,2,N
16,9,36,5,2,1,2,2,0,ESP,0,6,0,165.0,3,N
309,5,20,13,1,2,2,0,0,PRT,0,1,0,101.0,0,Y
79,9,37,4,2,1,2,0,0,PRT,0,1,0,76.5,0,N
69,6,25,12,2,4,1,0,0,PRT,0,1,0,120.0,0,Y
1,3,13,20,2,1,1,0,0,IDN,0,1,0,74.95,1,N
178,5,20,20,2,2,1,0,0,KOR,0,4,0,139.28,0,Y
9,8,34,20,1,0,2,0,0,DEU,0,1,1,198.0,0,N
48,5,22,22,2,1,2,0,0,GBR,0,1,0,92.83,2,N
237,9,38,14,1,2,2,0,0,DEU,0,1,0,89.25,0,N
1,3,9,2,0,1,1,0,0,DEU,0,1,0,85.0,1,N
94,5,19,13,2,1,2,0,0,IRL,0,4,0,147.0,2,N
5,11,45,2,1,2,1,0,0,ISR,0,4,1,105.0,1,N
20,12,52,22,1,3,2,0,0,FRA,0,1,0,74.8,1,Y
159,2,7,13,0,1,2,0,0,FRA,0,1,0,70.0,0,N
178,6,23,9,0,2,2,0,0,PRT,0,1,0,130.0,0,Y
34,3,11,12,0,1,2,0,0,HUN,0,1,0,81.9,1,N
32,10,42,15,1,1,2,0,0,FRA,0,1,0,85.0,0,N
69,10,44,25,2,1,2,0,0,PRT,0,1,0,85.67,0,N
94,3,14,28,1,5,2,0,0,DEU,0,1,1,110.75,1,N
198,9,37,9,1,2,2,0,0,PRT,0,1,0,120.0,0,Y
171,7,29,11,1,4,2,0,0,GBR,0,1,1,80.75,0,Y
9,2,6,8,0,4,2,0,0,FRA,0,2,1,91.1,0,N
48,9,37,11,1,2,2,0,0,PRT,0,1,0,60.0,0,N
133,4,16,19,0,4,2,0,0,ISL,0,1,0,124.0,0,N
63,9,36,4,0,2,2,0,0,PRT,0,1,0,116.0,0,Y
259,3,11,14,0,4,2,0,0,DEU,0,1,0,85.0,1,Y
52,5,21,20,0,2,2,0,0,PRT,0,1,0,140.0,0,Y
50,8,35,25,0,4,2,0,0,PRT,0,1,0,62.0,0,Y
184,5,22,28,2,3,2,0,0,PRT,0,1,0,130.0,0,Y
2,11,47,18,0,2,2,0,0,ESP,0,1,0,111.0,1,N
103,5,18,2,0,4,2,0,0,FRA,0,1,0,126.0,2,N
25,5,22,30,0,1,2,0,0,PRT,0,1,0,90.0,0,Y
482,11,45,3,0,1,1,0,0,PRT,0,1,0,51.4,0,Y
0,5,21,22,1,2,1,0,0,PRT,0,1,1,75.0,1,N
67,9,37,7,0,3,2,0,0,USA,0,4,0,114.34,1,N
69,9,37,9,0,2,2,0,0,PRT,0,1,0,62.0,0,N
181,8,33,17,0,1,1,1,0,GBR,0,1,0,121.0,0,Y
59,5,20,14,2,3,2,0,0,DEU,0,1,0,85.5,0,N
20,9,38,16,0,2,2,0,0,FRA,0,4,0,174.0,1,N
103,8,33,13,2,3,2,1,0,ESP,0,1,0,134.1,0,Y
276,5,20,13,2,3,2,0,0,PRT,0,1,0,61.0,0,Y
61,1,4,25,0,2,2,0,0,PRT,0,1,0,80.0,0,Y
335,10,42,13,0,3,1,0,0,FRA,0,1,0,80.0,0,N
267,5,20,17,0,3,2,0,0,AUT,0,2,1,108.95,2,Y
122,9,37,7,2,4,2,0,0,FIN,0,4,0,144.9,3,N
183,6,23,8,0,2,1,0,0,PRT,0,1,0,120.0,0,Y
295,8,32,8,2,2,2,0,0,PRT,1,1,0,62.0,0,Y
158,3,13,27,1,1,2,0,0,ISR,0,1,0,95.0,1,N
4,8,35,23,2,1,1,0,0,PRT,0,1,1,0.0,1,N
99,2,8,19,0,1,1,0,0,PRT,0,1,0,81.0,0,N
127,4,14,7,0,2,2,2,0,SWE,0,4,1,220.0,3,N
23,10,41,8,0,2,1,0,0,PRT,0,1,0,101.0,2,Y
64,11,48,26,1,1,2,0,1,FRA,0,1,0,75.0,1,N
247,10,44,28,1,2,2,0,0,PRT,0,1,0,110.0,0,Y
32,10,43,20,1,5,1,0,0,PRT,1,1,0,79.11,0,Y
7,5,20,12,0,1,2,0,0,GBR,0,1,1,110.0,0,N
90,4,17,23,2,3,2,0,0,DEU,0,1,0,77.68,0,N
332,6,23,8,1,3,2,0,0,FRA,0,1,0,109.8,2,Y
80,10,41,9,0,2,1,0,0,PRT,0,4,0,108.0,0,N
241,10,43,19,1,2,1,0,0,USA,0,1,1,50.0,0,N
107,6,23,3,1,2,1,0,0,FRA,0,1,0,75.33,0,N
145,2,7,12,2,1,2,0,0,FRA,0,1,0,75.0,0,N
414,7,28,13,0,2,2,0,0,DEU,0,1,0,122.4,1,N
41,2,9,26,2,4,2,1,0,FRA,0,1,1,127.5,1,N
164,10,40,2,0,2,1,0,0,PRT,0,1,0,100.0,0,N
80,10,41,9,0,2,2,0,0,PRT,0,4,0,136.0,0,N
15,8,32,2,0,2,2,0,0,BEL,0,1,0,124.0,0,N
103,3,10,3,0,3,2,0,0,ESP,0,1,0,61.5,1,N
1,2,8,19,0,1,1,0,0,PRT,0,1,0,80.0,0,N
109,3,13,30,0,3,2,0,0,FRA,0,1,4,85.8,0,Y
194,7,29,17,1,4,2,0,0,ESP,0,1,0,89.1,3,Y
117,7,31,27,1,4,2,0,0,DEU,0,1,0,72.25,1,N
26,6,24,8,0,1,2,0,0,PRT,0,1,0,120.0,0,Y
49,3,13,30,0,1,1,0,0,GBR,0,1,0,79.2,0,N
125,8,32,10,0,3,2,0,0,PRT,0,4,0,114.39,0,Y
20,12,52,23,2,2,2,0,0,FRA,0,1,0,102.4,0,N
67,3,11,14,0,3,2,0,0,NLD,0,4,0,106.2,0,Y
28,8,32,3,1,3,2,0,0,PRT,0,1,0,62.0,0,Y
357,7,30,26,0,1,2,0,0,DEU,0,4,2,134.0,2,Y
6,3,13,27,1,1,1,0,0,PRT,0,1,0,108.0,2,Y
62,4,17,21,0,3,2,0,0,CHE,0,4,0,91.48,0,N
166,11,45,1,0,3,1,0,0,PRT,0,1,0,110.0,0,Y
351,10,40,3,2,1,2,0,0,PRT,1,1,0,62.8,0,Y
111,4,17,27,1,3,2,0,0,PRT,0,1,0,120.0,0,Y
28,10,44,29,0,1,1,0,0,PRT,0,1,0,130.0,0,N
99,12,53,26,1,3,3,0,0,ESP,0,4,0,127.71,3,Y
4,11,47,13,2,0,1,0,0,GBR,0,1,0,75.0,1,N
88,3,14,31,0,1,2,0,0,BEL,0,1,0,76.5,0,N
109,8,35,24,0,4,3,0,0,ITA,0,4,0,152.1,0,Y
137,3,10,6,1,1,1,0,0,ISR,0,1,1,65.0,0,N
6,6,25,20,0,3,1,0,0,PRT,1,1,0,67.0,1,N
99,4,14,8,2,1,3,0,0,ESP,0,4,0,166.5,0,Y
95,3,11,13,2,5,2,0,0,ARE,0,4,0,109.3,1,Y
0,9,37,9,0,1,1,0,0,PRT,0,1,0,147.0,0,N
98,3,12,17,2,3,2,0,0,ITA,0,1,0,73.95,0,N
61,1,3,16,1,0,2,0,0,FRA,0,1,1,108.2,2,N
36,3,11,11,1,2,3,0,0,ESP,0,4,0,114.3,1,Y
7,3,11,14,0,3,2,0,0,GBR,0,1,0,98.0,0,N
213,12,53,27,0,3,2,0,0,DEU,0,1,0,78.3,0,N
195,8,33,17,4,8,2,0,0,RUS,0,1,0,118.43,1,N
207,8,33,8,1,0,2,0,0,GBR,0,1,1,63.75,0,N
109,6,23,4,2,1,2,0,0,FRA,0,1,1,89.75,0,N
98,11,48,23,1,2,1,0,0,PRT,0,1,0,70.0,0,Y
5,8,36,30,2,5,2,0,0,FRA,0,1,0,110.71,1,N
4,8,33,14,1,2,2,2,0,PRT,0,6,0,162.0,3,N
41,10,43,18,2,3,1,0,0,CZE,0,1,0,105.0,2,N
163,10,42,15,2,1,1,0,0,PRT,0,1,0,115.0,0,Y
129,3,10,8,1,4,2,0,0,NLD,0,1,0,88.4,1,Y
37,10,44,28,0,2,2,0,0,JPN,0,1,0,83.93,1,N
6,5,22,23,1,2,1,0,0,DEU,0,1,0,97.02,1,N
112,4,14,4,0,2,2,0,0,PRT,0,1,0,95.0,0,Y
272,7,29,16,0,2,2,0,0,PRT,1,1,0,62.0,0,Y
54,1,3,16,2,5,2,0,0,RUS,0,1,0,88.4,0,N
14,9,37,7,1,2,2,0,0,PRT,0,1,0,111.33,1,N
263,7,28,10,1,3,2,0,0,FRA,0,1,0,89.1,1,Y
18,4,16,18,0,4,2,0,0,GBR,0,4,0,126.0,0,N
16,12,53,29,0,2,2,0,0,BRA,0,4,0,140.0,0,N
37,10,42,13,0,3,2,0,0,PRT,0,1,0,105.0,0,Y
98,12,53,29,0,3,1,0,0,ITA,0,1,0,52.7,1,N
5,11,48,24,0,2,1,0,0,PRT,0,1,0,70.0,0,N
6,5,22,30,0,2,1,0,0,BEL,0,4,0,110.0,0,N
3,6,27,27,1,0,1,0,0,PRT,2,1,0,0.0,3,N
53,10,42,14,0,1,1,0,0,PRT,0,1,0,120.0,0,N
16,2,9,26,0,2,2,0,0,PRT,0,1,0,2.0,0,Y
241,7,28,3,2,1,2,0,0,AUT,0,1,0,95.0,1,N
67,6,24,9,0,3,2,0,0,FRA,0,1,0,116.1,1,N
135,3,9,3,0,2,2,0,0,GBR,0,1,0,79.2,1,N
129,6,25,18,2,5,2,0,0,FRA,0,1,0,160.2,0,N
358,10,41,10,1,1,2,0,0,PRT,1,1,0,62.0,0,Y
135,6,24,14,2,4,3,0,0,FRA,0,5,0,198.0,3,N
23,3,12,20,1,2,2,0,0,MAC,0,1,0,79.2,0,Y
87,9,39,21,0,2,2,0,0,AUT,0,4,0,158.4,1,N
219,6,25,20,2,8,2,0,0,DEU,0,4,0,130.5,2,N
138,9,38,11,2,1,2,0,0,IRL,0,1,0,80.75,0,N
200,8,34,22,0,1,2,0,0,ITA,0,1,0,76.5,3,N
0,7,30,19,0,1,1,0,0,PRT,3,1,0,65.0,0,N
139,7,27,2,0,1,2,0,0,ESP,0,1,0,85.5,0,Y
292,7,30,21,0,2,1,0,0,DEU,0,1,1,90.0,0,N
106,8,34,20,2,1,3,0,0,ESP,0,1,0,141.9,0,N
36,12,53,26,1,3,2,0,0,ESP,0,1,0,102.0,0,Y
2,8,36,30,1,0,1,0,0,PRT,0,1,0,96.0,1,N
56,2,5,1,0,3,2,0,0,PRT,0,1,0,60.0,0,Y
0,8,33,10,1,0,2,0,0,PRT,0,1,0,115.0,0,N
9,5,21,18,0,1,2,0,0,PRT,0,1,0,129.0,0,N
67,3,11,17,0,1,2,0,0,CN,0,1,0,79.2,0,Y
134,2,8,25,0,1,1,0,0,PRT,0,1,0,75.0,0,Y
238,7,28,13,2,4,2,0,0,USA,0,4,2,122.83,2,Y
300,8,31,4,1,2,3,0,0,PRT,0,1,0,109.2,2,Y
58,1,5,27,0,2,1,0,0,PRT,1,1,0,80.0,0,Y
42,11,49,29,0,3,2,0,0,PRT,0,1,0,90.0,0,Y
70,3,13,30,2,3,2,0,0,PRT,0,1,0,89.32,0,Y
75,3,12,17,1,3,2,0,0,PRT,0,1,0,12.0,0,Y
241,2,7,14,0,2,2,0,0,PRT,0,1,0,69.3,1,Y
181,6,22,2,0,2,3,0,0,DEU,0,4,0,193.5,0,Y
48,1,4,17,2,3,2,0,0,FRA,0,1,0,60.0,1,N
8,2,7,15,0,2,1,0,0,FRA,0,1,0,65.0,0,N
17,11,49,27,2,3,2,1,0,PRT,0,1,0,97.7,0,Y
27,9,40,30,0,2,2,0,0,PRT,0,1,0,108.0,0,Y
0,9,37,6,2,0,1,0,0,PRT,0,1,0,6.0,0,Y
102,10,42,16,0,2,2,0,0,PRT,0,1,0,101.5,0,Y
128,6,24,6,1,2,2,0,0,BEL,0,1,1,126.9,1,N
176,8,33,14,1,3,2,0,0,FRA,0,1,0,130.5,0,N
129,6,26,26,1,2,1,1,0,ITA,0,1,1,99.0,1,Y
323,9,36,5,2,2,2,0,0,PRT,1,1,0,62.0,0,Y
77,5,20,10,0,4,2,0,0,USA,0,4,0,132.6,2,N
92,3,11,15,0,3,2,0,0,PRT,0,1,0,85.0,0,Y
76,3,13,29,0,2,2,0,0,LVA,0,4,0,108.0,1,N
38,5,21,16,1,3,2,2,0,RUS,0,6,0,198.9,0,Y
219,8,34,20,1,1,3,0,0,ITA,0,1,1,139.2,0,N
103,4,17,19,0,2,1,0,0,PRT,0,1,0,115.0,0,Y
151,1,4,19,0,3,1,0,0,PRT,0,1,0,80.0,0,Y
294,7,26,1,2,5,2,0,0,CZE,0,1,0,99.0,1,N
5,9,40,26,1,0,1,0,0,PRT,0,1,0,0.0,0,N
98,4,15,10,1,3,2,0,0,FRA,0,1,0,98.44,0,N
68,12,53,31,0,3,2,0,0,FRA,0,1,0,71.33,0,N
350,6,25,17,0,2,2,0,0,PRT,0,1,0,140.0,0,Y
1,7,28,6,0,4,3,0,0,FRA,0,4,0,189.5,0,N
55,9,37,6,2,0,2,0,0,PRT,0,1,0,75.0,0,N
20,7,28,8,0,1,2,1,0,CN,0,5,0,158.95,1,N
9,3,9,1,0,3,3,0,0,CHE,0,4,0,158.0,0,Y
0,11,47,17,0,1,2,0,0,PRT,0,4,0,60.0,0,N
180,2,8,25,1,1,2,0,0,BRA,0,1,0,79.2,0,Y
124,4,15,4,1,3,2,0,0,PRT,0,1,2,90.0,0,N
258,9,37,8,0,1,2,0,0,PRT,0,1,0,65.0,0,Y
29,6,23,8,0,3,1,0,0,SWE,0,1,0,156.67,1,N
16,5,22,31,0,2,3,0,0,ISR,0,5,0,230.0,1,Y
173,7,28,8,0,1,2,2,0,ITA,0,6,1,168.3,2,Y
2,8,36,30,1,0,1,0,0,ISR,0,1,1,65.0,2,N
61,9,36,5,2,2,2,0,0,PRT,0,1,0,62.0,0,Y
34,3,11,14,2,5,2,0,0,GBR,0,4,0,76.5,2,N
95,10,41,2,2,1,2,0,0,BEL,0,1,0,108.0,2,N
193,9,40,30,1,2,2,0,0,DEU,0,1,0,132.0,0,N
41,6,24,15,0,3,2,0,0,PRT,0,1,0,122.67,0,Y
78,10,43,21,2,2,2,1,0,FRA,0,1,0,130.58,3,N
16,5,18,1,1,1,2,0,0,AUT,0,1,0,120.0,2,N
32,8,35,21,2,1,2,0,0,ITA,0,5,0,137.52,0,N
93,7,28,12,0,2,2,0,0,GBR,0,4,0,130.5,0,N
40,3,10,5,2,3,2,0,0,ITA,0,1,0,81.9,0,Y
107,8,33,12,0,1,2,0,0,PRT,0,2,1,76.5,0,N
45,6,24,8,0,3,2,0,0,FRA,0,4,0,128.4,0,N
67,11,45,1,0,4,2,0,0,IRL,0,1,0,79.2,1,N
164,5,20,15,1,2,1,0,0,PRT,0,1,0,160.0,0,Y
157,5,18,1,1,3,2,0,0,PRT,0,1,0,130.0,0,Y
189,10,44,28,1,2,2,0,0,AUT,0,4,0,109.8,0,Y
0,2,8,24,0,2,2,0,0,ESP,0,1,0,67.31,0,N
21,12,49,1,1,3,2,0,0,DEU,0,1,0,122.19,1,N
28,3,12,18,0,2,2,0,0,ESP,0,1,0,70.0,2,N
34,2,8,22,0,4,2,0,0,BEL,0,4,0,98.6,0,N
53,6,26,24,1,2,2,0,0,PRT,0,1,1,32.5,1,N
104,7,30,23,2,2,3,0,0,BEL,0,4,0,204.0,2,N
61,4,16,22,2,1,2,0,0,FRA,0,4,0,135.0,1,N
62,9,37,4,1,0,2,0,0,DEU,0,1,0,99.0,0,Y
38,10,42,17,2,3,2,0,0,PRT,0,1,0,105.12,2,Y
148,12,53,30,1,4,2,0,0,PRT,0,1,0,67.0,0,Y
98,4,15,9,2,1,2,0,0,CHE,0,1,0,82.5,0,N
53,9,40,26,1,0,2,0,0,UKR,0,1,0,125.1,1,Y
200,10,44,24,1,3,2,0,0,NLD,0,4,0,100.3,0,Y
103,8,32,2,2,5,2,3,0,IRL,0,7,0,198.98,1,N
305,11,45,4,1,2,2,0,0,PRT,0,1,0,89.0,0,Y
344,9,39,26,0,1,1,0,0,PRT,1,1,1,170.0,0,Y
13,11,45,2,0,1,1,0,0,ESP,0,1,0,112.0,2,N
114,6,23,10,1,1,2,0,0,BRA,0,1,0,126.0,1,N
0,3,11,15,0,2,1,0,0,FRA,0,1,0,107.2,0,N
121,8,34,20,2,4,2,0,0,CHN,0,1,0,100.0,1,N
38,1,2,14,0,1,1,0,0,PRT,0,1,0,75.0,0,Y
21,1,3,16,1,5,2,0,0,USA,0,4,0,95.16,0,Y
12,2,9,24,0,4,3,0,0,FRA,0,4,1,184.0,3,N
74,6,23,9,0,2,1,0,0,FRA,0,1,3,0.0,0,N
37,8,34,17,0,1,2,1,0,DEU,0,1,0,164.25,0,Y
258,3,10,8,0,4,2,0,0,DEU,0,1,0,85.0,0,Y
275,8,33,17,0,2,2,1,0,BEL,0,1,0,125.1,0,Y
0,2,8,15,1,0,3,0,0,FRA,0,4,0,127.0,0,N
29,2,7,12,0,2,2,0,0,PRT,0,1,0,78.5,1,N
97,10,43,22,2,3,2,0,0,GBR,0,4,0,121.14,3,N
6,10,42,13,0,1,1,0,0,ESP,0,1,0,95.0,0,N
24,9,40,25,2,2,2,0,0,NLD,0,1,0,119.0,1,Y
94,3,10,4,0,2,2,0,0,PRT,1,1,0,80.0,0,Y
144,8,32,10,0,3,1,0,0,PRT,0,1,1,130.5,1,N
2,3,13,23,0,3,2,0,0,ESP,0,1,0,136.0,1,N
161,7,28,15,2,5,2,0,0,LUX,0,1,0,107.1,0,Y
74,3,13,28,0,4,2,0,0,CHE,0,4,0,102.0,0,N
414,7,28,13,0,2,2,0,0,DEU,0,1,0,122.4,1,N
348,6,22,3,2,1,2,0,0,PRT,0,1,0,90.0,0,Y
15,2,8,20,1,3,2,0,0,FRA,0,1,0,63.42,1,N
626,11,46,7,1,2,2,0,0,PRT,0,1,0,62.8,0,Y
46,7,27,1,0,2,2,0,0,LBN,0,1,0,107.1,1,N
25,7,31,27,1,1,2,0,0,ESP,0,1,0,62.0,0,N
148,12,53,31,1,3,2,0,0,PRT,0,1,0,77.5,0,Y
0,6,24,9,0,2,3,0,0,NZL,0,4,1,157.0,1,N
66,9,36,3,0,1,2,0,0,ESP,0,1,1,96.3,1,N
24,2,6,5,2,5,1,0,0,MAR,0,1,1,75.0,0,N
19,10,41,6,0,3,2,0,0,PRT,1,1,0,90.0,0,Y
71,5,19,1,2,2,2,0,0,GBR,0,4,0,132.6,0,Y
313,8,35,26,0,2,1,0,0,PRT,1,1,0,60.0,0,Y
305,1,3,21,2,2,2,0,0,BRA,0,1,0,77.35,0,Y
35,9,40,25,2,1,2,0,0,FRA,0,1,0,117.0,1,N
60,3,13,20,2,2,2,0,0,PRT,0,1,0,75.0,0,Y
5,8,35,27,2,1,2,0,0,AUT,0,1,0,114.92,0,N
50,7,28,4,1,1,2,2,0,PRT,0,7,0,260.9,0,Y
70,10,43,22,0,1,2,0,0,FRA,0,1,0,85.0,0,N
6,12,51,15,1,3,2,0,0,IDN,0,1,0,66.3,0,Y
51,11,46,12,2,3,2,0,0,FRA,0,4,0,60.0,0,N
109,4,17,28,2,2,1,0,0,DEU,0,1,1,112.05,0,N
4,6,24,10,2,4,2,1,0,FIN,0,4,0,145.25,0,Y
10,2,6,6,2,1,3,0,0,ITA,0,4,0,132.5,2,N
71,9,37,10,2,2,3,0,0,COL,0,4,0,168.3,2,Y
28,8,32,3,1,3,2,0,0,PRT,0,1,0,62.0,0,Y
24,2,9,24,0,1,1,0,0,CN,0,1,0,85.0,2,Y
286,5,21,17,0,1,2,0,0,PRT,0,1,0,65.0,0,Y
41,11,46,8,2,3,2,0,0,FRA,0,4,0,60.0,1,N
156,4,17,26,0,3,2,0,0,PRT,0,1,0,100.0,0,Y
113,2,9,25,0,3,2,0,0,PRT,1,1,0,75.0,0,Y
52,5,19,4,0,1,2,0,0,FRA,0,4,0,140.4,1,N
23,3,13,29,0,3,1,0,0,CZE,0,4,0,128.0,1,N
10,2,9,27,1,3,2,0,0,DEU,0,1,0,74.8,0,Y
30,9,38,14,1,3,2,0,0,CHE,0,1,0,94.5,2,N
134,7,29,12,0,4,2,0,0,FRA,0,1,1,89.85,2,N
60,9,39,21,1,1,2,0,0,PRT,0,1,0,65.0,0,N
6,6,24,8,0,1,1,0,0,PRT,1,1,0,65.0,1,N
134,5,21,15,2,2,2,0,0,FRA,0,1,0,89.25,1,N
61,10,41,4,2,0,2,0,0,FRA,0,1,0,91.0,0,N
128,10,42,11,0,5,2,0,0,NOR,0,4,0,132.3,0,Y
299,9,38,17,2,5,2,0,0,GBR,0,1,1,100.3,0,N
90,4,15,10,1,2,2,2,0,ESP,0,7,0,216.0,0,N
12,2,6,10,0,2,2,0,0,ESP,0,1,0,88.0,0,N
38,8,33,19,2,1,1,0,0,ITA,0,1,0,140.0,0,N
82,2,7,12,2,1,2,0,0,FRA,0,1,0,68.47,0,N
32,9,38,17,0,1,2,0,0,GBR,0,1,0,85.5,2,N
300,8,33,13,0,2,2,0,0,PRT,1,1,0,62.0,0,Y
3,12,52,19,1,2,1,0,0,MYS,0,1,0,79.5,0,N
0,5,21,17,0,0,2,0,0,PRT,0,1,0,0.0,0,N
150,6,24,17,2,3,1,0,0,PRT,0,1,0,120.0,0,Y
30,5,19,10,0,1,1,0,0,NLD,0,1,2,130.0,1,N
2,3,11,12,1,0,1,0,0,FRA,0,1,0,88.2,1,N
28,10,43,19,1,4,2,0,0,FRA,0,4,0,75.0,0,N
178,7,27,7,2,4,2,0,0,PRT,0,1,0,68.61,1,Y
176,7,29,22,2,2,2,1,0,GBR,0,1,0,148.5,2,N
177,8,35,27,2,4,2,0,0,FRA,0,4,0,175.95,1,N
209,12,53,26,1,3,2,0,0,ESP,0,4,1,84.07,0,N
98,11,48,23,1,2,1,0,0,PRT,0,1,0,84.0,0,Y
340,7,28,10,1,5,2,0,0,BEL,0,1,0,99.9,0,Y
15,8,36,28,2,0,2,0,0,PRT,0,1,0,130.0,1,N
2,2,9,26,2,3,1,0,0,FRA,0,4,0,110.6,1,N
54,5,19,6,0,2,2,0,0,FRA,0,1,0,116.1,0,Y
328,6,23,9,2,4,2,0,0,CHE,0,1,0,109.8,4,N
20,4,17,29,0,1,3,0,0,POL,0,5,0,215.0,1,Y
41,6,24,11,2,2,2,0,0,DEU,0,1,0,140.0,1,Y
138,6,26,27,0,3,2,0,0,DEU,0,1,0,117.0,0,Y
123,10,44,28,2,2,2,0,0,DEU,0,1,0,68.0,0,N
151,1,4,19,0,3,1,0,0,PRT,0,1,0,80.0,0,Y
112,5,22,28,2,1,2,0,0,BRA,0,1,0,137.21,1,N
1,7,30,19,0,1,2,0,0,FRA,0,1,0,139.0,1,Y
0,5,20,17,0,1,1,0,0,PRT,0,1,0,159.0,0,N
121,7,28,10,1,2,1,0,0,DEU,0,1,0,117.0,0,Y
208,8,33,14,1,2,2,2,0,ESP,0,5,0,249.0,0,N
166,6,27,29,0,4,2,0,0,ITA,0,4,0,99.45,0,Y
110,5,20,9,1,1,2,0,0,DEU,0,1,0,105.3,0,Y
4,8,34,18,0,1,1,0,0,PRT,0,1,0,84.0,0,Y
57,3,10,11,2,5,2,0,0,PRT,0,1,0,125.8,0,Y
6,1,2,7,0,3,2,0,0,ESP,0,1,0,89.0,0,N
42,9,38,17,0,3,2,0,0,BEL,0,1,0,111.6,3,N
93,4,17,24,1,3,2,0,0,GBR,0,1,0,123.75,0,N
127,7,29,14,0,3,3,0,0,PRT,0,1,0,96.9,1,N
248,4,15,9,2,0,2,0,0,DEU,0,1,0,80.0,1,N
1,1,5,30,0,1,1,0,0,PRT,0,4,1,46.0,0,N
133,4,16,19,0,4,2,0,0,POL,0,1,0,124.0,0,N
219,8,34,20,1,1,2,0,0,ITA,0,1,0,96.0,0,N
33,1,5,25,1,1,2,0,0,BRA,0,1,0,64.0,0,N
89,3,13,27,1,1,2,0,0,IRL,0,1,0,79.2,1,N
156,8,33,19,0,1,2,0,0,FRA,0,1,0,130.5,2,N
147,9,39,18,2,3,2,0,0,FIN,0,4,0,143.1,2,N
33,1,5,25,1,1,2,0,0,ITA,0,1,0,64.0,0,N
147,4,15,13,1,3,2,0,0,DEU,0,4,0,105.68,1,N
116,2,10,28,2,1,2,0,0,PRT,0,1,1,70.0,0,Y
83,5,18,1,1,2,2,0,0,DEU,0,1,0,80.1,0,N
22,4,15,14,0,1,2,0,0,BRA,0,5,0,174.0,1,N
163,6,24,5,2,2,1,0,0,PRT,0,1,0,100.0,0,Y
32,3,10,5,2,2,2,0,0,FRA,0,1,0,74.8,0,N
20,10,44,26,0,3,1,0,0,PRT,0,1,0,105.0,0,N
2,10,44,30,0,2,2,0,0,FIN,0,4,0,72.25,2,N
33,11,48,26,0,1,2,0,0,PRT,0,1,0,113.0,1,N
47,12,49,2,0,1,2,0,0,ESP,0,1,0,93.6,1,Y
336,9,38,18,0,2,2,0,0,PRT,1,1,0,101.5,0,Y
159,9,39,19,1,2,2,0,0,BRA,0,1,0,144.0,0,N
1,3,11,8,0,1,1,0,0,ZAF,0,1,0,80.0,0,N
35,6,24,13,2,5,2,0,0,ROU,0,1,2,196.14,1,N
53,9,36,1,0,3,2,0,0,DEU,0,4,0,123.3,2,N
13,2,6,10,2,5,2,0,0,FRA,0,4,0,134.3,0,Y
81,6,26,23,0,1,1,0,0,ISR,0,1,0,90.9,0,Y
82,4,15,11,0,4,2,0,0,FRA,0,1,0,85.0,0,N
32,6,24,11,2,3,2,0,0,PRT,0,1,0,108.0,0,N
38,1,3,14,0,3,2,0,0,FRA,0,1,0,78.3,1,Y
140,12,53,29,0,5,2,0,0,PRT,0,1,0,70.0,0,Y
71,5,19,13,2,2,2,0,0,BEL,0,1,0,130.5,2,N
55,4,14,6,0,3,3,0,0,FRA,0,4,0,171.0,0,Y
15,12,53,27,0,1,2,0,0,BRA,0,1,0,65.0,0,N
297,8,33,10,1,1,2,0,0,PRT,1,1,0,62.0,0,Y
303,8,34,19,2,3,2,0,0,PRT,0,1,0,78.0,0,Y
84,11,48,27,1,2,1,0,0,PRT,0,1,1,0.0,0,N
0,10,40,2,0,0,3,0,0,PRT,0,4,0,0.0,1,N
305,11,45,4,1,2,2,0,0,PRT,0,1,0,89.0,0,Y
21,3,10,6,1,1,2,0,0,FRA,0,4,0,118.0,0,N
133,8,35,21,2,3,2,0,0,IRL,0,1,0,70.04,2,N
16,11,47,16,0,3,1,0,0,ROU,0,1,0,75.0,0,N
45,9,37,9,0,1,2,0,0,GBR,0,4,0,149.4,1,N
342,9,39,24,2,4,2,0,0,PRT,1,1,0,170.0,0,Y
249,12,53,27,0,5,2,0,0,FRA,0,1,0,120.55,0,N
170,6,22,3,2,1,2,0,0,NLD,0,1,0,126.0,2,Y
45,5,21,21,1,1,2,0,0,ESP,0,1,0,126.9,2,N
15,9,38,12,1,0,1,0,0,PRT,0,1,0,89.0,0,Y
304,10,43,21,1,2,2,0,0,FRA,0,1,0,74.15,0,N
307,7,28,15,2,5,3,0,0,DEU,0,4,0,155.0,3,Y
66,10,41,9,1,2,2,0,0,PRT,0,1,0,75.0,0,Y
57,4,13,1,1,1,2,0,0,GBR,0,1,0,99.0,2,N
119,4,18,28,2,4,2,0,0,PRT,0,4,0,103.7,0,Y
208,5,21,24,0,2,2,0,0,DEU,0,1,0,114.4,0,N
2,5,19,5,0,1,1,0,0,PRT,0,4,0,156.0,0,N
34,4,15,4,1,4,2,0,0,SWE,0,4,0,131.4,0,Y
286,7,31,30,0,2,2,0,0,PRT,1,1,0,62.0,0,Y
231,5,18,1,1,1,2,0,0,PRT,0,1,0,110.0,1,Y
214,8,33,7,2,2,2,2,0,NLD,0,6,2,158.95,1,N
23,1,5,29,1,2,2,0,0,BRA,0,2,0,77.25,1,Y
115,10,43,22,2,3,2,0,0,TUR,0,1,0,107.64,3,Y
0,1,1,3,0,1,2,0,0,PRT,0,1,1,88.0,0,N
43,8,32,7,1,1,2,0,0,CHE,0,1,0,160.0,1,N
133,5,19,4,0,4,2,0,0,FRA,0,4,0,116.95,0,Y
71,6,25,14,0,3,1,0,0,PRT,0,1,0,120.0,0,Y
0,5,21,17,0,0,2,0,0,PRT,0,1,0,0.0,0,N
64,11,48,20,2,1,2,0,0,HUN,0,1,0,79.2,1,N
79,3,11,12,2,5,2,0,0,FRA,0,1,0,56.94,1,N
7,10,41,4,0,5,1,0,0,LTU,0,1,0,140.0,2,Y
7,4,15,13,1,3,2,0,0,IRL,0,1,0,157.5,2,N
29,12,49,2,0,2,2,0,0,PRT,0,1,0,85.0,0,N
55,3,10,11,2,5,2,0,0,FRA,0,4,0,102.0,1,N
320,8,34,18,0,2,2,0,0,DEU,0,1,0,115.0,1,N
181,8,31,5,2,5,2,0,0,PRT,0,1,0,82.3,1,N
13,5,23,29,2,2,2,1,0,NLD,0,4,0,118.51,1,N
0,2,6,3,0,2,1,0,0,PRT,0,2,1,22.5,0,N
74,4,16,17,1,3,3,0,0,GBR,0,4,0,171.0,0,Y
102,6,22,1,2,3,2,0,0,NLD,0,5,0,176.4,2,N
112,6,23,2,0,2,2,0,0,FRA,0,1,0,100.0,0,N
7,4,15,13,0,3,2,0,0,HKG,0,1,0,160.0,1,Y
50,8,35,25,0,4,1,0,0,PRT,0,1,0,0.0,0,N
84,8,31,5,0,1,2,0,0,NLD,0,1,0,125.0,2,N
457,8,34,25,0,2,2,0,0,DEU,0,1,1,122.4,1,N
132,7,29,22,2,3,2,0,0,PRT,0,4,0,148.5,2,N
21,11,45,5,0,3,2,0,0,PRT,0,1,1,37.07,1,N
137,3,10,6,1,1,1,0,0,PRT,0,1,2,80.0,1,N
121,6,26,24,1,2,2,0,0,PRT,0,1,1,90.0,0,Y
226,6,25,22,0,3,2,0,0,AUT,0,1,0,99.0,1,N
16,4,16,17,1,3,2,0,0,FRA,0,1,0,115.0,1,N
248,4,15,9,2,0,2,0,0,PRT,0,1,0,80.0,1,Y
0,9,39,23,0,2,2,0,0,BRA,0,1,0,119.97,0,N
117,5,18,5,1,2,2,0,0,IRL,0,1,0,108.0,1,Y
276,7,30,20,1,1,2,0,0,PRT,1,1,0,62.0,0,Y
27,6,24,9,0,1,2,0,0,PRT,0,1,0,120.0,0,Y
46,8,36,28,2,5,2,0,0,TUR,0,4,0,124.46,0,N
4,6,22,3,2,2,2,0,0,DEU,0,1,0,99.0,0,N
75,9,40,26,1,2,2,0,0,BEL,0,1,0,135.9,3,N
73,3,12,24,0,2,1,0,0,FRA,0,1,1,90.0,0,N
33,12,50,9,0,2,2,0,0,PRT,1,1,0,110.0,0,Y
45,5,21,17,0,2,2,0,0,PRT,0,6,0,159.12,1,Y
100,10,44,31,1,1,2,0,0,ESP,0,1,0,62.0,0,N
62,1,4,23,3,5,2,2,0,BRA,0,6,0,147.9,0,Y
260,7,30,24,1,3,2,0,0,FRA,0,1,0,107.1,4,N
8,10,43,20,0,3,1,0,0,AUT,0,1,0,129.0,1,N
68,10,45,30,2,3,2,0,1,BEL,0,1,1,79.56,2,N
1,6,26,27,0,2,2,0,0,PRT,0,4,0,184.0,2,N
64,3,11,11,2,2,2,0,0,FRA,0,1,0,73.95,0,Y
4,8,35,25,0,4,1,0,0,ESP,0,1,0,60.0,0,N
62,4,14,6,0,3,1,0,0,PRT,0,1,0,135.0,0,Y
45,7,29,20,0,3,2,0,0,PRT,0,1,0,117.0,0,Y
152,2,7,13,1,1,2,0,0,FRA,0,1,0,75.0,0,N
85,10,41,6,1,3,2,0,0,SWE,0,1,0,85.0,2,N
50,8,35,25,0,4,2,0,0,PRT,0,1,0,62.0,0,Y
4,1,3,15,2,1,2,0,0,FRA,0,1,0,83.8,0,N
53,4,15,13,0,1,2,0,0,ECU,0,1,0,108.0,0,Y
19,5,22,28,2,4,1,0,0,AGO,0,1,0,145.0,0,N
16,7,30,25,2,1,2,0,0,PRT,0,1,0,86.0,0,N
174,10,41,10,1,1,2,0,0,PRT,0,1,0,70.0,0,Y
9,12,52,21,0,2,1,0,0,FRA,0,1,0,79.0,0,N
53,7,28,15,1,1,2,0,0,ESP,0,1,0,135.0,1,Y
8,3,10,1,0,3,1,0,0,PRT,0,1,0,41.0,1,N
4,6,25,18,2,0,1,0,0,PRT,1,1,0,67.0,1,N
141,4,15,13,0,3,2,0,0,PRT,0,1,0,80.1,0,Y
183,8,35,27,2,2,2,0,0,CHE,0,1,0,90.95,0,Y
79,10,41,10,1,1,2,0,0,ESP,0,1,0,62.0,0,N
451,6,25,20,0,1,2,0,0,PRT,0,1,0,90.0,0,Y
27,10,43,19,0,3,2,0,0,FRA,0,1,0,85.0,0,N
100,9,40,25,2,1,2,0,0,DEU,0,1,0,80.75,0,N
13,9,38,16,0,1,2,0,0,IND,0,1,0,98.4,0,N
0,9,38,16,1,2,2,0,0,PRT,0,4,0,0.0,2,N
1,12,50,6,2,1,1,0,0,ESP,0,1,0,66.0,1,N
188,7,30,28,0,2,2,0,0,GBR,0,1,0,121.5,0,N
37,10,43,22,0,3,2,0,0,HUN,0,1,0,96.3,1,N
8,8,36,28,2,0,2,0,0,ESP,0,1,0,127.0,1,N
82,4,16,16,2,2,3,0,0,CN,0,4,0,121.55,1,Y
11,3,13,26,2,2,2,0,0,FRA,0,1,1,133.5,1,N
117,8,31,1,2,1,2,0,0,ITA,0,1,0,94.5,0,Y
92,3,13,26,2,1,2,0,0,PRT,0,1,0,100.0,0,Y
320,6,24,15,0,3,2,0,0,PRT,0,1,0,90.0,0,Y
94,4,15,14,1,2,2,0,0,DEU,0,1,0,98.1,0,N
46,8,35,26,0,1,2,0,0,FRA,0,1,0,125.1,0,Y
152,4,16,22,2,2,2,0,0,PRT,0,1,0,105.0,0,Y
8,4,16,21,2,3,1,0,0,DEU,0,1,1,75.0,0,N
0,11,48,28,2,1,2,0,0,FRA,0,1,0,65.0,0,Y
90,6,25,18,2,1,2,0,0,ITA,0,1,0,126.0,1,N
40,12,52,26,2,2,2,0,0,ESP,0,1,0,63.0,1,N
103,5,20,15,1,2,2,0,0,DEU,0,1,0,144.0,0,Y
0,6,27,28,0,1,1,0,0,PRT,0,1,0,149.0,1,N
629,3,13,30,0,2,2,0,0,PRT,0,1,0,62.0,0,Y
52,3,11,13,1,1,1,0,0,PRT,0,1,0,80.0,0,Y
289,3,9,2,0,3,2,0,0,GBR,0,1,0,81.9,0,Y
151,8,34,19,2,3,2,2,0,POL,0,2,2,198.59,0,Y
28,8,32,3,1,3,2,0,0,PRT,0,1,0,62.0,0,Y
111,4,14,3,1,1,2,0,0,ISR,0,1,0,95.0,1,N
44,9,37,10,0,2,2,0,0,PRT,0,1,0,126.0,0,Y
30,5,23,29,2,1,1,0,0,CHN,0,1,0,129.9,0,Y
94,4,17,27,0,1,2,0,0,IRL,0,4,0,126.0,0,N
142,4,17,22,2,3,2,0,0,POL,0,1,0,103.0,0,Y
75,10,45,30,2,0,2,0,0,PRT,0,1,0,105.0,0,Y
16,6,25,21,0,3,2,1,0,BRA,0,1,0,200.0,2,N
76,9,38,16,0,2,2,0,0,ESP,0,1,0,62.0,0,N
106,8,35,24,0,4,3,0,0,ITA,0,4,0,152.1,0,Y
101,1,2,9,1,2,2,0,0,GBR,0,1,0,72.07,1,N
221,4,15,11,2,5,2,0,0,GRC,0,1,0,99.0,0,Y
192,5,20,12,0,3,2,0,0,PRT,1,1,0,135.0,0,Y
4,2,7,12,6,14,1,0,0,AGO,0,4,2,108.35,0,Y
7,1,4,25,0,1,1,0,0,ESP,0,1,0,78.4,0,N
2,4,15,11,0,1,2,0,0,GBR,0,1,1,135.0,0,N
321,9,36,3,0,2,2,0,0,PRT,1,1,0,62.0,0,Y
23,8,31,3,1,3,2,0,0,RUS,0,1,1,147.0,1,N
127,4,15,15,1,1,3,0,0,ITA,0,4,0,171.0,1,Y
405,8,34,18,0,2,2,0,0,PRT,0,1,0,62.0,0,Y
9,5,22,25,0,1,2,0,0,PRT,0,1,0,99.0,0,N
300,8,31,4,1,2,3,0,0,GBR,0,1,0,98.28,2,N
281,4,16,14,0,2,2,0,0,PRT,0,1,0,62.0,0,Y
7,7,28,15,2,1,2,0,0,PRT,0,1,1,105.0,1,N
99,2,8,19,0,1,1,0,0,PRT,0,1,0,80.0,0,N
6,5,20,14,2,1,1,0,0,CN,0,1,0,110.0,0,N
14,10,42,15,0,1,1,0,0,PRT,1,1,0,100.0,0,Y
105,7,28,4,1,4,2,1,0,BEL,0,1,0,123.25,0,Y
87,3,12,14,1,4,2,0,0,FRA,0,1,0,72.25,2,N
61,3,13,21,1,3,2,0,0,ESP,0,4,0,102.0,0,N
149,8,33,12,1,2,2,2,0,FRA,0,6,0,195.3,1,N
2,11,47,19,0,1,1,0,0,PRT,0,1,0,98.0,0,N
87,9,39,25,2,3,2,0,0,PRT,0,1,0,170.0,0,Y
68,2,8,17,0,2,2,0,0,PRT,1,1,0,75.0,0,Y
46,1,3,15,4,8,2,0,0,PRT,0,4,0,96.91,0,Y
468,7,30,29,2,1,2,0,0,PRT,0,1,0,112.67,0,Y
2,6,25,19,1,2,3,0,0,CHN,0,5,0,260.0,1,N
230,8,35,31,0,3,2,0,0,GBR,0,5,0,109.5,0,N
159,3,12,21,0,3,2,0,0,DEU,0,1,0,72.0,0,N
42,5,18,3,2,4,2,0,0,FRA,0,1,0,141.55,2,N
377,10,42,14,0,2,2,0,0,DEU,0,1,0,115.0,1,N
32,9,38,18,2,2,1,0,0,USA,0,1,0,141.53,2,N
15,5,18,3,0,2,2,0,0,RUS,0,1,0,120.0,2,N
61,3,13,23,0,2,2,0,0,ESP,0,1,1,117.0,0,Y
517,12,50,8,0,2,2,0,0,PRT,0,1,0,62.8,0,Y
55,7,30,24,1,1,3,0,0,ESP,0,4,0,184.0,0,N
114,2,6,9,2,7,2,0,0,BRA,0,5,0,121.0,0,N
44,2,7,8,1,1,2,2,0,PRT,0,6,3,173.0,0,N
7,9,39,21,1,3,2,0,0,PRT,1,1,0,92.17,1,Y
40,10,41,7,0,3,3,0,0,BRA,0,1,0,99.71,2,N
164,10,40,2,0,2,1,0,0,PRT,0,1,0,100.0,0,N
7,5,21,18,0,1,1,0,0,GBR,0,5,0,150.45,0,N
47,8,34,18,0,2,1,0,0,DEU,0,1,0,100.0,1,N
24,2,9,26,1,2,2,0,0,GBR,0,4,0,109.33,1,Y
323,9,36,5,1,1,2,0,0,PRT,1,1,0,62.0,0,Y
0,3,10,2,0,1,1,0,0,PRT,0,1,0,84.0,0,N
97,10,41,5,1,3,1,0,0,PRT,0,1,0,140.0,0,Y
143,5,18,4,0,3,2,0,0,PRT,0,1,0,100.0,0,Y
74,9,38,18,0,2,2,0,0,PRT,0,1,0,101.5,0,Y
28,8,32,3,1,3,3,0,0,ESP,0,1,1,84.0,0,N
264,7,28,8,0,2,2,0,0,PRT,1,1,0,62.0,0,Y
8,6,22,1,0,1,1,0,0,PRT,0,1,0,67.0,1,N
8,7,29,16,1,1,2,0,0,PRT,0,1,0,139.0,0,Y
75,4,14,5,0,4,1,0,0,NLD,0,1,0,85.0,0,N
93,4,16,22,2,3,2,0,0,FRA,0,1,0,85.0,0,N
6,10,43,20,0,3,2,0,0,GBR,0,1,0,160.0,2,N
88,10,45,30,2,1,2,0,0,USA,0,1,0,75.4,3,N
9,8,33,12,0,2,2,0,0,FRA,0,1,1,156.0,1,Y
145,8,35,29,2,1,2,0,0,ITA,0,1,0,94.5,0,N
60,2,7,13,1,2,2,0,0,DEU,0,1,0,95.4,0,Y
140,5,20,18,0,3,2,2,0,BEL,0,6,0,198.0,1,Y
130,4,16,13,0,4,2,0,0,PRT,1,1,0,100.0,0,Y
280,12,50,6,0,3,2,1,0,ITA,0,1,0,94.5,2,Y
65,9,37,12,2,1,2,0,0,PRT,0,1,0,86.0,0,Y
338,10,41,7,1,2,2,0,0,FRA,0,1,0,90.67,1,N
78,1,4,25,0,3,1,0,0,LTU,0,1,1,85.0,0,N
7,6,26,27,0,1,1,0,0,GBR,0,1,0,130.0,1,N
6,7,27,6,0,2,2,0,0,GBR,0,1,0,129.0,0,N
0,8,33,14,0,2,2,0,0,PRT,0,1,0,109.0,0,Y
36,3,14,29,0,2,2,0,0,LUX,0,1,0,67.32,1,N
62,9,36,3,2,1,2,0,0,USA,0,1,0,109.8,2,N
143,4,15,15,1,1,2,0,0,BEL,0,1,0,89.1,0,N
68,7,28,7,0,3,3,0,0,BRA,0,4,0,149.1,0,Y
64,3,14,28,1,4,3,0,0,DEU,0,4,0,115.77,1,N
28,11,49,28,1,5,2,1,0,DEU,0,1,1,105.9,3,N
49,3,12,19,2,1,2,0,0,NLD,0,4,0,121.5,0,N
0,7,31,29,0,1,2,0,0,PRT,0,1,0,119.0,0,N
174,8,32,2,0,2,3,0,1,ESP,0,4,1,166.7,2,N
122,6,22,2,1,2,2,0,0,DEU,0,1,0,99.0,1,N
93,3,12,21,0,4,2,0,0,USA,0,1,2,91.93,1,N
323,8,33,18,1,2,2,0,0,ITA,0,1,0,89.1,1,N
55,9,37,6,2,0,2,0,0,FRA,0,1,0,75.0,0,N
281,7,30,25,2,1,2,0,0,PRT,1,1,0,62.8,0,Y
32,10,43,24,1,1,1,0,0,GBR,0,1,0,120.0,1,N
9,10,44,30,0,1,1,0,0,PRT,0,1,0,95.0,0,N
8,6,24,15,0,2,1,0,0,PRT,0,4,0,110.0,0,N
94,4,16,16,2,2,2,0,0,IRL,0,1,0,76.5,0,Y
47,4,16,12,0,4,2,0,0,CHE,0,4,0,114.33,1,N
28,7,28,9,2,0,2,0,0,FRA,0,1,2,149.0,1,N
231,5,21,25,1,3,2,0,0,GBR,0,1,0,82.47,1,N
33,9,40,25,1,0,2,0,0,GBR,0,1,0,99.0,2,N
91,9,40,30,1,2,1,0,0,FRA,0,1,0,75.0,0,N
0,6,27,27,1,0,1,0,0,PRT,0,1,0,106.4,0,N
89,10,40,3,2,2,2,0,0,PRT,0,1,0,62.0,0,Y
322,5,21,19,1,3,2,0,0,PRT,0,1,0,80.0,0,Y
1,3,13,24,0,1,2,1,0,PRT,0,1,0,159.0,2,N
18,3,12,17,0,1,2,0,0,PRT,0,4,0,95.48,1,N
150,10,45,30,2,0,2,0,0,BRA,0,1,0,80.1,0,Y
4,2,8,17,0,2,1,0,0,DEU,0,1,1,80.0,0,N
97,9,37,10,2,3,2,0,0,DEU,0,1,0,135.9,1,N
75,5,20,20,2,1,2,0,0,PRT,0,1,0,90.0,0,Y
268,8,33,18,1,2,2,1,0,ESP,0,1,0,125.1,0,N
359,10,42,14,2,3,2,0,0,DEU,0,1,0,78.0,1,N
153,6,24,17,0,1,3,0,0,BEL,0,4,0,163.8,0,Y
88,7,27,5,0,4,3,0,0,CZE,0,4,0,190.0,0,N
88,4,18,26,0,3,1,0,0,DEU,0,1,0,90.9,1,Y
186,8,33,18,2,4,2,0,0,ITA,0,1,0,151.8,0,Y
52,6,26,20,1,3,2,0,0,NLD,0,1,0,99.9,1,N
120,6,25,18,2,3,2,0,0,DEU,0,1,0,80.75,3,N
62,7,29,15,2,7,1,0,0,PRT,0,1,0,68.0,1,Y
120,10,44,28,0,1,2,0,0,FRA,0,4,0,104.4,1,Y
8,5,19,13,0,1,2,0,0,RUS,0,1,0,160.0,1,Y
32,10,42,15,1,1,2,0,0,FRA,0,1,0,85.0,0,N
60,9,39,21,1,1,2,0,0,FRA,0,1,0,65.0,0,N
45,11,47,19,1,1,1,0,0,DEU,0,1,2,86.4,0,Y
73,2,6,4,1,3,2,0,0,PRT,0,1,0,65.75,0,N
9,1,1,6,2,2,1,0,0,CHE,0,1,0,45.86,1,N
80,11,45,2,1,1,2,0,0,PRT,0,1,0,111.0,0,Y
1,5,19,6,0,2,2,0,0,FRA,0,1,1,158.0,0,N
0,7,29,15,0,1,2,0,0,PRT,0,1,0,0.0,0,Y
78,3,13,24,1,3,2,0,0,DEU,0,1,0,70.03,1,N
158,3,13,27,1,1,2,0,0,ISR,0,1,0,95.0,1,N
15,12,53,27,0,1,2,0,0,PRT,0,1,0,65.0,0,Y
187,7,28,7,0,2,0,2,0,PRT,0,2,0,86.5,1,N
14,4,16,13,0,1,2,0,0,PRT,0,1,0,90.0,1,N
151,5,19,13,2,2,2,0,0,PRT,0,1,0,95.0,0,Y
12,7,29,18,2,2,2,0,0,PRT,0,1,0,62.0,0,Y
94,6,22,2,0,1,2,0,0,PRT,0,7,1,0.0,4,N
265,4,17,20,0,4,2,0,0,AUT,0,1,0,99.0,0,N
146,8,34,20,2,2,3,0,0,DEU,0,5,0,181.0,1,N
180,10,42,10,1,2,1,0,0,GBR,0,1,1,120.0,0,N
5,9,37,8,0,4,1,0,0,PRT,0,1,1,114.0,2,N
300,8,31,4,1,2,3,0,0,PRT,0,1,2,98.28,2,N
92,9,40,30,0,1,2,0,0,PRT,0,1,0,170.0,0,Y
125,4,16,20,0,3,2,0,0,PRT,0,1,0,85.0,0,Y
109,12,53,28,1,3,2,0,0,FRA,0,1,0,43.5,2,N
7,9,37,7,0,3,2,0,0,CHE,0,1,0,149.0,2,N
3,7,30,21,0,1,1,0,0,PRT,0,1,0,67.0,0,N
170,7,30,19,0,4,1,0,0,GBR,0,1,0,85.0,1,N
267,3,14,31,0,2,2,0,0,PRT,0,1,0,62.0,0,Y
25,3,9,2,2,3,2,0,0,DEU,0,1,0,91.8,0,Y
56,9,38,17,0,2,1,0,0,PRT,0,1,1,58.0,0,N
178,4,18,28,0,3,2,0,0,PRT,1,1,0,120.0,0,Y
113,2,9,25,0,3,2,0,0,PRT,1,1,0,75.0,0,Y
256,6,25,15,0,2,1,0,0,DEU,0,1,1,90.0,0,N
465,7,27,4,0,1,2,0,0,PRT,0,1,0,90.0,0,Y
1,12,52,20,0,3,1,0,0,HUN,0,1,0,89.5,1,N
0,6,26,27,0,1,2,0,0,PRT,0,1,0,102.0,1,N
46,2,6,10,2,3,3,0,0,BRA,0,5,0,115.6,0,Y
0,8,35,27,2,6,2,0,0,PRT,0,1,0,62.8,0,Y
34,5,22,22,2,1,1,0,0,DEU,0,1,1,98.1,1,N
86,1,4,22,0,1,2,0,0,PRT,1,1,0,85.0,0,Y
77,3,12,21,0,3,2,0,0,ITA,0,4,0,106.2,0,Y
422,9,38,16,0,2,2,0,0,PRT,0,1,0,65.0,0,Y
111,8,32,6,2,5,3,0,0,AUT,0,4,0,195.0,0,Y
41,3,12,13,2,1,1,0,0,POL,0,1,0,70.33,0,N
0,11,46,8,0,0,1,0,0,PRT,0,1,1,0.0,0,N
16,10,44,30,0,2,1,0,0,PRT,1,1,1,110.5,0,Y
185,8,34,24,0,3,2,0,0,NLD,0,4,0,126.0,0,Y
275,4,17,17,2,0,2,0,0,PRT,0,1,0,110.0,0,Y
265,4,17,20,0,4,2,0,0,PRT,0,1,0,101.0,0,Y
57,3,13,29,0,2,2,0,0,ITA,0,1,0,97.2,0,Y
110,12,50,9,0,4,2,0,0,FRA,0,1,0,70.0,0,N
29,4,17,18,1,0,2,0,0,FRA,0,1,0,101.0,1,N
39,3,11,11,0,1,2,0,0,PRT,0,1,0,71.1,0,Y
16,12,53,28,2,4,2,0,0,PRT,0,1,0,76.67,0,Y
8,10,44,31,1,1,2,0,0,PRT,0,1,0,62.0,0,N
70,5,22,25,0,4,2,0,0,BEL,0,4,0,102.1,2,N
119,5,22,23,1,2,1,0,0,SWE,0,1,0,90.0,1,N
151,5,21,23,0,4,1,0,0,FRA,0,5,1,187.0,3,N
164,5,20,15,1,2,1,0,0,PRT,0,1,0,160.0,0,Y
121,5,18,6,2,1,2,0,0,NLD,0,1,0,126.0,2,N
93,6,26,20,1,1,2,0,0,CHN,0,1,0,126.9,1,N
18,6,25,17,0,2,2,0,0,PRT,0,1,0,129.0,0,N
123,12,50,9,1,2,2,0,0,ITA,0,1,0,90.0,2,N
213,6,26,26,1,1,2,0,0,PRT,0,1,0,115.0,0,Y
73,4,14,3,1,3,2,0,0,PRT,0,1,0,105.0,0,Y
32,10,42,9,2,1,2,0,0,GBR,0,1,0,85.5,0,N
54,1,3,18,2,4,2,0,0,TUR,0,1,0,88.4,1,N
55,10,43,18,0,2,2,1,0,ISR,0,1,0,142.2,2,N
148,5,19,5,0,3,2,0,0,DEU,0,1,0,105.3,0,N
57,5,20,13,2,3,2,0,0,NLD,0,1,0,109.65,0,Y
27,6,26,27,0,3,2,0,0,IDN,0,1,0,126.33,0,Y
21,9,37,7,0,4,3,1,0,PRT,0,7,0,345.0,0,N
5,5,18,6,0,1,2,1,0,PRT,0,1,2,160.0,2,N
5,1,2,14,2,1,2,0,0,NLD,0,1,0,58.52,1,N
87,4,15,15,2,2,2,0,0,PRT,0,1,0,95.0,0,Y
50,10,43,21,0,2,2,0,0,PRT,0,1,0,94.5,1,N
68,3,10,7,0,4,2,0,0,DEU,0,1,0,74.8,2,Y
95,1,1,1,0,2,2,0,0,PRT,1,1,0,106.2,1,Y
2,1,2,4,1,1,2,0,0,ITA,0,1,0,75.0,1,N
4,8,34,20,0,1,2,0,0,PRT,0,1,0,121.6,0,Y
339,9,39,21,1,1,2,0,0,PRT,1,1,0,62.0,0,Y
229,7,28,12,1,4,2,0,0,PRT,0,1,0,110.0,0,Y
286,7,31,30,0,2,2,0,0,PRT,1,1,0,62.8,0,Y
5,8,35,22,1,1,2,0,0,FRA,0,1,0,138.0,2,N
20,1,1,1,1,0,1,0,0,PRT,0,1,1,65.0,0,N
68,6,25,18,2,1,2,0,0,ESP,0,1,0,92.83,0,Y
63,2,6,5,2,3,2,0,0,FRA,0,1,0,88.4,2,N
15,2,7,17,0,2,2,0,0,PRT,0,1,0,95.0,0,Y
2,1,3,21,0,1,2,0,0,PRT,0,1,0,88.0,0,N
27,7,29,11,1,1,2,0,0,SWE,0,1,0,139.0,1,N
0,2,8,18,0,1,1,0,0,PRT,0,1,0,79.0,0,Y
127,3,13,23,0,4,2,0,0,ESP,0,1,1,61.5,2,N
179,7,31,28,1,3,2,0,0,NLD,0,1,0,85.0,0,N
0,8,32,6,0,1,2,0,0,PRT,0,1,0,70.0,0,N
26,3,12,20,1,3,2,0,0,GBR,0,4,0,100.3,0,N
0,8,36,31,1,0,2,0,0,PRT,0,1,1,85.0,0,N
167,5,18,6,2,5,3,0,0,BRA,0,4,0,174.21,0,Y
167,8,34,18,2,4,2,0,0,DEU,0,1,0,72.25,0,N
92,3,13,26,2,1,2,0,0,PRT,0,1,0,100.0,0,Y
204,5,19,5,0,3,1,0,0,PRT,0,1,0,90.0,0,Y
7,2,7,15,0,3,3,0,0,FRA,0,4,0,163.0,1,N
84,5,19,12,0,2,3,0,0,ITA,0,4,0,189.0,0,Y
108,10,42,14,1,2,1,2,0,DEU,0,6,0,190.8,1,N
50,4,15,3,1,0,2,0,0,SWE,0,1,0,96.3,0,Y
419,9,36,1,0,2,2,0,0,PRT,0,1,0,62.0,0,Y
2,2,5,1,0,2,1,0,0,PRT,0,1,0,80.0,1,N
265,7,28,9,0,2,2,0,0,PRT,1,1,0,62.0,0,Y
24,9,38,17,0,1,1,0,0,PRT,0,5,0,170.63,0,N
12,11,48,26,2,1,3,0,0,PRT,0,5,1,180.33,2,Y
66,10,41,9,1,2,2,0,0,PRT,0,1,0,75.0,0,Y
28,11,46,11,0,4,2,0,0,FRA,0,1,0,85.6,0,N
10,2,9,25,0,3,2,0,0,USA,0,1,0,93.0,0,Y
1,2,9,27,1,1,2,0,0,ESP,0,4,0,117.0,0,N
245,2,7,13,1,2,2,0,0,GBR,0,1,1,50.2,1,N
48,6,24,11,2,1,2,0,0,ROU,0,1,0,89.1,0,N
87,8,33,14,0,1,2,0,0,PRT,0,1,0,12.0,0,Y
42,3,12,15,0,3,2,0,0,HUN,0,2,0,71.1,1,N
278,3,12,25,2,1,2,0,0,PRT,0,1,0,90.0,0,Y
26,11,46,12,2,1,2,0,0,BEL,0,4,0,128.33,1,N
174,6,22,1,0,3,2,0,0,PRT,0,1,0,110.0,0,Y
158,5,22,24,0,2,1,0,0,PRT,0,1,0,130.0,0,Y
1,7,30,21,0,1,2,0,0,NOR,0,1,0,80.0,0,N
10,2,6,10,2,2,2,0,0,GBR,0,1,0,74.8,2,N
164,5,20,15,1,2,1,0,0,PRT,0,1,0,160.0,0,Y
64,5,21,17,0,2,1,0,0,RUS,0,1,0,130.0,0,N
270,4,17,20,0,4,2,0,0,PRT,0,1,0,62.8,0,Y
343,9,39,25,2,3,2,0,0,PRT,1,1,1,170.0,0,Y
177,6,26,26,1,2,2,0,0,FRA,0,4,0,220.5,2,Y
11,9,38,13,1,0,2,1,0,BRA,0,1,1,87.4,1,N
4,9,38,13,0,3,2,0,0,FRA,0,4,0,174.67,1,N
36,4,14,1,0,2,2,0,0,GBR,0,4,0,131.4,0,Y
17,2,9,22,1,1,2,0,0,BEL,0,1,0,87.0,1,N
23,1,1,2,2,1,2,0,0,PRT,1,1,0,107.0,0,Y
233,11,45,7,1,1,2,0,0,FRA,0,1,0,60.0,0,N
29,4,17,29,1,1,2,0,0,ESP,0,1,0,115.0,0,N
21,6,25,18,2,2,2,0,0,ITA,0,1,0,99.0,0,N
314,8,35,27,0,2,2,0,0,PRT,1,1,0,62.0,0,Y
158,8,34,14,2,4,2,0,0,ESP,0,1,0,138.83,0,Y
88,12,49,4,0,2,2,0,0,PRT,0,1,0,0.0,1,N
286,3,9,4,2,1,2,0,0,USA,0,1,0,63.06,1,N
72,10,44,28,0,3,2,0,0,ISR,0,1,0,85.67,1,N
134,2,8,25,0,1,1,0,0,PRT,0,1,0,75.0,0,N
0,3,13,23,0,2,2,1,0,ITA,0,1,0,134.0,0,N
192,6,26,24,0,2,1,0,0,SRB,0,1,1,95.0,0,N
283,8,32,11,1,2,3,0,0,GBR,0,4,0,156.6,0,Y
30,2,7,13,0,1,2,0,0,PRT,0,1,0,81.9,0,Y
219,6,23,9,1,2,2,0,0,PRT,0,1,0,105.0,0,Y
10,4,17,20,0,3,1,0,0,PRT,0,4,0,104.72,1,Y
26,3,14,28,1,5,1,0,0,GBR,0,1,0,119.7,0,Y
26,12,51,12,2,5,2,0,0,PRT,0,1,0,75.0,0,Y
91,9,40,26,1,3,2,0,0,GBR,0,1,0,95.0,1,N
26,11,45,2,0,3,2,0,0,BEL,0,1,0,109.0,2,N
23,3,13,29,0,3,1,0,0,SVK,0,1,0,108.0,1,N
59,1,5,28,0,1,1,0,0,PRT,0,1,1,81.0,0,N
122,5,21,27,1,1,1,0,0,BEL,0,1,0,104.0,0,N
323,9,36,5,1,1,2,0,0,PRT,1,1,0,62.0,0,Y
14,9,36,5,2,5,2,0,1,PRT,0,1,1,113.14,3,Y
117,7,29,16,2,2,3,0,0,SWE,0,4,0,130.05,2,N
444,12,49,1,0,3,1,0,0,PRT,1,1,0,75.0,0,Y
377,10,44,29,0,2,2,0,0,PRT,1,1,0,62.0,0,Y
9,12,51,16,0,1,2,1,0,PRT,0,4,1,106.0,1,N
0,9,36,2,0,1,1,0,0,JPN,0,2,0,150.0,0,N
80,12,53,27,0,3,1,1,0,DEU,0,4,0,114.9,1,N
30,9,40,30,0,2,2,0,0,PRT,0,1,0,121.0,0,Y
5,6,26,28,0,1,1,0,0,PRT,4,1,0,65.0,0,N
55,3,12,16,1,4,2,0,0,PRT,0,1,0,74.8,0,Y
10,9,37,7,0,1,2,0,0,DEU,0,1,0,114.73,1,N
18,10,43,21,0,1,2,0,0,FRA,0,1,0,160.0,1,N
152,8,35,25,2,3,2,0,0,DEU,0,1,0,96.3,0,Y
90,3,13,25,1,2,2,0,0,DEU,0,1,0,96.3,0,N
0,2,9,28,0,0,1,0,0,PRT,0,1,1,0.0,0,N
48,8,36,29,1,2,2,0,0,GBR,0,1,0,112.5,0,N
299,8,33,12,0,2,2,0,0,PRT,1,1,0,62.0,0,Y
53,10,43,16,2,2,3,0,0,IRL,0,4,0,158.4,2,Y
277,2,9,28,0,1,1,0,0,PRT,0,1,0,100.0,2,N
92,9,40,30,0,1,2,0,0,PRT,0,1,0,100.0,0,Y
28,3,9,2,0,3,2,0,0,PRT,0,1,0,100.0,0,Y
48,7,29,19,1,4,2,2,0,USA,0,7,0,100.0,1,N
147,5,18,5,1,2,2,0,0,DEU,0,1,0,100.0,0,N
219,9,36,4,1,2,1,0,0,DNK,0,1,0,100.0,0,N
0,1,4,25,0,3,1,0,0,CHN,0,2,0,100.0,0,N
226,6,24,16,1,2,2,0,0,PRT,0,1,0,100.0,0,Y
6,5,19,10,0,1,2,0,0,PRT,0,1,0,100.0,0,Y
40,9,36,3,1,1,2,0,0,PRT,0,1,0,100.0,0,Y
226,8,35,27,1,1,2,0,0,PRT,0,1,0,100.0,0,Y
60,10,41,6,2,7,2,0,0,BRA,0,1,0,100.0,3,N
454,10,41,6,0,1,1,0,0,PRT,0,1,0,100.0,0,Y
282,7,27,5,0,2,2,0,0,ITA,0,1,0,100.0,1,Y
9,1,1,4,0,4,3,0,0,SWE,0,5,0,100.0,0,Y
78,3,13,25,1,2,2,0,0,PRT,0,1,0,100.0,0,Y
316,5,22,26,0,3,2,0,0,AUT,0,1,0,110.0,0,N
136,8,35,29,0,5,1,0,0,JPN,0,1,0,131.0,2,N
7,11,47,16,1,0,1,0,0,ESP,0,1,0,91.0,2,N
177,6,23,3,0,2,2,0,0,PRT,0,1,0,100.0,0,Y
89,12,50,10,1,1,1,0,0,ITA,0,1,0,96.0,2,N
103,4,17,19,0,2,1,0,0,PRT,0,1,0,115.0,0,Y
0,5,20,8,1,0,2,0,0,POL,0,1,0,79.0,1,N
66,11,46,10,0,3,2,0,0,FRA,0,1,0,106.5,1,N
443,4,18,29,0,1,2,0,0,PRT,0,1,0,65.0,0,Y
6,6,27,26,2,3,2,0,0,PRT,0,1,0,103.64,0,Y
15,7,27,6,0,1,1,0,0,HUN,0,1,1,125.0,0,N
44,5,19,10,0,3,2,0,0,CHE,0,4,0,199.67,0,N
100,10,42,16,0,1,2,0,0,PRT,0,1,0,108.0,0,Y
52,3,11,17,0,2,3,1,0,ESP,0,4,0,142.2,0,Y
31,5,19,5,0,3,1,0,0,FRA,0,1,1,0.0,0,N
162,7,29,14,0,3,2,0,0,FRA,0,1,0,112.0,1,N
144,8,33,12,2,5,3,0,0,FRA,0,4,0,140.76,0,Y
41,10,43,23,0,1,2,0,0,PRT,1,1,0,96.3,2,Y
129,4,16,22,1,1,2,0,0,GBR,0,4,0,130.5,2,N
193,12,53,29,0,3,2,1,0,BRA,0,6,0,160.2,0,Y
28,11,45,2,0,1,1,0,0,POL,0,1,0,120.0,0,N
34,12,50,8,0,2,1,0,0,PRT,1,1,0,90.0,0,Y
47,10,42,11,0,3,2,0,0,GBR,0,1,0,108.0,0,N
307,7,30,25,0,1,2,0,0,GBR,0,1,0,89.1,2,N
52,12,51,17,2,4,3,0,0,ITA,0,4,0,130.9,1,Y
206,5,18,1,1,2,2,0,0,BEL,0,1,0,117.0,0,Y
15,2,5,3,0,1,1,0,0,ESP,0,1,1,89.0,0,N
117,8,31,1,2,1,2,0,0,ITA,0,2,1,89.75,0,N
32,12,53,27,1,5,1,0,0,BRA,0,1,1,63.33,0,N
68,3,12,19,2,1,2,0,0,KAZ,0,4,0,105.3,2,N
107,8,32,5,1,2,2,0,0,DEU,0,1,0,111.3,1,N
165,8,32,8,2,1,2,0,0,PRT,1,1,0,86.0,0,Y
6,2,8,20,0,1,2,0,0,PRT,0,1,0,80.0,1,N
120,9,36,2,1,2,1,0,0,PRT,0,1,0,115.0,0,Y
102,10,42,16,0,2,1,0,0,PRT,0,1,0,80.0,0,Y
30,8,36,31,0,3,2,0,0,ESP,0,1,2,120.53,2,N
134,2,8,25,0,1,1,0,0,PRT,0,1,0,75.0,0,N
54,11,45,4,0,2,2,0,0,GBR,0,1,0,88.0,1,N
215,11,48,21,1,1,1,0,0,GBR,0,1,1,75.0,0,N
67,2,7,12,2,0,2,0,0,PRT,0,1,0,80.0,0,Y
0,8,36,31,0,2,2,0,0,CHE,0,1,0,139.0,2,N
14,11,45,4,0,1,2,0,0,PRT,0,1,0,87.0,1,Y
181,8,34,21,1,3,2,0,0,IRL,0,1,2,101.75,1,N
107,7,28,9,2,2,3,0,0,NOR,0,4,0,171.0,0,Y
67,5,18,3,0,3,2,0,0,GBR,0,4,0,153.0,0,Y
196,8,36,28,2,1,3,0,0,DEU,0,4,0,128.7,0,N
13,7,30,23,2,0,1,0,0,PRT,0,1,0,65.0,0,N
56,3,12,21,0,3,2,0,0,PRT,0,1,0,85.0,0,Y
74,9,38,18,0,2,1,0,0,PRT,0,1,0,87.0,0,N
304,8,34,17,1,1,2,0,0,PRT,1,1,0,62.0,0,Y
25,2,8,16,0,2,1,0,0,PRT,0,1,0,66.22,1,N
96,11,45,2,0,2,2,0,0,POL,0,1,0,79.2,3,N
25,12,49,4,1,2,2,0,0,DEU,0,1,0,69.0,0,N
28,10,43,19,1,3,2,0,0,FRA,0,4,0,75.0,0,N
2,1,1,3,0,2,2,0,0,ESP,0,1,0,88.0,0,Y
72,3,14,28,1,3,3,0,0,DEU,0,4,0,115.85,2,N
28,3,9,2,0,3,2,0,0,PRT,0,1,0,95.0,0,Y
85,10,44,26,0,1,2,0,0,BRA,0,1,0,90.9,3,N
16,9,39,25,0,2,1,0,0,GBR,0,1,0,170.0,0,N
43,10,44,31,2,1,2,0,0,FRA,0,4,0,65.0,0,N
7,3,10,2,0,3,3,0,0,GBR,0,4,0,133.0,0,Y
103,5,20,19,1,2,1,0,0,AUT,0,1,0,135.0,1,N
8,10,44,28,1,2,2,0,0,ITA,0,4,0,155.0,1,Y
16,1,3,15,2,5,2,0,0,GBR,0,4,0,98.12,0,N
188,6,25,15,0,2,1,0,0,PRT,0,1,0,130.0,0,Y
130,8,35,24,0,2,2,0,0,FRA,0,1,0,100.8,1,N
4,7,27,3,1,0,1,0,0,ESP,0,1,0,98.0,1,N
81,3,14,27,1,0,2,0,0,GBR,0,1,1,96.3,0,N
20,2,6,3,0,3,2,0,0,PRT,0,1,0,91.0,0,Y
28,6,22,2,1,2,2,0,0,FRA,0,1,0,159.33,1,N
19,8,36,28,2,1,2,0,0,USA,0,1,0,113.0,2,N
0,7,31,29,0,1,2,0,1,DEU,0,1,1,121.0,2,N
17,4,17,25,0,2,2,0,0,GBR,0,5,0,210.0,0,Y
137,9,37,6,0,2,2,0,0,DEU,0,1,0,135.9,2,N
93,6,23,3,0,2,2,0,0,PRT,0,1,0,80.75,1,N
11,1,5,24,2,0,1,0,0,CHE,0,1,0,70.3,1,N
30,1,2,6,1,4,2,0,0,FRA,0,1,0,60.0,0,N
14,9,38,13,0,1,1,0,0,GBR,0,5,0,209.0,0,N
68,11,47,14,1,3,2,0,0,PRT,0,1,0,75.9,2,N
40,8,35,22,3,5,3,1,0,PRT,0,5,0,183.74,3,Y
83,9,40,30,0,1,2,0,0,ITA,0,1,0,112.2,0,N
193,10,42,15,0,3,2,0,0,Unknown,0,1,0,65.0,0,Y
396,6,26,25,2,0,2,0,0,DEU,0,1,0,122.4,1,N
16,8,32,8,2,2,2,0,0,ESP,0,1,0,62.0,0,N
140,11,47,18,0,3,2,0,0,PRT,0,1,1,75.0,0,N
75,5,20,16,0,3,2,0,0,IRL,0,1,0,126.0,0,N
76,4,14,7,2,4,2,0,0,FRA,0,4,0,126.0,2,N
9,5,19,9,0,4,2,0,0,DEU,0,4,0,159.0,0,N
5,9,38,19,1,1,2,0,0,PRT,0,1,0,135.5,0,N
66,12,53,31,2,3,3,0,0,BRA,0,1,0,111.92,0,N
75,9,38,17,1,1,2,0,0,DEU,0,1,0,80.75,0,N
6,12,50,10,0,2,1,0,0,DEU,0,1,0,0.0,0,N
26,4,14,7,0,1,2,0,0,CHN,0,1,0,126.0,0,Y
221,6,24,10,1,2,2,0,0,PRT,1,1,0,80.0,0,Y
0,2,6,6,1,1,2,0,0,ITA,0,1,0,117.0,0,N
2,6,25,17,0,1,2,0,0,PRT,0,1,0,141.0,1,N
12,5,23,29,2,0,1,0,0,NLD,0,1,0,97.02,1,N
162,8,35,27,0,1,2,0,0,PRT,0,1,0,96.3,0,Y
72,4,16,16,0,1,2,0,0,FRA,0,1,0,105.3,0,Y
100,10,42,16,0,1,2,0,0,PRT,0,1,0,108.0,0,Y
18,6,24,11,0,1,2,0,0,ESP,0,4,0,156.0,0,Y
116,3,12,24,0,2,2,0,0,FRA,0,1,0,100.0,1,N
114,2,9,26,2,4,2,0,0,PRT,0,1,2,85.0,1,N
145,6,24,17,2,5,2,0,0,GBR,0,1,0,117.0,0,Y
75,4,16,18,0,3,2,0,0,DEU,0,1,0,89.1,1,N
2,10,43,19,0,4,1,0,0,IND,0,1,0,134.0,0,N
128,7,30,24,1,3,2,1,0,PRT,0,1,0,93.6,1,Y
117,5,19,5,0,3,2,0,0,HRV,0,1,1,105.3,1,N
290,8,34,21,2,5,2,0,0,FRA,0,1,2,99.0,2,N
0,2,9,24,1,4,2,0,0,PRT,0,4,0,101.28,2,N
4,3,13,23,0,1,2,0,0,PRT,0,1,1,2.0,1,N
315,9,38,17,1,1,2,0,0,AUT,0,1,0,65.0,1,N
58,1,5,27,0,2,1,0,0,PRT,0,1,0,85.5,0,N
256,9,38,14,1,2,2,0,0,SWE,0,1,0,76.67,0,N
166,11,45,1,0,3,1,0,0,PRT,0,1,0,110.0,0,Y
297,8,33,10,1,1,2,0,0,PRT,1,1,0,62.0,0,Y
105,4,15,6,0,1,2,0,0,PRT,0,1,0,75.0,0,Y
288,4,17,21,0,2,2,0,0,PRT,0,1,0,62.0,0,Y
200,3,12,24,2,2,0,2,0,HUN,0,2,0,77.86,2,Y
16,8,32,8,2,2,2,0,0,ESP,0,1,0,62.0,0,N
45,10,44,29,0,3,2,0,0,PRT,1,1,0,70.0,0,Y
31,3,12,19,2,2,2,0,0,PRT,0,1,0,90.78,0,N
0,8,34,19,0,2,2,0,0,ESP,0,1,0,97.0,1,N
64,11,48,21,1,4,2,0,0,FRA,0,1,0,88.4,2,N
78,7,31,27,0,4,1,0,0,FRA,0,1,4,126.38,1,N
255,11,46,12,2,5,0,2,0,TUR,0,2,0,72.0,0,Y
102,10,42,16,0,2,2,0,0,DEU,0,1,0,109.0,0,N
57,6,23,3,0,1,2,0,0,CHN,0,4,0,126.36,0,Y
74,9,38,18,0,2,2,0,0,PRT,0,1,0,101.5,0,Y
82,5,18,3,0,3,2,0,0,USA,0,1,0,108.0,0,Y
9,9,38,15,0,1,2,0,0,USA,0,1,0,149.0,3,N
94,4,16,15,1,2,2,0,0,FRA,0,4,0,90.08,0,N
161,5,21,19,0,3,2,0,0,PRT,0,4,0,128.7,0,Y
2,11,46,11,0,1,1,0,0,FRA,0,5,0,90.0,0,N
8,2,7,15,0,2,1,0,0,FRA,0,1,0,65.0,0,N
43,12,53,27,0,1,2,0,0,ESP,0,1,0,74.88,0,N
82,4,15,12,0,3,2,0,0,PRT,0,1,0,105.0,1,N
10,7,28,9,1,1,1,0,0,PRT,0,1,1,73.0,0,N
215,11,48,21,1,1,1,0,0,CHE,0,1,1,75.0,0,N
56,6,24,8,0,1,2,0,0,PRT,0,1,0,120.0,0,Y
34,12,50,8,0,2,1,0,0,PRT,1,1,0,90.0,0,Y
19,5,21,23,0,1,2,0,0,GBR,0,1,0,140.0,1,N
7,2,8,15,1,4,3,0,0,FRA,0,1,0,115.0,1,N
12,7,30,23,2,3,2,0,0,NLD,0,1,0,131.6,1,N
136,3,12,21,0,3,2,0,0,AUT,0,1,0,93.6,1,Y
204,8,33,14,2,5,2,0,0,ITA,0,1,0,161.23,0,Y
25,8,33,18,0,1,2,0,0,PRT,0,1,1,140.0,2,N
18,10,44,29,2,1,2,0,0,ESP,0,1,0,120.0,1,Y
102,10,42,9,1,0,2,0,0,FRA,0,1,0,108.0,1,Y
27,4,16,15,2,6,3,0,0,EST,0,4,0,141.46,0,Y
32,11,47,20,0,2,1,0,0,PRT,0,1,0,73.0,0,N
31,1,3,20,0,2,2,0,0,FRA,0,4,0,154.75,2,N
108,5,18,4,2,3,2,0,0,FRA,0,1,0,108.0,0,N
5,11,45,2,0,2,1,0,0,FRA,0,4,0,94.0,1,N
72,10,44,28,0,3,2,0,0,ISR,0,1,0,85.67,0,N
61,8,34,23,0,1,2,0,0,DEU,0,1,0,125.0,1,N
1,8,34,20,1,1,2,0,0,FRA,0,1,0,139.0,0,N
295,4,18,28,0,2,2,0,0,PRT,0,1,0,62.0,0,Y
86,9,39,24,0,2,1,0,0,FRA,0,1,1,87.5,0,N
5,2,8,20,2,5,1,0,0,CHN,0,1,0,85.0,0,Y
2,5,21,19,0,1,2,0,0,GBR,0,1,0,0.0,2,N
188,6,25,15,0,2,1,0,0,PRT,0,1,0,130.0,0,Y
8,11,45,4,0,1,2,0,0,ESP,0,1,0,83.0,0,N
345,5,20,15,1,0,2,0,0,BRA,0,1,0,109.8,1,Y
197,6,23,3,1,2,2,0,0,PRT,1,1,0,80.0,0,Y
99,4,15,15,2,4,2,0,0,PRT,0,1,0,105.0,0,Y
0,9,36,5,0,1,2,0,0,ESP,0,1,0,143.0,1,N
226,6,25,15,0,4,2,0,0,PRT,1,4,0,149.0,1,Y
34,8,32,5,0,2,2,0,0,PRT,0,1,0,62.0,0,Y
10,12,49,3,2,3,2,0,0,CHE,0,1,0,89.59,0,N
31,8,32,6,2,1,2,0,0,CHN,0,1,0,125.1,0,Y
178,5,20,19,0,2,2,0,0,GBR,0,4,0,139.5,0,Y
206,3,13,26,2,1,2,0,0,CN,0,1,0,72.0,0,N
92,4,17,24,1,3,2,0,0,FRA,0,1,0,90.53,1,N
204,8,32,7,2,5,2,0,0,ITA,0,1,0,112.5,1,N
17,10,40,2,2,2,2,0,0,FRA,0,4,0,121.75,1,N
423,7,29,22,1,1,1,0,0,DEU,0,1,1,22.0,0,N
323,9,36,5,1,1,2,0,0,PRT,1,1,0,62.0,0,Y
223,6,25,14,0,2,2,0,0,PRT,1,1,0,135.0,0,Y
95,5,23,29,2,0,1,0,0,ISR,0,1,1,57.5,0,N
118,6,23,2,0,3,3,0,0,BEL,0,4,0,159.3,0,Y
14,12,52,22,0,3,2,0,0,TUR,0,1,0,84.67,0,Y
2,12,49,5,3,6,1,0,0,GBR,0,1,0,91.67,0,N
257,7,27,7,1,2,1,0,0,PRT,0,1,0,99.9,1,Y
74,9,38,18,0,2,2,0,0,PRT,0,1,0,101.5,0,Y
243,7,28,14,2,3,2,0,0,BEL,0,1,0,107.1,1,N
2,3,13,20,2,3,2,0,0,ESP,0,1,1,130.0,1,N
128,7,28,7,2,3,2,0,0,FRA,0,1,0,81.25,0,N
12,8,32,5,0,3,2,0,0,RUS,0,1,0,65.0,0,N
30,11,48,26,2,1,2,0,0,FRA,0,1,0,73.37,1,N
426,9,37,8,0,2,2,0,0,PRT,0,1,0,62.0,0,Y
158,3,13,27,1,1,2,0,0,ISR,0,1,0,95.0,1,N
0,12,50,8,0,3,2,0,0,BRA,0,1,0,128.0,0,N
330,9,37,12,2,2,2,0,0,PRT,1,1,0,62.0,0,Y
154,6,27,28,0,3,2,0,0,DEU,0,1,0,85.5,0,N
420,5,20,20,2,1,2,0,0,PRT,0,1,0,90.0,0,Y
451,6,25,20,0,1,2,0,0,PRT,0,1,0,90.0,0,Y
42,4,18,30,2,1,1,0,0,LTU,0,1,0,116.1,0,Y
261,10,40,1,1,1,2,0,0,PRT,0,1,0,96.0,0,Y
138,5,21,24,1,4,2,0,0,PRT,0,1,0,89.1,1,Y
101,4,15,9,1,1,2,0,0,ITA,0,1,0,96.3,1,Y
629,3,13,30,0,2,2,0,0,PRT,0,1,0,62.0,0,Y
63,7,31,30,2,1,3,0,0,BEL,0,4,0,189.33,1,Y
615,3,11,16,0,2,2,0,0,PRT,0,1,0,62.0,0,Y
0,9,39,21,0,1,2,0,0,PRT,0,1,0,120.0,0,N
58,1,5,27,0,2,1,0,0,PRT,1,1,0,80.0,0,Y
159,5,21,24,0,4,0,3,0,FRA,0,1,5,129.6,0,N
48,6,23,6,0,4,2,0,0,GBR,0,4,2,180.0,1,N
18,3,12,20,1,3,2,0,0,FRA,0,4,0,100.3,0,Y
10,5,21,16,1,0,2,0,0,ESP,0,1,0,103.0,0,N
68,4,13,1,2,5,2,0,0,CHE,0,4,0,162.0,0,Y
213,8,36,31,0,4,2,0,0,DEU,0,4,0,118.15,1,N
18,7,30,23,1,1,1,2,0,NLD,0,4,1,187.0,0,N
98,6,24,10,1,2,2,0,0,PRT,0,1,0,116.1,3,N
98,8,31,5,2,1,2,0,0,CN,0,4,0,155.0,1,Y
150,6,24,17,2,3,1,0,0,PRT,0,1,0,120.0,0,Y
293,8,32,6,0,2,2,0,0,PRT,1,1,0,62.0,0,Y
248,4,15,9,2,0,2,0,0,PRT,0,1,0,80.0,0,Y
92,10,41,7,0,4,2,0,0,PRT,0,1,0,70.0,0,N
21,4,16,16,2,3,2,0,0,DEU,0,5,0,174.0,0,Y
0,6,26,23,0,1,2,0,0,PRT,0,1,0,97.0,1,N
17,1,3,13,0,4,1,0,0,PRT,0,1,0,63.37,0,N
58,1,5,27,0,3,1,0,0,PRT,0,1,1,81.0,0,Y
1,4,14,5,0,3,2,0,0,BRA,0,4,0,157.5,2,N
53,11,46,14,2,2,2,0,0,FRA,0,4,0,60.0,0,N
192,7,31,31,1,2,2,0,0,FRA,0,4,2,144.67,0,N
93,10,44,29,1,1,2,0,0,ESP,0,2,1,81.5,2,N
170,5,19,8,1,1,2,0,0,DEU,0,4,0,130.5,0,Y
4,12,51,16,0,1,1,0,0,PRT,0,1,0,70.0,0,N
133,5,22,24,1,5,2,0,0,GBR,0,4,0,127.15,1,N
18,2,7,14,0,4,2,0,0,BRA,0,4,0,100.3,0,N
26,3,9,2,2,3,2,0,0,AUT,0,1,0,91.8,1,N
40,4,17,25,0,2,1,0,0,NLD,0,1,1,110.0,0,N
2,5,20,18,0,1,1,0,0,ESP,0,1,0,144.0,0,N
41,12,53,27,2,5,2,0,0,PRT,0,1,0,69.29,0,Y
135,6,22,1,1,3,2,0,0,ITA,0,1,0,85.0,0,N
248,4,15,9,2,0,2,0,0,DEU,0,1,0,80.0,1,N
0,9,39,20,2,0,2,0,0,ISR,0,1,1,133.0,0,N
23,3,11,12,1,0,2,0,0,USA,0,1,0,85.0,1,N
15,5,20,17,0,2,2,0,0,GBR,0,4,0,190.0,1,N
275,10,41,5,1,4,2,0,0,PRT,0,1,0,90.0,0,Y
189,1,1,1,2,4,3,0,0,BRA,0,4,0,115.6,2,Y
78,10,44,26,0,2,2,0,0,GBR,0,4,0,138.6,1,N
97,10,41,7,0,2,2,0,0,PRT,0,1,0,62.0,0,N
3,3,13,26,2,2,2,1,0,ITA,0,1,0,136.5,1,N
41,2,6,7,0,2,3,0,0,CHN,0,4,0,140.4,1,Y
49,3,14,27,2,2,2,0,0,BEL,0,4,0,107.1,1,N
111,4,14,5,0,3,2,0,0,FRA,0,1,0,99.0,1,N
56,5,23,30,1,0,1,0,0,PRT,0,1,0,120.0,0,Y
219,8,34,17,0,3,2,0,0,DEU,0,1,0,72.25,0,N
144,5,22,25,1,4,2,0,0,DEU,0,4,0,92.55,0,N
0,4,15,15,0,1,1,0,0,HRV,0,1,1,149.0,0,N
17,1,5,30,2,5,3,0,0,PRT,0,1,0,98.94,1,N
209,8,34,26,0,1,3,0,0,ISR,0,4,0,162.0,0,Y
132,7,30,23,0,1,2,0,0,PRT,0,1,0,90.0,0,N
14,2,9,26,2,2,2,1,0,ITA,0,1,0,108.8,0,Y
295,4,18,28,0,2,2,0,0,PRT,0,1,0,62.0,0,Y
34,12,50,8,0,2,1,0,0,PRT,1,1,0,90.0,0,Y
25,12,50,8,0,2,1,0,0,PRT,1,1,0,90.0,0,Y
321,9,36,3,0,2,2,0,0,PRT,1,1,0,62.8,0,Y
77,5,19,1,2,0,2,0,0,NLD,0,4,0,140.4,0,N
199,10,44,28,0,2,2,0,0,PRT,0,1,0,95.0,0,Y
226,6,24,16,1,2,2,0,0,PRT,0,1,0,105.0,0,Y
23,10,44,24,1,0,2,0,0,PRT,0,1,0,0.0,1,N
283,7,31,27,1,1,2,0,0,PRT,1,1,0,62.0,0,Y
174,8,33,17,0,1,2,2,0,DEU,0,6,0,244.0,0,N
168,9,37,11,0,2,1,0,0,PRT,0,1,1,50.0,0,N
88,5,19,3,0,3,2,0,0,PRT,0,1,0,117.0,1,N
0,6,26,21,0,1,2,0,0,ESP,0,1,1,121.5,1,N
34,3,12,13,2,0,2,0,0,FRA,0,1,0,71.1,0,N
97,5,22,30,0,2,2,0,0,FRA,0,4,0,144.0,1,N
56,3,10,3,1,3,2,0,0,ESP,0,1,0,72.0,0,N
2,2,8,22,0,1,1,0,0,PRT,0,1,0,89.0,2,N
4,2,8,19,0,1,1,0,0,PRT,0,1,0,81.0,0,N
233,7,28,12,0,3,2,0,1,BEL,0,1,0,80.1,0,N
35,6,27,27,1,2,2,0,0,PRT,0,1,0,76.5,0,N
197,5,18,1,1,3,2,0,0,FRA,0,1,0,117.0,2,Y
56,9,39,25,1,2,2,0,0,GRC,0,1,0,185.0,0,N
279,10,42,12,0,3,2,0,0,PRT,0,1,0,110.0,0,Y
186,7,31,28,0,2,2,0,0,GBR,0,1,0,96.3,1,N
8,1,4,20,0,4,2,0,0,GBR,0,1,2,79.0,2,N
13,8,35,27,0,1,2,2,0,FRA,0,6,2,153.0,2,N
137,3,10,6,1,1,2,0,0,ISR,0,1,0,80.0,1,N
28,6,23,9,1,2,2,0,0,FRA,0,1,0,181.0,0,N
52,9,37,4,1,0,2,0,0,CHN,0,1,0,98.82,0,Y
7,8,33,12,1,2,2,0,0,PRT,0,1,0,175.67,1,N
22,12,51,14,0,2,2,0,0,PRT,0,4,0,114.0,1,N
241,3,10,9,0,3,2,0,0,DEU,0,1,0,79.2,0,Y
396,4,17,25,0,1,2,0,0,PRT,0,1,0,90.0,0,Y
89,5,18,1,1,3,2,0,0,DEU,0,1,0,92.17,1,N
420,5,20,20,2,1,2,0,0,PRT,0,1,0,90.0,0,Y
55,8,35,26,0,2,2,0,0,ESP,0,1,0,62.0,0,N
188,6,25,15,0,2,1,0,0,PRT,0,1,0,130.0,0,Y
159,9,40,28,1,4,2,0,0,DEU,0,4,0,133.2,1,N
55,5,18,4,0,1,3,0,0,GBR,0,4,0,189.0,1,N
320,6,24,15,0,3,2,0,0,PRT,0,1,0,90.0,0,Y
44,9,40,27,0,2,2,0,0,EGY,0,4,0,149.4,1,Y
19,11,48,24,1,3,2,0,0,FRA,0,1,0,74.8,2,N
20,7,30,22,0,2,3,0,0,PRT,0,1,1,84.0,0,N
95,10,43,17,1,2,3,0,0,DEU,0,4,0,151.2,2,N
29,1,5,30,2,1,2,0,0,GBR,0,4,0,77.6,0,Y
186,5,22,30,0,2,2,0,0,PRT,0,1,0,130.0,0,Y
4,12,50,9,0,1,1,0,0,FRA,0,1,0,105.0,0,N
220,9,36,2,0,2,2,0,0,RUS,0,1,0,85.5,0,Y
0,8,34,16,0,1,2,2,0,PRT,0,6,0,283.0,3,Y
181,8,36,30,0,2,2,0,0,ITA,0,1,0,96.3,2,N
4,9,37,7,1,1,2,0,0,POL,0,1,0,133.5,2,N
9,8,33,13,1,1,2,0,0,FRA,0,1,0,165.0,3,N
2,4,17,28,0,1,2,0,0,PRT,0,1,0,144.0,2,Y
0,8,34,21,1,2,2,0,0,PRT,0,1,0,90.0,0,Y
120,3,10,11,2,2,2,0,0,DEU,0,1,0,88.4,3,N
201,6,24,14,0,4,2,0,0,PRT,0,1,0,110.0,0,Y
42,6,24,17,2,4,2,0,0,NOR,0,1,0,133.33,1,Y
386,10,44,23,2,0,2,0,0,DEU,0,1,0,115.0,1,N
119,1,1,2,1,5,2,0,0,DEU,0,4,0,96.9,2,N
170,8,32,8,0,4,3,0,0,FRA,0,1,0,130.5,0,Y
358,10,41,10,1,1,1,0,0,PRT,1,1,0,60.0,0,Y
92,7,27,8,2,2,2,0,0,DEU,0,1,0,120.0,2,N
6,2,8,23,0,1,2,0,0,GBR,0,1,0,88.0,1,N
48,5,20,18,1,3,2,0,0,CHE,0,1,0,160.0,1,Y
186,7,28,7,0,2,2,2,0,NOR,0,6,0,168.3,2,N
14,11,47,14,1,2,1,0,0,FRA,0,1,1,88.0,1,N
336,9,39,21,1,4,1,0,0,DEU,0,1,1,70.0,0,N
20,9,40,29,0,3,2,0,0,PRT,0,1,0,136.67,2,Y
37,10,43,22,0,2,2,0,0,ITA,0,4,0,105.3,2,N
59,5,21,22,1,1,2,0,0,PRT,0,1,0,128.0,0,Y
46,3,12,18,0,2,2,0,0,ESP,0,4,0,112.5,0,Y
6,5,20,19,0,2,2,0,0,FRA,0,1,0,160.0,2,N
213,8,33,18,0,2,2,0,0,GBR,0,1,1,100.8,1,Y
59,1,4,23,1,1,2,0,0,PRT,0,1,0,80.0,0,Y
97,11,45,5,1,1,2,0,0,GBR,0,1,0,79.2,1,Y
302,8,33,15,2,2,2,0,0,PRT,1,1,0,62.0,0,Y
148,8,32,9,0,4,2,0,0,PRT,0,1,0,71.1,1,Y
48,2,7,14,0,3,2,0,0,FRA,0,1,2,98.93,0,N
105,4,15,6,0,1,2,0,0,PRT,0,1,0,75.0,0,Y
97,10,45,30,2,1,2,0,0,FRA,0,1,0,79.8,1,Y
328,9,40,30,0,2,2,0,0,FRA,0,1,0,65.0,1,N
282,6,24,9,0,3,2,0,0,FRA,0,1,0,73.33,1,N
127,3,10,11,1,1,2,0,0,PRT,0,1,0,80.0,0,Y
12,2,7,7,2,0,2,1,0,PRT,0,6,0,136.5,1,N
313,4,17,29,2,1,2,0,0,PRT,0,1,0,90.0,0,Y
437,6,23,6,0,1,2,0,0,PRT,0,1,0,90.0,0,Y
1,2,6,6,0,1,2,0,0,PRT,0,4,0,102.0,0,N
288,4,17,21,0,1,1,0,0,PRT,0,1,0,59.0,0,Y
168,4,17,22,1,2,2,0,0,PRT,0,1,0,85.0,0,Y
27,7,31,27,1,1,2,0,0,PRT,0,1,0,62.0,0,Y
323,5,21,17,0,4,2,0,0,PRT,0,1,0,112.0,1,N
143,5,18,4,0,3,2,0,0,PRT,0,1,0,100.0,0,Y
164,10,40,2,0,2,1,0,0,PRT,0,1,0,100.0,0,N
73,3,13,30,1,3,2,0,0,IRL,0,1,0,104.4,1,N
0,8,34,17,0,1,2,0,0,AUS,0,1,0,150.0,1,N
42,11,49,29,0,3,2,0,0,PRT,0,1,0,90.0,0,Y
44,1,1,2,1,1,2,0,0,PRT,0,1,0,2.0,0,N
443,4,18,29,0,1,2,0,0,PRT,0,1,0,65.0,0,Y
1,3,12,14,1,1,1,0,0,PRT,0,1,0,106.0,0,N
79,4,15,9,2,2,2,0,0,IRL,0,1,0,99.0,2,Y
184,8,34,17,0,1,2,1,0,DEU,0,1,2,164.25,1,Y
48,8,35,24,0,4,3,0,0,NLD,0,4,0,168.3,1,N
29,5,23,31,0,3,2,0,0,GBR,0,1,0,82.61,1,N
17,3,14,30,0,3,2,0,0,BEL,0,1,1,149.0,1,N
123,11,45,6,1,2,2,0,0,SEN,0,1,0,60.0,0,N
44,11,47,19,1,1,2,0,0,DEU,0,1,0,98.8,1,Y
244,7,28,15,2,5,2,0,0,BEL,0,1,0,107.1,1,N
148,8,34,21,1,4,3,0,0,ESP,0,5,0,142.2,1,N
224,8,32,1,1,2,2,0,0,NLD,0,2,0,86.63,1,N
55,5,22,31,0,2,2,0,0,PRT,0,1,0,135.0,0,Y
222,4,17,29,2,1,2,0,0,DEU,0,1,0,99.0,3,N
412,8,35,25,0,2,2,0,0,PRT,0,1,0,62.0,0,Y
71,12,50,6,0,4,3,0,0,ESP,0,1,0,105.0,0,N
204,8,33,8,1,3,2,0,0,FRA,0,4,0,99.45,0,Y
26,3,10,3,0,3,2,0,0,ROU,0,1,0,67.87,0,N
132,7,27,2,2,5,2,1,0,ITA,0,1,0,114.75,2,Y
23,10,45,30,1,0,2,0,0,DEU,0,1,0,130.0,0,Y
286,10,44,28,0,2,2,0,0,PRT,0,1,0,65.0,0,Y
33,3,10,10,0,2,3,0,0,PRT,0,4,0,168.0,0,N
0,8,34,17,1,0,2,0,0,AGO,0,1,2,124.0,0,N
6,4,17,27,0,3,2,1,0,NLD,0,4,0,144.4,1,N
447,9,40,29,0,1,1,0,0,PRT,0,1,0,59.0,0,Y
70,11,45,1,0,4,3,0,0,BEL,0,4,0,126.0,1,Y
67,11,46,11,2,2,2,0,0,HRV,0,1,0,79.2,3,N
30,5,21,21,0,1,2,0,0,PRT,0,1,0,135.9,1,N
28,3,11,13,1,3,2,0,0,FRA,0,1,1,68.0,0,N
215,11,48,21,1,1,1,0,0,NOR,0,1,0,75.0,0,N
0,6,26,26,1,1,2,0,0,PRT,0,1,1,100.0,0,N
157,10,41,3,1,2,2,0,0,MEX,0,1,0,108.0,0,Y
223,6,25,14,0,2,2,0,0,PRT,1,1,0,135.0,0,Y
3,7,31,25,1,2,2,2,0,ESP,0,5,0,205.33,2,N
47,3,9,1,2,4,2,0,0,BRA,0,4,0,102.0,1,N
76,7,30,27,0,3,2,0,0,PRT,0,1,0,114.0,0,N
76,10,42,12,2,4,2,1,0,CHE,0,1,0,135.0,1,Y
359,10,42,14,2,3,2,0,0,DEU,0,1,0,78.0,1,N
17,9,38,14,1,3,2,0,0,ITA,0,4,0,74.61,1,N
288,4,17,21,0,2,2,0,0,PRT,0,1,0,62.0,0,Y
271,7,29,15,0,2,2,0,0,PRT,1,1,0,62.0,0,Y
81,3,13,25,2,2,2,0,0,PRT,0,1,0,65.0,0,Y
94,8,35,23,0,2,2,0,0,GBR,0,1,0,117.9,0,Y
355,10,41,7,0,2,2,0,0,PRT,1,1,0,62.0,0,Y
12,10,41,7,0,1,1,0,0,PRT,0,1,0,65.0,0,N
318,8,36,31,1,1,2,0,0,PRT,1,1,0,62.0,0,Y
80,4,14,8,2,1,1,2,0,FRA,0,1,0,122.0,0,N
32,10,44,25,0,3,2,0,0,FRA,0,1,0,85.0,1,N
45,10,44,29,0,3,2,0,0,PRT,1,1,0,70.0,0,Y
15,6,25,14,0,1,1,0,0,CHE,0,1,0,89.0,1,N
21,8,35,22,1,3,2,2,0,ESP,0,6,0,231.0,0,Y
57,4,16,11,1,2,2,0,0,POL,0,1,0,105.3,0,Y
65,1,4,24,1,5,2,0,0,SGP,0,4,0,96.9,0,Y
3,10,44,26,0,3,2,0,0,FRA,0,1,0,110.83,1,N
281,4,16,14,0,2,2,0,0,PRT,0,1,0,62.0,0,Y
31,8,35,22,1,2,2,0,0,ESP,0,1,1,147.72,0,N
350,6,25,17,0,2,2,0,0,PRT,0,1,0,140.0,0,Y
91,10,44,23,2,4,1,0,0,FRA,0,4,1,132.6,1,N
207,7,28,14,2,2,2,0,0,NLD,0,1,0,89.1,0,Y
14,8,34,16,0,2,2,0,0,FRA,0,1,2,143.0,1,N
0,2,5,4,0,1,0,2,0,PRT,0,1,1,6.0,0,N
0,11,49,30,1,0,1,0,0,PRT,0,5,0,0.0,0,Y
103,4,17,19,0,2,1,0,0,PRT,0,1,0,115.0,0,Y
7,2,8,18,0,1,1,0,0,PRT,0,1,0,66.0,0,Y
1,8,32,6,2,3,1,0,0,DEU,0,1,0,67.0,1,N
41,10,43,21,0,2,2,0,0,ESP,0,1,0,160.0,1,Y
25,6,26,27,0,1,2,0,0,PRT,0,1,0,100.0,0,Y
70,5,20,16,0,1,1,0,0,PRT,0,1,1,110.0,0,Y
129,4,16,22,1,1,2,0,0,GBR,0,4,0,130.5,2,N
373,4,14,5,0,3,2,0,0,PRT,0,1,0,90.0,0,Y
13,3,11,14,0,3,2,0,0,PRT,0,4,0,75.0,1,N
18,5,21,22,1,1,2,0,0,PRT,0,1,0,120.0,1,N
212,6,23,9,0,2,2,0,0,GBR,0,1,0,99.0,1,N
43,9,38,16,0,2,2,0,0,PRT,0,1,0,130.0,0,Y
30,3,14,30,0,2,2,0,0,NLD,0,1,0,85.5,0,N
134,2,8,25,0,1,1,0,0,PRT,0,1,0,75.0,0,Y
11,3,11,13,1,1,2,0,0,PRT,0,1,0,105.0,0,Y
183,7,28,4,1,3,2,0,0,DEU,0,1,1,98.25,1,Y
161,8,33,18,2,4,2,0,0,GBR,0,1,0,71.1,1,N
47,8,33,16,0,1,1,2,0,GBR,0,2,1,145.0,0,N
40,6,24,11,2,2,1,0,0,PRT,0,1,0,110.0,1,Y
105,5,20,19,0,2,1,0,0,PRT,0,1,0,160.0,0,Y
16,9,39,25,2,3,1,0,0,ITA,0,1,2,170.0,0,N
60,6,25,18,2,1,2,0,0,GBR,0,1,0,80.1,0,N
17,9,39,26,2,1,2,0,0,ITA,0,1,2,170.0,0,N
55,5,22,31,0,2,2,0,0,PRT,0,1,0,135.0,0,Y
162,8,34,14,2,5,2,1,0,ITA,0,1,0,120.82,1,N
100,10,44,24,1,3,2,1,0,DEU,0,6,0,221.18,0,N
42,10,41,6,0,1,2,0,0,PRT,0,1,1,86.4,1,Y
0,8,33,8,1,0,2,0,0,PRT,0,1,0,93.81,0,N
13,9,38,12,1,1,2,1,0,PRT,0,4,0,202.54,1,Y
105,4,15,6,0,1,2,0,0,PRT,0,1,0,75.0,0,Y
91,5,20,10,0,2,2,0,0,PRT,0,1,0,75.0,0,Y
62,4,15,9,2,0,2,0,0,FRA,0,1,0,99.0,1,N
9,8,34,15,1,2,2,0,0,DEU,0,1,0,159.0,2,N
126,8,33,16,2,6,2,0,0,ITA,0,4,0,155.0,1,Y
221,8,32,10,0,2,2,1,0,GBR,0,1,0,148.5,1,N
68,5,20,14,2,1,1,0,0,PRT,0,1,1,110.0,0,Y
70,8,31,5,2,1,3,0,0,ESP,0,7,0,270.0,1,N
71,5,20,10,0,3,2,0,0,DEU,0,1,0,126.0,1,N
73,12,50,5,1,2,3,0,0,ITA,0,4,0,140.0,2,Y
19,11,48,24,1,3,2,0,0,FRA,0,1,0,74.8,2,N
141,8,33,10,0,2,2,0,0,ITA,0,1,0,114.3,1,N
72,12,53,31,0,1,2,0,0,PRT,1,1,0,276.53,1,Y
2,11,48,22,0,4,2,0,0,FRA,0,1,0,97.54,1,N
278,6,24,14,0,4,2,0,0,DEU,0,1,1,110.0,2,N
145,7,27,4,2,1,2,0,0,PRT,0,1,0,76.5,2,Y
101,4,15,4,1,2,2,0,0,PRT,0,1,0,80.0,0,Y
30,6,26,19,2,2,2,0,0,DEU,0,1,0,85.5,0,N
34,8,32,5,0,2,2,0,0,PRT,0,1,0,62.0,0,Y
315,9,38,17,1,1,2,0,0,PRT,0,1,0,65.0,0,Y
133,5,23,29,2,2,2,0,0,BEL,0,1,0,99.66,2,N
23,4,17,28,1,2,2,2,0,ESP,0,6,0,225.0,1,Y
276,5,20,13,2,3,2,0,0,PRT,0,1,0,61.0,0,Y
195,7,29,10,2,2,2,2,0,PRT,0,2,4,81.81,1,N
39,3,12,24,2,2,2,0,0,BRA,0,1,0,96.05,1,N
10,7,28,9,2,2,2,0,0,IRN,0,1,0,130.0,1,Y
230,6,24,5,2,0,2,0,0,PRT,1,2,0,89.0,1,Y
113,2,9,25,0,3,2,0,0,PRT,1,1,0,75.0,0,Y
13,7,27,3,1,0,2,0,0,DEU,0,1,1,120.0,1,N
9,9,40,27,2,1,2,0,0,ITA,0,1,0,155.08,1,N
13,11,47,15,1,0,1,0,0,PRT,0,1,0,65.0,0,N
211,5,21,20,0,2,2,0,0,PRT,0,1,0,100.0,0,Y
139,5,21,24,0,3,2,0,0,BEL,0,1,1,128.0,1,N
268,7,27,6,0,2,2,0,0,NLD,0,2,0,106.4,0,N
122,4,15,9,2,1,2,0,0,ESP,0,1,0,99.0,1,Y
102,10,42,16,0,2,2,0,0,DEU,0,1,0,109.0,0,N
115,4,18,29,2,3,2,0,0,POL,0,4,1,104.55,1,Y
92,3,11,15,0,3,2,0,0,PRT,0,1,0,85.0,0,Y
112,5,20,20,1,1,2,0,0,ISR,0,1,0,126.0,0,N
0,3,10,4,0,1,2,0,0,PRT,0,1,0,89.0,1,N
559,1,3,19,0,2,2,0,0,PRT,0,1,0,62.0,0,Y
132,11,48,25,0,2,2,0,0,NLD,0,1,0,79.2,0,N
66,3,10,10,1,2,2,0,0,FRA,0,1,0,80.0,1,N
13,12,51,17,0,2,1,0,0,BRA,0,1,0,79.0,1,N
115,5,20,18,0,3,2,0,0,PRT,0,1,0,190.0,0,Y
323,9,36,5,1,1,2,0,0,PRT,1,1,0,62.0,0,Y
13,9,39,20,0,3,1,0,0,PRT,0,4,1,110.0,0,Y
113,5,20,20,2,1,1,0,0,PRT,0,1,0,190.0,0,Y
164,6,25,21,2,6,2,2,0,POL,0,6,2,246.38,0,Y
58,4,17,22,0,2,2,0,0,CZE,0,4,2,118.8,0,Y
20,10,41,4,2,4,2,0,0,ISR,0,1,0,107.0,1,N
56,6,24,8,0,1,2,0,0,PRT,0,1,0,120.0,0,Y
104,8,36,30,2,1,2,0,0,ESP,0,1,0,90.0,0,Y
34,4,16,16,2,2,3,0,0,FRA,0,4,0,135.45,1,N
115,2,9,27,2,6,1,0,0,PRT,0,1,1,64.75,0,Y
276,7,30,20,1,1,2,0,0,PRT,1,1,0,62.0,0,Y
5,1,5,31,0,5,2,0,0,FRA,0,1,0,54.71,0,N
64,2,6,10,0,2,2,0,0,FRA,0,4,0,104.4,0,Y
146,1,1,2,3,5,2,0,0,DEU,0,4,0,97.75,2,N
132,7,28,6,2,5,3,0,0,IRL,0,1,0,96.9,0,N
0,11,48,22,1,0,2,0,0,MAR,0,1,0,89.0,0,N
213,6,24,7,0,3,2,0,0,PRT,0,1,0,130.0,0,Y
193,1,4,26,1,3,3,0,0,GBR,0,1,1,68.0,0,N
38,7,27,2,2,0,2,0,0,ESP,0,1,0,119.0,1,Y
2,3,13,24,0,2,3,0,0,ESP,0,1,1,184.67,2,N
34,2,8,19,4,9,2,0,0,AGO,0,1,2,84.69,0,Y
4,5,22,28,2,2,1,0,0,GRC,0,4,0,110.0,0,N
153,8,32,3,1,2,2,0,0,PRT,1,1,0,60.0,0,Y
101,4,18,28,2,3,2,0,0,PRT,0,1,0,101.15,1,N
18,7,29,22,0,1,2,0,0,DNK,0,1,0,128.0,1,N
123,8,35,21,1,0,2,0,0,DEU,0,4,0,146.7,0,N
24,12,49,5,2,1,2,0,0,PRT,1,1,0,50.0,0,Y
138,8,34,24,1,3,2,0,0,IRL,0,4,0,155.0,1,Y
134,12,49,4,2,2,2,0,0,PRT,0,1,0,65.0,0,Y
1,2,7,18,0,1,1,0,0,PRT,0,1,0,0.0,0,Y
17,12,50,8,1,3,2,0,0,FRA,0,1,0,91.38,0,N
67,4,18,26,0,3,3,0,0,FIN,0,1,0,121.1,1,N
48,9,37,6,1,5,2,2,0,AUS,0,6,0,195.3,2,N
25,11,49,29,0,1,1,0,0,ESP,0,1,0,75.2,0,N
213,8,35,28,1,3,1,0,0,PRT,0,1,1,104.0,0,N
92,6,25,19,1,3,2,0,0,LUX,0,1,0,126.0,0,Y
15,2,6,11,1,1,2,0,0,ESP,0,1,0,88.0,0,Y
9,10,43,22,0,1,2,2,0,PRT,0,6,0,174.25,0,N
41,2,6,10,2,2,2,0,0,ITA,0,1,0,90.1,0,N
0,10,44,30,0,1,2,0,0,PRT,0,1,0,95.0,0,Y
176,8,32,10,2,3,2,0,0,GBR,0,5,0,103.5,0,N
171,8,32,5,2,2,2,0,0,ITA,0,1,0,99.45,0,Y
95,4,15,5,0,2,1,0,0,USA,0,1,0,72.8,0,Y
1,2,5,2,0,1,1,0,0,PRT,0,4,0,118.0,1,N
43,3,11,13,1,3,2,0,0,FRA,0,1,0,91.8,3,N
174,10,41,10,1,1,2,0,0,PRT,0,1,0,70.0,0,Y
91,6,25,18,1,1,2,0,0,FRA,0,1,0,116.1,0,Y
332,4,16,22,1,1,3,1,0,BEL,0,4,0,141.3,0,Y
61,6,23,1,0,4,3,0,0,ITA,0,4,4,159.3,1,Y
61,10,44,26,1,1,2,0,0,PRT,0,1,0,72.24,1,N
219,10,44,29,2,1,2,0,0,PRT,0,1,0,96.3,1,Y
288,5,19,5,0,3,2,0,0,FRA,0,1,0,65.0,0,N
62,11,48,24,0,1,1,0,0,PRT,0,1,1,70.0,0,N
168,7,28,9,2,1,3,0,0,NOR,0,4,0,121.68,0,N
302,8,33,15,2,2,2,0,0,PRT,1,1,0,62.0,0,Y
180,10,40,1,2,1,2,0,0,IRL,0,1,0,108.9,0,Y
10,1,4,27,2,2,2,0,0,ESP,0,1,0,63.2,1,N
0,12,53,26,1,0,2,0,0,MEX,0,4,0,83.16,1,N
22,7,28,13,2,3,3,0,0,ARG,0,4,0,162.0,1,Y
23,10,43,18,2,3,3,0,0,FRA,0,4,0,105.0,1,N
235,5,21,26,1,2,2,0,0,GBR,0,1,0,142.1,1,Y
13,2,8,18,0,2,1,0,0,PRT,0,1,0,94.0,1,N
141,8,35,22,1,2,2,1,0,FRA,0,1,2,94.56,0,N
325,10,43,17,1,2,2,0,0,PRT,1,1,0,95.0,0,Y
216,8,36,30,0,2,2,0,0,GBR,0,1,0,80.75,0,N
573,2,5,2,0,2,2,0,0,PRT,0,1,0,62.0,0,Y
239,10,42,17,0,1,2,0,0,PRT,1,1,0,60.0,0,Y
222,4,17,29,2,1,2,0,0,ESP,0,1,0,99.0,0,Y
59,7,28,10,1,1,2,0,0,FRA,0,1,0,149.0,1,N
58,6,25,21,0,4,2,0,0,NLD,0,1,0,135.0,1,N
39,8,33,10,1,1,2,0,0,PRT,0,1,0,62.0,1,N
9,6,25,12,2,1,2,0,0,ESP,0,1,0,123.33,0,Y
81,7,27,7,2,3,2,0,0,BEL,0,1,0,120.0,1,N
164,10,40,2,0,2,1,0,0,PRT,0,1,0,100.0,0,N
30,2,8,24,2,2,3,0,0,IRN,0,5,0,125.8,1,N
69,6,25,12,2,4,1,0,0,PRT,0,1,0,120.0,0,Y
29,10,44,29,0,3,2,0,0,PRT,1,1,0,126.0,3,Y
65,1,2,12,0,2,2,0,0,DEU,0,1,1,75.0,0,N
89,1,4,25,0,1,2,0,0,ASM,0,1,0,72.07,1,N
104,8,36,30,2,1,2,0,0,ESP,0,1,0,90.0,0,Y
67,7,30,20,0,2,3,0,0,DEU,0,4,0,142.2,1,Y
5,3,13,23,0,3,2,0,0,ESP,0,1,0,133.0,0,N
33,7,27,8,1,1,2,0,0,BRA,0,1,0,86.63,0,N
26,8,33,8,1,0,1,0,0,PRT,0,1,0,65.0,0,N
0,5,19,10,0,1,1,0,0,NLD,0,1,2,285.0,0,N
170,10,41,3,1,3,2,0,0,NLD,0,1,1,108.9,2,N
101,5,19,6,0,2,2,0,0,ESP,0,1,0,126.9,0,Y
301,8,33,14,0,2,2,0,0,PRT,1,1,0,101.5,0,Y
6,5,20,14,2,1,1,0,0,MEX,0,1,0,110.0,0,N
309,5,19,13,2,3,2,0,0,PRT,0,1,0,89.1,0,Y
169,5,18,6,2,1,2,0,0,GBR,0,1,0,117.0,0,Y
426,9,37,8,0,2,2,0,0,PRT,0,1,0,62.0,0,Y
118,8,35,26,0,4,2,0,0,PRT,0,1,0,58.9,1,Y
50,11,47,13,2,1,2,0,0,BEL,0,4,0,114.0,2,Y
117,2,10,29,1,1,1,0,0,LBY,0,1,2,75.0,0,N
20,8,34,19,0,1,2,2,0,ESP,0,6,0,240.0,1,N
5,1,2,10,0,2,1,0,0,PRT,1,1,0,65.0,1,N
103,3,10,5,2,2,2,0,0,USA,0,1,0,72.94,0,N
162,7,28,15,2,5,1,0,0,LUX,0,1,0,98.1,0,Y
3,7,28,9,0,1,2,0,0,PRT,0,1,0,139.0,1,N
177,6,23,3,0,2,2,0,0,PRT,0,1,0,100.0,0,Y
17,6,25,22,1,3,2,0,0,ARE,0,1,0,160.0,1,Y
25,1,1,6,1,2,2,0,0,IRL,0,1,2,106.0,1,Y
140,11,47,18,0,3,1,0,0,PRT,0,1,1,65.0,0,N
316,5,22,26,0,3,2,0,0,AUT,0,1,0,110.0,0,N
38,6,26,20,1,3,2,0,0,PRT,0,1,0,99.9,2,N
0,6,26,29,0,2,3,0,0,USA,0,4,0,149.4,1,Y
52,10,44,29,1,1,2,0,0,ESP,0,1,0,99.0,1,Y
53,3,13,30,0,3,2,0,0,FRA,0,4,0,91.47,1,N
0,6,22,3,0,1,1,0,0,TUR,0,1,0,170.0,0,N
52,1,1,6,2,2,2,0,0,ITA,1,1,0,88.4,2,Y
3,3,10,9,0,1,2,0,0,PRT,0,1,0,86.4,0,N
279,10,42,12,0,3,2,0,0,PRT,0,1,0,110.0,0,Y
98,11,48,23,1,2,2,0,0,IND,0,1,1,75.0,1,N
7,2,7,15,0,1,2,0,0,ESP,0,4,0,123.0,1,N
46,12,52,22,4,12,2,0,0,AGO,1,1,0,72.25,0,Y
23,9,38,11,2,0,2,0,0,RUS,0,1,1,100.1,2,N
48,2,9,27,1,1,2,0,0,GBR,0,1,0,95.4,1,N
27,7,31,27,1,1,2,0,0,PRT,0,1,0,62.0,0,Y
42,2,9,26,0,2,2,0,0,PRT,0,1,0,74.0,0,N
26,6,26,23,0,1,2,0,0,PRT,0,1,0,101.0,0,Y
41,10,41,3,1,2,1,0,0,CHN,0,1,0,105.3,0,Y
130,6,23,8,0,3,3,0,0,GBR,0,4,0,189.0,3,N
172,4,17,27,0,3,2,0,0,DEU,0,4,0,95.46,1,N
151,3,12,20,1,1,2,0,0,PRT,0,1,0,95.0,2,N
326,8,34,26,1,1,2,0,0,DEU,0,1,0,89.1,0,N
17,12,50,8,0,3,2,0,0,GBR,0,1,0,92.67,0,N
81,8,33,13,2,3,2,0,0,ESP,0,1,1,117.9,1,N
16,5,18,3,0,2,2,0,0,DEU,0,1,0,140.0,1,Y
51,6,23,5,1,3,2,0,0,BEL,0,4,0,170.0,1,N
386,10,44,23,2,0,2,0,0,DEU,0,1,0,115.0,1,N
16,12,50,10,4,7,2,2,0,CHN,0,6,0,133.6,0,Y
183,5,20,16,0,4,2,0,0,FRA,0,1,0,107.33,1,Y
358,6,27,30,0,2,2,0,0,PRT,0,1,0,62.0,0,Y
281,4,16,14,0,2,2,0,0,PRT,0,1,0,62.0,0,Y
365,10,42,17,1,1,2,0,0,PRT,1,1,0,62.8,0,Y
0,2,7,17,0,1,2,0,0,PRT,0,1,0,99.0,1,N
104,5,19,5,2,3,2,0,0,DEU,0,1,0,80.75,0,N
15,3,10,4,0,2,2,0,0,PRT,0,4,0,88.8,0,Y
29,8,35,30,0,2,1,0,0,DEU,0,1,1,95.0,0,N
479,7,29,18,0,3,2,0,0,PRT,0,1,0,90.0,0,Y
39,8,33,10,1,1,2,0,0,PRT,0,1,0,62.0,0,N
304,8,34,17,1,1,2,0,0,PRT,1,1,0,62.0,0,Y
40,9,38,19,2,1,2,0,0,AUS,0,1,0,72.76,0,N
22,11,46,14,2,1,2,0,0,BEL,0,1,0,87.0,1,N
336,9,38,18,0,2,2,0,0,PRT,1,1,0,101.5,0,Y
190,7,28,10,2,2,2,0,0,PRT,1,4,0,65.29,0,Y
28,3,9,2,0,3,2,0,0,PRT,0,1,0,95.0,0,Y
186,8,32,1,2,5,2,1,0,ITA,0,1,1,164.25,2,Y
0,4,15,15,0,1,2,0,0,PRT,0,4,4,144.0,0,N
78,5,19,9,1,5,2,0,0,ARG,0,1,0,132.0,1,N
29,11,49,30,2,4,2,0,0,ITA,0,1,0,104.0,1,N
87,9,39,25,2,3,2,0,0,PRT,0,1,0,170.0,0,Y
407,5,18,6,2,1,2,0,0,PRT,0,1,0,90.0,0,Y
225,8,32,11,2,2,2,0,0,BEL,0,1,0,130.5,2,N
161,8,34,16,0,2,3,0,0,PRT,0,4,6,82.35,2,N
13,7,30,23,1,0,2,0,0,GBR,0,1,0,140.0,0,Y
5,7,31,25,1,0,1,0,0,PRT,0,1,0,65.0,1,N
41,12,53,27,2,5,2,0,0,PRT,0,1,0,69.29,0,Y
245,10,44,28,1,2,3,0,0,FRA,0,1,0,128.7,0,Y
13,10,44,28,0,2,2,0,0,NLD,0,1,0,135.0,1,N
232,4,17,28,0,2,2,0,0,CZE,0,4,0,145.0,2,N
161,8,34,14,2,3,3,0,0,ESP,0,4,1,145.85,2,N
44,1,1,2,2,1,2,0,0,PRT,0,1,0,98.0,0,N
79,5,22,24,0,2,2,0,0,FRA,0,1,0,116.1,1,N
54,11,46,11,0,2,2,0,0,GBR,0,1,0,79.2,0,Y
162,5,18,6,2,1,1,0,0,PRT,0,1,0,80.0,0,Y
12,9,38,14,1,3,1,0,0,PRT,0,1,0,65.0,0,Y
34,4,16,16,2,2,2,0,0,DEU,0,1,0,115.2,0,N
256,10,43,16,2,3,2,0,0,DEU,0,1,0,100.75,0,N
137,3,10,6,1,1,2,0,0,ISR,0,1,0,80.0,1,N
312,8,32,6,2,4,1,0,0,GBR,0,1,0,107.1,1,N
27,8,33,14,1,2,2,0,0,IRL,0,1,0,160.0,3,N
169,4,17,22,2,2,2,0,0,PRT,0,1,0,106.0,0,Y
0,8,33,11,0,0,2,0,0,PRT,0,1,1,0.0,0,N
60,2,6,8,0,4,2,0,0,GBR,0,1,2,74.8,3,N
69,9,39,22,0,2,2,0,0,ITA,0,1,0,106.0,0,N
148,5,19,5,0,3,2,0,0,DEU,0,1,0,105.3,0,N
14,3,9,2,0,3,2,0,0,PRT,0,1,0,79.2,1,Y
113,5,20,20,2,1,1,0,0,PRT,0,1,0,190.0,0,Y
4,7,31,31,1,1,1,0,0,PRT,0,1,0,65.0,1,N
102,4,15,14,0,1,2,0,0,DEU,0,4,1,139.5,1,N
270,7,27,7,0,2,2,0,0,ITA,0,4,0,154.8,1,Y
146,8,32,1,1,5,2,1,0,ESP,0,1,0,116.17,2,Y
263,9,39,21,1,0,1,0,0,PRT,0,1,1,59.5,0,N
66,3,12,13,2,5,2,0,0,ESP,0,1,0,85.38,0,Y
41,3,9,2,0,3,2,0,0,GBR,0,1,0,70.0,0,N
204,3,10,5,1,0,2,0,0,BRA,0,1,0,90.0,1,Y
99,5,18,4,1,3,2,0,0,IRL,0,4,0,135.0,2,N
83,9,40,30,0,1,2,0,0,PRT,0,1,0,112.2,0,N
115,4,15,8,0,2,2,0,0,FRA,0,1,1,65.0,1,N
348,6,22,3,2,1,2,0,0,PRT,0,1,0,90.0,0,Y
24,3,11,15,1,4,2,0,0,FRA,0,4,0,139.4,0,N
0,1,3,16,1,1,1,0,0,IRL,0,1,5,93.0,0,N
60,11,47,18,0,2,2,0,0,ESP,0,1,0,75.0,0,N
51,2,9,25,0,3,2,0,0,GBR,0,1,0,80.3,1,N
87,9,39,25,2,3,2,0,0,PRT,0,1,0,170.0,0,Y
56,11,45,6,1,2,2,0,0,ESP,0,4,0,60.0,1,N
47,5,20,15,1,2,2,0,0,PRT,0,1,0,164.0,2,N
10,11,46,10,0,1,1,0,0,PRT,0,1,0,120.0,0,Y
1,2,9,25,0,1,1,0,0,PRT,0,1,0,80.0,0,N
35,12,52,20,0,2,2,0,0,JPN,0,1,0,93.6,0,Y
187,5,21,21,2,1,2,0,0,BEL,0,1,0,159.9,3,N
74,1,1,7,2,3,1,0,0,USA,0,4,1,67.0,2,N
208,5,21,24,0,2,2,0,0,DEU,0,1,0,114.4,0,N
23,9,36,4,2,2,2,1,0,PRT,0,4,0,110.5,1,N
230,9,37,6,0,5,2,0,0,PRT,0,1,0,137.0,0,Y
56,6,24,8,0,1,2,0,0,PRT,0,1,0,120.0,0,Y
279,7,30,23,0,2,2,0,0,PRT,1,1,0,62.8,0,Y
0,7,27,3,1,1,1,0,0,PRT,0,1,2,75.0,2,N
140,6,25,15,0,4,2,0,0,CHE,0,1,0,80.75,0,N
79,10,41,10,1,1,2,0,0,ESP,0,1,0,62.0,1,N
5,3,9,1,0,1,1,0,0,PRT,1,1,1,89.0,1,N
99,4,15,15,2,4,2,0,0,PRT,0,1,0,105.0,0,Y
233,6,25,23,1,2,2,0,0,PRT,0,1,0,105.0,0,Y
175,7,29,17,1,2,3,0,0,BEL,0,4,0,152.1,0,Y
440,9,39,22,0,1,1,0,0,PRT,0,1,0,59.0,0,Y
0,8,32,8,0,1,2,0,0,PRT,0,1,0,85.0,0,N
2,2,8,23,0,1,1,0,0,PRT,0,1,1,85.0,0,N
85,1,4,22,0,2,2,0,0,GBR,0,4,0,66.6,0,N
1,9,39,22,1,3,3,0,0,BRA,0,4,0,198.0,0,N
0,10,41,3,1,0,1,0,0,PRT,0,1,0,65.0,0,N
245,6,25,17,0,2,2,0,0,PRT,0,1,0,75.0,0,Y
68,4,18,24,2,0,2,1,0,PRT,0,1,0,117.0,2,N
365,7,28,7,0,2,2,0,0,PRT,0,1,0,62.0,0,Y
74,9,38,18,0,2,2,0,0,PRT,0,1,0,109.0,0,N
8,2,8,16,0,2,2,0,0,ESP,0,1,0,88.0,1,N
81,3,13,23,1,4,2,0,0,SWE,0,4,0,97.75,1,Y
451,5,21,16,1,2,2,0,0,PRT,0,1,0,60.0,0,Y
158,5,22,24,0,2,1,0,0,PRT,0,1,0,130.0,0,Y
10,9,36,1,0,1,3,0,0,PRT,0,1,0,124.0,2,N
265,7,28,9,0,2,2,0,0,PRT,1,1,0,62.0,0,Y
32,8,34,20,0,1,2,0,0,GBR,0,1,2,96.33,1,N
167,3,9,2,0,3,2,0,0,FRA,0,1,0,75.0,0,N
168,4,17,29,2,1,2,0,0,DEU,0,1,0,117.0,2,N
39,8,33,14,0,2,2,0,0,DEU,0,1,0,109.0,0,N
0,8,31,3,0,2,2,0,0,RUS,0,1,0,111.6,1,N
148,8,32,7,1,2,2,1,0,CHE,0,1,0,148.5,1,N
61,9,36,5,2,2,2,0,0,ESP,0,1,2,62.0,0,N
12,6,25,20,0,1,2,0,0,DEU,0,1,0,160.0,1,N
8,12,50,9,0,1,1,0,0,FRA,0,1,0,79.0,0,N
130,6,27,28,1,5,3,0,0,BRA,0,1,4,125.51,2,N
167,9,38,16,0,4,2,0,0,PRT,0,4,0,102.0,0,N
75,5,20,9,1,1,2,0,0,LUX,0,1,0,116.1,0,Y
451,7,28,12,0,3,1,0,0,AUS,0,1,1,91.33,1,N
13,10,40,1,0,3,2,0,0,PRT,0,1,0,176.67,1,N
183,5,19,11,1,3,2,0,0,PRT,0,1,0,130.0,0,Y
290,8,32,3,1,3,2,0,0,PRT,1,1,0,62.0,0,Y
43,1,4,21,0,3,2,0,0,BEL,0,1,0,60.0,0,N
54,4,14,5,0,2,2,0,0,PRT,0,1,0,110.0,0,Y
174,9,39,22,0,3,1,0,0,DEU,0,1,0,95.67,0,N
52,3,11,13,1,1,1,0,0,PRT,0,1,0,80.0,0,Y
311,8,35,24,1,1,2,0,0,PRT,1,1,0,62.0,0,Y
218,8,32,6,0,1,2,0,0,FRA,0,1,0,96.3,1,Y
44,9,37,10,0,2,2,0,0,PRT,0,1,0,126.0,0,Y
44,9,37,10,0,2,2,0,0,PRT,0,1,0,126.0,0,Y
46,6,25,20,0,1,2,0,0,PRT,0,1,0,90.0,0,Y
1,8,34,18,0,1,2,0,0,PRT,0,1,0,114.0,0,Y
61,11,46,14,2,1,2,0,0,TUR,0,4,0,81.9,2,N
186,7,29,22,0,1,2,0,0,PRT,0,1,0,89.0,1,N
251,3,13,22,0,3,1,0,0,PRT,0,1,0,90.0,0,Y
164,10,43,16,1,0,1,0,0,PRT,0,1,0,115.0,0,Y
5,10,43,19,1,2,2,0,0,POL,0,1,0,90.0,0,N
1,2,10,28,2,1,1,0,0,PRT,0,1,0,60.0,0,Y
131,5,20,13,0,1,2,0,0,GBR,0,4,0,114.3,1,Y
64,4,15,4,1,3,2,0,0,PRT,0,1,0,107.25,0,N
111,6,22,2,1,2,2,0,0,BEL,0,1,0,126.0,0,Y
6,3,10,6,1,1,1,0,0,ESP,0,1,0,80.0,0,N
12,6,25,18,1,0,2,0,0,PRT,0,1,0,160.0,1,Y
105,5,20,17,1,4,2,0,0,NOR,0,1,0,120.6,0,Y
71,6,25,14,0,3,1,0,0,PRT,0,1,0,120.0,0,Y
3,2,6,4,0,1,2,0,0,CHE,0,1,0,93.0,1,N
0,5,20,9,1,0,2,0,0,ITA,0,1,0,89.0,0,N
312,8,35,25,0,4,2,0,0,PRT,1,1,0,62.0,0,Y
232,4,17,27,2,3,0,2,0,POL,0,2,0,103.05,3,Y
24,2,6,5,2,5,1,0,0,MAR,0,1,1,75.0,0,N
67,2,7,12,2,0,2,0,0,PRT,0,1,0,80.0,0,Y
7,3,11,15,0,1,1,0,0,ITA,0,4,0,95.0,0,N
433,9,37,8,0,3,2,0,0,PRT,0,1,0,70.0,0,Y
162,8,33,19,1,1,2,0,0,PRT,0,1,0,140.0,0,Y
86,1,4,22,0,1,1,0,0,PRT,1,1,0,75.0,0,Y
85,4,15,10,1,3,2,0,0,FRA,0,1,0,119.25,0,Y
405,7,27,4,0,2,2,0,0,DEU,0,1,0,114.4,0,N
3,7,30,27,0,1,2,1,0,DEU,0,4,0,210.0,1,N
475,10,44,27,0,2,2,0,0,PRT,0,1,0,62.0,0,Y
41,5,22,28,1,1,2,0,0,CHE,0,4,0,131.4,1,N
317,9,37,9,1,2,2,0,0,PRT,1,1,0,90.0,0,Y
276,11,47,13,2,1,2,0,0,CHN,0,1,2,60.29,3,N
28,3,9,2,0,3,2,0,0,PRT,0,1,0,95.0,0,Y
13,2,9,23,0,1,3,0,0,CHE,0,4,0,127.0,1,Y
30,5,20,11,0,2,2,0,0,ESP,0,1,0,116.1,1,N
1,8,33,12,3,9,1,0,0,AGO,0,1,2,75.0,0,N
2,5,19,4,0,1,1,0,0,PRT,0,1,0,67.0,0,N
101,1,1,1,2,2,2,0,0,ITA,0,1,0,81.6,2,Y
155,4,17,24,1,3,2,0,0,BRA,0,1,0,135.0,1,N
69,10,44,25,2,1,2,0,0,PRT,0,1,0,85.67,0,N
278,8,33,11,0,1,2,0,0,PRT,1,1,0,65.0,0,Y
74,10,43,21,0,2,2,0,0,ESP,0,4,0,132.3,0,Y
6,8,36,31,0,3,2,0,0,BEL,0,1,0,119.0,1,N
59,2,6,6,2,2,2,0,0,AUT,0,1,0,62.0,0,N
115,9,37,10,1,3,2,0,0,DEU,0,1,0,89.25,0,N
295,8,32,8,2,2,2,0,0,PRT,1,1,0,62.0,0,Y
0,8,33,10,2,5,2,0,0,TUN,0,1,0,75.0,1,N
68,2,8,17,0,2,2,0,0,PRT,1,1,0,75.0,0,Y
423,6,24,14,0,3,2,0,0,AUS,0,1,0,112.67,1,N
170,3,11,17,1,2,2,1,0,PRT,0,1,0,86.4,1,N
47,12,49,2,2,6,2,0,0,CPV,0,1,0,88.4,1,Y
221,8,33,12,0,1,1,0,0,DEU,0,1,0,73.0,0,N
224,10,40,2,1,2,2,0,0,FRA,0,1,0,65.0,0,N
202,10,43,22,2,1,2,0,0,DEU,0,4,0,109.8,0,Y
307,8,34,20,0,2,2,0,0,PRT,1,1,0,62.0,0,Y
209,7,28,11,0,4,2,0,0,PRT,0,4,0,121.1,0,Y
15,2,8,18,0,3,1,0,0,PRT,0,1,0,86.0,0,N
418,9,40,26,1,2,2,0,0,PRT,0,1,0,75.0,0,Y
230,7,31,26,0,3,0,2,0,BEL,0,2,0,86.5,1,Y
101,4,15,4,1,2,2,0,0,PRT,0,1,0,80.0,0,Y
80,3,13,26,2,4,2,0,0,DEU,0,1,0,80.75,0,N
140,6,25,19,1,3,2,0,0,DEU,0,1,0,93.6,0,N
5,3,12,19,2,1,2,0,0,USA,0,1,0,93.33,0,N
113,2,9,25,0,3,2,0,0,PRT,1,1,0,75.0,0,Y
122,8,31,5,2,1,2,0,0,USA,0,1,0,80.1,0,N
100,7,30,18,1,1,3,0,0,FRA,0,4,0,137.7,2,N
1,10,42,14,0,1,2,0,0,PRT,0,1,0,114.0,0,N
10,7,27,6,0,1,2,0,0,PRT,0,1,0,138.0,1,Y
6,2,8,24,0,2,3,0,0,ESP,0,4,0,163.0,0,Y
21,5,23,29,2,2,3,0,0,ITA,0,4,0,130.9,0,Y
191,6,23,3,1,2,2,0,0,PRT,0,1,1,49.5,0,N
177,8,32,5,2,2,2,0,0,ROU,0,1,0,72.25,1,N
191,4,16,10,2,0,2,0,0,PRT,3,1,0,12.0,0,Y
23,9,37,9,2,2,2,0,0,CHL,0,4,0,135.0,0,Y
183,5,22,28,2,0,2,0,0,DEU,0,4,0,139.5,0,Y
191,5,19,12,1,2,2,0,0,NLD,0,1,0,137.1,1,N
24,10,42,11,0,3,2,0,0,DEU,0,4,0,160.0,0,N
246,3,11,16,0,3,3,0,0,IRL,0,4,0,122.4,0,Y
141,7,30,28,1,2,2,0,0,FRA,0,1,0,164.7,0,Y
166,4,17,21,0,3,2,2,0,FRA,0,2,1,73.6,2,N
151,8,33,10,0,3,2,1,0,FRA,0,1,0,130.5,2,N
247,6,24,6,1,1,2,0,0,AUT,0,1,0,115.0,1,N
44,2,8,17,0,3,2,0,0,PRT,0,1,0,75.0,0,Y
59,1,4,23,1,1,2,0,0,PRT,0,1,0,80.0,0,Y
3,2,6,10,0,2,2,0,0,GBR,0,1,0,88.0,3,N
228,6,27,26,2,3,2,0,0,GBR,0,1,0,77.23,1,N
185,10,42,10,1,3,2,0,0,NLD,0,1,0,113.4,2,N
101,12,51,15,2,3,2,0,0,USA,0,7,0,200.0,0,N
9,1,3,21,2,2,1,0,0,USA,0,1,1,65.0,0,N
80,4,18,28,0,3,2,0,0,GBR,0,4,0,130.2,1,N
4,5,22,23,1,0,1,0,0,PRT,0,1,0,65.0,0,N
12,10,42,12,0,2,1,0,0,PRT,0,1,0,65.0,1,Y
559,1,3,19,0,1,1,0,0,PRT,0,1,0,59.0,0,Y
22,10,41,9,0,1,2,0,0,USA,0,1,0,82.39,2,N
99,6,24,11,2,2,2,0,0,SWE,0,1,0,144.0,0,N
53,11,47,18,0,3,1,0,0,PRT,0,1,1,65.0,0,N
156,4,17,26,0,3,2,0,0,PRT,0,1,0,100.0,0,Y
0,4,18,28,0,1,1,0,0,PRT,0,1,0,45.0,2,Y
132,7,29,14,2,4,2,1,0,FRA,0,1,0,114.75,0,Y
7,7,30,27,0,2,2,0,0,MEX,0,5,0,125.0,1,N
110,4,17,29,2,1,2,0,0,POL,0,1,0,120.0,1,Y
462,7,26,1,2,3,2,0,0,AUS,0,1,1,103.6,1,N
17,8,35,29,2,4,1,0,0,PRT,0,1,1,87.5,1,Y
54,6,24,10,1,2,2,0,0,FRA,0,4,0,111.11,1,N
105,5,20,19,0,2,1,0,0,PRT,0,1,0,160.0,0,Y
13,10,43,17,1,2,2,0,0,NLD,0,1,0,140.0,2,N
298,5,20,10,0,2,2,0,0,NZL,0,1,0,93.0,0,N
71,8,34,26,2,2,2,0,0,ITA,0,5,0,200.0,0,Y
49,5,19,7,2,5,2,0,0,USA,0,1,0,119.85,0,Y
39,12,53,28,0,4,2,0,0,BEL,0,1,0,192.95,0,N
152,10,44,25,0,3,2,0,0,GBR,0,4,0,95.2,0,N
91,3,13,29,0,2,2,0,0,CN,0,1,0,60.98,1,N
174,10,41,10,1,1,2,0,0,PRT,0,1,0,70.0,0,Y
6,2,8,19,1,0,1,0,0,ITA,0,1,0,72.0,0,N
277,11,46,7,1,2,2,0,0,PRT,0,1,0,100.0,0,Y
19,5,18,6,1,1,2,0,0,CHE,0,1,0,150.0,4,N
67,3,12,13,2,2,2,0,0,GBR,0,1,0,49.09,1,N
190,3,13,29,0,4,2,0,0,FRA,0,1,0,75.0,0,N
29,4,15,11,0,3,2,0,0,DEU,0,1,0,149.0,2,N
152,7,29,11,1,1,2,0,1,CN,0,1,2,119.0,2,N
9,5,22,26,0,1,1,0,0,ITA,0,4,0,110.0,0,N
272,7,31,28,2,3,2,0,0,DEU,0,1,0,90.1,0,N
38,2,7,12,2,2,2,0,0,FRA,0,1,0,69.7,1,Y
61,1,4,27,2,3,2,0,0,BRA,0,1,0,88.4,2,Y
84,10,42,16,1,2,2,0,0,NOR,0,1,0,89.25,2,N
420,9,36,3,2,2,2,0,0,PRT,0,1,0,75.0,0,Y
42,3,11,10,0,3,3,0,0,GBR,0,1,0,83.61,1,N
126,7,28,3,2,4,3,0,0,ESP,0,1,0,131.47,0,N
42,11,49,29,0,3,2,0,0,DEU,0,1,0,104.0,2,N
3,2,9,25,0,1,1,0,0,PRT,0,1,0,66.0,0,N
179,5,21,25,1,3,2,0,0,AUT,0,1,0,111.0,1,N
4,7,30,19,0,3,1,0,0,BRA,0,5,0,147.0,0,N
213,6,26,26,1,1,2,0,0,PRT,0,1,0,115.0,0,Y
28,8,33,16,0,1,1,0,0,PRT,0,1,0,77.0,1,N
79,5,19,12,1,2,2,0,0,ITA,0,1,0,120.0,1,N
258,9,37,8,0,1,2,0,0,PRT,0,1,0,65.0,0,Y
95,6,23,6,0,4,2,0,0,GBR,0,1,0,129.5,0,Y
39,8,33,14,0,2,2,0,0,PRT,0,1,0,101.5,0,Y
40,9,40,27,0,2,2,0,0,CHN,0,4,1,149.4,1,Y
0,8,32,5,0,2,2,0,0,ITA,0,1,0,75.0,0,N
89,7,30,23,2,3,2,0,0,ITA,0,4,0,155.0,1,Y
17,6,23,5,1,1,3,0,0,NOR,0,4,0,200.0,2,N
1,12,53,29,0,1,1,0,0,PRT,0,1,0,79.0,0,N
26,10,43,21,0,2,2,0,0,FRA,0,1,0,119.0,2,N
327,9,37,9,0,2,2,0,0,PRT,1,1,0,62.0,0,Y
128,11,49,30,1,4,2,0,0,ALB,0,1,0,79.2,0,N
171,7,30,26,0,3,2,0,0,DEU,0,1,6,132.5,1,Y
247,6,24,6,1,1,2,0,0,DEU,0,1,0,115.0,1,N
11,2,9,26,2,2,2,0,0,NLD,0,1,0,74.8,0,Y
52,4,16,15,0,1,2,0,0,CHN,0,4,0,127.8,0,N
258,10,43,16,1,0,2,0,0,PRT,0,1,0,110.0,0,Y
8,12,50,7,0,1,1,0,0,PRT,0,1,0,88.0,1,N
263,7,29,17,1,4,2,0,0,DEU,0,1,0,107.1,1,Y
113,5,23,31,0,3,1,0,0,PRT,0,1,0,100.0,0,Y
16,6,23,1,0,4,2,0,0,GBR,0,4,0,135.8,0,N
36,9,40,25,2,3,2,0,0,FRA,0,1,0,123.84,2,N
25,12,50,12,0,1,3,0,0,PRT,0,1,1,81.0,1,N
185,4,15,13,0,1,2,1,0,CN,0,1,0,117.0,2,N
313,4,16,19,2,6,2,0,0,BRA,0,1,0,109.8,0,Y
8,2,8,20,1,2,2,0,0,DEU,0,4,0,124.0,1,N
1,6,25,20,0,1,1,0,0,AUT,0,4,0,110.0,0,N
122,6,24,16,1,2,2,0,0,FIN,0,5,0,153.0,0,N
198,12,49,5,2,1,2,0,0,ESP,0,1,0,90.0,0,Y
295,4,18,28,0,2,2,0,0,PRT,0,1,0,62.0,0,Y
3,7,30,18,1,1,1,0,0,PRT,0,1,1,79.0,1,N
141,8,33,15,0,2,2,0,0,NLD,0,1,0,80.1,2,N
81,5,21,15,2,0,2,0,0,PRT,0,1,0,90.0,1,N
44,10,43,18,0,5,2,0,0,DEU,0,4,0,133.44,3,N
74,4,16,13,0,4,2,0,0,DEU,0,1,0,99.45,1,N
3,4,17,27,1,3,2,0,0,RUS,0,1,0,189.0,2,N
300,8,33,13,0,2,2,0,0,PRT,1,1,0,62.8,0,Y
164,8,33,14,0,1,2,0,0,PRT,1,1,0,60.0,0,Y
46,12,52,26,2,3,2,0,0,DEU,0,1,0,69.0,2,N
208,5,21,24,0,2,2,0,0,DEU,0,1,0,114.4,0,N
294,11,46,12,2,3,2,0,0,BRA,0,1,0,70.55,2,Y
261,10,42,16,0,1,2,0,0,PRT,1,1,0,120.0,0,Y
21,5,20,9,1,1,2,0,0,FRA,0,1,0,72.42,1,N
67,3,13,31,0,2,2,0,0,ESP,0,1,0,89.1,0,Y
119,1,1,1,0,1,2,0,0,PRT,0,1,1,74.25,0,Y
26,7,29,11,1,0,1,0,0,PRT,1,1,1,65.0,0,Y
0,2,5,3,0,1,2,0,0,PRT,0,1,3,88.0,0,N
59,6,23,4,1,1,2,0,0,CHN,0,4,0,153.09,1,Y
235,6,26,24,0,2,2,0,0,FRA,0,1,0,65.0,1,N
9,1,4,17,2,4,2,0,0,HRV,0,1,1,83.0,1,N
305,11,45,4,1,2,2,0,0,PRT,0,1,0,89.0,0,Y
0,8,34,20,1,0,1,0,0,PRT,0,1,0,115.0,0,N
163,12,49,2,0,2,2,0,0,FRA,0,1,0,79.2,0,Y
29,3,11,12,2,2,2,0,0,FRA,0,1,0,68.0,0,N
342,9,39,24,2,4,2,0,0,PRT,1,1,0,170.0,0,Y
135,6,22,1,0,3,2,0,0,PRT,0,1,0,85.0,0,N
65,1,3,21,1,1,2,0,0,BRA,0,1,0,79.2,1,N
207,8,32,10,0,2,2,0,0,GBR,0,1,0,112.5,2,N
1,8,34,16,2,1,2,0,0,FRA,0,1,0,138.0,2,N
304,8,34,17,1,1,1,0,0,PRT,1,1,0,60.0,0,Y
35,9,39,24,2,3,2,0,0,GBR,0,4,0,139.14,1,N
216,11,46,6,2,5,1,0,0,PRT,0,1,2,172.23,0,Y
105,5,20,19,0,2,1,0,0,PRT,0,1,0,160.0,0,Y
53,5,19,8,1,3,2,0,0,NLD,0,4,0,168.08,2,N
246,12,53,27,2,5,2,0,0,PRT,0,1,0,58.36,1,Y
10,12,49,5,2,1,2,1,0,ESP,0,1,0,79.39,1,N
11,8,35,25,0,1,2,0,0,DEU,0,4,0,155.0,1,N
144,10,44,25,0,5,3,0,0,BRA,0,4,0,123.3,0,Y
351,6,26,23,0,2,2,0,0,PRT,0,1,0,62.0,0,Y
61,10,43,24,0,1,1,0,0,PRT,0,1,0,80.75,1,N
342,9,39,24,2,4,2,0,0,PRT,1,1,0,170.0,0,Y
68,12,49,2,0,1,1,0,0,PRT,0,1,0,65.0,1,Y
220,9,38,17,2,1,1,0,0,ITA,0,1,1,128.0,0,N
106,6,25,19,1,3,1,0,0,FRA,0,1,0,117.0,1,N
313,4,17,29,2,1,2,0,0,PRT,0,1,0,90.0,0,Y
98,11,48,23,1,5,2,0,0,LBN,0,1,4,75.0,0,N
152,5,18,3,0,3,2,0,0,PRT,0,1,0,100.0,0,Y
286,5,21,17,0,1,2,0,0,PRT,0,1,0,65.0,0,Y
135,12,49,5,2,1,1,0,0,PRT,0,1,1,0.0,0,N
164,8,33,14,0,1,2,0,0,PRT,1,1,0,60.0,0,Y
54,4,17,18,1,0,2,0,0,ISR,0,1,0,85.5,0,Y
0,8,32,12,0,1,2,0,0,PRT,0,4,0,219.0,0,Y
14,7,28,3,2,1,2,0,0,BRA,0,4,1,187.0,0,Y
34,7,27,3,1,0,2,0,0,CN,0,1,0,98.1,3,N
7,4,15,13,0,3,2,0,0,HKG,0,1,0,160.0,1,Y
41,6,23,8,2,5,2,0,0,FIN,0,1,0,125.71,1,N
28,10,44,29,0,1,1,0,0,PRT,1,1,0,130.0,0,Y
290,8,32,3,1,1,2,0,0,PRT,1,1,0,62.0,0,Y
1,6,25,20,0,4,2,0,0,ESP,0,4,1,191.75,2,N
89,7,31,31,1,2,2,0,0,BEL,0,1,0,123.33,1,N
405,7,27,4,0,2,2,0,0,DEU,0,1,0,114.4,0,N
124,2,6,5,2,3,3,0,0,FRA,0,4,0,119.0,3,N
0,12,53,28,0,1,2,2,0,CHL,0,7,0,143.0,0,N
302,10,41,6,0,3,2,0,0,PRT,1,1,0,105.0,0,Y
20,2,7,8,3,5,1,0,0,AGO,0,1,0,86.0,1,Y
132,7,32,31,2,5,3,0,0,ESP,0,4,0,140.27,0,Y
17,2,9,28,0,4,2,0,0,SAU,0,1,0,74.8,0,Y
37,3,11,15,0,2,2,0,0,PRT,0,1,0,110.0,0,Y
184,6,24,16,1,2,2,0,0,DEU,0,1,0,89.1,1,N
11,4,15,14,1,2,2,0,0,BEL,0,1,0,124.5,0,N
266,9,37,9,0,2,2,0,0,PRT,0,1,0,105.0,0,Y
318,5,19,12,1,2,3,0,0,ITA,0,4,0,142.2,1,N
150,6,24,17,2,3,1,0,0,PRT,0,1,0,120.0,0,Y
192,9,39,25,2,3,2,0,0,PRT,0,1,0,102.0,0,N
110,4,17,28,1,2,3,0,0,IRL,0,4,0,166.5,0,N
88,10,41,7,1,2,1,0,0,POL,0,1,1,68.0,0,N
152,8,32,7,1,5,2,1,0,FRA,0,1,0,148.5,0,Y
11,8,34,18,0,2,2,0,0,PRT,0,1,1,75.0,0,Y
422,6,24,13,0,1,2,0,0,PRT,0,1,0,90.0,0,Y
279,7,30,23,0,2,2,0,0,PRT,1,1,0,62.8,0,Y
219,9,40,30,1,2,2,0,0,PRT,0,1,0,120.0,0,Y
16,6,22,1,0,3,2,0,0,ITA,0,1,0,133.33,1,Y
31,4,18,24,1,0,2,0,0,CHN,0,1,0,94.5,0,Y
386,10,44,23,2,0,2,0,0,DEU,0,1,0,115.0,1,N
374,10,44,26,1,1,2,0,0,PRT,1,1,0,62.0,0,Y
95,3,12,23,0,1,2,0,0,PRT,0,1,0,79.2,0,Y
3,12,52,21,1,1,2,0,0,PRT,0,2,0,37.5,1,N
104,5,20,15,1,2,1,0,0,PRT,0,1,0,160.0,0,Y
186,5,22,30,0,2,2,0,0,PRT,0,1,0,130.0,0,Y
2,5,22,27,0,1,3,0,0,PRT,0,4,0,197.0,1,N
443,4,18,29,0,1,1,0,0,PRT,0,1,0,60.0,0,Y
2,12,53,28,1,3,2,0,0,BEL,0,4,0,101.53,0,N
283,8,32,12,2,2,2,0,0,ITA,0,1,0,107.1,0,Y
75,10,45,30,2,0,2,0,0,PRT,0,1,0,105.0,0,Y
0,10,40,2,0,2,1,0,0,PRT,0,1,2,145.0,0,N
518,8,34,26,2,1,2,0,0,GBR,0,1,0,112.67,1,N
346,9,38,13,0,2,2,0,0,DEU,0,1,0,115.0,1,N
61,10,41,4,2,0,2,0,0,FRA,0,1,0,91.0,0,N
46,2,9,26,2,4,2,0,0,BRA,0,1,0,74.8,2,Y
18,9,38,13,2,2,2,0,0,SWE,0,1,0,96.0,2,N
112,8,33,9,0,3,3,0,0,SWE,0,4,0,146.7,1,N
15,8,33,16,0,1,2,0,0,DEU,0,1,0,160.0,1,Y
6,8,34,17,0,1,1,0,0,ESP,0,1,0,79.0,0,N
1,9,40,29,0,3,1,0,0,CHE,0,4,0,157.85,1,N
262,11,46,9,1,2,2,0,0,PRT,1,1,0,62.8,0,Y
292,7,30,21,0,2,2,0,0,PRT,0,1,0,109.0,0,Y
8,1,1,7,2,2,2,0,0,FRA,0,1,0,84.69,1,N
30,9,39,18,2,3,2,0,0,PRT,0,5,0,170.63,1,Y
53,12,53,28,1,2,2,0,0,PRT,1,2,0,102.33,0,Y
104,5,20,15,1,2,1,0,0,PRT,0,1,0,160.0,0,Y
5,7,30,20,0,1,2,0,0,PRT,0,1,0,111.0,1,N
0,3,13,21,1,1,1,0,0,PRT,0,1,0,65.0,0,N
18,1,4,22,2,2,2,0,0,FRA,0,1,0,68.0,1,N
363,10,42,15,0,2,2,0,0,PRT,1,1,0,62.0,0,Y
28,10,42,10,1,1,2,0,0,CHE,0,1,0,139.0,2,N
116,8,34,21,1,2,1,0,0,ESP,0,4,3,125.0,0,N
112,7,29,11,3,5,2,0,0,NLD,0,1,0,95.63,1,N
21,5,18,3,0,1,2,0,0,PRT,0,1,0,120.0,1,Y
1,9,39,22,0,1,1,0,0,PRT,0,4,0,210.0,1,N
336,9,39,21,1,4,2,0,0,DEU,0,1,0,78.0,0,N
183,5,20,20,2,5,2,0,0,FRA,0,4,0,139.11,0,Y
190,9,37,8,0,3,2,0,0,FRA,0,1,4,165.6,0,Y
90,4,16,15,1,2,2,0,0,CHE,0,1,0,96.3,1,N
5,9,37,7,1,2,1,0,0,VEN,0,1,0,78.03,0,N
57,5,23,31,0,1,1,0,0,PRT,0,1,0,120.0,0,Y
154,10,41,6,0,2,2,0,0,IND,0,1,4,118.8,1,Y
159,8,34,20,2,2,2,0,0,FRA,0,1,0,130.5,0,N
151,7,29,19,0,3,2,0,0,GBR,0,1,0,71.28,1,N
4,1,1,5,0,3,2,1,0,ITA,0,4,0,141.91,2,N
5,9,40,26,1,0,2,0,0,PRT,0,1,0,84.0,0,N
295,8,32,8,2,2,2,0,0,PRT,1,1,0,62.0,0,Y
14,8,35,24,1,3,2,0,0,ESP,0,1,0,90.0,1,N
146,6,27,27,1,1,2,0,0,ITA,0,1,0,85.5,1,Y
0,5,21,23,0,2,2,0,0,PRT,0,1,2,180.0,0,N
34,12,52,24,1,1,1,0,0,GBR,0,1,0,96.0,0,Y
240,9,37,10,1,1,2,0,0,ITA,0,1,0,96.0,1,N
34,12,50,8,0,2,1,0,0,PRT,1,1,0,90.0,0,Y
156,8,32,2,0,4,2,0,0,ESP,0,1,0,99.45,0,N
146,3,14,30,0,3,1,0,0,PRT,1,1,0,80.0,0,Y
145,8,36,31,1,2,2,0,0,ISR,0,1,0,80.0,1,N
18,7,27,8,0,1,2,0,0,PRT,0,5,1,195.0,2,N
156,7,28,13,0,3,2,0,0,FRA,0,4,0,116.1,0,Y
405,8,34,18,0,2,2,0,0,PRT,0,1,0,62.0,0,Y
25,7,31,27,1,1,2,0,0,ESP,0,1,0,62.0,0,N
21,10,42,12,1,3,2,0,0,FRA,0,4,0,75.0,0,N
169,6,23,8,0,3,2,0,0,PRT,0,1,0,170.0,0,Y
99,6,27,27,1,4,2,0,0,DEU,0,1,1,94.35,1,N
30,10,42,16,2,2,2,0,0,ESP,0,4,0,118.58,1,N
80,8,34,18,0,3,2,0,0,GBR,0,5,1,168.3,1,N
75,1,2,8,2,1,1,0,0,USA,0,4,0,67.0,2,N
20,3,11,13,1,1,1,0,0,ESP,0,1,0,178.0,0,N
84,11,48,27,1,2,2,0,0,PRT,0,1,0,64.0,0,N
8,3,11,11,1,2,2,0,0,FRA,0,4,0,124.0,0,Y
55,9,37,6,2,0,2,0,0,ESP,0,1,0,75.0,0,N
138,8,34,22,2,1,2,0,0,ITA,0,1,0,94.5,0,Y
136,8,33,16,0,4,2,0,0,ITA,0,4,0,195.0,0,Y
457,8,34,25,0,2,2,0,0,DEU,0,1,1,122.4,1,N
214,7,27,6,2,5,3,0,0,FRA,0,4,0,156.6,2,N
113,5,23,31,0,3,1,0,0,PRT,0,1,0,100.0,0,Y
327,9,37,9,0,2,2,0,0,PRT,1,1,0,62.0,0,Y
286,5,20,11,0,4,2,0,0,AUT,0,1,1,99.0,1,N
145,8,35,29,2,1,1,0,0,ITA,0,1,1,72.5,0,N
226,7,28,9,2,1,2,0,0,PRT,0,1,0,110.0,0,Y
16,3,9,2,0,1,2,2,0,PRT,0,4,2,64.0,0,N
18,2,7,14,0,1,2,0,0,PRT,0,1,0,75.0,0,N
34,6,23,8,0,3,2,0,0,PRT,0,1,0,117.33,0,Y
16,2,8,14,2,0,2,0,0,PRT,0,4,0,104.0,3,N
476,7,28,15,2,1,2,0,0,PRT,0,1,0,112.67,0,Y
32,11,46,12,2,4,2,0,0,DEU,0,1,0,92.08,0,N
20,7,30,22,0,2,2,0,0,PRT,0,1,0,62.0,0,Y
151,1,4,19,0,3,1,0,0,DEU,0,1,1,71.0,0,N
140,6,25,18,2,3,2,0,0,PRT,0,1,2,100.8,3,N
16,4,16,16,2,1,2,0,0,DEU,0,1,0,115.0,2,Y
420,5,20,20,2,1,2,0,0,PRT,0,1,0,90.0,0,Y
239,10,42,17,0,1,2,0,0,PRT,1,1,0,60.0,0,Y
27,2,7,12,2,1,2,0,0,FRA,0,1,0,75.0,0,N
114,3,13,31,0,2,2,0,0,FRA,0,1,0,107.1,1,Y
156,4,17,26,0,3,2,0,0,PRT,0,1,0,100.0,0,Y
143,8,32,12,2,1,2,0,0,BEL,0,1,0,130.5,0,Y
393,3,12,19,2,1,2,0,0,PRT,0,1,0,70.53,0,Y
65,8,33,12,1,2,2,0,0,FRA,0,1,0,85.0,1,N
364,10,42,16,0,2,2,0,0,PRT,1,1,0,101.5,0,Y
213,8,35,28,1,3,1,0,0,PRT,0,1,1,104.0,0,N
64,11,47,18,1,2,2,0,0,FRA,0,1,0,75.0,0,N
178,4,15,14,1,2,2,1,0,PRT,0,1,0,90.09,1,Y
31,5,18,6,1,1,2,0,0,GBR,0,1,0,169.0,1,Y
6,3,10,2,0,2,1,0,0,DEU,0,1,0,80.0,1,N
111,10,42,10,1,0,1,0,0,PRT,0,5,0,120.0,0,Y
58,2,8,23,1,3,2,0,0,PRT,0,1,0,78.0,0,Y
103,5,19,5,1,3,2,0,0,PRT,0,4,0,95.88,1,N
268,4,15,8,2,3,2,0,0,PRT,0,1,0,78.0,0,Y
163,3,10,7,0,4,2,0,0,ITA,0,1,0,74.8,1,Y
151,12,53,29,0,3,2,1,0,ESP,0,1,0,143.28,1,Y
13,11,47,15,1,0,1,0,0,PRT,0,1,0,65.0,0,N
0,5,18,6,0,1,3,0,0,AGO,0,5,0,250.0,1,N
7,5,21,16,1,0,1,0,0,ITA,0,1,0,97.0,0,N
121,8,35,26,2,5,3,0,0,FRA,0,6,0,187.0,2,N
1,3,11,14,0,1,1,0,0,ITA,0,1,0,70.4,1,N
25,7,28,14,1,2,3,0,0,GBR,0,4,0,196.67,1,N
16,8,32,8,2,2,2,0,0,ESP,0,1,0,62.0,0,N
170,7,28,9,2,2,3,0,0,AUT,0,4,0,152.1,0,N
91,5,22,22,2,2,2,0,0,FRA,0,1,0,109.65,1,N
93,12,53,25,2,2,3,0,0,FRA,0,4,0,119.0,1,N
4,11,45,5,0,1,2,0,0,GBR,0,1,0,120.0,2,N
121,2,9,27,1,3,2,1,0,BEL,0,6,0,147.9,2,Y
0,3,13,30,0,0,1,0,0,PRT,0,1,0,0.0,0,N
26,2,6,11,2,1,2,0,0,ESP,0,1,0,75.0,0,N
181,5,21,25,0,2,2,0,0,PRT,0,1,0,130.0,0,Y
39,1,5,27,0,3,2,0,0,IRL,0,4,0,69.22,1,N
29,10,41,4,2,0,2,0,0,DEU,0,1,0,76.81,0,N
229,10,44,27,0,3,2,0,0,GBR,0,1,0,70.44,0,N
255,7,26,1,2,1,2,1,0,ESP,0,1,0,102.1,0,Y
113,3,13,25,1,2,2,0,0,FRA,0,1,0,58.0,1,N
0,3,12,23,0,1,2,0,0,BEL,0,1,0,89.0,0,N
113,5,23,31,0,3,1,0,0,PRT,0,1,0,100.0,0,Y
419,9,36,1,0,2,2,0,0,PRT,0,1,0,62.0,0,Y
0,6,26,27,0,1,2,0,0,FRA,0,1,0,102.0,0,N
82,10,42,9,2,2,2,0,0,GBR,0,4,0,99.96,0,N
0,5,22,24,0,1,2,0,0,PRT,0,1,0,125.1,0,N
0,3,11,8,0,1,2,2,0,PRT,0,2,0,83.03,0,N
274,7,29,18,2,8,3,1,0,DNK,0,6,1,204.6,1,N
52,11,45,6,1,2,2,0,0,ESP,0,1,0,79.2,2,N
156,10,44,26,2,9,2,0,0,CN,0,4,3,104.32,1,N
49,7,30,20,0,2,2,1,0,ARG,0,6,0,198.9,0,Y
23,10,42,11,1,0,1,0,0,PRT,0,1,0,114.0,1,N
319,6,25,24,2,1,2,0,0,PRT,0,1,0,90.0,0,Y
87,10,45,31,1,2,2,0,0,BEL,0,1,0,69.53,2,N
98,4,16,12,0,3,3,0,0,FRA,0,4,0,115.6,1,N
260,7,26,1,2,1,2,0,0,AUT,0,2,0,93.65,2,Y
88,3,11,12,1,1,2,0,0,PRT,0,1,0,58.0,0,N
151,1,4,19,0,3,1,0,0,PRT,0,1,0,80.0,0,Y
314,10,42,12,0,3,2,0,0,PRT,0,1,0,75.0,0,Y
27,9,40,30,0,2,2,0,0,PRT,0,1,0,108.0,0,Y
199,7,27,2,2,1,2,1,0,ITA,0,1,1,125.1,2,N
24,12,52,18,2,1,1,0,0,NLD,0,1,0,104.0,1,N
81,12,52,23,2,3,3,0,0,ESP,0,4,0,119.0,0,N
325,9,37,7,1,1,2,0,0,PRT,1,1,0,62.0,0,Y
32,2,9,22,1,5,1,0,0,PRT,0,1,1,49.67,1,N
302,9,38,16,1,2,2,0,0,PRT,0,1,0,100.0,0,Y
168,6,25,23,2,3,2,0,0,GBR,0,4,0,100.48,1,N
7,6,26,27,0,2,1,0,0,NLD,0,1,0,130.0,0,N
12,9,38,14,1,2,2,0,0,ROU,0,1,0,124.0,3,N
423,7,29,22,1,1,1,0,0,DEU,0,1,1,95.5,0,N
368,6,26,28,0,3,2,0,0,PRT,0,1,0,90.0,0,Y
213,6,22,1,0,3,2,0,0,ITA,0,1,1,107.1,1,N
1,12,53,27,2,5,3,0,0,BRA,0,1,0,86.43,1,N
43,4,17,23,2,1,2,0,0,GBR,0,4,0,145.0,0,N
44,7,28,8,0,1,2,0,0,PRT,2,1,2,75.0,0,N
18,6,24,8,0,1,2,0,0,TUR,0,1,0,92.65,0,N
77,6,27,28,0,1,2,0,0,PRT,0,4,0,98.41,0,Y
80,10,41,6,0,3,2,0,0,CHN,0,4,0,119.07,0,Y
191,4,16,10,2,0,2,0,0,PRT,13,1,0,12.0,0,Y
2,8,32,12,1,1,2,0,0,PRT,0,1,0,180.0,1,N
51,11,45,4,2,2,2,1,0,NLD,0,1,0,148.75,1,N
2,9,39,25,0,0,1,0,0,PRT,0,1,0,0.0,0,N
186,4,17,22,1,2,2,0,0,ITA,0,1,0,80.0,0,N
56,4,17,23,2,0,3,0,0,CHE,0,4,0,180.0,1,N
87,6,27,26,1,0,2,0,0,USA,0,1,0,85.5,1,N
106,4,17,26,1,4,1,0,0,NOR,0,1,1,100.8,0,N
1,11,49,28,1,0,2,0,0,FRA,0,1,0,97.0,1,N
50,1,3,14,0,3,2,0,0,FRA,0,1,0,52.0,1,N
174,6,22,1,0,2,2,0,0,PRT,0,1,0,100.0,0,Y
73,11,48,25,0,2,1,0,0,BEL,0,1,0,88.0,2,Y
1,4,15,6,0,1,1,0,0,PRT,0,1,0,67.0,0,N
192,5,19,5,0,3,2,0,0,PRT,1,4,0,115.2,1,Y
62,7,30,17,2,1,2,0,0,FRA,0,1,0,105.3,1,N
98,5,21,21,2,2,2,0,0,BEL,0,1,0,119.85,0,N
7,3,14,28,1,3,2,0,0,ESP,0,1,0,109.0,1,Y
49,9,36,2,0,3,2,0,0,PRT,0,1,0,76.5,0,Y
107,3,11,15,2,4,2,0,0,ITA,0,1,0,91.8,2,Y
180,7,27,1,0,2,2,0,0,FRA,0,4,0,105.3,0,N
134,2,8,25,0,1,1,0,0,PRT,0,1,0,75.0,0,Y
206,4,17,28,0,2,2,0,0,AUT,0,4,0,130.5,3,Y
34,8,33,14,1,0,2,0,0,FRA,0,1,2,160.0,2,N
226,6,24,16,1,2,2,0,0,PRT,0,1,0,105.0,0,Y
159,10,43,16,2,2,2,0,0,GBR,0,1,0,108.0,0,N
60,7,29,19,0,1,3,0,0,NOR,0,4,0,152.0,1,N
109,2,9,21,2,1,2,0,0,PRT,1,1,0,75.0,0,Y
42,9,39,24,0,1,2,0,0,LBN,0,1,1,85.0,1,N
395,3,13,21,1,2,2,0,0,PRT,1,1,0,62.8,0,Y
272,8,32,5,0,1,2,0,0,PRT,1,1,0,65.0,0,Y
157,5,18,1,1,3,2,0,0,PRT,0,1,0,130.0,0,Y
92,9,39,19,1,0,2,0,0,DEU,0,1,0,125.1,2,N
178,10,44,26,0,4,2,0,0,DEU,0,1,0,90.9,2,N
186,5,22,30,0,2,2,0,0,PRT,0,1,0,130.0,0,Y
290,7,27,3,3,5,1,0,0,DEU,0,1,0,99.9,1,N
241,10,43,19,1,2,2,0,0,USA,0,1,0,60.0,0,N
175,5,20,19,1,2,2,0,0,PRT,0,1,0,110.0,0,Y
20,9,40,25,2,4,2,0,0,PRT,0,4,0,127.2,3,Y
215,11,48,21,1,1,1,0,0,SVK,0,1,0,75.0,0,N
273,9,40,30,1,2,2,0,0,DEU,0,1,0,106.2,0,Y
0,11,45,3,0,1,1,0,0,ESP,0,1,0,101.0,0,N
14,5,21,23,0,2,2,2,0,GBR,0,6,1,249.0,0,N
82,4,16,21,2,2,3,0,0,ITA,0,4,0,171.0,0,Y
13,3,10,5,2,1,2,0,0,FRA,0,4,0,122.0,0,N
72,10,44,28,0,3,1,0,0,PRT,0,1,1,75.33,0,N
11,2,6,5,2,3,2,0,0,FRA,0,1,0,75.0,0,N
36,8,33,16,0,1,2,0,0,PRT,0,1,1,100.0,0,Y
102,10,42,16,0,2,2,0,0,DEU,0,1,0,109.0,0,N
48,10,42,9,2,0,2,0,0,ECU,0,4,0,139.5,1,Y
72,12,52,23,2,9,2,0,0,ROU,0,1,0,58.91,1,N
147,7,30,21,0,2,2,0,0,PRT,1,1,0,75.0,0,Y
95,4,17,20,0,2,2,0,0,AUT,0,1,0,98.0,0,N
16,7,29,21,1,2,2,0,0,GBR,0,1,0,103.32,1,N
34,1,3,18,0,1,1,0,0,ESP,0,1,0,75.0,0,N
24,9,40,26,1,1,2,0,0,CHN,0,1,0,107.1,0,Y
26,7,27,2,2,1,3,0,0,TUR,0,4,0,187.0,0,Y
23,10,41,7,0,1,1,0,0,PRT,1,1,1,90.0,0,Y
12,2,8,21,0,3,1,0,0,DEU,0,1,0,76.33,0,N
124,4,14,8,1,1,2,0,0,GBR,0,1,0,99.0,1,N
2,12,49,1,0,2,2,0,0,PRT,0,1,0,142.0,2,N
265,10,42,9,2,3,2,0,0,DEU,0,1,0,100.3,0,Y
217,12,50,5,3,7,2,0,0,BRA,0,1,0,46.63,1,N
278,8,34,25,2,3,2,0,0,DEU,0,1,0,89.1,2,N
29,9,40,25,2,1,2,0,0,ESP,0,1,0,111.67,2,N
49,12,49,1,1,3,2,0,0,ESP,0,1,0,74.8,2,Y
46,8,36,29,1,4,2,0,0,PRT,0,1,0,100.62,0,N
203,7,26,1,2,3,2,0,0,DEU,0,4,2,120.6,1,Y
113,5,20,20,2,1,1,0,0,PRT,0,1,0,190.0,0,Y
137,2,7,12,1,2,2,0,0,FRA,0,4,0,102.0,0,N
178,9,37,9,0,2,1,0,0,PRT,0,1,0,135.0,0,Y
39,3,14,31,0,2,2,0,0,FRA,0,1,1,161.1,0,N
426,9,37,8,0,2,2,0,0,PRT,0,1,0,62.0,0,Y
97,3,13,20,2,5,1,0,0,PRT,1,1,0,79.43,0,Y
67,2,7,12,2,0,2,0,0,PRT,0,1,0,80.0,0,Y
25,7,28,8,1,2,2,0,0,PRT,0,1,0,85.0,0,N
30,1,2,13,0,2,2,1,0,PRT,0,1,1,136.0,0,N
96,4,15,9,2,2,2,0,0,IRL,0,1,0,99.0,0,N
175,6,23,9,0,2,2,0,0,PRT,0,1,0,130.0,0,N
292,7,30,21,0,2,2,0,0,DEU,0,1,0,115.0,0,N
54,6,23,4,1,0,2,0,0,PRT,0,1,0,89.1,1,Y
4,10,44,25,0,3,2,0,0,PRT,0,1,0,95.0,0,N
39,4,17,20,1,4,3,0,0,POL,0,4,0,139.5,0,Y
179,7,27,1,0,2,2,0,0,PRT,0,1,0,65.0,0,Y
0,9,38,12,1,0,1,0,0,BEL,0,1,0,159.0,1,N
51,11,46,9,0,3,2,0,0,FRA,0,1,0,75.0,0,N
19,2,7,12,2,2,2,1,0,PRT,0,4,0,90.71,0,Y
139,7,32,31,2,2,2,0,0,FRA,0,4,0,114.33,0,Y
1,8,34,21,1,2,2,0,0,ESP,0,1,0,90.0,0,N
0,7,28,5,0,1,1,0,0,TUR,0,1,0,135.0,1,N
16,12,52,22,2,3,2,0,0,FRA,0,4,0,77.53,0,N
59,2,6,7,0,2,2,1,0,CHN,0,1,0,102.06,2,Y
107,6,27,28,2,6,2,0,0,PRT,0,1,0,140.25,1,N
115,3,12,18,0,2,2,0,0,PRT,0,1,0,90.0,0,N
114,4,17,29,2,5,3,0,0,POL,0,5,0,184.57,1,Y
215,11,48,21,1,1,1,0,0,ISL,0,1,0,75.0,0,N
25,9,39,22,0,3,2,0,0,BRA,0,4,0,107.03,1,N
206,7,29,16,2,4,3,0,0,AUT,0,1,1,145.1,0,Y
306,8,32,7,1,3,1,1,0,BEL,0,2,1,122.9,0,N
2,8,33,12,0,1,2,0,0,FRA,0,1,0,114.0,1,N
44,7,28,15,0,1,2,1,0,NOR,0,1,0,147.6,0,N
344,6,25,16,0,2,2,0,0,PRT,0,1,0,62.0,0,Y
34,2,7,16,2,6,1,0,0,PRT,0,1,0,61.52,0,Y
118,6,24,6,1,2,1,0,0,TUR,0,1,0,110.0,0,N
28,10,44,29,2,3,2,0,0,FRA,0,1,0,103.4,2,N
123,6,25,16,2,4,2,0,0,GBR,0,1,0,116.59,2,N
36,10,44,28,1,2,2,0,0,ITA,0,1,0,109.0,1,N
43,8,34,15,1,2,2,1,0,PRT,0,1,0,203.85,1,N
32,1,3,16,1,2,1,0,0,ESP,0,1,2,75.0,0,N
71,10,43,22,1,1,2,0,0,PRT,0,4,0,110.5,0,Y
192,5,21,23,0,2,2,0,0,ISR,0,1,2,117.1,2,N
172,8,32,12,2,2,2,0,0,GBR,0,1,0,130.5,1,Y
11,10,43,23,2,5,1,0,0,BEL,0,4,1,138.71,3,N
30,6,24,11,2,2,1,0,0,GBR,0,1,0,115.0,0,Y
189,6,22,2,0,2,2,0,0,PRT,0,1,0,100.0,0,Y
192,6,26,24,0,2,1,0,0,SRB,0,1,0,95.0,0,N
2,6,27,29,0,1,1,0,0,PRT,0,1,0,65.0,0,N
24,5,19,2,1,0,1,0,0,DEU,0,1,0,124.0,1,N
29,1,3,18,0,3,1,0,0,BEL,0,1,0,65.0,0,N
98,11,48,23,1,2,1,0,0,PRT,0,1,0,70.0,0,Y
25,3,11,13,1,2,2,0,0,FRA,0,1,0,81.44,0,N
206,8,34,23,1,4,2,1,0,ESP,0,1,0,177.75,3,N
344,7,30,24,1,5,2,0,0,HUN,0,1,0,89.1,1,Y
518,8,34,26,2,1,1,0,0,PRT,0,1,0,80.0,0,Y
10,9,40,30,0,1,1,0,0,ESP,0,4,0,195.0,2,Y
31,3,12,17,0,1,2,0,0,PRT,0,1,0,71.1,1,N
88,6,26,28,0,4,2,0,0,BRA,0,1,0,120.0,1,N
240,10,44,27,1,3,2,0,0,DNK,0,1,1,90.95,2,N
82,5,18,3,0,3,2,0,0,USA,0,1,0,108.0,1,N
4,12,53,26,1,0,2,0,0,PRT,0,1,0,98.0,1,N
184,8,33,17,2,5,3,0,0,FRA,0,4,0,164.44,0,N
2,12,52,21,0,2,1,0,0,PRT,3,1,0,67.0,0,N
83,10,41,6,1,3,1,0,0,DEU,0,4,0,132.3,0,Y
601,3,9,2,0,2,2,0,0,PRT,0,1,0,62.0,0,Y
288,4,17,21,0,2,2,0,0,PRT,0,1,0,62.0,0,Y
0,5,21,20,0,1,2,0,0,BRA,0,1,0,155.0,1,N
35,5,19,10,0,1,2,0,0,PRT,0,1,0,130.0,0,Y
315,12,49,2,0,2,2,0,0,PRT,0,1,0,52.0,0,Y
68,10,43,18,0,3,2,0,0,NLD,0,4,0,132.3,2,Y
3,3,11,11,0,1,1,0,0,PRT,0,1,0,75.0,0,N
136,7,29,10,2,4,2,0,0,BRA,0,1,0,72.25,1,N
407,5,18,6,2,1,2,0,0,PRT,0,1,0,90.0,0,Y
77,2,9,24,0,2,2,0,0,PRT,0,1,0,64.0,0,Y
61,6,23,4,2,2,2,0,0,SWE,0,4,0,170.0,0,N
56,9,39,25,2,2,2,0,0,PRT,0,1,0,185.0,0,N
87,9,39,25,2,3,2,0,0,PRT,0,1,0,170.0,0,Y
360,10,42,12,1,1,2,0,0,PRT,1,1,0,62.0,0,Y
89,11,48,23,1,2,2,0,0,PRT,0,1,0,72.25,2,Y
20,7,30,22,0,2,2,0,0,PRT,0,1,0,62.0,0,N
1,3,14,29,0,1,2,0,0,PRT,0,1,0,89.0,1,Y
368,6,26,28,0,3,2,0,0,PRT,0,1,0,90.0,0,Y
64,3,13,30,0,3,2,0,0,PRT,0,1,0,72.0,0,Y
315,9,38,17,1,1,2,0,0,PRT,0,1,0,65.0,0,Y
0,4,15,5,0,1,1,0,0,DEU,0,1,0,84.0,0,N
177,5,20,8,2,0,2,0,0,PRT,1,1,0,121.0,0,Y
65,10,45,30,1,0,2,0,0,CHN,0,1,0,72.09,1,Y
198,10,40,3,1,1,2,0,0,FRA,0,1,0,60.0,0,N
6,1,1,3,0,3,2,0,0,FRA,0,1,0,90.1,1,N
13,4,17,19,0,4,1,0,0,ESP,0,1,0,95.0,0,N
151,7,30,25,2,1,2,0,0,PRT,1,1,0,86.0,0,Y
287,10,44,29,2,1,2,0,0,BEL,0,4,0,105.3,1,Y
186,2,6,9,1,3,2,0,0,FRA,0,1,0,85.0,0,Y
330,6,23,2,0,2,2,0,0,PRT,0,1,0,62.0,0,Y
32,11,47,20,0,2,1,0,0,PRT,0,1,0,73.0,0,N
10,3,11,6,1,0,2,0,0,CHN,0,1,0,93.0,0,N
2,1,2,3,1,0,2,0,0,PRT,0,4,0,79.6,0,N
99,1,3,19,2,4,2,0,0,POL,0,1,0,88.4,2,N
81,1,3,17,0,1,2,0,0,DEU,0,1,0,72.07,1,N
99,5,21,22,1,1,2,0,0,GBR,0,4,0,139.5,0,Y
152,5,18,3,0,3,2,0,0,PRT,0,1,0,100.0,0,Y
1,11,47,20,4,10,1,0,0,PRT,0,4,3,117.43,1,N
277,11,46,7,1,2,2,0,0,PRT,0,1,0,100.0,0,Y
45,8,35,27,1,0,1,0,0,USA,0,1,0,115.0,0,N
24,4,16,11,1,3,2,0,0,ITA,0,4,0,123.5,0,Y
68,2,8,17,0,2,2,0,0,PRT,1,1,0,75.0,0,Y
92,8,33,17,0,2,2,0,0,BLR,0,1,0,130.0,1,Y
198,5,21,20,0,1,2,0,0,PRT,0,1,0,65.0,0,N
12,2,6,5,2,0,1,0,0,PRT,0,1,0,60.06,0,N
91,4,16,17,1,4,2,1,0,FRA,0,1,0,137.5,0,N
2,3,13,24,0,2,2,0,0,ESP,0,1,0,134.0,1,N
6,5,22,28,0,1,3,0,0,GBR,0,4,0,202.0,1,N
156,4,17,26,0,3,2,0,0,PRT,0,1,0,100.0,0,Y
258,9,37,8,0,1,2,0,0,PRT,0,1,0,65.0,0,Y
301,7,31,30,1,1,1,0,0,DEU,0,1,1,90.0,0,N
5,5,19,9,0,1,2,0,0,PRT,0,1,0,90.0,0,Y
297,8,33,10,1,1,2,0,0,PRT,1,1,0,62.0,0,Y
28,3,9,2,0,3,2,0,0,PRT,0,1,0,95.0,0,Y
94,4,17,28,1,2,2,0,0,FRA,0,1,0,99.0,0,Y
178,4,18,28,0,3,1,0,0,PRT,1,1,0,110.0,0,Y
119,8,32,5,0,2,2,0,0,ISR,0,1,0,76.5,0,N
316,5,19,9,0,2,3,0,0,USA,0,4,0,142.2,1,Y
447,9,40,29,0,2,2,0,0,PRT,0,1,0,62.0,0,Y
180,5,21,25,0,3,2,0,0,FRA,0,1,0,108.0,2,N
23,12,50,7,0,1,2,0,0,ESP,0,1,1,88.0,2,N
4,1,2,10,0,2,1,0,0,ESP,0,1,0,70.0,0,N
443,10,41,7,0,2,2,0,0,PRT,0,1,0,65.0,0,Y
133,7,29,12,0,3,3,0,0,PRT,0,1,0,137.7,2,N
109,5,18,5,1,2,2,0,0,FRA,0,1,0,85.0,0,N
265,6,26,24,0,2,2,0,0,PRT,0,1,0,109.0,0,Y
405,7,27,4,0,2,1,0,0,DEU,0,1,1,91.5,0,N
10,4,15,9,1,1,2,0,0,PRT,0,1,0,90.0,1,N
209,5,21,23,0,4,2,0,0,BRA,0,1,0,107.1,1,Y
39,8,33,13,0,1,2,2,0,DEU,0,7,0,223.76,1,N
181,7,28,8,0,1,2,0,0,IRL,0,1,0,85.5,1,N
295,8,32,8,2,2,2,0,0,PRT,1,1,0,62.0,0,Y
240,7,27,7,0,2,2,0,0,ITA,0,1,0,141.3,1,Y
25,11,46,7,1,3,1,0,0,FRA,0,4,0,146.2,0,N
67,8,32,4,1,3,2,0,0,FRA,0,1,0,135.9,1,N
127,5,22,28,2,2,3,0,0,GBR,0,4,2,171.0,1,N
84,4,15,11,0,4,3,0,0,FRA,0,4,0,166.5,0,Y
150,1,1,2,2,1,2,0,0,PRT,0,1,0,101.0,0,Y
226,9,36,1,1,3,2,0,0,DEU,0,1,1,80.75,1,N
219,9,40,30,1,2,2,0,0,PRT,0,1,0,120.0,0,Y
250,9,40,26,1,3,2,0,0,PRT,0,1,0,95.0,0,Y
28,1,1,3,0,3,1,0,0,NLD,0,1,0,96.0,1,N
10,3,11,12,1,0,2,0,0,PRT,0,1,0,40.0,0,N
0,12,50,10,0,1,2,1,0,PRT,0,6,0,0.0,1,N
224,10,40,2,1,2,2,0,0,FRA,0,1,0,65.0,0,N
116,10,44,27,0,3,2,0,0,NLD,0,1,0,89.25,0,N
226,7,30,22,0,2,2,0,0,USA,0,1,0,76.5,1,N
302,5,19,5,0,2,2,0,0,PRT,0,1,0,62.0,0,Y
24,3,13,26,2,1,2,0,0,DEU,0,1,0,100.0,0,N
35,3,10,3,2,3,2,0,0,GBR,0,1,0,83.9,1,N
66,4,17,23,0,1,2,0,0,FRA,0,1,0,105.3,2,N
38,10,43,23,1,2,2,0,0,PRT,0,4,1,80.0,1,N
37,6,25,16,0,1,2,0,0,GBR,0,1,0,116.1,0,Y
235,5,20,11,0,1,1,0,0,PRT,1,3,0,112.0,1,Y
0,3,10,2,0,4,1,0,0,MOZ,0,1,0,99.0,0,N
275,4,17,17,2,0,2,0,0,PRT,0,1,0,110.0,0,Y
0,7,30,18,1,3,2,0,0,DEU,0,1,0,139.0,0,N
301,7,31,30,1,1,1,0,0,DEU,0,1,1,90.0,0,N
31,6,26,20,1,1,2,0,0,KOR,0,4,0,107.1,0,Y
27,5,20,17,0,1,1,0,0,ESP,0,1,0,95.0,1,N
181,10,42,11,0,1,1,0,0,ITA,0,1,0,120.0,1,N
23,10,41,4,2,2,2,0,0,ITA,0,1,0,105.0,2,N
97,3,13,20,2,5,1,0,0,PRT,1,1,0,79.43,0,Y
147,7,30,21,0,2,1,0,0,PRT,1,1,0,64.5,0,Y
112,8,32,10,1,3,3,0,0,DNK,0,1,0,125.0,0,Y
27,1,3,10,1,0,2,0,0,IRL,0,1,0,89.0,1,N
105,4,15,6,0,1,2,0,0,PRT,0,1,0,75.0,0,Y
138,1,1,2,1,3,3,0,0,ITA,0,4,0,164.05,3,Y
134,12,49,4,2,2,2,0,0,PRT,0,1,0,65.0,0,Y
123,5,19,8,1,4,2,0,0,NOR,0,1,0,129.6,1,N
418,9,40,26,1,2,2,0,0,PRT,0,1,0,75.0,0,Y
150,6,24,17,2,3,1,0,0,PRT,0,1,0,120.0,0,Y
47,10,45,30,2,5,2,0,0,FRA,0,1,0,75.0,0,N
38,1,2,14,0,1,1,0,0,PRT,0,1,0,75.0,0,Y
265,6,26,24,0,2,2,0,0,DEU,0,1,0,115.0,1,N
18,10,41,4,2,1,1,0,0,PRT,1,1,0,110.0,0,Y
121,5,21,16,1,2,2,0,0,BEL,0,4,0,123.3,1,N
350,6,25,17,0,2,1,0,0,PRT,0,1,0,130.0,0,Y
120,3,11,17,1,2,2,0,0,BRA,0,1,0,93.6,2,Y
113,5,20,20,2,1,1,0,0,PRT,0,1,0,190.0,0,Y
3,1,4,23,1,2,2,0,0,PRT,0,1,0,75.0,0,N
58,6,25,18,1,1,2,0,0,GBR,0,1,0,116.1,0,Y
426,9,37,8,0,1,1,0,0,PRT,0,1,0,59.0,0,Y
148,4,18,29,2,7,2,0,0,FRA,0,1,0,71.37,0,N
27,8,33,15,0,4,2,0,0,GBR,0,1,0,169.0,1,N
180,10,40,1,2,1,2,0,0,IRL,0,1,0,108.9,0,Y
8,8,36,31,0,1,2,2,0,ESP,0,5,0,177.13,0,N
112,9,39,23,1,2,2,0,0,DEU,0,1,0,134.1,1,Y
60,3,10,5,2,6,1,0,0,PAK,0,1,0,63.75,0,Y
150,6,24,17,2,3,1,0,0,PRT,0,1,0,120.0,0,Y
142,8,35,24,0,3,2,0,0,SWE,0,1,2,108.3,0,N
239,6,25,15,0,2,2,0,0,PRT,0,1,0,112.2,0,Y
101,7,30,22,0,2,2,0,0,ITA,0,4,0,123.3,0,Y
66,6,24,9,1,3,2,0,0,SWE,0,1,0,126.9,1,N
44,7,27,1,0,2,3,0,0,BEL,0,4,0,150.3,0,Y
206,8,34,23,1,4,2,1,0,ESP,0,1,0,177.75,3,N
291,8,34,19,0,2,2,0,0,PRT,0,1,0,115.0,0,Y
101,8,33,17,1,3,2,0,0,GBR,0,1,0,125.0,1,Y
145,8,35,29,2,1,1,0,0,ITA,0,1,0,36.25,0,N
34,9,39,23,0,3,2,0,0,PRT,0,1,0,224.67,0,N
1,4,16,10,2,1,1,0,0,PRT,0,1,0,65.0,1,N
11,7,28,10,1,2,2,0,0,FRA,0,1,0,111.47,0,N
122,5,21,21,2,1,1,0,0,NLD,0,1,0,117.0,1,N
34,4,16,17,1,1,1,0,0,USA,0,1,0,129.0,0,Y
69,4,14,6,0,3,1,0,0,PRT,0,1,0,85.0,0,Y
277,11,46,7,1,2,2,0,0,PRT,0,1,0,100.0,0,Y
292,12,51,13,0,4,2,0,0,ITA,0,4,0,81.6,1,N
18,1,3,15,2,3,2,0,0,IRQ,0,1,1,89.0,1,N
2,9,36,2,0,1,2,2,0,PRT,0,6,0,258.0,1,N
218,6,24,9,0,2,2,0,0,PRT,1,1,0,135.0,0,Y
21,3,12,19,2,0,2,0,0,PRT,0,4,0,94.4,1,N
47,4,17,18,1,2,2,0,0,PRT,0,5,0,132.9,1,N
195,7,31,31,1,2,2,0,0,PRT,0,1,0,104.4,0,N
203,8,32,7,3,6,2,0,0,BEL,0,1,0,80.1,0,N
22,8,34,24,0,2,2,0,0,POL,0,1,0,149.5,1,N
0,6,24,8,0,2,1,0,0,FRA,0,1,0,110.0,0,N
13,5,23,29,1,0,2,0,0,PRT,0,1,0,94.35,1,N
93,5,20,12,2,3,3,0,0,DEU,0,1,1,150.45,3,N
0,2,8,16,0,1,1,0,0,PRT,2,1,0,65.0,0,N
20,5,21,24,0,1,2,0,0,PRT,0,1,0,120.0,0,Y
1,2,10,28,2,1,1,0,0,PRT,0,1,0,60.0,0,Y
91,3,10,9,1,3,2,0,0,BEL,0,1,0,74.8,0,Y
99,8,33,8,1,2,3,0,0,ESP,0,4,1,166.4,2,Y
263,8,31,1,0,2,3,0,0,ESP,0,1,3,130.63,0,N
339,9,39,21,1,1,2,0,0,PRT,1,1,0,62.0,0,Y
131,7,29,11,1,4,1,0,0,GBR,0,1,0,101.15,1,N
3,5,20,12,2,3,2,0,0,CN,0,1,0,121.0,0,N
22,2,7,13,2,4,1,2,0,PRT,0,1,0,108.5,0,N
0,8,35,23,0,1,2,0,0,USA,0,1,0,139.0,0,N
159,8,32,4,1,3,2,0,0,FRA,0,1,0,93.5,1,N
35,3,12,22,0,3,2,0,0,ESP,0,4,0,125.33,0,N
72,4,16,12,0,3,2,0,0,FRA,0,1,0,105.3,0,Y
279,7,30,23,0,2,2,0,0,PRT,1,1,0,62.8,0,Y
38,4,14,3,1,4,2,0,0,DEU,0,1,0,140.0,0,Y
566,1,4,26,0,2,2,0,0,PRT,0,1,0,62.0,0,Y
67,11,45,1,0,4,2,0,0,IRL,0,1,0,93.6,3,N
18,2,10,28,2,1,1,0,0,EGY,0,4,0,145.0,1,N
95,11,48,26,1,1,3,0,0,IRL,0,4,0,126.0,1,Y
116,6,25,22,0,3,2,0,0,SWE,0,1,0,99.0,2,N
18,3,12,19,1,1,2,0,0,ITA,0,1,0,109.0,0,Y
0,10,42,13,0,1,2,0,0,PRT,0,1,0,114.0,1,N
25,12,50,8,0,2,1,0,0,PRT,1,1,0,90.0,0,Y
51,8,36,28,2,3,2,0,0,GBR,0,4,0,123.3,1,Y
32,10,43,18,2,2,2,0,0,PRT,1,1,0,96.3,2,Y
73,3,13,29,0,3,2,0,0,GBR,0,4,0,144.0,0,Y
0,11,47,15,0,1,1,0,0,PRT,0,1,1,88.0,0,N
7,8,34,20,1,3,2,1,0,PRT,0,1,0,119.5,1,Y
86,1,4,22,0,1,2,0,0,PRT,1,1,0,85.0,0,Y
179,9,40,30,2,2,2,0,0,FRA,0,1,0,113.4,0,Y
81,1,5,29,1,2,2,0,0,KOR,0,2,0,62.37,2,N
309,5,20,12,0,2,2,0,0,PRT,0,1,0,62.0,0,Y
21,6,23,6,0,3,1,0,0,FRA,0,1,0,120.0,1,N
6,6,25,19,1,1,1,0,0,NLD,0,1,0,144.0,0,N
27,7,28,9,2,2,2,1,0,DEU,0,1,0,104.0,0,N
2,1,3,15,2,3,1,0,0,BEL,0,1,0,79.0,0,Y
58,12,51,15,0,3,2,0,0,LUX,0,1,0,79.2,1,Y
84,8,33,16,0,3,2,0,0,GBR,0,1,0,130.0,1,Y
84,10,43,21,1,2,2,0,0,DEU,0,1,0,80.75,2,N
156,6,24,15,0,3,2,0,0,NLD,0,5,2,162.0,1,N
112,12,49,4,2,2,2,0,0,ESP,0,1,0,52.85,1,N
87,4,15,15,2,2,2,0,0,PRT,0,1,0,95.0,0,Y
286,10,43,16,1,0,2,0,0,PRT,0,1,0,90.0,0,Y
229,10,44,28,1,2,3,0,0,DEU,0,4,0,128.7,0,Y
8,12,49,3,2,1,2,2,0,ESP,0,5,0,185.33,1,N
112,3,14,30,0,2,2,0,0,PRT,0,1,0,64.0,0,Y
134,5,20,9,1,4,2,0,0,FRA,0,1,0,76.58,1,N
92,8,32,1,1,5,2,0,0,ESP,0,1,0,116.1,0,N
0,12,49,1,0,2,1,0,0,FRA,0,1,0,96.0,1,N
147,7,30,21,0,2,2,0,0,PRT,1,1,0,75.0,0,Y
629,3,13,30,0,2,2,0,0,PRT,0,1,0,62.0,0,Y
57,9,39,21,0,2,2,0,0,GBR,0,1,0,101.52,0,N
24,2,9,27,2,1,2,0,0,DEU,0,4,0,48.67,0,N
204,8,33,12,0,4,2,0,0,PRT,0,1,0,76.5,3,N
21,7,28,5,0,1,1,0,0,FRA,0,1,0,84.0,0,N
147,7,30,24,1,2,2,0,0,GBR,0,1,0,80.1,0,N
8,6,25,14,0,1,2,0,0,ECU,0,1,0,101.0,2,N
113,10,41,8,2,2,2,2,0,ESP,0,6,0,190.8,1,Y
192,6,26,24,0,2,1,0,0,SRB,0,1,0,95.0,0,N
316,5,19,10,0,2,2,0,0,PRT,0,1,0,109.8,1,Y
374,10,44,26,1,1,2,0,0,PRT,1,1,0,62.0,0,Y
18,10,40,2,2,2,2,0,0,FRA,0,1,0,111.75,0,N
64,11,45,3,1,3,2,0,0,CN,0,4,0,106.2,1,Y
364,10,42,16,0,2,2,0,0,PRT,1,1,0,101.5,0,Y
68,4,16,18,0,4,2,0,0,ITA,0,4,0,135.0,0,Y
14,8,34,24,2,3,2,0,0,GBR,0,1,0,125.6,1,N
31,1,2,3,1,0,2,0,0,BRA,0,2,4,71.52,1,N
84,4,14,6,0,3,2,0,0,GBR,0,4,0,127.8,3,N
15,2,8,19,0,1,1,0,0,PRT,0,1,0,81.0,0,N
110,4,17,26,1,4,3,0,0,NOR,0,1,0,100.8,0,Y
1,3,12,22,0,1,1,0,0,GBR,0,1,0,89.0,1,N
210,8,34,18,0,1,1,0,0,AUT,0,1,0,96.3,0,N
188,7,31,28,2,5,2,0,0,BGR,0,1,0,90.95,0,Y
128,8,33,8,1,4,2,0,0,FRA,0,1,4,119.7,0,Y
168,9,37,11,0,2,2,0,0,PRT,0,1,0,60.0,0,N
34,6,24,12,1,0,2,0,0,NLD,0,1,0,140.0,2,Y
181,5,19,5,2,4,2,0,0,PRT,1,1,0,90.0,0,Y
273,5,20,13,1,2,2,0,0,PRT,0,1,0,95.0,0,Y
420,5,20,20,2,1,2,0,0,PRT,0,1,0,90.0,0,Y
42,8,36,30,0,4,3,0,0,BEL,0,4,0,142.2,2,N
95,9,38,13,2,5,2,0,0,IRL,0,4,0,183.6,1,N
287,7,29,18,0,3,2,0,0,PRT,0,1,0,90.0,0,Y
177,6,23,3,0,2,2,0,0,PRT,0,1,0,100.0,0,Y
0,9,36,5,0,1,2,0,0,ESP,0,1,0,143.0,0,N
219,9,36,4,1,2,1,0,0,SWE,0,1,0,76.67,0,N
46,7,28,10,1,2,2,0,0,NOR,0,1,0,120.0,2,N
159,5,21,24,0,4,2,0,0,FRA,0,1,4,129.6,0,N
38,2,6,6,2,2,2,0,0,NLD,0,1,0,53.97,2,N
113,2,9,25,0,3,2,0,0,PRT,1,1,0,75.0,0,Y
96,12,53,27,2,3,2,1,0,FRA,0,4,0,75.0,1,N
234,2,8,19,2,1,2,0,0,AUS,0,1,0,90.0,1,Y
151,8,32,5,1,2,2,0,0,DEU,0,1,0,72.25,0,N
10,3,13,22,0,5,2,0,0,DEU,0,4,0,160.0,0,N
21,5,21,21,2,2,2,0,0,NLD,0,1,0,110.0,1,N
186,3,12,25,2,5,2,0,0,DEU,0,1,0,68.0,0,N
239,6,24,17,2,4,2,0,0,ROU,0,1,0,99.0,0,Y
346,9,38,13,0,2,1,0,0,DEU,0,1,1,90.0,0,N
280,12,53,31,2,1,2,0,0,ROU,0,1,0,86.7,0,Y
6,3,10,4,0,1,3,0,0,FRA,0,1,0,140.0,0,N
25,7,29,12,0,4,2,0,0,IRL,0,1,0,84.0,0,N
12,8,35,23,2,2,2,0,0,ESP,0,1,0,99.0,3,N
169,7,27,2,1,0,2,0,0,HUN,0,1,0,107.1,0,N
356,1,1,1,1,0,2,0,0,GBR,0,4,0,87.3,3,N
105,5,20,19,0,2,1,0,0,PRT,0,1,0,160.0,0,Y
13,4,16,15,0,1,2,0,0,PRT,0,1,3,125.0,0,N
0,8,35,26,2,5,2,0,0,FRA,0,4,0,159.0,0,N
103,7,26,1,0,1,3,0,0,ESP,0,5,0,198.0,0,N
2,3,12,25,0,1,2,0,0,PRT,0,1,0,98.0,2,N
0,2,5,2,0,0,1,0,0,PRT,0,1,1,0.0,1,N
151,8,33,17,1,3,2,0,0,BEL,0,4,0,139.5,0,Y
12,2,6,3,0,2,1,0,0,PRT,0,6,0,86.0,0,N
77,4,14,5,1,4,2,0,0,CZE,0,4,0,126.0,2,Y
38,11,45,4,1,2,2,0,0,SWE,0,4,0,118.0,2,N
23,12,50,4,2,0,1,0,0,ESP,0,1,0,96.0,1,Y
82,9,37,5,3,7,2,0,0,DEU,0,4,0,90.95,0,N
71,9,36,2,1,2,2,1,0,POL,0,1,0,152.1,2,Y
16,5,23,29,2,3,2,0,0,FRA,0,1,0,110.75,0,N
148,7,30,29,2,6,2,0,0,FRA,0,1,0,121.88,1,N
150,7,29,19,0,2,2,0,0,BEL,0,1,0,98.1,1,N
247,6,24,6,1,1,2,0,0,DEU,0,1,0,115.0,1,N
86,1,4,22,0,1,2,0,0,PRT,1,1,0,85.0,0,Y
15,7,27,6,0,1,1,0,0,FRA,0,1,1,125.0,0,N
37,10,43,22,0,2,2,0,0,ITA,0,4,0,105.3,2,N
60,9,37,5,1,5,2,0,0,ITA,0,4,0,132.45,1,Y
115,8,34,14,2,5,3,0,0,RUS,0,4,0,144.13,3,N
92,8,31,3,2,3,2,0,0,FRA,0,1,0,183.0,1,Y
183,9,37,8,0,3,2,0,0,PRT,0,1,0,110.0,0,Y
143,8,32,8,0,4,2,1,0,GRC,0,1,0,155.25,1,N
1,8,34,18,0,4,2,0,0,ITA,0,1,0,109.8,0,N
89,4,14,1,0,2,2,0,0,DEU,0,1,0,87.3,1,N
118,5,22,29,1,5,2,0,0,LTU,0,1,0,145.67,2,N
30,3,12,24,0,1,1,0,0,FRA,0,1,1,90.0,0,N
31,9,38,16,1,2,2,0,0,DEU,0,1,0,75.0,0,N
97,10,41,5,1,3,1,0,0,PRT,0,1,0,140.0,0,Y
93,12,50,10,1,1,2,0,0,PRT,0,1,0,68.0,1,N
90,10,43,19,0,4,3,0,0,FRA,0,1,0,105.4,0,N
28,1,2,4,1,3,2,0,0,ESP,0,1,0,87.0,1,N
169,4,16,21,2,3,2,1,0,FRA,0,1,0,117.0,1,Y
368,6,26,28,0,3,2,0,0,PRT,0,1,0,90.0,0,Y
72,10,43,18,0,2,2,0,0,ISR,0,1,0,108.0,1,Y
367,10,43,19,1,1,2,0,0,PRT,1,1,0,62.0,0,Y
386,10,44,23,2,0,2,0,0,DEU,0,1,0,115.0,1,N
1,12,53,30,0,3,2,0,0,FRA,0,1,0,127.0,1,N
15,3,13,26,2,0,1,0,0,FRA,0,1,2,108.0,0,N
117,2,10,29,1,2,2,0,0,PRT,1,1,0,75.0,0,Y
98,2,6,9,0,3,2,0,0,GBR,0,1,0,79.2,2,N
56,3,10,10,1,2,2,0,0,NLD,0,1,0,97.2,0,Y
45,4,17,17,2,0,1,0,0,PRT,0,1,0,99.0,0,N
28,4,17,29,0,1,2,0,0,HKG,0,1,0,115.0,3,N
143,5,22,29,1,2,3,0,0,GBR,0,4,0,175.5,0,N
22,10,44,25,0,1,1,0,0,PRT,0,1,0,95.0,0,N
49,7,27,1,0,2,2,0,0,RUS,0,1,0,107.1,0,Y
140,5,19,7,0,1,2,2,0,ESP,0,6,0,177.3,0,Y
40,4,17,22,1,2,2,1,0,ESP,0,4,0,128.4,0,N
143,8,34,20,2,1,2,0,0,ESP,0,1,0,125.0,0,Y
81,3,13,25,1,2,2,0,0,PRT,0,1,1,65.0,0,N
199,7,30,23,2,1,2,0,0,NOR,0,4,2,105.3,2,N
34,2,8,23,1,3,2,0,0,DEU,0,4,2,100.3,0,N
8,3,9,2,2,6,2,2,0,PRT,0,6,0,255.0,0,Y
39,8,33,14,0,2,2,0,0,DEU,0,1,0,109.0,0,N
1,9,39,22,0,1,2,0,0,DEU,0,4,0,107.0,0,N
22,8,35,21,2,3,3,0,0,DZA,0,4,0,191.0,0,Y
8,7,29,20,0,1,1,0,0,PRT,1,4,0,104.0,2,N
19,12,50,5,1,2,2,0,0,FRA,0,1,0,104.0,1,N
81,4,18,24,2,2,2,0,0,CHE,0,4,1,111.78,1,N
150,7,29,11,1,3,1,0,0,FRA,0,4,0,109.23,0,N
286,7,27,2,2,1,2,1,0,BRA,0,1,0,123.3,1,Y
82,4,15,6,1,4,2,0,0,TWN,0,4,0,99.45,0,Y
454,10,41,6,0,2,2,0,0,PRT,0,1,0,62.0,0,Y
63,11,48,22,0,1,2,0,0,PRT,0,1,0,79.2,1,N
2,9,38,16,0,1,2,0,0,USA,0,1,0,169.0,0,Y
325,9,37,7,1,1,2,0,0,PRT,1,1,0,62.0,0,Y
60,9,39,21,1,1,1,0,0,PRT,0,1,0,0.0,0,Y
386,7,31,28,0,2,2,0,0,PRT,0,1,0,62.0,0,Y
3,9,38,17,0,1,2,0,0,PRT,0,1,0,159.0,0,Y
126,8,32,6,2,1,2,1,0,CN,0,1,1,93.17,1,N
409,5,22,31,0,3,2,0,0,GBR,0,1,0,112.67,1,N
27,3,12,19,2,3,2,0,0,PRT,0,4,0,76.23,0,N
7,4,16,16,1,1,2,1,0,ISR,0,1,0,134.0,1,N
0,5,22,29,1,2,2,0,0,GBR,0,4,0,153.0,2,N
64,7,30,23,2,1,2,0,0,ARG,0,5,0,174.33,1,Y
30,4,16,13,0,4,2,0,0,KHM,0,1,0,99.0,0,Y
244,12,53,30,1,2,2,0,0,ITA,0,1,0,80.7,0,Y
0,8,33,18,0,1,2,0,0,PRT,0,1,1,89.5,0,N
74,3,13,26,2,2,2,0,0,FRA,0,1,1,94.8,0,N
117,2,10,29,1,2,2,0,0,PRT,1,1,0,75.0,0,Y
198,5,21,20,0,1,2,0,0,PRT,0,1,0,65.0,0,N
38,1,2,14,0,1,1,0,0,PRT,0,1,0,75.0,0,Y
169,8,34,18,0,2,2,0,0,BEL,0,2,0,97.54,2,N
101,3,12,23,0,3,2,0,0,HUN,0,4,0,106.2,0,Y
98,11,48,23,1,3,2,0,0,JOR,0,1,1,75.0,0,N
41,6,27,28,0,1,2,0,0,PRT,0,1,0,85.6,0,N
47,11,48,22,0,1,3,0,0,PRT,0,1,1,98.1,0,N
65,6,24,10,3,7,2,1,0,AGO,0,6,0,214.83,0,Y
57,10,44,29,2,1,2,0,0,FRA,0,1,0,141.3,1,Y
0,2,7,8,1,0,2,0,0,PRT,0,4,0,0.0,0,N
203,7,30,19,0,5,2,0,0,ITA,0,1,2,90.95,1,Y
79,11,47,17,0,3,2,0,0,GBR,0,4,0,102.6,1,Y
150,6,24,17,2,3,1,0,0,PRT,0,1,0,120.0,0,Y
238,6,25,18,0,1,2,0,0,GBR,0,2,0,114.48,2,N
67,3,12,19,2,3,2,0,0,GBR,0,1,0,68.0,0,N
100,1,1,3,0,5,2,0,0,SWE,0,1,0,74.8,1,Y
27,5,20,10,0,3,2,0,0,TJK,0,1,0,141.0,0,Y
151,3,12,20,1,1,2,0,0,PRT,0,1,0,95.0,0,N
78,3,12,25,2,2,2,0,0,BRA,0,4,0,77.23,1,N
68,3,11,15,0,2,1,0,0,PRT,0,1,0,65.0,0,N
69,9,37,8,1,3,3,0,0,FRA,0,4,0,168.3,2,N
113,5,23,31,0,3,1,0,0,PRT,0,1,0,100.0,0,Y
136,8,34,20,2,5,2,0,0,FRA,0,4,0,109.39,1,N
1,4,17,19,0,2,1,0,0,PRT,0,1,0,107.0,0,Y
28,4,17,29,2,2,2,0,0,SYR,0,1,0,137.0,3,N
183,7,29,18,0,4,2,0,0,FRA,0,4,0,153.9,0,Y
6,12,53,28,0,4,2,0,0,NLD,0,1,0,110.5,2,N
73,5,22,25,1,4,2,0,0,USA,0,4,2,129.96,1,N
127,4,14,7,0,2,2,0,0,SWE,0,4,0,130.5,2,N
174,6,22,1,0,2,2,0,0,PRT,0,1,0,100.0,0,Y
56,11,47,14,1,2,2,0,0,FRA,0,1,0,75.0,0,N
16,10,41,7,0,1,1,0,0,PRT,0,1,0,85.5,1,Y
56,5,19,11,0,1,2,0,0,GBR,0,1,0,89.1,0,N
136,7,28,14,2,4,1,0,0,DNK,0,4,4,173.0,0,N
86,11,46,6,2,2,1,0,0,PRT,0,4,0,146.6,1,Y
6,5,19,3,0,1,1,0,0,PRT,0,4,0,110.0,0,N
205,8,34,23,1,4,2,0,0,ESP,0,1,1,101.0,0,N
173,3,11,17,1,2,2,0,0,FRA,0,1,0,79.2,0,N
447,9,40,29,0,2,2,0,0,PRT,0,1,0,62.0,0,Y
69,10,44,25,2,1,2,0,0,PRT,0,1,0,85.67,0,N
40,2,8,25,2,2,3,0,0,ITA,0,5,0,125.8,2,N
10,5,19,6,1,2,2,0,0,FRA,0,4,0,146.0,2,N
69,6,25,12,2,4,1,0,0,PRT,0,1,0,120.0,0,Y
622,3,12,23,0,2,2,0,0,PRT,0,1,0,62.0,0,Y
32,6,27,26,2,5,2,0,0,ROU,0,4,0,126.26,1,N
1,6,27,26,2,0,2,0,0,ECU,0,1,0,124.0,0,N
135,9,38,14,1,2,2,0,0,PRT,0,1,0,90.0,0,Y
168,4,17,22,1,2,2,0,0,PRT,0,1,0,85.0,0,Y
181,7,28,10,1,3,2,0,0,GBR,0,4,0,120.6,0,Y
145,8,35,29,2,1,2,0,0,ITA,0,1,0,94.5,0,N
40,9,40,26,1,3,1,0,0,BEL,0,4,0,149.4,2,N
62,7,28,10,1,1,2,2,0,HUN,0,6,1,230.0,0,Y
0,8,35,29,0,1,2,2,0,NLD,0,7,0,270.0,0,N
223,10,41,3,1,3,2,0,0,ISR,0,1,0,102.85,0,Y
37,8,36,28,2,0,3,0,0,PRT,0,1,0,111.6,0,N
288,12,53,25,2,4,2,0,0,NLD,0,1,0,66.58,0,Y
84,7,29,15,0,2,2,1,0,ESP,0,1,0,121.5,2,N
19,10,41,6,0,3,2,0,0,PRT,1,1,0,90.0,0,Y
39,8,33,14,0,2,2,0,0,DEU,0,1,1,109.0,0,N
34,9,38,11,2,0,2,0,0,USA,0,1,0,125.1,2,N
55,9,37,6,2,0,2,0,0,FRA,0,1,0,75.0,0,N
335,9,38,17,0,1,1,0,0,PRT,1,1,0,55.0,0,Y
103,4,17,19,0,2,1,0,0,PRT,0,1,0,115.0,0,Y
115,3,12,18,0,2,2,0,0,PRT,0,1,0,90.0,0,N
39,3,11,10,1,3,1,0,0,PRT,0,1,0,51.28,1,Y
3,7,28,11,2,1,1,0,0,PRT,0,1,0,72.5,0,N
80,9,40,26,1,2,1,0,0,PRT,0,1,0,86.0,0,N
134,6,24,15,2,5,2,1,0,SWE,0,1,0,138.86,1,N
95,6,23,7,0,3,2,0,0,PRT,0,1,0,89.1,1,Y
185,5,21,25,0,3,2,0,0,DEU,0,4,0,138.9,0,Y
31,7,29,10,2,5,2,0,0,FRA,0,1,2,127.15,2,N
13,10,43,20,0,4,2,0,0,DEU,0,1,0,54.75,0,N
317,9,38,15,0,2,2,0,0,PRT,0,1,0,120.0,0,Y
2,6,26,30,2,3,2,0,0,SWE,0,1,0,163.2,1,N
52,3,14,28,1,3,2,0,0,FIN,0,1,0,85.85,0,Y
52,3,11,13,1,1,1,0,0,PRT,0,1,0,80.0,0,Y
0,12,50,10,0,1,1,0,0,PRT,0,4,2,50.0,0,N
211,8,31,4,2,5,2,1,0,LUX,0,1,0,191.25,2,N
113,9,38,15,0,3,2,0,0,CHE,0,1,0,112.2,0,Y
433,9,37,8,0,3,2,0,0,PRT,0,1,0,70.0,0,Y
18,9,38,11,1,0,2,0,0,GBR,0,1,0,89.0,2,N
99,10,44,30,2,2,2,0,0,PRT,0,1,0,65.0,0,Y
111,4,14,3,1,1,2,0,0,ISR,0,1,0,95.0,0,N
93,12,52,19,1,2,2,0,0,GBR,0,1,0,98.0,0,N
238,6,23,5,2,5,0,2,0,FRA,0,2,0,106.35,1,Y
531,12,52,22,0,2,2,0,0,PRT,0,1,0,62.8,0,Y
1,1,5,27,0,2,1,0,0,DEU,0,1,1,71.2,0,N
0,8,33,11,0,4,2,0,0,PRT,0,1,2,114.0,0,N
102,7,30,27,0,1,2,2,0,NLD,0,6,0,235.0,0,Y
65,9,38,14,0,4,2,0,0,GBR,0,4,0,149.4,1,N
281,4,16,14,0,2,2,0,0,PRT,0,1,0,62.0,0,Y
61,2,7,13,1,2,2,0,0,DEU,0,1,0,95.4,0,Y
15,5,20,8,2,1,2,0,0,HUN,0,1,0,111.0,0,Y
74,4,15,6,0,3,2,1,0,ITA,0,1,0,112.5,1,Y
10,11,45,4,2,2,2,0,0,FRA,0,1,0,114.85,0,N
72,10,44,28,0,3,2,0,0,ISR,0,1,0,85.67,1,N
61,12,53,27,2,3,2,0,0,PRT,0,4,0,56.0,0,N
414,12,49,5,2,1,2,0,0,PRT,1,1,0,62.0,0,Y
0,6,24,7,0,1,2,1,0,BRA,0,4,0,139.0,0,Y
68,4,17,21,0,1,3,0,0,FRA,0,4,0,137.7,1,Y
330,6,23,2,0,2,2,0,0,PRT,0,1,0,62.0,0,Y
22,5,21,20,0,2,2,0,0,PRT,0,1,0,140.0,0,Y
0,4,15,9,2,1,1,0,0,PRT,0,1,0,104.0,0,N
305,11,45,4,1,2,2,0,0,PRT,0,1,0,89.0,0,Y
57,6,24,10,1,2,1,0,0,PRT,0,1,1,75.33,1,N
269,12,53,29,2,3,1,0,0,SWE,0,1,0,70.0,0,N
155,4,15,13,1,3,2,0,0,PRT,0,1,0,130.0,0,Y
43,11,45,4,0,3,2,0,0,FRA,0,4,0,60.0,0,N
129,6,22,2,1,2,2,0,0,PRT,0,1,0,130.0,0,Y
91,4,15,6,0,4,2,0,0,DEU,0,1,0,76.5,0,N
47,9,37,10,1,1,2,0,0,ITA,0,1,1,96.0,1,N
14,10,42,15,0,2,1,0,0,ROU,0,1,0,100.0,0,N
39,8,33,14,0,2,2,0,0,PRT,0,1,0,101.5,0,Y
0,9,38,14,0,2,2,0,0,AGO,0,1,1,90.0,0,N
23,2,6,7,0,4,2,0,0,GBR,0,1,0,74.8,2,N
125,4,16,20,0,3,2,0,0,PRT,0,1,0,85.0,0,Y
168,4,18,30,2,0,3,0,0,BRA,0,4,0,166.5,2,N
8,9,36,1,0,3,3,0,0,PRT,0,1,0,113.0,2,N
239,7,30,24,1,2,2,0,0,ESP,0,1,2,104.86,0,N
32,3,13,22,0,1,2,1,0,FRA,0,1,0,115.2,2,Y
8,7,27,2,0,1,2,0,0,GBR,0,1,0,151.0,1,Y
10,9,39,19,1,1,1,0,0,ITA,0,1,0,149.0,2,N
68,4,15,10,1,3,2,0,0,DEU,0,1,0,89.1,0,N
112,8,35,22,1,4,3,0,0,ESP,0,4,0,150.3,0,Y
133,2,7,17,2,2,2,0,0,AUT,0,1,0,88.4,2,N
433,9,38,15,0,2,2,0,0,PRT,0,1,0,62.0,0,Y
45,11,49,28,1,0,1,0,0,PRT,0,1,1,67.0,0,N
1,3,11,16,0,1,1,0,0,ESP,0,1,0,80.0,0,N
150,6,24,17,2,3,1,0,0,PRT,0,1,0,120.0,0,Y
50,9,39,24,2,4,2,0,0,PRT,0,1,0,145.8,3,Y
67,2,7,12,2,0,2,0,0,PRT,0,1,0,80.0,0,Y
5,9,40,28,1,0,1,0,0,PRT,0,1,0,65.0,0,N
50,3,14,31,0,3,2,0,0,ISR,0,1,0,65.0,1,N
265,6,26,24,0,2,2,0,0,DEU,0,1,0,115.0,1,N
6,3,11,18,1,1,2,0,0,ESP,0,1,0,107.0,0,N
18,8,36,30,2,3,2,0,0,PRT,0,1,0,89.0,1,Y
97,6,25,22,0,3,3,0,0,FRA,0,4,0,183.0,0,Y
31,4,14,6,0,3,3,0,0,NLD,0,5,0,220.0,0,Y
16,5,23,29,1,0,2,0,0,GBR,0,1,0,111.0,0,Y
189,5,21,19,0,3,2,0,0,FRA,0,1,0,65.0,1,N
74,9,38,18,0,2,2,0,0,PRT,0,1,0,109.0,0,N
90,2,7,17,1,2,2,0,0,AUS,0,4,1,102.6,0,Y
305,5,19,9,0,3,2,0,0,PRT,0,1,0,89.1,0,Y
58,12,50,9,0,1,2,0,0,ESP,0,1,0,88.2,2,N
62,5,22,25,0,1,2,0,0,FRA,0,1,0,116.1,1,N
130,6,24,9,0,2,3,0,0,ITA,0,4,0,159.3,0,Y
3,2,9,21,2,0,2,0,0,NLD,0,4,0,105.0,0,N
59,2,6,6,2,2,2,0,0,AUT,0,1,0,62.0,0,N
84,1,1,1,2,1,2,0,0,RUS,0,4,0,112.2,0,N
81,5,20,12,0,3,2,1,0,BEL,0,1,0,143.1,2,N
9,4,18,29,0,2,2,0,0,PRT,0,1,0,110.0,0,N
9,5,20,14,2,2,2,0,0,PRT,0,4,0,179.0,2,N
322,5,21,19,1,3,2,0,0,PRT,0,1,0,80.0,0,Y
95,7,27,6,0,3,3,0,0,ITA,0,1,1,146.67,1,N
130,4,16,16,2,3,2,0,0,FRA,0,1,1,82.59,2,N
17,10,40,3,2,2,1,0,0,PRT,1,1,0,110.0,0,Y
277,11,46,7,1,2,2,0,0,PRT,0,1,0,100.0,0,Y
60,10,44,25,2,4,2,0,0,NLD,0,2,0,85.43,1,N
275,10,41,5,1,4,2,0,0,PRT,0,1,0,90.0,0,Y
139,6,24,12,1,1,2,0,0,PRT,0,1,0,110.0,0,Y
74,9,38,18,0,2,2,0,0,PRT,0,1,0,101.5,0,Y
98,2,9,26,2,4,2,0,0,FIN,0,1,0,74.8,0,Y
115,3,12,18,0,2,2,0,0,PRT,0,1,0,112.2,0,Y
468,10,43,20,0,1,1,0,0,PRT,0,1,0,59.0,0,Y
88,5,23,30,1,1,2,0,0,NLD,0,1,0,104.0,1,N
31,3,13,24,0,2,1,0,0,GBR,0,4,1,144.9,0,Y
123,8,33,11,0,3,2,1,0,ESP,0,1,0,139.5,2,Y
5,2,7,17,2,5,2,0,0,FRA,0,4,0,102.97,0,N
11,2,9,28,0,4,2,0,0,ROU,0,1,0,91.8,0,Y
6,10,44,30,1,2,2,0,0,PRT,0,1,0,87.27,1,N
3,10,41,7,1,2,1,0,0,PRT,0,4,0,110.0,0,Y
28,8,32,3,1,3,2,0,0,PRT,0,1,0,62.0,0,Y
196,10,41,8,1,1,2,0,0,USA,0,4,0,122.4,0,Y
60,7,29,14,0,2,2,2,0,FRA,0,6,0,177.3,0,Y
32,2,6,8,0,4,2,0,0,PRT,0,1,0,66.64,0,Y
451,5,21,16,1,2,2,0,0,PRT,0,1,0,60.0,0,Y
48,2,8,22,0,2,1,0,0,ESP,0,1,0,65.0,1,N
203,8,34,17,0,2,3,0,0,PRT,0,4,0,133.2,1,N
2,8,34,24,0,1,2,1,0,PRT,0,1,0,113.98,1,N
257,4,15,13,2,6,2,2,0,USA,0,2,3,201.66,1,N
81,10,43,21,1,2,2,1,0,PRT,0,1,0,135.0,0,Y
43,4,18,30,0,1,2,0,0,PRT,0,1,0,126.9,0,Y
3,11,49,28,1,0,1,0,0,PRT,0,1,0,88.0,0,N
102,10,42,9,1,0,2,0,0,FRA,0,1,0,108.0,1,N
280,9,39,19,1,2,2,0,0,PRT,0,1,0,110.0,0,Y
8,7,28,15,2,3,2,0,0,GBR,0,1,0,110.88,0,Y
164,10,40,2,0,2,1,0,0,PRT,0,1,0,100.0,0,N
37,10,43,22,0,3,2,0,0,ITA,0,1,0,96.3,1,N
65,8,34,20,1,1,2,1,0,PRT,0,1,0,152.1,0,Y
47,4,16,12,0,1,1,0,0,ESP,0,1,1,99.9,0,Y
5,4,15,8,0,1,2,0,0,FRA,0,1,0,108.0,0,N
357,5,21,24,0,2,2,0,0,GBR,0,1,0,109.8,1,Y
127,2,9,26,1,0,2,0,0,ITA,0,1,0,93.6,2,Y
102,6,27,27,1,3,2,2,0,PRT,0,6,0,173.95,2,N
81,10,41,6,0,3,1,0,0,PRT,0,1,0,80.75,1,Y
273,7,29,17,0,2,2,0,0,PRT,0,1,1,109.0,0,N
131,5,22,28,2,3,2,0,0,FRA,0,1,0,85.0,1,N
19,4,16,13,0,1,2,0,0,DEU,0,1,0,119.0,1,N
156,7,30,28,0,2,2,0,0,GBR,0,1,0,112.5,1,N
245,6,25,17,0,2,2,0,0,PRT,0,1,0,75.0,0,Y
29,11,47,14,1,3,2,0,0,ESP,0,4,1,100.38,2,Y
48,2,6,9,1,3,3,0,0,GBR,0,5,0,147.9,1,Y
46,6,27,29,0,2,2,1,0,ESP,0,1,0,134.1,1,N
412,8,35,25,0,2,2,0,0,PRT,0,1,0,62.0,0,Y
21,2,8,17,0,1,1,0,0,BRA,0,1,0,85.0,1,N
143,7,31,31,2,5,2,0,0,ITA,0,4,0,139.5,1,N
353,10,41,5,1,1,2,0,0,PRT,1,1,0,62.0,0,Y
39,12,53,27,2,2,2,1,0,BRA,0,2,2,99.86,1,N
53,11,49,29,0,4,2,0,0,ROU,0,2,2,77.86,2,N
201,8,32,8,2,8,2,0,0,ITA,0,5,0,166.5,0,Y
173,5,18,5,1,2,2,0,0,DEU,0,4,0,130.5,1,N
53,7,28,10,1,2,2,0,0,GBR,0,1,0,95.76,0,N
109,6,25,22,0,3,2,0,0,PRT,0,1,0,108.0,2,N
141,7,30,17,2,1,2,0,0,PRT,0,1,0,105.3,2,N
47,5,21,21,1,1,2,0,0,BEL,0,1,0,125.1,1,N
44,8,34,14,2,2,3,0,0,FRA,0,4,0,168.3,2,Y
55,9,37,6,2,0,1,0,0,FRA,0,1,1,75.0,0,N
386,7,31,28,0,2,2,0,0,PRT,0,1,0,62.0,0,Y
132,5,22,28,2,2,2,0,0,PRT,0,1,0,99.0,0,Y
47,3,12,18,2,2,3,0,0,AUT,0,4,0,124.1,1,Y
0,10,44,26,1,4,2,0,0,PRT,0,1,3,133.0,0,N
0,9,36,2,0,1,1,0,0,JPN,0,2,0,150.0,0,N
41,8,32,4,1,3,2,2,0,BRA,0,5,0,183.3,0,Y
194,4,17,21,0,3,2,0,0,FRA,0,1,1,73.46,0,N
68,2,8,17,0,2,2,0,0,PRT,1,1,0,75.0,0,Y
79,4,15,7,1,3,1,0,0,PAK,0,1,0,80.75,0,Y
279,10,42,12,0,3,2,0,0,PRT,0,1,0,110.0,0,Y
72,10,44,28,0,3,2,0,0,ISR,0,1,0,85.67,0,N
43,10,43,20,0,3,2,0,0,BEL,0,1,0,146.33,2,Y
246,5,21,27,1,1,2,0,0,PRT,0,1,0,128.0,1,N
1,6,25,17,1,2,1,0,0,QAT,0,1,0,70.0,0,N
180,10,42,16,0,1,2,0,0,PRT,0,1,0,70.0,0,Y
54,8,31,1,0,3,2,0,0,ESP,0,1,0,140.0,1,N
126,4,16,14,0,3,1,0,0,PRT,0,1,0,57.5,0,Y
44,6,24,17,2,1,2,0,0,NLD,0,1,0,160.0,1,Y
36,12,49,4,1,2,2,0,0,PRT,1,1,1,62.8,1,Y
106,3,13,28,0,5,2,0,0,USA,0,1,0,79.64,2,Y
15,2,8,18,0,3,1,0,0,PRT,0,1,0,86.0,0,N
62,9,40,27,0,2,1,0,0,NLD,0,4,0,115.04,1,N
0,11,47,16,1,2,2,0,0,PRT,0,1,0,75.0,0,N
150,8,33,10,0,4,3,0,0,FRA,0,4,0,107.57,1,N
0,2,5,4,1,1,2,0,0,PRT,0,1,0,44.0,1,N
145,9,39,19,1,2,2,0,0,FRA,0,1,1,80.75,0,N
68,4,14,5,0,2,1,0,0,PRT,0,1,0,100.0,0,N
351,6,26,23,0,2,2,0,0,PRT,0,1,0,62.0,0,Y
135,5,20,9,1,4,2,0,0,PRT,0,1,0,79.72,1,Y
13,12,51,17,1,1,2,0,0,PRT,0,1,0,88.0,0,Y
85,3,11,17,1,2,2,0,0,PRT,0,1,0,74.84,0,Y
150,6,24,17,2,3,1,0,0,PRT,0,1,0,120.0,0,Y
29,1,2,13,0,2,2,1,0,FRA,0,1,0,126.0,0,Y
103,7,30,18,1,3,2,0,0,PRT,0,1,0,72.25,0,Y
113,6,27,30,1,3,2,0,0,PRT,0,1,0,85.0,0,Y
17,8,35,27,1,0,2,0,0,USA,0,1,0,89.0,1,Y
307,8,34,20,0,2,2,0,0,PRT,1,1,0,62.0,0,Y
10,3,11,11,0,1,2,0,0,PRT,0,1,1,75.0,0,N
2,10,44,27,0,1,1,0,0,PRT,0,1,0,75.0,0,N
94,8,32,10,1,3,2,0,0,DNK,0,4,1,155.0,0,Y
85,5,19,3,0,3,2,0,0,CHE,0,4,0,140.4,0,N
19,9,40,28,1,1,1,0,0,PRT,0,1,2,170.0,0,N
1,2,9,27,0,1,2,0,0,PRT,0,1,0,91.0,1,N
36,8,32,9,0,3,2,0,0,PRT,0,1,1,112.67,0,Y
9,10,43,19,0,1,1,0,0,PRT,5,1,0,65.0,0,Y
23,2,5,3,0,2,1,0,0,CHE,0,1,0,88.0,0,Y
0,1,4,25,0,1,1,0,0,PRT,0,1,0,102.0,0,N
5,8,35,26,1,2,2,0,0,PRT,0,1,0,96.76,1,N
237,7,27,3,3,8,2,0,1,BEL,0,4,1,120.6,2,Y
241,10,43,19,1,2,1,0,0,PRT,1,1,0,0.0,0,Y
39,6,24,16,0,2,1,0,0,IRL,0,1,0,108.0,0,N
104,5,20,15,1,2,1,0,0,PRT,0,1,0,160.0,0,Y
1,9,39,22,0,2,1,0,0,GBR,0,1,1,111.65,0,N
102,7,31,29,2,5,2,0,0,SWE,0,1,0,46.66,0,N
111,6,23,1,0,3,2,0,0,FRA,0,1,1,96.67,0,N
21,7,29,20,0,3,2,0,0,GBR,0,4,0,159.33,1,N
27,9,40,30,0,2,2,0,0,PRT,0,1,0,108.0,0,Y
176,4,15,9,1,1,2,0,0,PRT,1,1,0,125.0,0,Y
14,5,23,30,2,5,1,0,0,GBR,0,4,1,131.7,1,N
107,7,28,9,2,5,2,0,0,ITA,0,1,0,109.16,1,N
111,4,14,3,1,2,2,0,0,BEL,0,1,0,117.0,2,N
18,9,37,4,1,0,2,0,0,BEL,0,1,0,118.0,0,Y
188,7,28,7,0,2,2,0,0,GBR,0,2,1,86.75,1,N
122,5,21,22,1,3,3,0,0,LUX,0,5,0,198.0,1,Y
147,6,24,11,2,1,2,0,0,ESP,0,1,0,102.3,0,N
0,12,53,31,0,1,1,0,0,PRT,0,3,0,0.0,0,N
193,9,36,3,0,1,2,0,0,USA,0,1,1,108.9,1,Y
161,3,13,25,1,2,2,0,0,PRT,0,1,0,130.0,0,Y
26,4,17,18,1,4,2,0,0,MAR,0,1,0,133.8,0,N
95,7,27,6,0,3,1,0,0,PRT,0,1,0,110.0,1,N
59,6,27,27,1,2,2,0,0,USA,0,1,0,101.1,0,Y
1,1,5,27,0,2,1,0,0,DEU,0,1,1,71.7,0,N
1,8,32,8,0,1,2,0,0,FRA,0,1,2,75.0,2,N
104,8,36,30,2,1,2,0,0,ESP,0,1,0,90.0,0,Y
126,4,16,14,0,3,2,0,0,PRT,0,1,0,65.0,0,Y
33,12,50,8,0,3,2,0,0,ESP,0,1,0,104.0,1,Y
601,3,9,2,0,2,2,0,0,PRT,0,1,0,62.0,0,Y
64,2,5,4,0,1,2,0,0,CHE,0,1,0,67.5,0,N
315,9,40,30,1,2,2,0,0,PRT,0,1,0,160.0,0,Y
3,10,45,31,1,0,1,0,0,NLD,0,1,0,115.5,1,N
103,1,1,6,1,2,2,0,0,AUS,0,1,0,104.0,2,Y
314,8,35,27,0,2,2,0,0,PRT,1,1,0,62.0,0,Y
123,4,18,30,2,5,2,0,0,FIN,0,1,0,70.73,0,N
141,5,23,30,1,4,2,0,0,BRA,0,1,0,99.96,0,Y
346,9,38,13,0,2,2,0,0,DEU,0,1,0,115.0,1,N
414,7,28,13,0,2,2,0,0,DEU,0,1,0,122.4,1,N
65,7,28,10,1,1,2,2,0,FRA,0,5,1,18.0,0,N
280,9,39,19,1,2,2,0,0,PRT,0,1,0,110.0,0,Y
41,12,49,2,2,2,3,0,0,ESP,0,4,0,130.9,2,N
61,9,36,1,2,5,2,0,0,RUS,0,1,0,95.66,1,N
13,9,40,27,0,2,1,0,0,GBR,0,6,0,176.33,0,N
151,3,12,20,1,1,2,0,0,PRT,0,1,0,95.0,1,N
60,12,52,23,0,4,3,0,0,BRA,0,1,0,96.98,2,N
68,2,8,17,0,2,2,0,0,PRT,1,1,0,75.0,0,Y
84,11,48,27,1,2,2,0,0,PRT,0,1,0,64.0,0,N
119,12,50,4,2,3,2,0,0,BEL,0,1,0,79.2,1,N
0,8,33,19,2,4,2,0,0,PRT,0,1,0,125.0,0,N
63,10,43,19,1,4,1,0,0,PRT,0,1,0,80.75,2,Y
77,7,28,5,0,2,2,0,0,AUS,0,1,0,107.1,1,N
559,1,3,19,0,2,2,0,0,PRT,0,1,0,62.0,0,Y
7,7,29,17,1,1,3,0,0,USA,0,4,0,210.0,0,Y
39,8,33,14,0,2,2,0,0,DEU,0,1,0,109.0,0,N
8,2,5,4,2,4,2,0,0,BEL,0,1,0,77.0,0,N
55,8,35,26,0,2,2,0,0,PRT,0,1,0,62.0,0,Y
80,7,27,7,0,1,2,0,0,DNK,0,1,0,108.0,1,N
104,5,20,15,1,2,1,0,0,PRT,0,1,0,160.0,0,Y
36,11,48,25,0,4,2,0,0,PRT,1,1,0,94.99,2,Y
11,11,49,27,2,2,2,0,0,DEU,0,1,0,76.29,1,Y
43,1,4,24,0,1,1,0,0,ESP,0,1,0,96.0,0,N
210,7,29,15,2,2,2,0,0,PRT,0,1,0,96.0,0,Y
18,2,6,10,0,2,2,0,0,PRT,0,1,0,88.0,0,Y
315,4,15,13,0,3,3,0,0,PRT,0,1,0,144.8,0,Y
69,12,53,30,0,3,2,0,0,ESP,0,2,0,93.52,0,N
395,3,13,21,1,2,2,0,0,PRT,1,1,0,62.8,0,Y
8,4,17,29,0,1,2,0,0,DEU,0,1,0,180.0,1,Y
7,11,45,5,0,1,1,0,0,PRT,1,1,0,65.0,0,Y
204,10,41,9,2,2,2,0,0,PRT,0,1,0,72.75,0,N
3,8,33,10,1,2,2,0,0,ESP,0,1,0,63.5,1,N
78,7,27,7,1,2,2,0,0,POL,0,4,0,150.0,0,Y
63,9,36,4,0,2,1,0,0,PRT,0,1,1,80.5,0,N
84,11,48,27,1,2,2,0,0,PRT,0,1,0,64.0,0,N
16,3,10,8,0,2,1,0,0,ITA,0,1,1,88.2,1,N
36,3,9,4,2,1,3,0,0,FRA,0,5,0,248.0,1,N
183,2,7,17,1,2,2,2,0,IRL,0,6,0,156.6,2,Y
341,9,39,23,0,2,2,0,0,PRT,1,1,0,62.0,0,Y
178,5,20,20,2,2,1,0,0,KOR,0,4,0,139.28,0,Y
181,6,23,8,0,2,2,0,0,PRT,0,1,0,100.0,0,Y
57,6,27,27,1,0,2,0,0,PRT,0,4,0,87.32,1,N
134,4,15,9,1,1,2,0,0,PRT,0,1,0,90.0,0,Y
48,3,13,20,2,2,2,0,0,DEU,0,1,0,93.5,2,N
54,3,11,14,0,3,2,0,0,FRA,0,1,0,75.0,0,N
351,6,26,23,0,2,2,0,0,PRT,0,1,0,62.0,0,Y
51,12,50,9,0,2,2,0,0,PRT,0,1,0,79.2,1,Y
160,12,53,30,0,3,2,0,0,PRT,0,1,0,70.0,0,Y
32,7,30,18,1,1,1,0,0,PRT,0,1,1,85.0,0,N
0,3,11,7,3,8,1,0,0,GNB,0,1,6,90.0,0,N
101,6,25,22,0,3,2,0,0,FRA,0,1,0,120.0,0,N
418,9,40,26,1,2,2,0,0,DEU,0,1,0,107.0,0,N
24,8,34,20,1,1,2,0,0,POL,0,1,0,139.0,2,N
465,7,30,26,0,3,2,0,0,AUS,0,1,0,112.67,0,N
104,8,35,21,2,1,2,0,0,ESP,0,1,0,107.1,0,Y
291,12,53,28,2,5,2,0,0,DEU,0,1,0,68.0,0,N
14,5,22,30,0,3,1,0,0,ITA,0,1,0,95.0,1,N
9,5,23,31,0,2,2,0,0,IRL,0,1,0,110.15,0,N
44,6,26,22,0,1,2,0,0,CHE,0,1,0,87.31,1,N
198,9,37,9,1,2,2,0,0,PRT,0,1,0,90.0,0,Y
29,10,41,4,2,2,2,0,0,DEU,0,1,0,46.54,0,N
42,8,35,21,4,5,3,0,0,PRT,0,4,0,162.5,2,N
4,3,12,17,1,3,2,1,0,ITA,0,4,0,149.0,0,N
34,7,28,10,1,1,2,0,0,DEU,0,1,0,89.0,0,N
103,12,52,19,1,2,3,0,0,GLP,0,4,0,140.0,1,Y
22,9,40,25,2,4,2,2,0,BEL,0,6,0,224.0,1,N
110,8,35,21,2,5,2,2,0,FRA,0,7,0,205.38,2,N
71,6,25,14,0,3,1,0,0,PRT,0,1,0,120.0,0,Y
5,8,35,24,0,1,1,0,0,PRT,0,1,0,65.0,1,N
48,9,37,11,0,1,1,0,0,PRT,0,1,0,80.0,0,N
344,6,25,16,0,2,2,0,0,PRT,0,1,0,62.0,0,Y
139,4,15,12,0,3,2,1,0,DEU,0,1,0,141.0,2,N
105,4,15,6,0,1,2,0,0,PRT,0,1,0,75.0,0,Y
8,2,5,2,0,2,1,0,0,FRA,0,1,1,75.0,0,N
59,2,6,6,2,2,2,0,0,AUT,0,1,0,62.0,0,N
359,10,42,11,2,0,2,0,0,PRT,1,1,0,60.0,0,Y
146,7,31,27,0,3,2,0,0,DEU,0,1,0,94.5,1,N
303,3,10,9,1,3,2,0,0,DEU,0,4,0,90.1,2,Y
41,4,18,30,2,3,2,0,0,NLD,0,2,1,127.83,2,N
44,1,1,1,2,0,2,0,0,PRT,0,1,1,65.0,1,N
38,1,2,14,0,1,1,0,0,PRT,0,1,0,75.0,0,Y
164,5,20,15,1,2,1,0,0,PRT,0,1,0,160.0,0,Y
262,7,28,6,1,1,2,0,0,PRT,1,1,0,62.0,0,Y
191,7,29,16,2,2,2,0,0,PRT,0,4,0,120.6,2,N
405,8,33,10,0,2,2,0,0,PRT,0,1,0,65.0,0,Y
65,9,36,5,1,1,2,0,0,PRT,0,1,0,62.0,0,Y
193,6,26,20,1,2,2,0,0,PRT,0,1,0,120.0,0,Y
321,9,36,3,0,2,2,0,0,PRT,1,1,0,62.0,0,Y
98,9,39,21,1,3,2,0,0,PRT,0,1,0,71.4,0,Y
85,4,17,19,0,4,2,0,0,AUT,0,4,0,124.53,0,Y
30,5,21,15,2,2,2,0,0,NLD,0,1,0,126.9,1,N
68,3,12,18,1,2,2,0,0,DEU,0,1,0,105.3,0,N
162,10,42,14,2,2,1,0,0,PRT,0,1,0,115.0,0,Y
39,8,33,14,0,2,1,0,0,PRT,0,1,1,87.0,0,N
4,11,48,21,1,3,2,0,0,ESP,0,1,1,87.78,0,N
1,9,40,30,0,2,1,0,0,PRT,1,1,0,98.1,0,Y
98,11,48,23,1,2,1,0,0,FRA,0,1,0,70.0,0,N
32,10,43,24,1,1,1,0,0,GBR,0,4,0,136.0,1,N
96,6,25,21,0,1,2,1,0,USA,0,1,2,162.0,2,N
72,7,30,17,2,4,3,0,0,FRA,0,1,0,96.9,1,N
256,6,25,15,0,2,2,0,0,DEU,0,1,0,115.0,1,N
140,11,47,18,0,3,1,0,0,PRT,0,1,1,65.0,0,N
47,9,37,9,0,2,2,0,0,GBR,0,1,0,125.1,1,N
58,3,10,7,0,4,2,0,0,PRT,0,1,0,91.8,1,Y
1,2,8,20,2,1,2,0,0,CHN,0,1,0,81.0,0,N
210,10,41,3,1,0,2,0,0,BRA,0,1,0,83.85,1,N
173,5,19,7,2,2,2,0,0,GBR,0,1,0,89.1,1,N
134,5,21,17,0,3,2,0,0,NLD,0,1,0,94.5,0,Y
6,5,18,2,0,3,1,0,0,ESP,0,1,0,95.0,0,N
23,1,5,28,1,3,2,0,0,ITA,0,1,0,78.3,1,Y
127,12,53,29,1,3,2,0,0,ITA,0,1,0,84.15,0,N
1,6,25,14,0,1,2,0,0,PRT,0,1,0,111.0,1,N
104,10,42,9,1,0,2,0,0,FRA,0,1,0,108.0,1,Y
60,6,24,11,2,0,2,0,0,PRT,0,1,0,89.1,3,N
97,3,9,3,2,2,2,0,0,ITA,0,1,0,74.8,0,N
6,6,26,30,0,1,2,0,0,SWE,0,1,0,160.0,1,N
41,8,34,20,2,5,2,0,0,HUN,0,1,0,135.9,0,Y
114,9,38,12,1,4,2,0,0,NLD,0,1,0,129.6,1,N
40,3,13,22,0,1,3,0,0,IRL,0,4,0,131.4,1,Y
1,12,50,7,0,1,2,0,0,PRT,0,1,0,122.6,1,N
180,10,42,10,1,2,1,0,0,BRA,0,1,1,120.0,0,N
14,5,20,15,1,1,2,0,0,FRA,0,4,0,120.0,1,N
3,4,17,17,2,0,2,0,0,EST,0,1,0,75.65,0,N
34,3,11,13,1,2,2,0,0,CHE,0,1,0,80.0,0,N
5,5,18,4,0,1,1,0,0,PRT,1,5,0,125.0,2,N
29,2,9,26,2,5,2,0,0,DEU,0,1,0,68.0,2,N
285,10,41,3,1,3,2,0,0,PRT,0,1,0,100.0,0,Y
49,12,49,5,2,1,2,0,0,PRT,0,1,0,115.2,2,N
17,9,37,9,1,2,0,2,0,NLD,0,2,0,109.45,2,Y
2,8,32,2,0,1,2,0,0,NLD,0,1,0,121.0,2,N
110,4,16,22,2,3,2,0,0,FRA,0,4,0,175.5,0,N
20,9,36,1,2,5,2,0,0,FRA,0,1,0,76.81,0,N
11,3,11,13,1,1,2,0,0,PRT,0,1,0,105.0,0,Y
181,10,42,11,0,2,1,0,0,FRA,0,1,0,120.0,0,N
45,11,47,19,1,1,2,0,0,DEU,0,1,0,93.6,0,Y
277,11,46,7,1,2,2,0,0,PRT,0,1,0,100.0,0,Y
444,12,49,1,0,3,1,0,0,PRT,1,1,0,75.0,0,Y
85,9,37,9,0,2,1,0,0,FRA,0,1,0,90.0,0,N
79,11,47,18,0,4,2,0,0,PRT,0,1,0,52.85,2,N
49,10,41,3,1,3,2,0,0,DEU,0,1,0,108.0,0,Y
25,9,38,14,1,3,2,0,0,ESP,0,4,0,78.54,1,N
149,6,25,24,0,1,2,0,0,PRT,0,1,0,130.0,0,Y
86,9,39,24,0,2,1,0,0,FRA,0,1,1,87.5,0,N
34,7,27,5,0,2,1,0,0,AUT,0,1,1,115.0,0,N
2,9,38,19,2,1,3,0,0,PRT,0,4,1,165.0,1,N
66,3,10,10,1,2,2,0,0,FRA,0,1,0,80.0,1,N
134,2,8,25,0,1,1,0,0,PRT,0,1,0,75.0,0,Y
111,4,17,27,1,3,2,0,0,PRT,0,1,0,120.0,0,Y
44,3,10,5,2,1,2,0,0,FRA,0,1,0,75.0,0,N
3,3,13,22,0,1,2,0,0,PRT,0,1,0,101.0,0,N
0,3,13,24,0,1,1,0,0,FRA,0,1,0,75.0,0,N
144,8,32,3,1,4,2,0,0,PRT,0,1,0,92.65,0,N
6,11,49,29,2,2,2,0,0,ESP,0,1,1,84.0,1,N
219,9,36,4,1,2,2,0,0,PRT,1,1,0,80.0,0,Y
107,8,34,20,2,1,2,0,0,NLD,0,1,1,127.1,1,N
320,8,34,18,0,2,2,0,0,DEU,0,1,0,115.0,1,N
175,6,23,9,0,2,2,0,0,PRT,0,1,0,130.0,0,N
16,2,9,27,2,5,1,0,0,NGA,0,4,0,101.0,0,Y
4,8,33,8,1,1,2,0,0,PRT,0,1,0,168.0,2,N
161,5,21,25,0,3,2,0,0,PRT,0,4,0,102.04,1,Y
137,1,5,27,0,2,1,0,0,PRT,1,1,0,70.0,0,Y
280,12,50,6,0,3,2,0,0,ITA,0,1,0,78.3,2,Y
3,5,20,13,0,1,1,0,0,PRT,0,1,0,95.48,0,Y
59,9,39,24,1,1,3,0,0,GBR,0,4,0,168.3,0,Y
206,8,32,5,0,1,2,2,0,GBR,0,6,0,168.3,1,N
68,11,49,29,2,2,2,0,0,GBR,0,4,0,60.0,0,N
27,9,38,18,1,2,2,0,0,PRT,0,1,0,115.0,1,N
193,9,40,30,1,2,2,0,0,DEU,0,1,0,132.0,0,N
62,4,15,12,0,2,2,1,0,PRT,0,1,0,144.0,2,N
95,4,17,20,0,2,2,0,0,AUT,0,1,0,98.0,0,N
14,8,31,2,0,2,2,1,0,ESP,0,4,0,214.4,1,N
39,7,27,2,2,0,2,0,0,PRT,0,1,0,129.0,1,Y
134,5,23,30,1,5,2,0,0,BEL,0,5,0,101.18,0,N
357,5,21,24,0,2,2,0,0,GBR,0,1,0,109.8,1,Y
53,6,26,24,1,2,2,0,0,PRT,0,1,0,65.0,1,N
178,7,29,16,2,1,3,0,0,DEU,0,1,0,107.1,0,N
80,5,21,16,1,1,2,0,0,DEU,0,1,0,89.75,0,N
16,9,39,25,0,2,2,0,0,ITA,0,1,1,170.0,0,N
147,3,12,23,0,2,2,0,0,CN,0,1,0,88.2,0,N
115,5,20,18,0,3,2,0,0,PRT,0,1,0,190.0,0,Y
179,8,34,22,2,1,2,0,0,PRT,1,1,0,86.0,0,Y
45,8,32,3,0,4,2,1,0,ESP,0,1,0,161.1,1,N
1,1,2,8,2,2,2,0,0,FRA,0,1,0,54.06,0,N
5,12,52,19,1,1,1,0,0,DEU,0,1,0,68.0,0,N
414,12,49,5,2,1,2,0,0,PRT,1,1,0,62.0,0,Y
159,4,15,9,1,1,2,0,0,FRA,0,1,0,70.0,1,N
286,7,31,30,0,2,2,0,0,PRT,1,1,0,62.0,0,Y
4,5,22,28,2,0,1,0,0,PRT,1,1,0,65.0,1,N
85,9,37,9,0,2,1,0,0,FRA,0,1,0,90.0,0,N
116,3,12,24,0,2,1,0,0,FRA,0,1,0,90.0,0,N
192,10,43,21,0,2,2,0,0,PRT,0,1,0,95.0,0,Y
169,6,23,8,0,3,2,0,0,PRT,0,1,0,170.0,0,Y
0,7,31,24,2,0,1,0,0,PRT,0,1,1,119.0,0,N
317,9,38,15,0,2,2,0,0,PRT,0,1,0,120.0,0,Y
52,1,3,21,2,3,2,1,0,PRT,0,1,0,78.15,0,Y
24,5,23,29,2,2,2,0,0,FRA,0,4,0,117.3,1,N
7,2,7,15,0,1,1,0,0,PRT,0,4,0,123.0,0,N
163,7,27,3,1,5,2,0,0,ESP,0,4,0,116.1,1,Y
158,5,22,24,0,2,1,0,0,PRT,0,1,0,130.0,0,Y
78,7,30,18,1,1,2,0,0,AUT,0,1,0,105.3,0,Y
15,9,38,17,0,1,2,0,0,CHN,0,4,0,115.0,3,N
36,7,30,27,1,3,2,0,0,PRT,0,1,0,79.0,0,Y
18,10,41,4,2,1,1,0,0,PRT,1,1,0,110.0,0,Y
86,9,39,24,0,2,2,0,0,FRA,0,1,0,105.0,0,N
0,8,34,20,0,1,1,0,0,MAR,0,1,0,109.65,0,N
573,2,5,2,0,2,2,0,0,PRT,0,1,0,62.0,0,Y
61,1,4,25,0,2,2,0,0,PRT,0,1,0,80.0,0,Y
151,8,34,21,2,3,2,0,0,DEU,0,1,0,76.5,2,N
14,4,16,11,1,1,2,0,0,PRT,0,1,0,0.0,0,N
135,9,38,14,1,2,2,0,0,CN,0,1,0,90.0,0,N
118,3,9,1,0,3,2,0,0,PRT,0,1,0,68.47,1,N
195,8,32,12,1,1,2,0,0,DEU,0,1,0,130.5,1,N
28,10,43,20,0,1,2,0,0,PRT,0,1,0,134.0,3,N
141,9,39,20,1,0,2,0,0,CN,0,1,0,90.0,0,N
17,7,30,28,0,2,2,0,0,FRA,0,1,0,140.0,0,Y
61,10,41,4,2,0,2,0,0,FRA,0,1,0,91.0,0,N
60,7,30,25,0,4,2,0,0,BRA,0,1,0,120.0,0,N
323,9,36,5,2,2,2,0,0,PRT,1,1,0,62.0,0,Y
76,9,38,13,2,4,1,0,0,PRT,0,1,0,80.75,0,N
0,2,5,4,0,1,1,0,0,ESP,0,1,0,98.0,0,N
3,9,36,5,0,1,2,0,0,USA,0,1,0,143.0,1,N
78,3,13,20,2,5,1,1,0,DEU,0,4,0,69.2,1,N
160,7,31,25,1,2,2,0,0,NLD,0,1,0,94.5,0,Y
1,4,16,18,0,1,1,0,0,PRT,1,1,0,95.0,1,Y
101,8,31,3,2,8,2,0,0,FRA,0,1,1,157.5,2,N
63,4,16,22,2,1,2,0,0,IRL,0,5,0,162.0,2,N
167,7,31,25,1,1,2,0,0,GBR,0,1,0,72.25,1,N
148,7,30,21,2,3,2,1,0,CN,0,1,1,118.15,0,N
18,9,40,27,2,0,2,0,0,ITA,0,1,1,170.0,0,N
11,1,4,23,1,2,1,0,0,DEU,0,1,1,65.0,0,N
4,11,47,17,0,3,1,0,0,PRT,0,1,1,65.0,0,N
158,3,13,27,1,1,2,0,0,ISR,0,1,0,95.0,1,N
346,9,40,28,1,1,2,0,0,PRT,1,1,0,62.0,0,Y
0,8,34,23,0,1,1,0,0,PRT,5,1,0,0.0,3,N
97,10,41,5,1,3,1,0,0,PRT,0,1,0,140.0,0,Y
219,10,44,24,1,5,1,1,0,GBR,0,1,0,106.25,0,Y
629,3,13,30,0,2,2,0,0,PRT,0,1,0,62.0,0,Y
282,10,41,10,2,1,2,0,0,SWE,0,1,0,76.67,0,N
18,12,51,11,1,0,2,0,0,PRT,0,1,0,89.0,0,N
169,8,33,11,1,3,3,0,0,ROU,0,4,0,130.05,0,N
168,7,31,26,0,4,2,0,0,PRT,0,1,0,76.58,1,N
175,6,26,26,1,2,2,0,0,GBR,0,1,0,117.0,1,N
145,8,34,15,1,2,2,0,0,FRA,0,2,1,115.32,0,N
111,6,23,2,0,3,2,0,0,BEL,0,4,0,117.11,1,N
18,12,49,4,1,2,2,0,0,PRT,1,2,0,93.08,1,Y
40,1,3,14,0,3,2,0,0,ESP,0,2,0,77.55,1,N
1,11,48,27,1,2,2,0,0,FRA,0,1,0,80.0,0,N
277,11,46,7,1,2,2,0,0,PRT,0,1,0,100.0,0,Y
158,5,22,24,0,2,1,0,0,PRT,0,1,0,130.0,0,Y
71,6,25,14,0,3,1,0,0,PRT,0,1,0,120.0,0,Y
58,9,37,8,1,3,2,0,0,DEU,0,4,0,90.95,1,N
162,9,36,4,1,2,2,0,0,FRA,0,1,0,85.17,1,N
4,10,41,3,1,2,2,0,0,PRT,0,1,0,160.0,1,N
312,8,35,25,0,4,2,0,0,PRT,1,1,0,62.0,0,Y
48,10,41,5,0,2,2,0,0,PRT,0,1,0,120.0,0,Y
4,8,34,17,1,3,2,0,0,ESP,0,1,0,122.0,3,N
198,10,43,22,2,5,2,0,0,DEU,0,1,0,80.75,0,N
147,6,27,28,2,5,2,1,0,ROU,0,1,0,106.25,2,N
117,4,18,29,0,2,2,2,0,PRT,0,5,0,123.62,0,Y
323,9,36,5,2,2,2,0,0,PRT,1,1,0,62.0,0,Y
9,5,23,31,0,1,2,0,0,GBR,0,1,0,131.0,2,N
117,8,34,22,0,2,1,0,0,PRT,0,4,3,115.0,0,Y
33,12,50,9,0,2,2,0,0,PRT,1,1,0,110.0,0,Y
93,6,25,16,2,3,2,0,0,ROU,0,1,0,157.25,1,N
21,2,7,11,0,1,1,0,0,ITA,0,1,0,85.0,0,Y
24,2,6,10,1,2,2,0,0,PRT,0,4,0,94.4,0,Y
309,5,20,12,0,2,2,0,0,PRT,0,1,0,62.0,0,Y
38,6,25,21,0,4,2,0,0,HUN,0,4,0,170.0,2,N
0,7,30,20,0,2,2,2,0,BEL,0,6,0,206.0,0,N
55,7,30,24,1,1,2,1,0,ESP,0,1,0,154.0,0,N
74,4,14,7,0,2,3,0,0,GBR,0,5,0,189.0,0,N
14,10,42,15,0,1,1,0,0,PRT,1,1,0,100.0,0,Y
278,8,33,11,0,1,2,0,0,PRT,1,1,0,65.0,0,Y
178,5,20,19,0,2,2,1,0,GBR,0,1,0,165.38,0,Y
213,8,35,28,1,3,1,0,0,PRT,0,1,1,104.0,0,N
61,9,36,5,2,2,2,0,0,PRT,0,1,0,62.0,0,Y
2,5,21,24,0,1,1,0,0,PRT,0,1,0,74.0,0,N
19,9,40,28,1,0,1,0,0,PRT,0,1,1,170.0,0,N
580,2,6,9,0,2,2,0,0,PRT,0,1,0,62.0,0,Y
83,5,19,8,1,2,3,0,0,USA,0,4,0,171.0,0,Y
20,1,4,24,0,4,2,0,0,ITA,0,1,0,83.3,2,Y
129,3,11,17,0,2,2,0,0,PRT,0,1,0,93.6,1,Y
5,7,28,8,1,2,2,0,0,CN,0,1,0,160.0,0,N
141,6,26,27,2,5,1,0,0,PRT,0,1,0,130.0,0,Y
39,1,1,1,2,3,2,0,0,FIN,0,1,0,60.97,0,N
93,4,14,6,0,3,2,0,0,PRT,0,1,0,95.0,0,Y
47,7,30,17,2,3,3,0,0,GBR,0,4,0,161.1,2,N
165,4,17,29,2,5,2,0,0,RUS,0,4,0,130.5,0,Y
6,3,10,5,2,0,2,0,0,FIN,0,1,0,92.5,1,N
23,1,3,18,0,1,2,0,0,PRT,0,4,0,103.25,0,N
321,9,36,3,0,2,2,0,0,PRT,1,1,0,62.0,0,Y
349,10,41,4,1,5,1,0,0,PRT,0,1,0,80.0,0,Y
65,6,23,5,1,3,2,0,0,FRA,0,1,0,140.0,1,N
94,8,35,22,1,1,3,0,0,CHN,0,1,4,100.0,0,N
206,7,30,27,0,2,2,0,0,GBR,0,1,0,130.5,2,N
68,2,8,17,0,2,2,0,0,PRT,1,1,0,75.0,0,Y
19,10,41,6,0,3,2,0,0,PRT,1,1,0,90.0,0,Y
56,7,30,27,1,3,2,0,0,ITA,0,1,0,122.0,0,Y
44,10,44,29,1,3,2,0,0,ESP,0,4,0,104.63,2,N
198,8,32,3,2,4,2,0,0,DEU,0,1,0,72.25,0,N
158,5,22,24,0,2,1,0,0,PRT,0,1,0,130.0,0,Y
51,3,11,17,2,2,2,0,0,ESP,0,1,0,75.0,0,N
233,6,25,23,1,2,2,0,0,PRT,0,1,0,105.0,0,Y
101,6,23,10,2,5,2,0,0,ESP,0,4,0,184.63,0,Y
12,5,22,29,1,1,2,0,0,BRA,0,1,0,140.0,1,Y
55,1,3,18,0,2,1,0,0,PRT,0,1,0,79.0,0,Y
207,5,19,4,0,4,2,0,0,PRT,0,1,0,106.2,1,Y
166,11,45,1,0,3,1,0,0,PRT,0,1,0,110.0,0,Y
44,3,10,10,0,2,2,0,0,ESP,0,1,0,75.0,0,N
316,5,19,10,0,2,2,0,0,PRT,0,1,0,109.8,1,Y
155,3,12,23,1,3,2,0,0,PRT,0,1,0,88.4,3,N
573,2,5,2,0,2,2,0,0,PRT,0,1,0,62.0,0,Y
88,10,42,10,1,3,3,0,0,NLD,0,4,0,151.2,0,Y
9,5,19,5,0,1,2,0,0,FRA,0,4,0,156.0,0,Y
408,5,22,30,0,1,2,0,0,PRT,0,1,0,90.0,0,Y
59,10,44,29,0,2,2,0,0,PRT,0,1,0,85.0,0,N
4,5,22,29,1,1,1,0,0,NLD,0,1,0,95.0,0,N
9,7,30,21,0,1,2,0,0,DEU,0,4,0,166.0,0,Y
76,11,46,10,0,3,2,0,0,FRA,0,1,0,120.9,2,N
28,9,40,27,0,1,2,0,0,PRT,0,1,0,75.0,2,N
21,10,43,17,1,1,1,0,0,PRT,0,1,1,95.0,0,N
258,9,38,15,0,3,2,0,0,FRA,0,1,0,106.2,0,N
43,4,17,27,0,1,1,0,0,DEU,0,5,0,174.0,1,Y
88,7,29,18,0,3,2,0,0,ARG,0,4,0,150.0,1,Y
32,11,47,20,0,2,1,0,0,PRT,0,1,0,73.0,0,N
100,9,36,1,1,3,2,0,0,AUT,0,1,0,129.6,0,Y
98,11,48,23,1,2,1,0,0,FRA,0,1,3,70.0,0,N
177,4,16,21,0,2,2,0,0,IRL,0,1,0,99.0,0,Y
39,8,33,14,0,2,2,0,0,DEU,0,1,0,109.0,0,N
81,7,28,12,0,2,2,0,0,NOR,0,4,0,150.0,2,Y
46,8,34,17,1,1,1,0,0,ESP,0,1,1,60.0,0,N
3,5,20,13,2,4,2,0,0,GBR,0,1,2,122.33,2,N
104,5,20,15,1,2,2,0,0,PRT,0,1,0,170.0,0,Y
130,4,16,21,0,2,2,0,0,PRT,0,1,0,95.0,0,Y
88,4,16,14,1,3,2,0,0,ITA,0,1,0,80.75,0,N
286,10,44,28,0,2,2,0,0,PRT,0,1,0,65.0,0,Y
98,10,45,30,2,2,2,0,0,FRA,0,1,0,90.45,1,N
192,6,26,24,0,2,1,0,0,PRT,0,1,0,95.0,0,N
11,9,39,22,0,2,1,0,0,DNK,0,1,0,84.0,0,N
61,1,4,25,0,2,2,0,0,PRT,0,1,0,80.0,0,Y
27,4,18,24,2,0,3,0,0,GBR,0,4,0,153.0,2,Y
137,1,5,27,0,2,1,0,0,PRT,1,1,0,70.0,0,Y
57,4,17,18,1,1,2,0,0,BRA,0,1,0,96.3,0,Y
152,6,24,10,1,2,2,0,0,PRT,0,4,0,132.9,0,Y
221,8,33,12,0,1,1,0,0,DEU,0,1,0,73.0,0,N
69,6,25,12,2,4,1,0,0,PRT,0,1,0,120.0,0,Y
31,11,45,5,2,3,2,0,0,PRT,0,4,0,127.94,1,Y
175,5,20,19,0,1,1,0,0,PRT,0,1,0,90.0,0,Y
283,8,33,17,0,3,2,1,0,ESP,0,1,0,134.1,1,Y
98,7,30,21,0,3,2,0,0,BEN,0,4,0,124.8,0,Y
0,6,24,11,1,0,2,0,0,PRT,0,4,0,153.0,0,N
0,6,23,2,0,1,2,1,0,DEU,0,1,0,158.0,0,N
20,2,6,5,0,0,2,1,0,PRT,0,1,0,0.0,2,N
56,3,12,21,0,3,2,0,0,PRT,0,1,0,85.0,0,Y
43,1,4,27,2,2,2,0,0,ESP,0,1,0,74.8,2,Y
61,12,53,30,1,4,2,0,0,PRT,1,1,1,111.6,1,Y
3,2,8,20,1,4,2,0,0,GBR,0,1,0,91.8,0,N
96,5,19,12,2,2,2,0,0,CHE,0,5,0,175.5,0,Y
601,3,9,2,0,2,2,0,0,PRT,0,1,0,62.0,0,Y
16,8,32,8,2,2,2,0,0,PRT,0,1,0,62.0,0,Y
261,7,26,1,2,1,2,0,0,BRA,0,1,5,113.6,1,N
2,8,33,7,1,0,2,1,0,PRT,0,1,0,171.0,4,N
114,7,29,13,0,4,2,0,0,IRL,0,1,0,89.25,0,N
172,9,38,16,2,2,2,0,0,PRT,0,1,0,80.75,0,N
20,3,11,12,2,0,2,0,0,GBR,0,1,0,88.0,0,N
109,7,28,8,0,2,2,1,0,PRT,0,1,0,131.8,4,N
66,4,16,16,1,0,2,0,0,CYP,0,1,0,126.0,0,Y
78,8,33,15,0,2,2,2,0,USA,0,6,0,240.0,2,Y
238,3,12,21,0,4,2,0,0,TUR,0,1,0,85.0,1,Y
132,7,30,23,0,1,2,0,0,PRT,0,1,0,90.0,0,N
220,6,23,4,2,1,2,0,0,USA,0,1,0,73.33,1,N
0,11,47,16,0,2,2,0,0,GBR,0,1,1,105.0,1,N
18,8,32,7,1,3,2,0,0,DNK,0,1,0,180.0,2,N
29,2,8,22,1,4,2,0,0,NLD,0,4,1,100.74,0,N
323,5,21,17,0,4,2,0,0,PRT,0,1,0,70.0,0,Y
16,8,33,15,1,1,2,0,0,ITA,0,1,0,104.0,0,N
39,8,33,14,0,2,2,0,0,DEU,0,1,0,109.0,0,N
92,8,32,12,0,1,3,0,0,PRT,0,4,0,195.0,1,Y
2,6,25,21,0,1,1,0,0,ESP,0,1,1,174.0,1,N
151,3,12,20,1,1,2,0,0,PRT,0,1,0,95.0,0,N
130,7,30,28,0,2,2,0,0,GBR,0,1,0,71.1,0,N
44,2,8,17,0,3,2,0,0,PRT,0,1,0,75.0,0,Y
50,10,43,24,0,1,2,0,0,PRT,0,1,0,146.0,0,Y
1,10,40,2,0,2,1,0,0,PRT,1,1,0,100.0,0,Y
65,11,48,20,1,0,1,0,0,NOR,0,1,0,79.2,0,N
2,2,6,8,2,5,2,0,0,GBR,0,1,0,57.6,1,N
129,6,25,24,2,1,2,0,0,PRT,0,1,0,130.0,0,Y
1,6,24,11,0,1,2,0,0,PRT,0,4,0,152.0,0,N
1,7,28,7,0,1,2,0,0,PRT,0,4,0,94.0,0,N
11,1,2,14,2,1,2,0,0,ITA,0,1,0,79.5,0,N
312,8,35,25,0,4,2,0,0,PRT,1,1,0,62.0,0,Y
177,6,23,3,0,2,2,0,0,PRT,0,1,0,100.0,0,Y
75,11,47,15,1,0,2,0,0,PRT,0,1,0,72.25,2,Y
65,2,7,11,2,4,2,0,0,FRA,13,4,1,79.02,0,N
4,12,53,26,1,3,3,0,0,FRA,0,4,0,144.0,1,N
2,8,33,19,0,1,2,0,0,FRA,0,4,0,149.0,1,N
195,10,43,18,0,4,1,0,0,ROU,0,1,0,90.9,2,Y
98,11,48,23,1,3,1,0,0,DZA,0,1,1,70.0,0,N
22,5,22,29,1,2,2,0,0,BRA,0,1,0,146.67,2,N
25,4,18,30,0,1,3,0,0,ESP,0,4,0,186.0,2,N
57,3,13,21,1,3,2,1,0,ESP,0,1,0,108.8,2,N
216,8,32,5,2,4,2,0,0,PRT,1,1,0,76.5,0,Y
20,11,48,22,0,1,2,0,0,GBR,0,1,0,116.0,0,N
63,4,15,8,2,2,2,0,0,CHN,0,4,0,112.2,0,Y
182,3,10,11,2,6,2,0,0,IRL,0,1,0,90.0,1,N
288,5,19,5,0,3,2,0,0,PRT,0,1,0,65.0,1,N
5,9,39,21,1,4,1,0,0,PRT,0,1,1,220.0,0,Y
108,8,34,18,2,4,2,0,0,ITA,0,1,0,116.1,0,Y
169,4,17,22,2,2,2,0,0,PRT,0,1,0,106.0,0,Y
414,7,28,13,0,2,1,0,0,DEU,0,1,1,95.5,0,N
28,3,12,19,2,2,3,0,0,AZE,0,1,2,91.8,0,N
292,5,22,31,0,3,2,0,0,PRT,0,1,0,90.0,0,Y
63,9,37,6,1,0,2,0,0,ROU,0,1,0,89.25,0,N
5,5,19,8,1,0,1,0,0,AUT,0,1,1,155.0,1,N
45,10,41,3,1,0,3,0,0,GBR,0,4,0,158.4,1,N
28,3,9,2,0,3,2,0,0,PRT,0,1,0,95.0,0,Y
40,5,20,16,0,4,3,0,0,SAU,0,4,0,230.0,1,Y
123,8,33,13,2,2,3,0,0,DEU,0,4,0,155.7,1,N
46,11,48,22,0,1,2,0,0,GBR,0,1,0,79.2,0,Y
316,5,22,26,0,3,2,0,0,AUT,0,1,0,110.0,0,N
270,5,21,21,2,3,2,0,0,BEL,0,1,0,126.54,1,Y
54,7,28,3,2,1,2,0,0,PRT,0,1,0,85.5,0,N
57,4,14,1,0,0,3,0,0,PRT,0,4,1,0.0,2,N
69,3,13,24,1,3,2,0,0,GBR,0,1,0,59.5,0,N
61,1,4,25,0,2,2,0,0,PRT,0,1,0,80.0,0,Y
39,8,33,14,0,2,2,0,0,DEU,0,1,0,109.0,0,N
140,7,28,4,1,5,2,0,0,ISR,0,4,0,116.45,0,Y
14,9,36,2,2,5,2,0,0,PRT,0,4,0,74.61,2,N
8,3,11,15,0,1,1,0,0,ESP,0,1,0,86.4,0,N
38,12,52,21,1,4,2,0,0,ESP,0,1,0,120.7,1,Y
151,1,4,19,0,1,1,0,0,PRT,0,1,1,80.0,0,Y
24,9,40,26,1,0,1,0,0,ESP,0,1,0,85.5,0,N
26,4,16,19,0,1,2,0,0,BRA,0,1,0,114.0,2,N
79,4,18,28,1,3,1,0,0,PRT,0,4,0,125.38,0,N
207,6,22,1,1,3,2,0,0,NLD,0,4,0,138.6,0,Y
303,12,50,6,0,4,2,0,0,DEU,0,1,0,73.95,1,Y
19,6,26,22,0,2,1,0,0,PRT,0,1,0,90.0,0,N
48,4,17,26,0,3,3,0,0,IND,0,4,0,171.0,2,N
16,9,40,27,0,2,2,0,0,ESP,0,1,0,129.0,1,N
140,7,30,23,2,5,2,0,0,FRA,0,1,0,94.5,0,N
66,10,41,9,1,2,2,0,0,PRT,0,1,0,75.0,0,Y
71,4,18,24,2,1,2,0,0,PRT,0,4,0,112.8,0,N
105,7,30,29,0,1,2,0,0,DNK,0,1,0,125.0,1,N
18,4,16,14,0,2,2,0,0,LTU,0,1,0,115.0,0,Y
79,10,41,10,1,1,2,1,0,ESP,0,1,1,62.0,1,N
86,5,21,21,2,2,2,0,0,DNK,0,1,0,144.0,1,N
169,6,23,8,0,3,2,0,0,PRT,0,1,0,170.0,0,Y
9,4,15,6,0,1,1,0,0,PRT,0,1,0,0.0,0,N
148,11,45,2,0,4,2,0,0,HUN,0,1,1,79.2,0,N
11,2,6,1,2,5,2,0,0,USA,0,1,0,79.0,0,Y
219,9,36,4,1,2,2,0,0,PRT,1,1,0,80.0,0,Y
67,2,7,12,2,0,2,0,0,PRT,0,1,0,80.0,0,Y
257,10,41,2,2,1,2,0,0,DEU,0,1,0,106.2,3,N
69,9,39,22,0,2,2,0,0,ITA,0,1,0,106.0,0,N
0,3,13,21,1,0,2,0,0,FRA,0,1,0,89.0,0,N
107,7,29,11,1,5,2,0,0,HUN,0,1,0,141.0,0,Y
8,10,43,24,2,3,2,0,0,FRA,0,7,1,133.3,1,N
167,5,21,25,0,3,2,0,0,PRT,0,1,0,115.0,0,Y
174,6,22,1,0,3,2,0,0,PRT,0,1,0,110.0,0,Y
5,9,36,1,0,3,2,0,0,FRA,0,1,0,96.0,0,N
54,8,32,11,2,2,3,0,0,GBR,0,4,0,210.0,1,N
69,7,30,19,0,3,3,0,0,JPN,0,4,1,140.7,1,N
246,9,37,7,2,5,2,0,0,DEU,0,1,0,80.75,0,N
243,7,29,17,1,1,2,0,0,GBR,0,1,0,89.1,2,N
245,6,25,17,0,2,2,0,0,PRT,0,1,0,75.0,0,Y
184,7,28,15,1,1,3,0,0,NLD,0,1,0,89.1,1,N
86,1,4,22,0,1,1,0,0,PRT,1,1,0,75.0,0,Y
78,4,15,9,2,1,2,0,0,PRT,0,1,0,96.3,0,N
176,9,37,8,0,3,1,0,0,ITA,0,1,0,116.1,0,N
141,9,39,20,1,0,2,0,0,PRT,0,1,0,90.0,0,Y
88,10,41,5,1,1,2,0,0,PRT,0,1,0,112.2,0,N
54,7,31,27,0,2,3,0,0,GRC,0,4,0,160.47,1,N
50,2,7,18,2,5,2,0,0,FRA,0,1,0,68.0,0,N
11,11,45,5,0,1,2,0,0,GBR,0,4,0,140.0,1,Y
133,10,42,10,1,0,3,0,0,CHE,0,4,0,151.2,3,N
26,11,47,19,1,1,2,0,0,GBR,0,1,0,104.0,1,Y
116,1,5,26,0,5,2,0,0,PRT,0,1,0,70.0,0,Y
150,6,27,28,2,8,3,0,0,DNK,0,4,0,125.8,0,Y
198,3,10,11,2,1,2,2,0,FRA,0,6,2,162.4,3,N
75,8,33,13,2,1,3,0,0,CHE,0,4,0,168.3,0,Y
28,9,37,5,1,3,1,0,0,IRN,0,1,1,98.2,0,N
79,4,15,4,1,3,2,0,0,CHE,0,4,0,95.2,1,N
5,7,29,10,2,0,1,0,0,PRT,0,1,0,65.0,0,N
69,6,25,12,2,4,1,0,0,PRT,0,1,0,120.0,0,Y
122,2,9,28,0,2,2,0,0,NLD,0,1,0,93.6,2,Y
22,5,21,26,0,1,3,0,0,GBR,0,4,0,230.0,0,N
281,7,30,25,2,2,2,0,0,PRT,1,1,0,62.0,0,Y
316,5,21,19,0,2,2,0,0,PRT,0,1,0,62.0,0,Y
85,8,34,19,1,2,3,0,0,ITA,0,4,5,162.3,0,Y
66,11,46,10,0,3,2,0,0,FRA,0,1,0,106.5,1,N
247,6,24,6,1,1,2,0,0,PRT,0,1,0,109.0,0,Y
27,9,39,20,0,1,2,0,0,PRT,0,1,0,95.0,0,N
52,3,11,13,1,1,1,0,0,PRT,0,1,0,80.0,0,Y
195,9,38,17,0,2,2,0,0,PRT,1,1,0,48.0,0,Y
185,8,32,8,0,5,2,0,0,FRA,0,1,0,164.7,0,Y
35,3,12,19,2,4,2,0,0,AUT,0,1,0,91.82,1,N
44,4,16,20,1,3,2,0,0,PRT,0,1,0,85.0,0,Y
336,9,38,18,0,2,2,0,0,PRT,1,1,0,101.5,0,Y
23,9,38,17,0,2,1,0,0,CZE,0,1,0,104.5,0,N
142,5,19,8,1,2,2,0,0,LUX,0,1,0,126.0,2,Y
2,7,28,15,0,1,2,0,0,RUS,0,1,0,160.0,1,N
167,5,21,25,0,3,2,0,0,PRT,0,1,0,115.0,0,Y
66,2,5,3,1,2,2,0,0,BEL,0,1,0,79.2,1,N
4,5,23,29,1,0,1,0,0,NOR,0,1,0,96.0,0,N
94,3,10,4,0,2,2,0,0,PRT,1,1,0,80.0,0,Y
196,5,20,12,1,3,2,0,0,FRA,0,1,0,80.75,1,N
0,7,31,29,0,1,2,0,0,USA,0,1,0,61.68,0,N
122,12,50,8,0,3,2,0,0,PRT,0,1,1,80.0,0,Y
124,6,27,30,0,2,2,0,0,FIN,0,2,1,97.55,0,N
31,10,42,11,2,1,2,0,0,PRT,1,1,0,106.2,1,Y
87,9,39,25,2,3,2,0,0,PRT,0,1,0,170.0,0,Y
13,1,5,28,0,2,1,0,0,ESP,0,1,0,62.0,0,N
25,6,26,27,0,1,2,0,0,BEL,0,1,0,100.0,0,N
33,1,5,25,1,1,2,0,0,ARM,0,1,0,64.0,0,N
1,7,30,24,1,0,2,0,0,FRA,0,1,0,140.0,2,N
108,5,18,4,2,3,2,0,0,FRA,0,1,0,126.0,0,N
197,6,23,3,1,2,2,0,0,PRT,1,1,0,80.0,0,Y
163,9,37,8,0,3,2,0,0,PRT,0,1,0,110.0,0,Y
49,1,1,2,1,0,2,0,0,IRL,0,1,0,79.2,1,N
100,4,17,17,2,2,2,0,0,DEU,0,1,0,80.75,1,N
189,5,18,5,1,2,2,0,0,PRT,0,1,0,100.0,0,Y
211,5,23,31,0,3,2,0,0,PRT,1,1,0,115.0,0,Y
87,9,37,11,0,2,1,0,0,FRA,0,1,0,100.0,0,Y
6,3,9,2,0,1,2,0,0,PRT,0,1,0,108.0,1,N
8,12,51,16,0,2,1,0,0,ESP,0,1,0,54.4,0,N
18,8,31,5,0,1,3,1,0,PRT,0,7,0,241.48,2,N
19,10,41,6,0,3,2,0,0,TUR,0,1,0,90.0,0,N
97,8,32,1,1,2,3,0,0,FRA,0,4,0,150.3,2,N
41,8,33,12,0,2,3,0,0,PRT,0,1,1,84.0,1,N
39,6,26,21,0,2,1,2,0,USA,0,6,0,168.3,2,N
38,1,2,14,0,1,1,0,0,PRT,0,1,0,75.0,0,Y
29,1,3,18,0,3,2,0,0,PRT,0,1,0,65.0,0,Y
116,3,12,24,0,2,1,0,0,FRA,0,1,0,90.0,0,N
37,9,38,16,0,2,2,0,0,NZL,0,1,0,105.0,0,N
3,8,34,17,1,3,2,0,0,PRT,0,1,0,99.0,0,Y
120,7,30,18,1,1,2,0,0,PRT,0,1,0,94.5,0,N
147,7,30,28,1,2,2,0,0,ESP,0,1,0,116.67,0,Y
121,6,25,20,0,3,2,0,0,IRL,0,1,0,117.0,0,Y
105,2,7,8,1,2,2,0,0,PRT,1,1,0,90.0,0,Y
25,5,20,20,2,1,2,0,0,PRT,0,1,0,90.0,0,Y
32,2,6,11,2,4,2,1,0,FRA,0,1,0,107.1,3,N
114,5,22,28,2,2,2,0,0,AUT,0,4,0,95.0,0,N
188,6,25,15,0,2,1,0,0,PRT,0,1,0,130.0,0,Y
13,3,13,20,1,0,2,0,0,BRA,0,1,0,85.0,1,N
37,6,26,21,0,3,2,0,0,BEL,0,1,0,99.9,1,N
54,7,28,12,0,4,2,0,0,DEU,0,4,0,155.0,0,Y
15,11,49,30,0,2,2,0,0,POL,0,1,0,81.0,0,N
23,2,7,15,0,3,3,0,0,TWN,0,4,0,158.0,0,Y
25,6,26,27,0,1,2,0,0,FRA,0,1,0,100.0,0,N
105,10,42,12,1,2,2,0,0,PRT,0,1,0,110.0,0,Y
244,7,28,6,0,4,2,0,0,PRT,1,1,0,107.0,1,Y
9,6,26,28,0,1,1,0,0,DNK,0,4,1,190.0,2,N
80,9,38,17,2,3,2,0,0,NLD,0,4,0,149.4,2,N
96,6,27,29,0,2,2,0,0,PRT,0,1,0,118.8,1,N
89,4,15,3,1,0,2,0,0,ARG,0,1,0,96.3,0,Y
184,10,42,12,0,1,2,0,0,FRA,0,1,0,98.1,0,Y
117,6,27,28,0,3,2,0,0,BRA,0,1,0,79.69,1,N
208,8,31,2,0,1,2,0,0,FRA,0,1,0,157.0,1,N
105,10,42,12,0,3,2,0,0,DEU,0,1,0,75.0,0,N
198,5,21,20,0,1,1,0,0,PRT,0,1,1,57.5,0,Y
215,11,48,21,1,1,1,0,0,SWE,0,1,1,75.0,0,N
272,7,29,16,0,2,2,0,0,PRT,1,1,0,62.8,0,Y
0,6,26,20,1,3,1,0,0,FRA,0,1,0,95.0,0,N
138,7,30,25,0,1,2,0,0,BRA,0,1,0,60.0,0,N
316,5,22,26,0,3,2,0,0,AUT,0,1,0,110.0,0,N
204,10,41,9,2,2,2,0,0,PRT,0,1,0,72.75,0,N
65,9,37,9,0,2,2,0,0,FRA,0,4,0,149.4,1,N
0,11,45,5,0,1,1,0,0,PRT,0,1,0,89.0,0,N
261,10,40,1,1,1,2,0,0,ITA,0,1,0,96.0,0,N
99,10,44,30,2,2,2,0,0,PRT,0,1,0,65.0,0,Y
0,9,38,15,0,1,1,0,0,PRT,0,1,0,95.0,0,N
4,6,24,7,0,4,2,0,0,IRL,0,4,0,146.0,1,N
323,5,22,26,0,2,2,0,0,PRT,0,1,0,62.0,0,Y
3,12,52,21,1,1,2,0,0,PRT,0,2,0,37.5,1,N
69,10,44,25,2,1,2,0,0,PRT,0,1,0,85.67,0,N
336,9,38,18,0,2,2,0,0,PRT,1,1,0,101.5,0,Y
121,8,35,27,2,1,3,0,0,CHE,0,4,0,252.0,1,Y
281,3,12,23,0,3,2,0,0,GBR,0,1,0,90.0,2,Y
117,3,10,2,0,1,1,0,0,PRT,0,1,1,66.14,0,N
101,10,41,7,1,2,2,0,0,BRA,0,1,0,118.8,1,N
5,8,34,17,1,1,2,0,0,ESP,0,1,0,75.0,0,N
112,4,15,12,0,3,1,0,0,ITA,0,1,0,105.0,1,Y
88,4,17,26,0,3,2,0,0,PRT,0,1,0,140.0,0,Y
85,8,35,24,0,1,3,0,0,CHE,0,4,2,177.3,0,N
448,6,24,17,2,1,2,0,0,GBR,0,1,0,112.67,1,N
0,10,42,12,0,2,2,0,0,GBR,0,4,0,139.5,1,N
16,6,25,19,1,2,2,0,0,GBR,0,4,0,166.5,1,N
124,6,24,11,2,5,2,0,0,FRA,0,1,0,136.29,0,N
105,5,20,19,0,2,1,0,0,PRT,0,1,0,160.0,0,Y
372,7,29,14,0,2,2,0,0,PRT,0,1,0,62.0,0,Y
214,7,29,12,0,4,2,0,0,FRA,0,2,0,81.5,1,N
64,1,4,19,0,2,2,0,0,AUS,0,1,0,65.36,2,N
281,7,30,25,2,2,2,0,0,PRT,1,1,0,62.0,0,Y
15,11,45,1,0,4,2,0,0,FRA,0,1,2,85.0,1,N
210,8,34,21,1,1,2,0,0,ESP,0,4,0,126.0,0,N
87,8,31,3,2,5,2,0,0,ITA,0,1,0,133.29,1,Y
14,2,5,3,0,2,1,0,0,ESP,0,1,0,88.0,1,N
14,1,3,18,0,3,1,0,0,BGR,0,4,2,124.0,1,N
278,7,30,22,0,2,2,0,0,PRT,1,1,0,62.0,0,Y
2,1,4,17,2,1,2,0,0,ITA,0,4,1,126.33,2,N
127,4,18,28,1,3,2,0,0,USA,0,1,0,90.0,0,N
301,8,33,14,0,2,2,0,0,PRT,1,1,0,101.5,0,Y
27,4,17,29,2,2,2,0,0,POL,0,1,1,137.0,3,N
88,5,19,3,0,3,3,0,0,PRT,0,1,1,138.0,1,N
100,6,23,4,2,3,2,0,0,LUX,0,1,0,100.8,1,N
279,10,42,12,0,3,2,0,0,PRT,0,1,0,110.0,0,Y
52,1,3,21,2,3,2,1,0,PRT,0,1,0,78.15,0,Y
299,7,27,4,0,1,2,0,0,DEU,0,1,0,99.0,1,N
321,9,36,3,0,2,2,0,0,PRT,1,1,0,62.0,0,Y
10,9,37,5,1,2,2,0,0,IRL,0,4,0,164.0,1,N
27,3,11,13,1,3,2,0,0,FRA,0,1,0,79.05,0,N
35,3,9,1,0,4,3,0,0,NLD,0,4,2,134.3,2,N
1,9,39,22,0,1,1,0,0,PRT,0,1,1,175.0,1,N
9,11,47,14,1,2,2,0,0,ITA,0,1,0,95.0,0,Y
346,9,38,13,0,2,2,0,0,DEU,0,1,0,115.0,1,N
34,9,39,23,0,3,2,0,0,ESP,0,1,0,224.67,0,N
61,7,27,8,0,1,2,1,0,PRT,0,2,1,0.0,2,N
19,5,20,20,2,1,1,0,0,FIN,0,1,0,98.8,1,N
287,9,40,29,0,3,2,0,0,DEU,0,1,0,106.2,2,Y
167,7,28,8,2,2,2,0,0,ESP,0,1,2,105.83,1,Y
14,2,9,22,1,3,3,0,0,FRA,0,1,0,118.0,1,N
277,11,46,7,1,2,2,0,0,PRT,0,1,0,100.0,0,Y
14,4,18,29,2,2,2,0,0,ESP,0,1,0,147.5,0,Y
19,3,14,27,2,1,2,0,0,PRT,0,1,0,53.5,1,N
98,10,44,26,0,2,2,0,0,DNK,0,1,0,80.1,0,Y
0,3,11,12,1,0,1,0,0,CHN,0,1,0,75.0,1,N
32,5,19,8,1,1,1,0,0,AUS,0,1,4,154.5,0,N
116,2,10,28,2,1,1,0,0,PRT,0,1,0,82.0,0,N
248,4,15,9,2,0,2,0,0,DEU,0,1,0,80.0,1,N
277,11,46,7,1,2,2,0,0,PRT,0,1,0,100.0,0,Y
133,6,24,9,0,3,1,0,0,NOR,0,1,0,121.5,1,N
142,4,17,22,2,3,2,0,0,POL,0,1,0,103.0,0,Y
31,10,44,27,0,3,2,0,0,THA,0,1,3,129.0,2,N
27,3,9,1,0,4,3,0,0,ESP,0,4,0,134.3,1,N
95,10,44,27,0,3,2,0,0,GBR,0,4,0,104.4,1,N
127,5,20,18,0,2,2,0,0,GBR,0,1,0,126.0,0,Y
58,4,17,22,1,2,2,0,0,FRA,0,4,0,118.8,0,Y
25,6,26,27,0,1,2,0,0,ESP,0,1,1,100.0,0,N
213,8,32,2,0,5,2,0,0,FRA,0,1,1,108.95,1,N
10,12,52,20,2,2,2,0,0,USA,0,1,0,52.36,1,N
294,8,32,7,0,2,1,0,0,PRT,1,1,0,60.0,0,Y
19,10,41,6,0,3,1,0,0,PRT,0,1,0,80.0,0,N
256,8,33,7,2,2,2,0,0,BEL,0,2,0,96.25,1,N
7,5,21,21,0,1,2,0,0,PRT,0,4,0,107.0,0,N
240,7,30,23,2,1,2,0,0,PRT,0,1,0,110.0,0,Y
302,5,19,5,0,2,2,0,0,PRT,0,1,0,62.0,0,Y
47,3,11,9,0,4,3,0,0,DEU,0,1,3,72.5,1,N
192,6,26,24,0,2,1,0,0,SRB,0,1,0,95.0,0,N
108,4,16,22,2,1,3,0,0,ITA,0,4,0,175.5,0,Y
112,4,14,4,0,2,2,0,0,PRT,0,1,0,95.0,0,Y
58,8,32,6,1,1,2,2,0,DEU,0,6,0,207.9,1,N
11,2,5,2,2,3,2,0,0,FRA,0,4,1,109.3,1,N
88,10,41,5,1,1,2,0,0,ITA,0,1,0,112.2,0,N
72,9,38,14,0,2,3,0,0,PRT,0,1,1,115.0,1,Y
70,2,7,15,0,4,2,0,0,ESP,0,1,0,78.0,0,N
81,12,53,30,0,3,2,0,0,PRT,1,1,0,111.0,1,Y
35,3,11,10,0,1,1,0,0,USA,0,1,0,71.1,0,Y
148,5,18,6,2,1,2,0,0,GBR,0,1,0,126.0,2,N
6,3,9,3,2,2,1,0,0,AGO,0,1,0,91.8,0,Y
0,4,17,23,1,1,1,0,0,DEU,0,1,1,123.0,0,N
34,5,19,10,2,6,1,0,0,BRA,0,1,0,124.9,1,N
121,6,24,17,2,3,2,1,0,BRA,0,1,1,135.0,0,N
172,5,20,19,2,2,2,0,0,BEL,0,4,0,139.5,1,N
169,6,23,8,0,3,2,0,0,PRT,0,1,0,170.0,0,Y
130,3,13,25,1,2,2,0,0,CHE,0,2,0,102.58,0,N
33,6,24,17,0,1,2,0,0,PRY,0,1,0,140.0,0,N
63,9,38,12,1,2,2,0,0,GBR,0,4,0,149.4,2,N
61,11,45,4,4,9,2,0,0,GHA,0,1,0,104.4,0,Y
85,12,53,29,0,3,2,0,0,PRT,0,1,0,81.2,1,N
10,8,32,12,2,2,2,0,0,CN,0,2,1,99.0,0,N
2,9,38,15,0,1,2,0,0,PRT,0,1,0,159.0,1,N
4,5,23,31,0,3,3,0,0,GBR,0,4,0,172.0,1,N
1,1,4,23,2,1,2,0,0,BRA,0,2,0,78.52,0,N
74,4,17,23,2,2,2,1,0,FRA,0,1,0,144.0,2,N
97,3,11,18,2,2,2,0,0,DEU,0,1,0,74.8,0,Y
262,7,28,6,1,1,2,0,0,PRT,1,1,0,62.0,0,Y
38,11,46,6,2,3,1,0,0,PRT,0,1,0,157.14,1,Y
62,9,39,24,2,4,2,2,0,DEU,0,6,0,207.9,1,N
27,6,23,6,0,1,2,0,0,FRA,0,1,0,140.0,1,Y
314,8,35,27,0,2,2,0,0,PRT,1,1,0,62.0,0,Y
92,4,16,17,1,2,2,0,0,ITA,0,1,0,97.02,1,N
178,6,23,4,2,3,2,0,0,FRA,0,1,0,100.3,0,N
72,3,12,13,2,3,2,0,0,DEU,0,1,3,63.75,0,Y
198,5,21,25,2,4,2,0,0,BEL,0,4,0,138.6,1,N
199,10,44,28,0,2,2,0,0,FRA,0,1,0,95.0,0,N
16,3,12,23,0,1,1,0,0,FRA,0,4,0,108.0,0,N
229,4,14,3,1,1,2,0,0,PRT,0,1,0,100.0,0,Y
90,2,8,20,1,2,2,0,0,CHN,0,1,0,71.28,0,Y
2,9,40,28,0,1,2,0,0,USA,0,1,1,0.0,1,Y
130,9,37,10,2,3,2,0,0,GBR,0,4,0,99.95,0,N
0,5,18,2,0,2,2,0,0,BEL,0,1,0,117.0,0,N
8,7,28,9,1,1,1,0,0,PRT,0,1,1,0.0,0,N
40,12,52,26,2,2,2,0,0,DEU,0,1,0,55.0,1,N
116,11,46,10,2,3,2,0,0,BEL,0,1,0,105.74,0,N
33,9,39,24,1,1,2,0,0,NOR,0,5,0,162.45,0,N
127,2,9,26,2,1,3,0,0,NLD,0,4,0,138.6,1,N
150,1,1,2,2,1,2,0,0,PRT,0,1,0,101.0,0,Y
124,2,6,7,0,3,2,0,0,CHN,0,1,0,71.28,2,Y
32,11,47,20,0,2,1,0,0,PRT,1,1,0,73.0,0,Y
9,10,43,18,1,0,2,0,0,PRT,1,1,0,100.0,0,Y
16,11,46,9,0,1,2,0,0,PRT,0,1,0,170.0,0,Y
233,5,22,25,0,4,2,0,0,DEU,0,1,0,95.4,1,N
146,4,18,24,2,0,2,0,0,PRT,0,1,0,95.0,0,Y
41,3,11,14,0,5,1,0,0,PRT,0,5,0,65.0,0,N
94,4,14,6,0,3,2,0,0,CHE,0,1,2,117.0,1,N
219,6,23,9,1,2,2,0,0,PRT,0,1,0,105.0,0,Y
317,9,38,15,0,2,2,0,0,PRT,0,1,0,120.0,0,Y
219,8,33,10,0,3,0,2,0,MAR,0,2,0,86.5,0,Y
142,4,18,29,0,2,2,0,0,ITA,0,1,0,65.0,1,N
214,9,39,23,1,2,2,0,0,DEU,0,1,0,80.75,1,N
105,10,42,12,0,3,2,0,0,PRT,0,1,0,75.0,0,N
4,7,29,17,1,0,1,0,0,FRA,0,1,1,145.0,0,N
0,3,13,21,1,1,1,0,0,PRT,3,7,0,0.0,1,Y
106,5,23,29,1,0,2,0,0,PRT,0,1,0,95.0,1,N
61,10,41,4,2,0,2,0,0,FRA,0,1,0,91.0,0,N
423,7,29,22,1,1,2,0,0,PRT,0,1,0,80.0,0,Y
0,8,35,22,1,3,2,0,0,BEL,0,4,0,142.92,0,N
275,10,41,5,1,4,2,0,0,PRT,0,1,0,90.0,0,Y
0,9,39,22,0,1,2,0,0,PRT,0,1,1,0.0,0,N
351,10,40,3,2,2,2,0,0,PRT,1,1,0,62.0,0,Y
8,4,18,24,1,0,2,0,0,PRT,0,1,0,101.0,0,Y
134,2,8,25,0,1,1,0,0,PRT,0,1,0,75.0,0,Y
216,8,32,8,2,6,2,0,0,AUS,0,1,0,130.5,0,Y
101,5,18,1,1,2,1,0,0,FRA,0,1,0,117.0,1,N
41,12,49,1,0,3,2,0,0,GBR,0,1,0,66.88,0,N
94,3,10,4,0,2,2,0,0,PRT,1,1,0,80.0,0,Y
22,10,44,25,0,4,2,0,0,DEU,0,1,0,130.0,1,N
51,12,49,1,1,3,2,0,0,POL,0,1,0,79.2,0,N
156,6,25,20,0,4,3,0,0,SWE,0,4,1,163.8,0,N
8,5,18,5,0,2,2,0,0,PRT,0,1,1,170.0,2,N
41,4,16,17,1,2,2,0,0,PRT,0,1,0,112.0,1,Y
64,2,7,12,1,0,1,0,0,GBR,0,1,0,70.2,1,N
68,4,16,10,2,0,2,0,0,IRL,0,4,0,118.8,0,Y
180,7,30,29,0,1,3,0,0,ROU,0,4,0,175.5,0,Y
163,10,42,15,2,1,1,0,0,PRT,0,1,0,115.0,0,Y
102,6,24,5,1,0,2,0,0,ISR,0,1,0,65.0,1,N
23,6,23,7,0,2,2,0,0,ESP,0,1,0,166.5,0,Y
22,12,50,8,2,3,2,0,0,ITA,0,1,0,90.78,1,N
33,3,13,24,0,2,2,1,0,ESP,0,1,1,143.1,1,N
25,4,14,7,1,2,3,0,0,ESP,0,5,0,220.0,0,N
162,8,33,19,1,1,2,0,0,PRT,0,1,0,140.0,0,Y
10,8,35,21,1,0,1,0,0,ESP,0,1,0,134.0,0,Y
29,4,16,14,1,3,2,0,0,DEU,0,1,0,96.53,0,Y
150,6,24,17,2,5,3,0,0,ROU,0,4,0,162.0,1,Y
169,4,17,22,2,2,2,0,0,RUS,0,1,0,77.0,1,N
444,12,49,1,0,3,1,0,0,PRT,1,1,0,75.0,0,Y
77,4,18,30,2,3,2,0,0,BRA,0,1,0,123.45,1,N
22,12,52,24,1,3,2,0,0,MEX,0,1,0,87.0,1,N
126,4,16,14,0,3,2,0,0,PRT,0,1,0,65.0,0,Y
475,10,44,27,0,2,2,0,0,PRT,0,1,0,62.0,0,Y
3,8,34,18,0,2,2,0,0,FRA,0,1,0,122.0,2,N
79,4,18,30,2,3,2,0,0,PRT,0,1,0,105.0,0,N
42,2,8,14,2,3,2,0,0,PRT,0,4,0,90.76,1,N
125,4,16,20,0,3,2,0,0,PRT,0,1,0,85.0,0,Y
152,7,28,14,0,1,3,0,0,DEU,0,5,0,177.3,2,N
247,6,24,6,1,1,2,0,0,DEU,0,1,0,115.0,0,N
178,6,23,9,0,2,2,0,0,PRT,0,1,0,130.0,0,Y
20,1,1,3,0,4,2,0,0,ITA,0,1,0,90.1,2,N
135,8,34,19,0,4,2,0,0,PRT,0,1,0,55.08,0,Y
16,8,34,16,0,2,2,0,0,FRA,0,4,0,146.7,1,N
63,6,27,26,2,0,2,0,0,FIN,0,1,0,89.1,0,N
17,9,37,11,0,2,2,0,0,PRT,0,1,0,126.0,0,Y
79,3,13,24,1,3,2,0,0,ITA,0,1,0,90.95,1,Y
202,10,43,22,2,1,3,0,0,DEU,0,4,0,128.7,0,Y
141,7,28,6,1,4,2,0,0,PRT,0,1,0,107.95,1,N
12,6,27,27,1,3,3,0,0,FRA,0,4,0,131.0,0,N
68,2,8,17,0,2,2,0,0,PRT,1,1,0,75.0,0,Y
19,10,41,6,0,3,2,0,0,PRT,1,1,0,90.0,0,Y
301,7,31,30,1,1,1,0,0,DEU,0,1,1,90.0,0,N
57,1,2,6,2,9,2,0,0,PRT,1,4,0,95.0,1,Y
315,7,27,5,2,4,2,0,0,GBR,0,1,2,103.5,1,Y
142,8,32,5,1,2,2,2,0,MAR,0,6,0,243.6,0,Y
377,10,44,29,0,2,2,0,0,PRT,1,1,0,62.0,0,Y
6,1,3,15,0,2,2,0,0,BRA,0,1,0,69.5,1,N
270,4,17,20,0,4,3,0,0,ISL,0,1,1,110.0,0,N
36,3,10,1,0,1,1,0,0,DEU,0,1,0,86.5,0,N
271,7,29,15,0,2,3,0,0,PRT,0,1,1,84.0,0,N
279,8,35,28,1,1,2,0,0,FRA,0,1,0,107.1,0,Y
172,7,31,29,2,3,1,1,0,FRA,0,1,0,90.5,1,N
377,10,42,14,0,2,2,0,0,DEU,0,1,0,115.0,1,N
86,7,29,16,2,0,3,0,0,KOR,0,4,0,190.0,1,N
122,7,28,12,0,2,3,0,0,ESP,0,4,0,222.3,0,Y
87,12,53,29,0,3,2,0,0,ITA,0,2,0,95.7,1,N
61,3,13,31,1,2,2,0,0,CN,0,1,0,92.4,0,N
0,3,11,9,0,1,1,0,0,PRT,0,1,0,0.0,1,N
72,10,44,28,0,3,2,0,0,ISR,0,1,0,85.67,0,N
107,5,20,18,1,3,2,0,0,LUX,0,4,0,146.25,0,Y
62,3,11,18,2,1,3,0,0,LUX,0,5,0,169.2,0,Y
220,3,10,10,1,2,2,0,0,DEU,0,1,1,99.2,1,N
37,10,42,13,0,3,1,0,0,PRT,0,1,0,95.0,0,Y
0,8,35,27,1,1,2,0,0,DEU,0,1,0,149.0,0,N
84,3,14,30,1,4,2,0,0,DEU,0,1,0,75.34,0,N
59,5,21,21,2,2,2,0,0,FRA,0,4,0,171.0,0,N
6,1,3,12,0,2,2,0,0,CHN,0,1,0,69.5,2,N
178,9,37,9,0,2,1,0,0,PRT,0,1,0,135.0,0,Y
152,8,33,13,2,1,3,0,0,AUT,0,4,0,146.7,1,N
262,5,19,11,0,3,2,0,0,GBR,0,1,2,135.0,2,Y
146,4,18,24,2,0,2,0,0,PRT,0,1,0,95.0,0,Y
192,6,26,24,0,2,1,0,0,SRB,0,1,0,95.0,0,N
47,8,34,14,2,2,2,0,0,SWE,0,1,0,170.1,1,N
171,7,30,20,2,5,2,0,0,DEU,0,4,0,106.13,1,N
91,4,18,25,1,2,2,0,0,FRA,0,1,0,85.5,0,Y
104,5,20,15,1,2,1,0,0,PRT,0,1,0,160.0,0,Y
3,11,48,21,1,0,2,0,0,ITA,0,1,0,95.0,0,Y
118,6,27,28,0,3,2,0,0,ITA,0,1,0,96.3,0,Y
183,6,25,18,2,0,2,0,0,DEU,0,1,0,108.0,1,N
7,2,6,9,0,1,2,0,0,FRA,0,4,0,113.0,0,N
0,6,22,3,2,1,2,0,0,SWE,0,1,0,126.0,2,N
69,5,20,10,0,1,2,0,0,ARG,0,1,2,135.9,1,N
19,2,6,11,2,2,2,1,0,FRA,0,4,0,90.71,0,N
7,10,44,29,2,1,2,0,0,NGA,0,1,0,126.67,1,Y
1,4,17,27,0,1,2,0,0,PRT,0,1,0,160.0,0,N
277,11,46,7,1,2,2,0,0,PRT,0,1,0,100.0,0,Y
109,6,26,30,1,2,3,0,0,GBR,0,1,0,108.0,0,Y
349,10,41,4,0,2,2,0,0,PRT,0,1,1,130.0,0,N
102,6,24,5,1,0,1,0,0,ISR,0,1,1,0.0,1,N
60,5,20,20,2,1,2,0,0,FRA,0,1,0,162.0,0,N
14,2,8,23,0,3,2,0,0,GBR,0,4,0,121.33,1,N
25,2,6,5,2,5,2,0,0,BRA,0,1,0,74.8,0,Y
206,3,13,26,2,1,1,0,0,PRT,0,1,0,67.5,0,Y
98,12,50,8,0,3,2,0,0,ESP,0,1,0,79.2,2,Y
156,4,17,26,0,3,2,0,0,PRT,0,1,0,100.0,0,Y
57,3,14,28,1,3,2,0,0,FRA,0,1,0,85.85,1,N
9,2,7,8,1,2,2,0,0,GBR,0,1,0,58.0,0,N
43,3,10,11,0,1,2,0,0,DEU,0,4,2,118.0,1,N
44,6,24,9,0,3,2,2,0,ESP,0,6,0,192.9,0,Y
116,5,20,15,1,3,2,0,0,NCL,0,5,0,175.5,2,N
2,6,24,8,0,1,1,0,0,ESP,0,1,0,84.85,1,N
150,1,1,2,2,1,2,0,0,PRT,0,1,0,101.0,0,Y
161,3,13,25,1,2,3,0,0,PRT,0,1,1,130.0,0,Y
84,11,48,27,1,2,2,0,0,PRT,0,1,0,64.0,0,Y
53,5,21,16,1,1,0,2,0,PRT,0,2,1,127.6,0,N
73,4,16,16,2,2,2,0,0,BRA,0,1,0,85.0,2,N
3,9,39,19,1,1,1,0,0,PRT,1,1,0,67.0,1,N
18,9,40,27,1,0,1,0,0,SWE,0,1,1,170.0,0,N
267,10,44,26,0,3,3,0,0,ITA,0,4,0,128.7,1,Y
10,11,48,25,1,2,2,0,0,FRA,0,1,0,108.67,2,N
90,7,28,9,2,0,2,0,0,GBR,0,5,0,175.0,3,N
141,9,39,23,0,2,2,0,0,GBR,0,4,2,163.8,1,N
15,12,50,8,2,5,2,0,0,HRV,0,1,0,76.5,0,N
4,6,27,29,0,4,2,0,0,IRL,0,1,0,127.0,2,N
92,4,14,7,1,2,2,0,0,NLD,0,1,0,99.0,0,N
256,6,25,15,0,2,1,0,0,DEU,0,1,1,90.0,0,N
42,11,48,24,0,2,2,1,0,PRT,0,1,0,85.05,0,N
46,1,1,3,2,8,2,1,0,AGO,0,1,0,105.4,0,Y
15,12,53,28,0,4,2,0,0,PRT,0,1,0,102.0,2,N
27,1,3,16,1,3,2,0,0,ITA,0,1,0,95.09,1,Y
418,9,40,26,1,2,2,0,0,PRT,0,1,0,75.0,0,Y
158,5,22,24,0,2,1,0,0,PRT,0,1,0,130.0,0,Y
266,10,45,30,2,2,3,0,0,BEL,0,4,0,117.3,2,N
104,5,20,15,1,2,2,0,0,PRT,0,1,0,170.0,0,Y
172,6,25,24,2,2,2,0,0,DEU,0,1,0,89.1,1,N
11,2,7,12,2,0,2,0,0,RUS,0,1,0,88.0,0,N
132,10,43,21,0,1,2,0,0,BRA,0,1,1,179.0,3,N
155,8,35,22,2,5,2,0,0,FRA,0,1,2,96.12,1,N
99,8,33,9,0,2,2,0,0,ROU,0,1,0,101.15,0,Y
43,1,1,5,1,3,2,0,0,DEU,0,1,0,74.8,0,Y
34,3,11,12,1,1,2,0,0,ITA,0,5,0,112.5,0,N
22,5,20,19,0,1,2,0,0,PRT,0,1,0,0.0,1,N
125,4,15,14,2,2,2,0,0,ITA,0,1,0,103.5,0,Y
86,9,39,24,0,2,2,0,0,PRT,0,1,0,105.0,0,N
101,5,20,19,0,2,3,0,0,ESP,0,4,0,189.0,0,N
12,5,18,5,1,2,3,0,0,FRA,0,4,0,220.0,1,N
8,3,12,23,0,1,1,0,0,ESP,0,1,1,80.0,0,N
233,6,25,23,1,2,2,0,0,PRT,0,1,0,105.0,0,Y
190,8,32,2,2,6,2,1,0,ESP,0,1,0,123.75,0,Y
203,3,9,2,0,3,2,0,0,PRT,0,1,0,60.98,1,Y
332,7,29,21,0,1,3,0,0,POL,0,4,0,135.9,1,Y
5,2,9,25,0,3,2,0,0,CHN,0,1,0,93.0,1,N
198,9,39,22,0,3,3,0,0,FRA,0,4,0,159.3,1,Y
123,9,39,18,2,4,2,0,0,FRA,0,4,0,114.69,1,N
465,7,30,26,0,3,2,0,0,GBR,0,1,0,112.67,1,N
0,12,52,22,0,1,1,0,0,PRT,0,1,0,56.0,0,N
195,9,38,17,0,2,2,0,0,PRT,1,1,0,48.0,0,Y
140,4,17,28,2,2,2,0,0,FRA,0,1,0,130.0,1,N
51,12,49,3,2,1,2,1,0,ESP,0,5,0,129.0,0,N
54,7,27,2,2,5,2,1,0,PRT,0,1,0,146.7,0,Y
220,10,44,24,1,4,2,1,0,FRA,0,1,1,118.25,1,Y
393,4,16,22,2,1,1,0,0,PRT,0,1,0,80.0,0,Y
1,8,35,31,0,3,2,0,0,GBR,0,5,0,109.5,1,N
103,10,42,9,1,0,3,0,0,ISR,0,4,0,151.2,0,Y
0,8,33,14,0,2,2,0,0,PRT,0,1,0,109.0,0,Y
301,7,31,30,1,1,1,0,0,DEU,0,1,1,90.0,0,N
524,12,51,15,0,2,2,0,0,PRT,0,1,0,62.8,0,Y
81,8,34,26,1,1,1,0,0,USA,0,4,0,170.0,1,Y
99,3,12,17,0,2,2,0,0,KWT,0,1,0,67.5,0,N
18,2,8,20,1,1,1,0,0,ESP,0,1,0,86.0,1,N
267,3,14,31,0,2,2,0,0,PRT,0,1,0,62.0,0,Y
1,1,5,26,0,1,1,0,0,GBR,0,1,0,86.0,1,N
68,11,47,19,1,1,2,0,0,IRL,0,1,1,85.75,0,N
112,7,30,17,2,2,2,0,0,SWE,0,1,0,94.5,1,N
0,7,28,8,0,1,1,0,0,PRT,0,1,0,157.0,0,N
10,5,19,7,2,2,2,0,0,AUT,0,1,0,108.9,0,N
69,6,25,12,2,4,1,0,0,PRT,0,1,0,120.0,0,Y
144,8,36,31,1,4,1,0,0,NOR,0,1,0,97.85,1,N
266,12,53,26,1,3,3,0,0,ESP,0,4,0,104.55,0,Y
17,12,49,2,2,2,2,0,0,ESP,0,1,0,76.29,1,Y
326,10,43,16,2,1,2,1,0,ISR,0,2,1,100.07,1,N
164,10,40,2,0,2,1,0,0,PRT,0,1,0,100.0,0,N
304,11,45,3,0,3,2,0,0,PRT,0,1,0,89.0,0,Y
29,6,22,3,2,1,2,0,0,PRT,0,1,0,112.67,0,Y
316,5,22,26,0,3,2,0,0,PRT,0,1,0,110.0,0,N
30,4,16,13,0,4,2,0,0,KHM,0,1,0,99.0,0,Y
218,6,24,9,0,2,2,0,0,PRT,1,1,0,135.0,0,Y
5,3,12,14,1,1,2,0,0,BEL,0,1,0,118.0,1,N
102,10,42,16,0,2,2,0,0,DEU,0,1,0,109.0,0,N
120,8,34,20,2,2,2,0,0,AUT,0,1,0,112.5,0,N
169,6,23,8,0,3,2,0,0,PRT,0,1,0,170.0,0,Y
67,12,49,2,2,2,2,0,0,ESP,0,1,0,75.0,0,N
68,7,28,11,0,2,2,0,0,IRL,0,1,0,120.0,1,Y
79,5,20,20,2,1,2,0,0,PRT,0,1,0,89.1,0,Y
307,8,34,20,0,2,2,0,0,PRT,1,1,0,62.0,0,Y
60,6,23,8,2,5,2,0,0,FRA,0,5,1,231.0,0,N
3,2,10,29,1,2,1,0,0,PRT,0,1,0,66.0,0,N
157,8,31,2,0,4,2,0,0,ESP,0,1,0,125.0,0,Y
16,10,44,31,0,1,2,0,0,ESP,0,1,0,95.0,1,N
124,5,21,17,0,3,2,0,0,FRA,0,1,1,105.3,2,N
27,7,31,27,1,1,2,0,0,PRT,0,1,0,62.0,0,Y
28,2,9,27,2,5,2,0,0,DEU,0,4,0,105.4,0,N
182,4,18,27,0,4,2,0,0,PRT,1,1,0,75.0,0,Y
118,6,24,6,1,2,1,0,0,PRT,0,1,0,110.0,0,N
3,10,41,2,4,10,1,0,0,PRT,0,1,3,0.0,0,N
33,12,50,9,0,2,2,0,0,PRT,1,1,0,110.0,0,Y
308,11,48,25,0,2,2,0,0,PRT,0,1,0,52.0,0,Y
132,7,30,23,0,1,2,0,0,PRT,0,1,0,90.0,0,N
243,2,8,19,2,2,2,0,0,GBR,0,4,0,97.75,4,N
79,5,18,5,2,5,2,0,0,IRL,0,5,0,162.0,1,N
134,2,8,25,0,1,1,0,0,PRT,0,1,0,75.0,0,Y
91,10,41,3,1,1,1,0,0,IRL,0,1,0,113.4,2,N
20,5,21,21,2,2,2,0,0,FRA,0,1,0,157.5,1,N
134,5,23,30,1,1,2,0,0,USA,0,1,0,94.5,0,N
32,2,8,25,2,1,2,2,0,ESP,0,5,0,203.0,2,N
1,9,38,19,2,1,1,0,0,GBR,0,4,0,170.0,1,N
14,10,42,15,0,2,1,0,0,ROU,0,1,0,100.0,0,N
192,6,26,24,0,2,1,0,0,SRB,0,1,0,95.0,0,N
34,5,19,1,2,1,2,0,0,SAU,0,1,0,126.9,0,Y
45,6,25,17,1,2,2,0,0,FRA,0,1,0,65.0,1,N
140,12,53,29,0,5,2,0,0,PRT,0,1,0,70.0,0,Y
131,8,33,15,2,1,2,0,0,ITA,0,1,0,94.5,0,Y
59,2,6,6,2,2,2,0,0,AUT,0,1,0,62.0,0,N
34,10,44,26,1,4,2,0,0,GBR,0,2,1,111.96,0,N
112,12,53,27,0,3,3,0,0,PRT,0,4,0,131.13,0,Y
11,4,16,19,1,4,2,0,0,TUN,0,1,0,150.0,2,Y
181,5,21,25,0,2,2,0,0,PRT,0,1,0,130.0,0,Y
108,3,11,17,2,2,2,0,0,DEU,0,1,0,91.8,0,Y
9,1,5,29,0,2,1,2,0,KEN,0,2,1,77.75,1,N
111,7,28,15,2,1,3,0,0,CHE,0,4,0,177.33,2,Y
201,8,33,16,0,3,2,0,0,DEU,0,1,0,112.5,0,N
4,1,1,2,1,1,2,0,0,CHN,0,1,1,113.0,0,N
269,6,25,22,0,3,2,0,0,ESP,0,1,0,117.0,1,N
21,3,12,14,1,1,2,0,0,DNK,0,1,0,79.0,0,N
0,10,44,26,0,1,2,0,0,FRA,0,1,0,126.0,0,N
6,8,34,18,0,4,2,0,0,ESP,0,1,0,75.0,1,N
38,1,2,14,0,1,1,0,0,PRT,0,1,0,75.0,0,Y
98,11,48,23,1,2,1,0,0,PRT,0,1,0,84.0,0,Y
36,11,46,13,0,2,2,0,0,PRT,0,1,0,96.3,1,N
422,9,38,16,0,2,2,0,0,FRA,0,1,0,90.0,1,N
74,1,1,1,2,3,2,0,0,PRT,1,2,0,86.58,0,Y
127,8,35,21,3,5,2,0,0,ESP,0,4,0,113.55,1,Y
420,9,36,3,2,2,2,0,0,PRT,0,1,0,75.0,0,Y
124,8,32,1,1,2,2,0,0,CHE,0,1,0,105.3,1,N
3,10,42,15,0,3,2,0,0,ITA,0,4,0,85.0,0,N
17,7,30,23,0,1,2,0,0,PRT,0,1,0,139.0,1,Y
56,9,39,25,2,2,1,0,0,GRC,0,1,1,185.0,0,N
