booking_id,lead_time,arrival_date_month,arrival_date_week_number,arrival_date_day_of_month,stays_in_weekend_nights,stays_in_week_nights,adults,children,babies,total_guests,country,previous_cancellations,reserved_room_type,booking_changes,company,adr,total_of_special_requests,is_canceled
48878,71,4,14,1,0,2,2,0,0,2,AUT,0,1,0,,87.3,0,Y
91854,192,6,26,24,0,2,1,0,0,1,PRT,0,1,0,,95,0,N
115699,18,7,27,8,1,1,2,0,0,2,PRT,0,5,2,,195,2,N
100515,37,10,44,27,0,2,2,0,0,2,JPN,0,1,1,,109,1,N
67535,219,5,18,4,0,3,2,0,0,2,GBR,0,4,0,,130.5,3,Y
92102,7,6,27,27,1,3,1,0,0,1,ESP,0,1,0,,68,0,N
76547,199,9,39,21,1,1,2,0,0,2,PRT,1,1,0,,48,0,Y
75062,276,7,30,20,1,1,2,0,0,2,PRT,1,1,0,,62,0,Y
74949,153,8,32,3,1,2,2,0,0,2,PRT,1,1,0,,60,0,Y
93997,0,7,31,29,0,1,2,0,0,2,FRA,0,1,0,,89,0,N
85858,2,3,13,22,0,1,2,0,0,2,GBR,0,1,0,,89,0,N
97466,41,9,38,14,0,3,1,0,0,1,DEU,0,1,2,,108,0,N
72352,7,7,30,26,2,5,2,0,0,2,DEU,0,?,0,,145.43,2,Y
77031,243,9,36,1,0,3,2,0,0,2,AUT,0,?,0,,65.29,0,N
78351,22,10,41,5,1,2,2,0,0,2,ESP,0,?,0,,95,0,N
93306,95,7,29,14,2,4,2,0,0,2,SWE,0,?,0,,118.8,1,N
50461,99,5,19,1,2,2,2,0,0,2,CHE,0,?,0,,89.25,0,Y
100342,23,10,44,26,0,1,1,0,0,1,PRT,0,1,0,,95,0,N
83917,15,2,7,12,1,2,2,0,0,2,ROU,0,1,0,,40.67,0,N
65605,93,4,14,6,0,3,2,0,0,2,PRT,0,1,0,,95,0,Y
67736,407,5,18,6,2,1,2,0,0,2,PRT,0,1,0,,90,0,Y
113728,43,6,23,9,0,2,2,0,0,2,FRA,0,1,0,,140,1,N
91688,3,6,26,23,0,1,2,0,0,2,PRT,0,1,0,,97,1,N
82585,49,12,53,30,0,4,2,1,0,3,ITA,0,1,1,,85,0,N
46330,140,12,53,29,0,5,2,0,0,2,PRT,0,1,0,,70,0,Y
60402,14,11,46,10,0,1,1,0,0,1,PRT,0,1,0,,99,0,Y
97615,128,9,38,16,0,2,2,0,0,2,GBR,0,1,0,,100.29,3,N
111005,71,5,18,1,1,3,2,0,0,2,FRA,0,1,0,,108,1,N
116239,24,7,28,15,1,1,3,0,0,3,CHN,0,5,0,,220,2,N
61200,20,12,50,4,2,0,1,0,0,1,PRT,0,1,0,40,67,0,Y
45949,208,12,49,1,0,3,2,0,0,2,PRT,0,1,1,,72.25,1,Y
61532,246,12,51,16,0,1,2,0,0,2,SGP,0,1,0,,63.75,0,Y
83708,59,2,6,6,2,2,2,0,0,2,AUT,0,1,0,,62,0,N
46118,110,12,50,9,0,4,2,0,0,2,FRA,0,1,0,,70,0,N
90754,7,6,24,8,0,3,3,0,0,3,SWE,0,4,0,,173.67,2,N
67027,111,4,17,27,1,3,2,0,0,2,PRT,0,1,0,,120,0,Y
100048,2,10,43,19,0,3,3,1,0,4,FRA,0,6,0,,198.28,1,N
112957,4,5,22,30,0,1,1,0,0,1,PRT,0,1,0,483,144,0,N
63094,21,1,5,30,1,3,3,0,0,3,KOR,0,4,0,,125.8,0,Y
110681,161,4,17,28,1,2,3,0,0,3,IRL,0,4,0,,166.5,0,N
107865,32,3,10,10,2,7,3,0,0,3,DEU,0,5,0,,131.47,0,N
40228,18,7,29,18,1,1,3,0,0,3,PRT,0,1,0,,108.75,0,N
76755,0,8,32,8,0,1,2,0,0,2,FRA,0,1,0,,85,0,N
58875,51,10,43,17,1,1,3,0,0,3,DEU,0,4,0,,158.4,1,Y
68892,26,5,21,22,1,1,2,0,0,2,PRT,0,1,0,,128,0,Y
73153,287,8,33,16,0,1,2,0,0,2,DEU,0,1,0,,107.1,0,Y
49335,5,4,16,10,2,5,1,0,0,1,KWT,0,4,0,,138,0,Y
55111,159,8,32,5,0,1,1,1,0,2,PRT,0,1,0,,118.3,0,Y
58827,283,10,43,16,2,0,2,0,0,2,PRT,0,1,0,,96,0,Y
42244,80,9,36,3,1,3,2,0,0,2,PRT,0,1,0,,62.83,1,N
85432,0,3,12,15,0,0,2,0,0,2,PRT,0,1,0,,0,0,N
72205,197,7,30,23,2,1,3,0,0,3,CN,0,1,0,,130.5,0,Y
86688,55,4,15,6,0,1,2,0,0,2,PRT,0,1,0,,104,0,N
102085,58,11,48,20,2,1,2,0,0,2,FRA,0,1,0,,75,1,N
56375,29,9,37,4,2,0,2,0,0,2,US,0,4,0,,130.15,1,Y
66026,315,4,15,13,0,3,3,0,0,3,PRT,0,1,0,,144.8,0,Y
106415,12,2,8,22,0,3,2,0,0,2,NLD,0,1,1,,87.76,0,N
73487,52,8,34,24,0,2,2,0,0,2,DEU,0,1,0,,149,1,Y
42844,48,9,37,11,1,2,2,0,0,2,PRT,0,1,0,,60,0,N
116822,162,7,29,19,2,4,2,0,0,2,NLD,0,1,0,,75.65,1,N
105192,36,1,5,29,2,2,2,0,0,2,CHL,0,1,0,,97.3,2,N
105877,30,2,7,12,2,3,2,0,0,2,FRA,0,4,4,,127.59,1,N
59523,189,10,44,28,1,2,2,0,0,2,AUT,0,4,0,,109.8,0,Y
55272,5,8,33,9,0,3,2,0,0,2,ITA,0,1,0,,151,0,Y
60843,503,11,48,24,0,2,2,0,0,2,PRT,0,1,0,,62.8,0,Y
109820,145,4,15,14,1,2,2,0,0,2,FIN,0,4,0,,99.85,0,N
102640,313,12,49,1,0,3,2,0,0,2,GBR,0,4,0,,91.8,1,N
118947,31,8,34,26,0,1,2,0,0,2,DEU,0,1,1,,195,4,N
41119,41,8,33,12,0,2,2,0,0,2,PRT,0,1,0,,62,0,Y
117859,87,8,32,10,0,1,2,0,0,2,ESP,0,1,0,,134,1,N
83092,2,4,15,5,0,1,2,0,0,2,PRT,3,1,1,72,45,1,N
112971,2,5,22,28,2,1,1,0,0,1,BEL,0,4,0,153,110,0,N
99295,262,10,41,7,2,3,2,0,0,2,FRA,0,1,0,,100.3,1,N
91438,0,6,26,21,0,1,1,0,0,1,PRT,0,1,0,,129,1,N
74555,346,9,40,28,1,1,2,0,0,2,PRT,1,1,0,,62,0,Y
93937,67,7,31,24,2,3,2,0,0,2,ESP,0,1,0,,105.3,3,N
107648,32,3,11,13,1,2,1,0,0,1,DEU,0,1,0,,65.07,0,N
74540,339,9,39,21,1,1,2,0,0,2,PRT,1,1,0,,62,0,Y
102995,157,12,50,8,0,3,3,0,0,3,ITA,0,1,2,,92.65,0,N
70355,218,6,24,15,0,3,2,0,0,2,GBR,0,4,0,,130.5,1,Y
71063,141,6,26,27,2,5,1,0,0,1,PRT,0,1,0,,130,0,Y
78986,15,10,42,15,2,3,2,0,0,2,PRT,0,1,0,,142.6,1,N
70598,210,6,25,19,1,3,2,0,0,2,PRT,0,1,0,,130,0,Y
52224,330,6,23,2,0,2,2,0,0,2,PRT,0,1,0,,62,0,Y
117661,1,8,32,7,1,0,2,0,0,2,PRT,0,1,0,,160,0,N
78040,6,9,40,30,0,2,1,0,0,1,PRT,0,1,0,40,65,0,N
118855,115,8,34,20,2,4,1,0,0,1,AUT,0,1,0,,115,2,N
76212,151,7,30,25,2,1,2,0,0,2,PRT,1,1,0,,86,0,Y
78361,12,10,41,7,0,1,2,0,0,2,PRT,0,1,0,,119.7,0,N
63262,24,2,5,4,0,1,2,2,0,4,GBR,0,6,0,,188,0,Y
102062,46,11,47,18,2,3,2,0,0,2,BRA,0,1,0,,68.07,5,N
93248,147,7,29,15,2,2,1,0,0,1,AUS,0,1,0,,89.25,0,N
54213,10,7,28,9,0,1,2,0,0,2,US,0,4,2,,99.52,0,Y
67465,72,5,18,4,0,1,3,0,0,3,BRA,0,4,2,,189,0,Y
73283,213,8,33,18,0,2,2,0,0,2,GBR,0,1,0,,100.8,1,Y
57221,143,9,39,21,1,4,2,0,0,2,GBR,0,1,0,,129.6,2,Y
77429,20,9,38,15,0,3,1,0,0,1,AGO,0,1,0,,95,1,N
43528,75,9,38,19,2,2,2,0,0,2,PRT,0,1,0,,62,0,N
85099,0,3,11,6,2,1,2,0,0,2,AGO,0,4,1,,110,1,N
96086,167,8,35,26,1,2,2,0,0,2,SVK,0,1,0,,90.9,0,N
97360,1,3,10,7,4,10,1,0,0,1,ITA,0,4,0,153,95,2,N
119210,213,8,35,28,1,3,1,0,0,1,PRT,0,1,1,,104,0,N
59352,475,10,44,27,0,2,2,0,0,2,PRT,0,1,0,,62,0,Y
47766,52,3,10,3,0,3,2,0,0,2,GBR,0,1,0,,78.3,0,Y
57406,35,9,40,26,1,0,2,0,0,2,ESP,0,1,0,,99,0,Y
78680,12,10,44,25,2,1,2,0,0,2,PRT,1,1,0,,111,0,Y
66968,110,4,17,26,1,4,2,0,0,2,NOR,0,1,0,,100.8,0,Y
57217,296,9,39,21,0,4,2,0,0,2,PRT,0,1,0,,85,0,Y
54360,372,7,29,14,0,2,2,0,0,2,PRT,0,1,0,,62,0,Y
113209,0,6,22,3,0,1,2,0,0,2,US,0,1,0,,106.28,0,N
110478,140,4,17,28,2,2,2,0,0,2,FRA,0,1,2,,130,2,N
68916,69,5,21,22,1,3,2,0,0,2,BRA,0,4,0,,205.2,0,Y
61183,32,12,49,3,2,2,2,0,0,2,BEL,0,1,0,,104,0,Y
77585,18,12,51,18,0,1,1,0,0,1,PRT,0,1,0,40,74,0,N
107655,13,3,11,14,0,2,1,0,0,1,PRT,0,,1,,65,1,N
89372,92,5,21,19,0,1,2,0,0,2,GBR,0,,0,,135,0,N
107748,180,3,11,15,0,3,2,0,0,2,FRA,0,,0,,105,0,N
71487,180,7,27,6,0,3,2,0,0,2,DEU,0,,0,,89.1,0,Y
116193,214,7,28,13,0,3,2,0,0,2,FRA,0,,1,,99.9,1,N
75288,299,8,33,12,0,2,2,0,0,2,PRT,1,,0,,62,0,Y
45679,140,11,47,18,0,3,1,0,0,1,PRT,0,,1,,65,0,N
117773,158,7,31,31,3,6,3,0,0,3,BEL,0,,0,,132.5,1,N
98598,130,9,40,29,0,3,2,0,0,2,NLD,0,4,1,,139.5,2,N
112626,174,5,21,23,0,3,2,0,0,2,GBR,0,1,1,,99,1,N
118378,137,8,33,18,0,1,3,0,0,3,GBR,0,4,1,,195,1,N
90676,118,6,24,6,1,3,1,0,0,1,PRT,0,1,2,,110,1,N
89152,114,5,21,16,1,1,2,0,0,2,DEU,0,1,0,,94.5,0,N
112227,10,5,21,21,1,0,2,0,0,2,FRA,0,4,1,,170,1,N
64054,80,2,9,27,1,3,2,0,0,2,ITA,0,1,0,,74.8,1,Y
41907,55,8,35,26,0,2,1,0,0,1,ESP,0,1,1,,60,0,N
73965,279,7,30,23,0,2,2,0,0,2,PRT,1,1,0,,62,0,Y
100897,117,10,44,29,2,3,2,0,0,2,GBR,0,4,0,,122.94,1,N
86599,73,4,14,2,2,2,2,0,0,2,DEU,0,1,0,,80.75,0,N
113957,39,6,24,11,2,2,2,0,0,2,PRT,0,1,0,,112,3,N
42432,61,9,36,5,2,2,2,0,0,2,PRT,0,1,0,,62,0,Y
55996,105,8,35,26,1,2,2,0,0,2,US,0,4,0,,131.4,0,Y
79456,137,1,5,27,0,2,1,0,0,1,PRT,1,1,0,,70,0,Y
79370,43,10,44,29,1,3,2,0,0,2,PRT,1,1,0,,92.03,1,Y
99573,105,10,42,12,0,3,2,0,0,2,PRT,0,1,0,,75,0,N
118797,205,8,34,25,0,1,2,0,0,2,DEU,0,1,0,,99,0,N
73235,149,8,33,17,0,2,1,2,0,3,PRT,0,1,0,,152.5,1,Y
71670,187,7,28,9,2,3,2,0,0,2,ROU,0,4,0,,120.6,0,Y
98497,36,9,40,28,0,3,1,0,0,1,DEU,0,1,2,,76,0,N
111487,43,5,19,10,0,1,2,0,0,2,ZAF,0,1,0,,134.1,0,N
88665,0,5,20,9,1,0,2,0,0,2,POL,0,1,0,,89,0,N
55327,178,8,33,10,0,4,2,0,0,2,BEL,0,1,0,,89.25,0,Y
85417,21,3,11,12,2,1,2,0,0,2,ESP,0,1,0,,112,1,N
56482,258,9,37,8,0,1,2,0,0,2,PRT,0,1,0,,65,0,Y
108026,41,3,12,22,0,3,2,0,0,2,BRA,0,1,1,,75,0,N
88569,49,5,19,6,0,2,2,0,0,2,ESP,0,1,0,,85,0,N
91182,256,6,25,15,0,2,2,0,0,2,DEU,0,1,0,,112,1,N
115273,462,7,26,1,2,1,2,0,0,2,GBR,0,1,0,,112.67,1,N
114688,43,6,25,20,1,5,1,0,0,1,US,0,1,1,,101.33,1,N
100830,4,4,14,8,2,1,1,0,0,1,DZA,1,4,0,153,110,0,Y
82620,49,12,53,30,0,4,2,0,0,2,ITA,0,1,0,,71,0,N
69953,169,6,23,8,0,3,2,0,0,2,PRT,0,1,0,,170,0,Y
66222,87,4,15,15,2,2,2,0,0,2,PRT,0,1,0,,95,0,Y
66391,45,4,16,19,0,1,2,1,0,3,AUT,0,1,0,,144,0,Y
72328,243,7,30,26,0,4,2,0,0,2,PRT,0,1,0,,110,0,Y
103418,29,12,52,19,1,3,2,0,0,2,FRA,0,1,0,,88.4,0,N
94602,30,8,32,6,0,1,2,2,0,4,POL,0,6,2,,216.9,1,N
71490,175,7,27,6,0,3,2,0,0,2,DEU,0,4,0,,117.9,0,Y
82128,99,2,8,19,0,1,2,0,0,2,PRT,1,1,0,67,80,0,Y
61988,155,12,53,29,2,3,2,2,0,4,GBR,0,6,0,,148.58,1,Y
103419,29,12,52,19,1,3,1,0,0,1,FRA,0,1,0,,88.4,0,N
116340,7,7,28,12,2,4,2,0,0,2,BEL,0,1,0,,126,1,N
86272,2,3,13,29,0,1,1,0,0,1,PRT,1,1,0,219,80,1,N
112959,75,5,21,27,2,2,2,0,0,2,BEL,0,1,0,,99,0,N
41594,6,8,34,19,0,3,2,0,0,2,BEL,0,4,0,,79,0,N
44378,40,10,41,5,1,1,2,0,0,2,ITA,0,1,0,,70,0,N
85207,129,7,28,4,1,0,1,0,0,1,PRT,0,5,1,51,106,0,N
73393,143,8,34,20,2,1,2,0,0,2,ESP,0,1,0,,125,0,Y
64561,52,3,11,13,1,1,1,0,0,1,PRT,0,1,0,,80,0,Y
62181,36,1,1,3,0,5,1,0,0,1,ESP,0,1,0,,107,1,Y
97932,3,9,39,19,1,2,1,0,0,1,PRT,0,4,0,,110,0,N
89774,48,5,22,24,0,2,2,0,0,2,PRT,0,4,0,,140.4,1,N
46788,151,1,4,19,0,3,1,0,0,1,PRT,0,1,0,,80,0,Y
78907,34,10,43,18,1,0,2,0,0,2,PRT,0,1,0,,76.5,0,N
97631,0,9,38,16,1,2,1,0,0,1,GRC,0,1,1,,174.33,0,N
109460,96,4,15,9,2,1,2,0,0,2,BEL,0,1,0,,89.1,0,N
109791,53,4,15,13,1,3,2,0,0,2,NLD,0,4,0,,,1,N
52879,71,6,25,14,0,3,1,0,0,1,PRT,0,1,0,,,0,Y
81826,178,4,18,28,0,3,1,0,0,1,PRT,1,1,0,,,0,Y
89827,8,5,22,25,0,1,2,0,0,2,PRT,0,1,0,,,1,N
74283,295,8,32,8,2,1,2,0,0,2,PRT,1,1,0,,,0,Y
86960,-1,4,15,9,2,1,2,2,0,4,PRT,0,6,1,,,0,N
49184,274,4,15,7,0,2,2,0,0,2,PRT,0,1,0,,,0,Y
50472,121,5,19,2,1,0,2,0,0,2,FIN,0,1,6,,,1,N
75301,304,8,34,17,1,1,2,0,0,2,PRT,1,1,0,,,0,Y
63081,17,1,5,29,2,4,3,0,0,3,TUR,0,5,0,,,1,Y
85387,46,3,11,12,1,1,2,0,0,2,NZL,0,1,0,,,1,N
53628,26,6,27,26,2,1,2,0,0,2,DEU,0,1,0,,137.67,1,Y
74032,300,8,33,13,0,2,2,0,0,2,PRT,1,1,0,,62,0,Y
82552,41,12,53,30,0,3,2,0,0,2,FRA,0,4,0,,119,0,N
73500,93,8,34,24,1,3,3,0,0,3,US,0,4,2,,192,0,Y
88056,94,4,18,28,0,2,2,0,0,2,DEU,0,1,0,,111.6,0,N
98364,80,9,40,26,1,2,1,0,0,1,DEU,0,1,0,,0,0,N
82671,23,1,1,2,2,1,2,0,0,2,ITA,0,1,0,,109,0,N
103398,11,12,52,19,1,2,1,0,0,1,FIN,0,1,0,,86,0,N
100567,31,10,44,27,0,3,2,0,0,2,THA,0,1,3,,129,2,N
72075,264,7,29,20,0,2,2,0,0,2,ISR,0,1,0,,89.1,0,Y
52807,69,6,25,12,2,4,1,0,0,1,PRT,0,1,0,,120,0,Y
73420,147,8,34,21,1,2,2,0,0,2,ESP,0,1,2,,101.88,0,Y
107328,82,3,10,8,0,4,2,0,0,2,ITA,0,1,0,,74.8,0,N
76181,261,10,42,16,0,1,2,0,0,2,PRT,1,1,0,,120,0,Y
62937,61,1,4,25,0,2,2,0,0,2,PRT,0,1,0,,80,0,Y
71625,226,7,28,9,2,1,2,0,0,2,PRT,0,1,0,,110,0,Y
67403,82,5,18,3,0,2,2,0,0,2,PRT,0,1,0,,130,0,Y
110698,315,4,17,29,1,1,2,0,0,2,DEU,0,1,0,,99,1,N
51140,121,5,20,14,1,1,2,0,0,2,PRT,0,1,0,,96,0,Y
106146,12,2,8,20,1,1,1,0,0,1,ESP,0,1,0,,90,0,N
53122,0,6,25,16,0,1,2,0,0,2,PRT,0,1,0,45,0,0,Y
92269,121,6,27,26,2,5,2,0,0,2,PRT,0,1,0,,95.81,0,N
64660,130,3,11,14,2,5,2,0,0,2,DEU,0,1,0,,93.6,2,Y
113223,409,5,22,31,0,4,2,0,0,2,AUS,0,1,1,,107,1,N
61214,52,12,50,4,2,2,2,0,0,2,ITA,0,1,0,,74.8,0,Y
48987,101,4,15,4,1,2,2,0,0,2,PRT,0,1,0,,80,0,Y
73217,98,8,33,16,2,4,3,0,0,3,CHE,0,4,0,,195,0,Y
113783,214,6,23,9,1,2,2,0,0,2,GBR,0,4,1,,118.13,0,N
102964,16,12,50,8,0,2,2,0,0,2,PRT,0,1,0,40,75,0,N
53291,245,6,25,17,0,2,2,0,0,2,PRT,0,1,0,,75,0,Y
71614,6,7,28,9,2,0,1,0,0,1,PRT,0,4,0,153,95,1,Y
50009,69,4,17,22,1,2,2,0,0,2,FRA,0,4,0,,118.8,0,Y
100126,0,10,43,22,0,1,2,0,0,2,PRT,0,1,0,,120,0,N
65865,66,4,15,9,2,0,2,0,0,2,PRT,0,1,0,,100,0,Y
78738,287,7,30,23,2,1,2,0,0,2,PRT,1,1,0,,95.4,1,Y
109218,72,4,14,4,0,5,3,0,0,3,BEL,0,4,0,,162,2,N
51602,161,5,22,22,2,1,2,0,0,2,GBR,0,4,0,,114.3,1,N
114482,66,6,25,20,0,3,2,0,0,2,POL,0,4,0,,170,1,N
87786,58,4,17,21,2,3,2,0,0,2,FRA,0,5,0,,96.08,0,N
81977,115,3,13,20,2,0,1,0,0,1,PRT,1,1,0,,70,0,Y
72851,36,8,32,8,0,2,2,2,0,4,FRA,0,6,0,,250,0,Y
56905,66,9,38,15,0,2,2,0,0,2,CHE,0,4,0,,149.4,0,Y
74590,353,10,41,5,1,1,2,0,0,2,PRT,1,1,0,,62,0,Y
68786,200,5,20,20,2,1,2,0,0,2,AUT,0,4,0,,138.6,0,Y
108685,117,3,13,28,0,3,3,1,0,4,ITA,0,5,0,,145.2,0,N
100254,229,10,43,21,2,2,2,0,0,2,NLD,0,1,0,,80.75,2,N
75725,302,8,33,15,2,2,2,0,0,2,PRT,1,1,0,,62,0,Y
109584,97,4,15,10,1,3,2,0,0,2,ESP,0,1,0,,110.25,0,N
81634,130,4,16,13,0,4,2,0,0,2,PRT,1,1,0,,100,0,Y
52076,56,5,23,30,1,0,1,0,0,1,PRT,0,1,0,,120,0,Y
83398,2,1,5,29,0,2,2,0,0,2,PRT,0,1,0,,101,1,N
73098,164,8,33,14,1,3,2,1,0,3,FRA,0,1,0,,148.5,0,Y
101953,60,11,47,18,1,2,2,0,0,2,BEL,0,1,0,,93.6,1,N
58049,275,10,41,5,1,4,2,0,0,2,PRT,0,1,0,,90,0,Y
111306,144,5,18,6,2,1,2,0,0,2,FRA,0,1,0,,90,1,N
53747,167,6,27,28,0,4,2,0,0,2,BRA,0,1,0,,80.75,0,Y
72570,174,7,31,31,1,3,2,0,0,2,ESP,0,4,0,,184.5,0,Y
45313,69,10,44,25,2,1,2,0,0,2,PRT,0,1,0,,85.67,0,N
119378,185,8,35,30,1,4,2,0,0,2,CHE,0,1,0,,99,1,N
115667,155,7,27,3,1,5,1,0,0,1,FIN,0,4,0,,116.1,0,N
102159,215,11,48,21,1,2,1,0,0,1,ROU,0,1,2,233,75,1,N
66844,156,4,17,26,0,3,2,0,0,2,PRT,0,1,0,,100,0,Y
75757,312,8,35,25,0,4,2,0,0,2,PRT,1,1,0,,62,0,Y
92465,1,7,28,5,0,2,1,0,0,1,PRT,0,1,0,,99.33,1,N
103493,29,12,52,23,1,2,2,0,0,2,BEL,0,1,0,,104,0,N
77700,0,9,39,21,1,2,2,0,0,2,FRA,0,1,0,,125.7,0,N
69568,175,6,22,2,0,2,2,0,0,2,ESP,0,1,0,,144,0,Y
119250,131,8,35,27,2,3,2,0,0,2,DEU,0,4,0,,89.1,0,N
112282,16,5,20,19,1,2,1,0,0,1,POL,0,1,0,,160,1,N
41077,107,8,33,12,0,1,2,0,0,2,PRT,0,2,0,,76.5,0,N
89766,33,5,22,25,0,1,2,0,0,2,PRT,0,1,0,,108.9,0,N
96854,56,9,37,5,1,3,1,0,0,1,SWE,0,4,0,,123.98,2,N
113928,20,6,24,13,0,1,1,0,0,1,DEU,0,1,1,,95,0,N
93875,68,7,31,26,0,2,2,1,0,3,FRA,0,1,0,,111.25,0,N
69409,186,5,22,30,0,2,2,0,0,2,PRT,0,1,0,,130,0,Y
117922,14,8,32,9,0,3,4,0,0,4,PRT,0,7,0,,275.9,0,N
54579,384,7,30,20,0,2,2,0,0,2,PRT,0,1,0,,65,0,Y
112241,118,5,20,20,1,1,2,0,0,2,FRA,0,4,0,,135,0,N
78976,26,11,45,3,0,4,1,0,0,1,PRT,1,1,0,,85.85,1,Y
58341,183,10,42,11,0,1,1,0,0,1,FRA,0,1,0,,98.1,0,Y
75807,330,9,37,12,2,2,2,0,0,2,PRT,1,1,0,,62,0,Y
75239,297,8,33,10,1,1,2,0,0,2,PRT,1,1,0,,62,0,Y
63359,136,2,6,9,1,3,2,0,0,2,BEL,0,1,0,,74.8,3,Y
57229,440,9,39,22,0,2,2,0,0,2,PRT,0,1,0,,62,0,Y
67967,20,5,19,10,0,2,1,0,0,1,PRT,0,4,1,452,110,0,Y
96936,230,9,37,6,0,5,1,0,0,1,FRA,0,1,0,,111,0,N
65625,62,4,14,6,0,3,1,0,0,1,PRT,0,,0,,135,0,Y
104159,29,1,1,4,0,3,2,1,0,3,DEU,0,,0,,95,0,N
91800,192,6,26,24,0,2,1,0,0,1,GBR,0,,0,,95,0,N
82009,115,3,13,20,2,0,1,0,0,1,PRT,1,,0,,70,0,Y
80758,176,4,15,9,1,1,2,0,0,2,PRT,1,,0,,125,0,Y
101088,71,11,45,3,0,3,2,0,0,2,ESP,0,,0,,79.2,3,N
92083,83,6,27,27,1,2,2,0,0,2,IRL,0,,0,,74.1,0,N
85444,41,3,12,13,2,1,2,0,0,2,POL,0,,0,193,85.67,0,N
65146,278,3,12,25,2,1,2,0,0,2,PRT,0,,0,,90,0,Y
56184,175,8,36,31,0,4,2,0,0,2,SWE,0,,0,,112.63,0,Y
86398,54,3,14,28,1,4,2,0,0,2,FRA,0,5,0,,95.36,0,N
43663,71,9,39,22,0,3,1,0,0,1,DEU,0,1,1,,85,0,N
51820,323,5,22,26,0,2,2,0,0,2,PRT,0,1,0,,62,0,Y
88111,59,4,18,28,0,3,2,0,0,2,CHE,0,1,0,,80.75,0,N
88936,122,5,20,12,0,3,2,0,0,2,DEU,0,4,0,,121.5,1,N
41746,138,8,34,22,2,1,2,0,0,2,ITA,0,1,0,,94.5,0,Y
42458,55,9,37,6,2,0,2,0,0,2,PRT,0,1,0,,75,0,Y
67953,35,5,19,10,0,1,2,0,0,2,PRT,0,1,0,,130,0,Y
113412,18,6,23,5,1,1,2,0,0,2,CHE,0,1,0,,130,1,N
54593,99,7,30,21,0,1,2,1,0,3,ESP,0,1,0,,130.5,0,Y
53839,206,6,27,30,1,3,2,0,0,2,US,0,5,0,,101.83,0,N
56263,60,9,36,2,0,2,2,0,0,2,BRA,0,4,0,,123.3,0,Y
90713,118,6,24,6,1,3,1,0,0,1,HUN,0,1,1,,110,0,N
45147,65,10,43,19,1,2,2,0,0,2,SWE,0,1,0,,111,0,N
113590,22,6,23,7,0,2,3,0,0,3,JPN,0,4,0,,144.4,1,N
68232,104,5,20,15,1,2,1,0,0,1,PRT,0,1,0,,160,0,Y
65966,52,4,15,11,0,3,2,0,0,2,PRT,0,1,0,,100.8,1,Y
45683,140,11,47,18,0,3,2,0,0,2,PRT,0,1,0,,75,1,N
119125,0,8,35,29,0,1,1,0,0,1,PRT,0,1,0,72,0,2,N
50421,54,4,18,30,1,1,1,0,0,1,GBR,0,1,1,,91.13,0,Y
60743,71,11,47,19,2,2,2,0,0,2,PRT,0,1,0,,88.4,1,Y
66404,69,4,16,19,0,4,2,0,0,2,PRT,0,1,0,,100,0,Y
49768,103,4,17,19,0,2,1,0,0,1,PRT,0,1,0,,115,0,Y
45780,98,11,48,23,1,2,1,0,0,1,PRT,0,1,0,,70,0,Y
77614,0,9,39,22,0,1,2,0,0,2,PRT,0,1,0,45,0,0,N
82636,38,12,53,31,0,3,2,0,0,2,FRA,0,1,0,,118,1,N
79195,87,1,2,5,0,5,2,2,0,4,PRT,1,6,0,,153,0,Y
94553,146,8,32,5,0,1,2,0,0,2,GBR,0,1,0,,81.25,1,N
74533,332,9,38,14,1,1,2,0,0,2,PRT,1,1,0,,62,0,Y
109971,10,4,16,16,2,2,3,0,0,3,DEU,0,5,0,,250,2,N
51445,198,5,21,20,0,1,1,0,0,1,PRT,0,1,1,,57.5,0,Y
117193,232,7,31,30,1,0,2,0,0,2,BGR,0,1,0,,130.5,2,N
70247,49,6,24,12,1,3,2,0,1,3,PRT,0,1,0,,89.1,0,Y
50686,130,5,19,5,0,3,2,1,0,3,ESP,0,1,2,,104.4,1,N
70396,141,6,24,16,1,2,1,0,0,1,PRT,0,4,0,,104,0,Y
113720,0,6,23,10,0,1,2,0,0,2,PRT,0,1,0,,144,2,N
63254,29,2,5,3,1,2,2,1,0,3,CHN,0,1,0,,106.2,0,Y
85262,46,3,11,10,0,2,1,0,0,1,NLD,0,1,2,,82.9,1,N
86067,4,3,13,26,0,1,3,0,0,3,KOR,0,4,0,,187,1,N
70580,33,6,25,19,1,1,1,0,0,1,GBR,0,4,2,,150,1,Y
78368,7,10,43,22,0,1,1,0,0,1,PRT,1,1,0,40,65,0,N
86945,7,4,16,11,1,0,1,0,0,1,NLD,0,1,0,,89,0,N
67601,108,5,18,5,0,2,2,0,0,2,ESP,0,1,0,,126,0,Y
106197,29,2,8,19,2,2,2,0,0,2,GBR,0,1,0,,85,1,N
72764,63,8,31,5,2,3,2,0,0,2,DNK,0,1,0,,160,1,Y
103490,30,12,52,22,1,3,2,2,0,4,KOR,0,6,0,,156.9,0,N
62718,72,1,3,19,0,3,2,0,0,2,ITA,0,4,0,,102.6,1,Y
112274,-1,5,20,19,1,2,1,0,0,1,GBR,0,1,0,,144,0,N
61686,-1,12,52,22,2,5,2,0,0,2,PRT,0,4,0,,70.88,1,Y
54352,-1,7,29,14,0,2,2,0,0,2,PRT,0,1,0,,62,0,Y
54540,-1,7,30,19,0,4,2,0,0,2,PRT,0,1,0,,72.25,0,Y
81431,-1,12,50,9,0,2,1,0,0,1,PRT,0,1,0,,62,0,N
59829,-1,11,45,3,0,2,2,0,0,2,PRT,0,1,0,,62.8,0,Y
75789,-1,9,36,5,2,2,2,0,0,2,PRT,1,1,0,,62,0,Y
75442,-1,9,37,9,0,2,2,0,0,2,PRT,1,1,0,,62,0,Y
92134,-1,6,27,29,0,2,3,0,0,3,PRT,0,1,0,,146.7,2,N
107309,88,3,10,8,0,3,2,0,0,2,IRL,0,4,0,,106.2,3,N
56346,420,9,36,3,2,2,2,0,0,2,PRT,0,1,0,,75,0,Y
75717,302,8,33,15,2,2,2,0,0,2,PRT,1,1,0,,62,0,Y
110236,44,4,16,20,1,3,2,0,0,2,DEU,0,1,0,,85,0,N
117885,479,8,32,9,0,3,2,0,0,2,GBR,0,1,0,,112.67,2,N
110196,133,4,16,19,0,4,2,0,0,2,LTU,0,1,0,,124,0,N
70469,150,6,24,17,2,3,1,0,0,1,PRT,0,1,0,,120,0,Y
95394,3,12,50,5,1,0,1,0,0,1,PRT,0,1,0,40,67,1,N
118272,106,8,33,13,2,3,2,0,0,2,FRA,0,1,2,,154,1,N
103536,20,12,52,21,2,4,2,0,0,2,ROU,0,4,0,,96.9,2,N
70587,99,6,25,19,1,2,2,0,0,2,FRA,0,1,0,,126,0,Y
86119,138,3,13,23,1,4,2,2,0,4,SWE,0,6,1,,152.45,0,N
112372,184,5,20,20,2,2,1,0,0,1,FIN,0,1,0,,142.88,2,N
90177,2,5,23,31,0,3,1,0,0,1,PRT,0,1,0,,87.78,0,N
41807,53,8,35,24,1,1,2,0,0,2,ESP,0,1,0,,62,0,N
115886,44,7,28,10,1,1,2,0,0,2,CN,0,1,0,,80.1,2,N
107332,1,3,10,11,0,1,2,0,0,2,BRA,0,1,0,,74.48,0,N
50956,309,5,20,12,0,2,2,0,0,2,PRT,0,1,0,,62,0,Y
114408,96,6,25,19,1,2,2,0,0,2,GBR,0,1,0,,126,2,N
65907,236,4,15,9,2,5,2,0,0,2,BEL,0,4,3,,170.36,1,Y
103654,163,12,53,26,1,2,3,0,0,3,US,0,4,0,,122.4,2,N
107221,90,3,10,7,0,3,2,0,1,3,BRA,0,4,3,,106.2,3,N
81988,115,3,13,20,2,0,1,0,0,1,PRT,1,1,0,,70,0,Y
83559,4,2,6,6,0,1,2,0,0,2,PRT,0,1,0,,81,0,N
40846,30,8,32,8,2,1,3,0,0,3,ITA,0,1,1,,124.7,1,N
68247,104,5,20,15,1,2,1,0,0,1,PRT,0,1,0,,160,0,Y
66911,156,4,17,26,0,3,2,0,0,2,PRT,0,1,0,,100,0,Y
113714,39,6,23,9,0,2,3,0,0,3,ESP,0,5,0,,220,1,N
118096,21,8,33,13,2,0,2,0,0,2,GBR,0,1,0,,160,2,N
81271,15,12,49,5,2,1,2,0,0,2,DEU,0,1,0,,38.67,1,N
43171,76,9,38,16,0,2,2,0,0,2,PRT,0,1,0,,0,0,N
94516,165,7,32,31,2,4,2,0,0,2,CN,0,1,0,,72.25,2,N
77936,3,9,39,24,2,4,1,0,0,1,PRT,0,1,1,,170,0,N
63985,9,2,8,25,2,2,2,0,0,2,PRT,0,1,0,,68,0,Y
42234,10,9,36,3,0,3,2,0,0,2,PRT,0,1,0,,117.67,1,N
91509,0,6,26,21,0,2,1,0,0,1,PRT,0,1,1,,101.7,1,N
42345,65,9,36,5,1,1,2,0,0,2,PRT,0,1,0,,62,0,Y
41144,0,8,33,13,0,2,2,0,0,2,PRT,0,4,0,,89,1,Y
87094,26,4,16,13,0,1,2,0,0,2,PRT,0,4,0,,126,1,N
43868,192,9,39,25,2,3,2,0,0,2,PRT,0,1,0,,102,0,N
99490,22,10,42,13,0,1,1,0,0,1,ESP,0,1,0,40,67,0,N
47578,115,2,9,27,2,6,1,0,0,1,PRT,0,1,1,,64.75,0,Y
100235,386,10,44,23,2,0,2,0,0,2,DEU,0,1,0,,115,1,N
74146,342,9,39,24,0,2,2,0,0,2,PRT,1,1,0,,62,0,Y
58303,86,10,42,10,1,2,2,0,0,2,FRA,0,1,0,,108,2,Y
53525,351,6,26,23,0,2,2,0,0,2,PRT,0,1,0,,62,0,Y
60160,277,11,46,7,1,2,2,0,0,2,PRT,0,1,0,,100,0,Y
112486,1,5,21,24,0,1,2,2,0,4,GBR,0,6,1,,216,1,N
88739,118,5,20,9,1,2,2,0,0,2,DEU,0,1,0,,105.3,1,N
91695,265,6,26,24,0,2,1,0,0,1,PRT,0,1,1,,90,0,N
113899,73,6,24,12,1,1,2,0,0,2,ESP,0,1,0,,80.1,1,N
68063,128,5,19,12,0,2,2,0,0,2,GBR,0,1,0,,126,1,Y
102978,7,12,50,9,0,2,1,0,0,1,IRL,0,1,0,,100,0,N
107753,53,3,11,13,1,4,2,0,0,2,FRA,0,1,0,,92.02,1,N
94685,35,8,32,4,1,3,2,0,0,2,FRA,0,1,0,,85,2,N
75603,257,7,27,1,0,2,2,0,0,2,PRT,0,1,0,,101.5,0,N
76373,273,7,29,17,0,2,2,0,0,2,PRT,0,1,0,,109,0,N
52432,118,6,24,6,1,1,2,0,0,2,PRT,0,1,1,,120,0,Y
61138,231,12,49,2,1,2,2,0,0,2,DEU,0,1,0,,78.3,2,Y
61380,305,12,50,8,1,3,2,0,0,2,GBR,0,1,0,,63.75,1,Y
52206,330,6,23,2,0,2,2,0,0,2,PRT,0,1,0,,62,0,Y
99145,85,10,41,6,1,3,2,0,0,2,CN,0,1,0,,85,1,N
59633,75,10,45,30,2,0,2,0,0,2,PRT,0,1,0,,105,0,Y
87759,3,4,18,24,1,0,2,0,0,2,PRT,0,1,0,,89,1,N
57911,19,10,41,3,1,2,2,0,0,2,NLD,0,1,0,,149,0,Y
115371,114,7,27,4,0,1,2,0,0,2,CN,0,4,0,,108,1,N
62138,6,1,1,2,1,3,2,0,0,2,ESP,0,1,0,,96.9,0,Y
86644,55,4,15,6,0,1,2,0,0,2,PRT,0,1,0,,104,0,N
105829,17,2,7,13,1,2,2,0,0,2,DEU,0,1,0,,108,1,N
79538,16,11,45,4,0,2,1,0,0,1,PRT,1,1,0,122,95,0,Y
95482,320,8,34,18,0,2,2,0,0,2,DEU,0,1,0,,115,1,N
84296,31,2,8,20,2,1,2,0,0,2,BEL,0,1,0,,83.9,1,N
84303,18,2,9,22,1,0,1,0,0,1,FIN,0,1,0,,85,0,N
48934,13,4,14,2,2,2,2,0,0,2,FRA,0,1,0,,120,0,Y
89141,50,5,20,14,2,2,2,1,0,3,BRA,0,4,0,,115.58,2,N
56156,62,8,36,30,0,5,2,0,0,2,IRL,0,4,0,,111.6,0,Y
49720,47,4,17,18,1,1,2,0,0,2,IRL,0,1,0,,85.5,0,Y
75796,330,9,37,12,2,2,2,0,0,2,PRT,1,1,0,,62,0,Y
106834,50,3,9,1,0,3,0,0,0,0,IRN,0,1,1,,86.4,1,N
41053,0,8,33,11,0,3,2,0,0,2,FRA,0,1,1,,124,0,N
49550,68,4,16,14,1,3,2,0,0,2,SWE,0,4,0,,112.2,0,Y
69621,86,6,22,2,1,2,2,0,0,2,ITA,0,,0,,180,0,Y
111263,99,5,18,4,1,3,2,0,0,2,IRL,0,,0,,135,1,N
68357,19,5,20,15,1,3,3,0,0,3,CHN,0,,0,,216,0,Y
117154,133,7,30,27,0,3,2,0,0,2,PRT,0,,0,,139.51,1,N
57181,123,9,39,20,1,5,2,0,0,2,GBR,0,,0,,143.1,1,Y
72280,20,7,30,25,0,2,2,0,0,2,ESP,0,,0,,140,1,Y
114799,396,6,26,25,2,0,1,0,0,1,DEU,0,,1,,95.5,1,N
51559,23,5,21,21,1,1,1,0,0,1,US,0,,1,,156,0,Y
91998,170,6,27,27,1,1,2,0,0,2,PRT,0,,2,,105.3,1,N
103601,41,12,53,27,0,1,2,0,0,2,BRA,0,,0,,65,1,N
82962,1,1,2,7,0,1,1,0,0,1,PRT,0,,1,,45,0,N
104111,85,1,1,3,0,3,1,0,0,1,AUS,0,,2,,79.2,2,N
69595,107,6,22,2,1,2,3,0,0,3,CHE,0,,0,,214.2,0,Y
65093,256,3,12,24,0,2,2,0,0,2,ITA,0,,0,,90,0,Y
53055,239,6,25,15,0,2,2,0,0,2,PRT,0,,0,,112.2,0,Y
114119,153,6,24,13,0,4,2,0,0,2,AUT,0,,0,,137.25,1,N
47973,51,3,11,11,1,2,2,0,0,2,ARG,0,,0,,76.5,0,Y
99217,110,10,42,9,1,0,1,0,0,1,NLD,0,,1,,120,0,N
71322,45,7,27,2,2,0,2,0,0,2,CHN,0,,0,,98.1,1,Y
97108,201,9,37,8,1,3,2,0,0,2,POL,0,,0,,119.85,2,N
108867,194,4,13,1,1,1,2,0,0,2,FRA,0,,0,,75,0,N
43079,17,9,38,14,1,2,2,0,0,2,GBR,0,,0,,84,0,N
109563,134,4,15,10,1,3,2,0,0,2,AUT,0,,0,,119.25,2,N
94237,4,7,29,17,1,1,1,0,0,1,PRT,0,,0,40,65,2,N
108473,3,3,13,27,1,0,2,0,0,2,PRT,0,,1,,146,0,N
55776,209,8,34,20,8,18,2,1,0,3,AGO,0,,3,,127.99,1,Y
47653,116,2,10,28,2,1,1,0,0,1,PRT,0,,0,,61,0,Y
54346,139,7,29,13,2,7,2,1,0,3,PRT,0,,0,,86.92,0,Y
91691,77,6,26,19,2,3,3,0,0,3,ESP,0,,0,,153.18,2,N
61927,16,12,53,28,2,4,2,0,0,2,PRT,0,,0,,76.67,0,Y
90200,2,6,23,2,0,1,1,0,0,1,PRT,0,,0,51,109,0,N
47317,44,2,8,17,0,3,2,0,0,2,PRT,0,,0,,75,0,Y
42472,55,9,37,6,2,0,2,0,0,2,ESP,0,,0,,75,0,N
115611,176,7,27,7,0,1,1,0,0,1,PRT,0,,1,,85.68,0,N
92846,12,7,29,11,1,1,1,0,0,1,JPN,0,,0,,145,1,N
86619,88,4,15,4,1,2,2,0,0,2,POL,0,,0,,90.3,1,N
49462,281,4,16,14,0,2,2,0,0,2,PRT,0,,0,,62,0,Y
102772,220,11,49,29,2,5,2,0,0,2,ROU,0,,0,,73.95,2,N
98825,10,10,41,2,2,1,2,0,0,2,FRA,0,,0,,85,0,N
110421,108,4,17,24,1,2,2,0,0,2,FRA,0,,0,,108,1,N
84527,12,2,9,26,0,2,2,0,0,2,BEL,0,,0,,93,1,N
107492,108,3,10,10,1,2,2,0,0,2,FRA,0,,0,,97.2,2,N
46871,34,1,4,22,1,2,1,0,0,1,GBR,0,,0,,99.3,1,N
77797,3,9,39,25,1,2,2,0,0,2,JPN,0,,0,,170,0,N
86508,34,4,14,2,1,1,2,0,0,2,CHN,0,,0,,131.4,1,N
102084,58,11,48,20,2,1,2,0,0,2,FRA,0,,0,,75,1,N
117273,117,7,30,29,2,1,2,0,0,2,ITA,0,,0,,80.1,0,N
95473,320,8,34,18,0,2,2,0,0,2,DEU,0,,0,,115,1,N
78262,14,10,42,15,0,1,1,0,0,1,PRT,1,,0,,100,0,Y
107802,57,3,11,16,0,3,2,0,0,2,ITA,0,,0,,75,0,N
41446,3,8,34,16,2,0,2,0,0,2,PRT,0,,0,,75,1,N
113482,13,6,23,5,1,2,2,0,0,2,FRA,0,,0,,186.67,2,N
74092,321,9,36,3,0,2,2,0,0,2,PRT,1,,0,,62,0,Y
114809,396,6,26,25,2,0,2,0,0,2,DEU,0,,0,,122.4,1,N
118434,6,8,33,18,0,2,2,0,0,2,SWE,0,,0,,136.8,2,N
69304,82,5,22,29,1,4,2,0,0,2,NOR,0,,0,,126,0,Y
57760,219,9,40,30,1,2,2,0,0,2,PRT,0,,0,,120,0,Y
75649,290,8,32,3,1,3,2,0,0,2,PRT,1,,0,,62,0,Y
57132,159,9,39,19,1,2,1,0,0,1,PRT,0,,1,,122,0,Y
80928,36,11,48,25,0,4,1,0,0,1,TUR,0,,0,,89.89,2,N
111606,82,5,19,11,0,2,3,0,0,3,IRL,0,,1,,240,3,N
79325,0,10,43,24,0,1,2,0,0,2,ESP,0,,0,,102.5,0,N
110490,102,4,17,24,1,3,1,0,0,1,IRL,0,1,1,424,90,0,N
82421,0,12,53,29,0,1,2,0,0,2,JPN,0,1,0,,105,0,N
98252,4,9,40,25,2,0,2,0,0,2,ESP,0,1,1,,160,0,N
72120,166,7,29,21,1,2,2,0,0,2,ESP,0,1,0,,122.7,0,Y
110993,96,5,18,1,1,3,2,0,0,2,FRA,0,1,0,,85,0,N
43183,76,9,38,16,0,2,2,0,0,2,PRT,0,1,0,,62,0,Y
88957,181,5,20,11,0,4,2,0,0,2,GBR,0,4,0,,117.73,1,N
56413,49,9,37,5,1,2,1,0,0,1,USA,0,4,0,,115.5,1,Y
67357,43,5,18,2,0,3,3,0,0,3,FRA,0,5,0,,240.7,0,Y
84122,99,2,8,19,0,1,1,0,0,1,PRT,0,1,0,67,80,0,N
76168,233,9,38,18,0,1,2,0,0,2,PRT,1,1,0,,,0,Y
95798,6,8,35,23,0,1,2,0,0,2,FRA,0,1,0,,140,1,N
71879,10,7,28,15,0,1,2,0,0,2,GBR,0,1,0,,98,1,Y
63592,248,2,7,14,0,5,1,0,0,1,PRT,0,1,0,,80.75,0,Y
100650,35,10,44,28,1,2,2,0,0,2,TUR,0,1,0,,129,1,N
49198,10,4,15,7,0,3,2,0,0,2,FRA,0,1,0,,111,0,Y
115166,162,6,26,28,0,4,2,0,0,2,FRA,0,1,2,,117.85,3,N
101758,76,11,47,14,1,3,2,0,0,2,POL,0,1,0,,89.7,1,N
65119,-1,3,12,24,2,6,0,2,0,2,ARE,0,2,0,,84.73,0,Y
104578,-1,1,2,11,2,5,2,0,0,2,PRT,0,1,0,,76.94,2,N
88391,-1,5,19,4,0,1,1,0,0,1,PRT,0,1,0,153,95,0,N
71127,368,6,26,28,0,3,2,0,0,2,PRT,0,1,0,,90,0,Y
104387,-1,1,1,7,2,3,2,1,0,3,USA,0,4,4,,108,3,N
86492,62,4,14,1,1,2,2,0,0,2,FRA,0,4,0,,106.2,0,N
67416,152,5,18,3,0,3,2,0,0,2,PRT,0,1,0,,100,0,Y
58253,110,10,42,9,2,2,2,0,0,2,PRT,0,1,4,,130,2,Y
104277,-1,1,1,6,2,2,3,0,0,3,DEU,0,5,0,,144.29,1,N
43046,13,9,38,13,2,2,2,0,1,3,ISR,0,1,0,,102,2,N
58130,238,10,41,6,0,3,2,0,0,2,ESP,0,4,0,,140.4,0,Y
92586,148,7,27,1,2,6,2,0,0,2,ESP,0,1,0,,98.39,2,N
44488,-1,10,41,6,0,2,2,0,0,2,PRT,0,1,1,,114,1,Y
62186,76,1,1,3,2,9,3,0,0,3,FRA,0,4,0,,130.9,3,Y
47098,12,2,7,7,1,0,2,0,0,2,THA,0,1,0,,93,2,Y
57714,267,9,40,30,1,2,2,0,0,2,PRT,0,1,0,,95,0,Y
78922,35,10,42,17,1,1,2,0,0,2,ESP,0,1,0,,104.85,1,N
100554,2,10,44,27,0,2,1,0,0,1,USA,0,1,0,,139,3,N
105855,17,2,7,13,1,3,2,0,0,2,FRA,0,1,0,,74.8,0,N
94017,192,7,31,25,1,4,3,0,0,3,AUT,0,5,1,,117.3,1,N
117400,84,7,30,27,2,5,2,0,0,2,SLE,0,1,0,,121.43,1,N
85837,52,3,13,21,1,0,2,0,0,2,DEU,0,1,0,,99,1,N
106453,134,2,8,25,0,1,1,0,0,1,PRT,0,1,0,,75,0,N
82780,68,2,8,17,0,2,2,0,0,2,PRT,1,1,0,,75,0,Y
40454,2,7,30,25,2,2,2,0,0,2,PRT,0,1,0,,62,0,N
112413,84,5,21,22,1,1,2,0,0,2,BEL,0,1,0,,144,0,N
96773,31,9,37,5,1,2,4,0,0,4,PRT,0,7,0,,197.65,1,N
82619,55,12,53,31,0,3,2,0,0,2,PRT,0,1,0,,71.33,0,N
118502,0,8,34,20,1,0,3,0,0,3,PRT,0,4,0,,198,0,N
100656,0,10,45,30,1,0,1,0,0,1,GBR,0,1,0,,140,0,N
114376,138,6,24,17,2,2,1,1,0,2,GBR,0,1,0,,72.42,1,N
87341,32,4,16,16,1,1,3,0,0,3,GBR,0,1,0,,142.2,2,N
102027,54,11,47,18,2,2,2,0,0,2,USA,0,1,0,,74.8,1,N
106640,3,2,9,27,1,1,1,0,0,1,ZAF,0,1,1,,88,2,N
116552,250,7,29,21,0,1,2,2,0,4,GBR,0,6,2,,,0,N
73036,154,8,32,12,2,3,2,0,0,2,RUS,0,1,0,,112.5,0,Y
90181,18,5,23,30,1,3,2,0,0,2,FRA,0,1,0,,80.75,0,N
99814,212,10,43,16,2,1,2,0,0,2,IRL,0,1,1,,96.3,2,N
94748,0,8,33,8,1,0,3,0,0,3,PRT,0,5,0,216,188,0,N
111060,37,5,18,2,0,4,2,0,0,2,NLD,0,1,0,,135.2,1,N
118529,154,8,33,17,1,3,2,0,0,2,PRT,0,1,0,,80.1,1,N
115898,19,7,28,9,2,2,2,0,0,2,GBR,0,1,1,,150,2,N
57579,215,9,40,28,0,2,2,0,0,2,PRT,0,1,0,,97.71,0,Y
92090,2,6,27,30,0,1,2,0,0,2,ESP,0,1,0,,75,0,N
62305,129,1,2,8,2,1,1,0,0,1,PRT,0,4,0,,67,0,Y
74701,1,9,38,18,0,1,1,0,0,1,PRT,0,1,0,45,0,1,N
60616,496,11,47,17,0,2,2,0,0,2,PRT,0,1,0,,62.8,0,Y
78385,10,10,41,5,1,3,2,0,0,2,NOR,0,1,0,,135.5,1,N
111656,96,5,19,11,0,3,2,0,0,2,DEU,0,5,0,,139.2,0,N
79393,0,10,43,23,2,2,1,0,0,1,USA,0,1,0,,96,0,N
58091,454,10,41,6,0,2,2,0,0,2,PRT,0,1,0,,62,0,Y
65986,264,4,15,12,0,3,2,0,0,2,DEU,0,1,0,,99,1,Y
110716,0,4,18,30,1,0,1,0,0,1,FRA,0,1,1,,88.56,0,N
87682,56,4,17,22,0,2,2,0,0,2,PRT,0,4,0,,119.1,1,N
117111,270,7,30,27,0,3,1,0,0,1,GBR,0,1,1,,89.1,3,N
69524,174,6,22,1,0,3,2,0,0,2,PRT,0,1,0,,110,0,Y
56532,426,9,37,8,0,2,2,0,0,2,PRT,0,1,0,,62,0,Y
97547,57,9,38,16,0,2,1,0,0,1,ITA,0,1,0,,91,0,N
88686,4,5,20,10,0,1,1,0,0,1,PRT,0,1,0,40,65,0,N
102157,215,11,48,21,1,2,1,0,0,1,PRT,0,1,2,233,75,1,N
88298,80,5,19,2,1,1,2,0,0,2,FRA,0,1,2,,126.9,1,N
63975,10,2,8,25,1,1,3,0,0,3,GBR,0,4,0,,163,0,Y
62273,13,1,1,6,2,2,2,0,0,2,FRA,0,1,0,,,1,Y
99146,77,10,41,7,1,2,2,0,0,2,ESP,0,4,0,,132.3,3,N
74884,164,8,33,14,0,1,2,0,0,2,PRT,1,1,0,,60,0,Y
79692,35,10,44,30,1,2,2,0,0,2,FRA,0,4,0,,70,0,N
111779,224,5,20,14,1,0,4,0,0,4,PRT,0,7,1,,232.2,4,N
46789,151,1,4,19,0,3,1,0,0,1,PRT,0,1,0,,80,0,Y
95620,18,8,34,20,0,1,1,0,0,1,PRT,0,1,0,,131,1,N
93136,125,7,29,14,0,3,2,0,0,2,ESP,0,1,0,,94.5,0,N
76207,135,7,29,16,0,3,1,0,0,1,PRT,1,1,0,,68,2,Y
89926,112,5,22,27,1,2,2,0,0,2,IRL,0,4,0,,140.4,1,N
68389,104,5,20,16,0,3,1,0,0,1,USA,0,1,0,,117,0,Y
89327,1,1,3,17,0,1,1,0,0,1,AUT,0,1,0,153,79,0,N
45143,216,10,43,19,1,2,2,0,0,2,PRT,0,1,0,,12,0,Y
107180,18,3,10,5,2,2,2,0,0,2,BEL,0,1,0,,91.8,3,N
110990,96,5,18,1,1,3,2,0,0,2,FRA,0,1,0,,85,0,N
100740,79,10,43,21,4,7,2,2,0,4,FRA,0,6,0,,172.23,1,N
97083,104,9,37,5,2,5,2,0,0,2,GBR,0,1,0,,98.64,1,N
91278,1,6,25,18,0,1,2,1,0,3,PRT,0,1,0,,168,2,N
109742,82,4,15,11,0,5,2,0,0,2,GBR,0,1,0,,126,2,N
70769,139,6,25,22,0,3,2,0,0,2,USA,0,4,0,,,1,Y
40836,4,8,32,8,2,1,2,0,0,2,ITA,0,1,0,,94.5,0,N
109623,6,4,15,12,0,2,2,0,0,2,PRT,0,1,0,,100,1,N
71386,243,7,27,4,0,3,2,0,0,2,PRT,0,1,1,,90,0,Y
74655,184,7,27,4,2,3,2,0,0,2,PRT,1,1,0,,76.5,0,Y
105183,240,2,5,1,0,1,2,0,0,2,USA,0,1,0,,79.2,2,N
59140,40,10,43,21,0,2,2,0,0,2,ITA,0,4,0,,175,0,Y
101537,39,11,46,9,1,4,2,0,0,2,DEU,0,4,0,,140.08,0,N
101028,55,11,45,2,0,4,2,0,0,2,PAN,0,1,0,,,0,N
81109,82,2,6,2,0,5,2,0,0,2,PRT,1,1,0,,96,0,Y
82546,86,12,53,30,0,3,2,0,0,2,CRI,0,1,0,,81.86,1,N
53582,121,6,26,24,1,2,2,0,0,2,PRT,0,1,0,,90,0,Y
50837,133,5,20,9,1,4,2,0,0,2,FRA,0,1,0,,99.45,1,N
57639,447,9,40,29,0,2,2,0,0,2,PRT,0,1,0,,62,0,Y
87245,4,4,16,14,0,3,2,0,0,2,ARG,0,1,2,,110.15,0,N
56301,244,9,36,3,0,1,2,0,0,2,DEU,0,1,1,,85.5,1,N
82835,68,2,8,17,0,2,2,0,0,2,PRT,1,1,0,,75,0,Y
46619,6,1,3,12,0,1,1,0,0,1,PRT,0,1,0,,85,1,N
46924,58,1,5,27,0,3,1,0,0,1,PRT,0,1,3,,80.67,1,Y
107167,174,3,10,5,2,2,2,0,0,2,FRA,0,1,0,,90,1,N
57691,267,9,40,30,1,2,2,0,0,2,PRT,0,1,0,,95,0,Y
113583,15,6,23,7,0,2,1,0,0,1,FRA,0,1,0,,130,0,N
119381,44,8,35,31,1,3,2,0,0,2,DEU,0,1,0,,140.75,1,N
45613,79,11,46,13,0,2,2,0,0,2,PRT,0,1,0,,75,0,Y
54183,27,7,28,8,0,1,2,0,0,2,SWE,0,1,0,,139,0,Y
72822,46,8,32,7,1,2,1,0,0,1,BHR,0,1,0,,140,1,Y
78667,28,10,42,12,1,1,2,0,0,2,ESP,0,1,0,,110.65,2,N
66461,113,4,16,20,1,3,1,0,0,1,FRA,0,4,0,,139.5,2,Y
108648,184,3,13,26,2,3,2,0,0,2,BRA,0,1,2,,70.72,0,N
86732,3,4,15,7,0,1,1,0,0,1,ESP,0,1,0,,76,0,N
103854,41,12,53,27,1,5,2,0,0,2,BRA,0,1,1,,70,0,N
81790,117,2,10,29,1,2,2,0,0,2,PRT,1,1,0,,75,0,Y
84249,37,2,8,17,0,4,2,0,0,2,PRT,0,1,4,,79.5,0,N
75617,281,7,30,25,2,2,2,0,0,2,PRT,1,1,0,,62,0,Y
81832,178,4,18,28,0,3,1,0,0,1,PRT,1,1,0,,110,0,Y
45946,81,11,49,29,1,0,2,0,0,2,PRT,0,1,1,,85,1,Y
97143,193,9,37,10,2,1,2,0,0,2,CN,0,1,0,,97.71,1,N
88956,48,5,20,10,0,5,2,0,0,2,FRA,0,4,0,,140.4,1,N
117376,159,7,31,31,1,2,2,3,0,5,BEL,0,7,0,,260,1,N
111359,8,7,30,25,0,1,1,0,0,1,PRT,1,1,0,238,65,0,N
70750,153,6,25,21,0,4,1,0,0,1,PRT,0,1,0,348,110,0,Y
77695,18,10,41,4,2,1,1,0,0,1,PRT,1,1,0,,110,0,Y
81165,6,12,50,10,0,2,1,0,0,1,PRT,1,1,0,,0,0,Y
108066,151,3,12,20,1,1,2,0,0,2,PRT,0,1,0,,95,1,N
78679,12,10,44,25,2,1,2,0,0,2,PRT,1,1,0,,111,0,Y
92500,16,6,27,30,2,5,2,0,0,2,PRT,0,1,0,,151,1,N
119337,103,8,35,29,0,5,1,0,0,1,CHN,0,4,1,,153.6,0,N
79420,137,1,5,27,0,2,1,0,0,1,PRT,1,1,0,,70,0,Y
40930,0,8,33,9,2,0,2,0,0,2,ESP,0,1,0,,98,2,N
89245,1,5,21,18,0,1,1,0,0,1,PRT,0,1,0,,117.8,0,N
65149,166,3,12,25,2,2,2,0,0,2,AUT,0,1,0,,88.4,1,Y
40356,132,7,30,23,0,1,2,0,0,2,PRT,0,1,0,,90,0,N
62571,2,1,3,15,2,2,3,0,0,3,COL,0,5,0,,126.01,3,Y
93815,8,7,31,26,0,1,2,0,0,2,PRT,0,1,0,40,75,0,N
109415,80,4,14,8,2,1,1,2,0,3,FRA,0,1,0,,122,0,N
112254,92,5,20,18,1,3,2,1,0,3,DEU,0,1,0,,155.25,2,N
110720,28,4,17,27,1,3,3,0,0,3,GBR,0,1,1,,155,2,N
103252,9,12,51,16,0,1,2,0,0,2,PRT,0,1,0,,98,0,N
49772,103,4,17,19,0,2,1,0,0,1,PRT,0,1,0,,115,0,Y
78141,12,10,41,4,1,0,2,0,0,2,FRA,0,1,0,,72,0,N
91455,131,6,25,17,2,3,2,0,0,2,DEU,0,1,1,,105.74,1,N
105700,8,2,6,10,2,2,2,0,0,2,GBR,0,1,0,,54.71,1,N
89678,4,5,22,23,1,1,1,0,0,1,PRT,0,1,0,,90,1,N
107556,20,3,11,13,1,1,1,0,0,1,FRA,0,1,0,,178,0,N
83591,61,2,6,3,1,4,2,0,0,2,FRA,0,1,0,,60,0,N
112868,207,5,21,25,1,3,1,0,0,1,FRA,0,1,1,,107.1,2,N
65988,91,4,15,12,0,3,2,0,0,2,ARG,0,1,0,,105,0,Y
99176,78,10,41,7,1,2,3,0,0,3,CHE,0,4,0,,151.2,2,N
91683,41,6,26,21,0,3,2,0,0,2,FIN,0,1,0,,76.92,1,N
92093,2,6,27,26,2,3,2,0,0,2,PRT,0,1,0,,63.75,0,N
90921,57,6,24,10,1,2,2,0,0,2,PRT,0,,0,,90.67,1,N
74948,153,8,32,3,1,2,2,0,0,2,PRT,1,,0,,60,0,Y
90952,5,6,25,13,1,0,3,0,0,3,PRT,0,,0,,137,3,N
95939,115,8,35,23,0,3,2,2,0,4,PRT,0,,1,,222,1,N
56099,43,8,36,29,1,2,3,0,0,3,ESP,0,,0,,144.9,0,Y
55923,117,8,35,24,1,4,2,0,0,2,PRT,0,,0,,72.25,0,Y
86343,1,3,14,28,1,3,2,0,0,2,ESP,0,,0,,103.5,0,N
41651,10,8,34,20,1,3,2,0,0,2,PRT,0,,1,,106.5,2,N
59993,305,11,45,4,1,2,2,0,0,2,PRT,0,,0,,89,0,Y
62350,94,1,2,10,0,3,2,0,0,2,BRA,0,,0,,93.6,0,Y
109586,96,4,15,10,1,3,2,1,0,3,AUT,0,,0,,183.75,0,N
103157,1,12,51,12,1,1,1,0,0,1,BEL,0,,1,,87,1,N
110777,110,4,17,27,2,3,1,0,0,1,GBR,0,,0,,100.8,1,N
68213,160,5,20,15,1,2,2,1,0,3,CN,0,,0,,204.75,1,Y
110629,110,4,17,28,0,2,3,0,0,3,IRL,0,,1,,139,0,N
91408,-1,6,26,20,1,0,1,0,0,1,DEU,0,,0,,123,0,N
70806,137,6,25,23,0,2,2,0,0,2,PRT,0,,0,,125,0,Y
100916,58,10,45,31,1,3,2,0,0,2,PRT,0,,0,,90.68,2,N
91065,8,6,25,14,0,2,1,0,0,1,PRT,0,,0,,76.08,0,N
87081,-1,4,16,13,0,1,2,0,0,2,PRT,0,,0,,90,1,N
96900,0,9,37,9,0,1,2,0,0,2,CHN,0,,0,,107.42,0,N
96209,12,12,50,8,0,2,1,0,0,1,PRT,0,,0,40,67,1,N
98196,39,9,40,25,1,0,1,0,0,1,SWE,0,,0,,,0,N
89013,32,5,20,13,1,2,3,0,0,3,FRA,0,,0,,,2,N
69712,-1,6,23,4,2,2,2,0,0,2,CHN,0,,0,,,1,Y
72807,188,8,32,7,1,1,3,0,0,3,BEL,0,,0,,,0,Y
100430,178,10,44,24,1,3,2,0,0,2,FRA,0,,1,,,1,N
91091,11,6,25,14,0,3,1,0,0,1,PRT,0,,0,51,90,0,N
41493,46,8,34,17,1,1,2,0,0,2,ESP,0,,0,,62,0,N
83514,31,2,6,4,0,2,2,0,0,2,PRT,0,,1,174,81.5,0,N
110830,19,5,18,1,1,0,2,0,0,2,DEU,0,,0,,117,1,N
76851,0,8,33,13,0,3,2,0,0,2,FRA,0,,0,,148.67,0,N
72010,209,7,29,17,1,4,2,0,0,2,BRA,0,,0,,89.1,2,Y
59025,468,10,43,20,0,2,2,0,0,2,PRT,0,,0,,62,0,Y
99030,163,10,41,5,0,3,1,0,0,1,ESP,0,,0,,100.8,0,N
106561,25,2,8,23,1,3,3,0,0,3,ITA,0,,0,,134.3,0,N
115291,212,7,26,1,2,1,2,0,0,2,DEU,0,,0,,107.1,0,N
53344,156,6,25,18,1,1,2,0,0,2,PRT,0,,0,,96,0,Y
87584,0,4,17,19,0,3,2,0,0,2,CN,0,,0,,70.03,0,N
98104,19,9,39,23,0,2,2,0,0,2,GBR,0,,0,,158,3,N
94248,3,8,32,1,1,0,2,2,0,4,FRA,0,,0,,201,1,N
102285,11,11,48,22,0,4,2,0,0,2,ROU,0,,0,,80.07,0,N
76604,138,7,30,25,0,1,2,0,0,2,BRA,0,,0,,60,0,N
87576,24,4,17,17,2,3,3,0,0,3,FRA,0,,1,,145.4,2,N
90978,16,6,25,12,2,0,1,0,0,1,ROU,0,,0,,84,0,N
111954,47,5,20,15,1,2,2,0,0,2,PRT,0,,0,,164,0,N
83261,33,1,5,25,1,1,2,0,0,2,BRA,0,,0,,64,0,N
50319,124,4,18,28,1,3,1,0,0,1,CHE,0,,0,,96.48,0,Y
45497,100,10,44,31,1,1,2,0,0,2,PRT,0,,0,,62,0,Y
74476,318,8,36,31,1,1,2,0,0,2,PRT,1,,0,,62,0,Y
65831,248,4,15,9,2,0,2,0,0,2,PRT,0,,0,,80,0,Y
48623,81,3,13,25,2,2,2,0,0,2,PRT,0,,0,,65,0,Y
99250,0,10,42,10,1,0,2,0,0,2,PRT,0,,0,,0,0,N
63611,65,2,7,15,2,8,2,1,0,3,RUS,0,,0,,107.1,3,Y
40535,0,7,31,28,0,0,2,0,0,2,PRT,0,,2,,0,0,N
46252,17,12,53,28,1,0,2,0,0,2,ESP,0,,0,,97,2,N
50626,302,5,19,5,0,2,2,0,0,2,PRT,0,,0,,62,0,Y
70998,146,6,26,27,0,1,2,0,0,2,ESP,0,,0,,162,0,Y
52812,69,6,25,12,2,4,1,0,0,1,PRT,0,,0,,120,0,Y
100525,34,10,44,26,0,3,2,1,0,3,FRA,0,,0,,100,0,N
116296,11,7,29,16,2,0,1,0,0,1,ITA,0,,0,,129,1,N
70565,120,6,25,18,2,2,2,0,0,2,FRA,0,,0,,118.86,1,Y
55263,122,8,33,9,0,3,1,0,0,1,ROU,0,,0,,97.75,0,Y
82188,99,2,8,19,0,1,2,0,0,2,PRT,1,,0,67,80,0,Y
117612,25,8,31,3,1,3,2,0,0,2,FRA,0,,0,,147,1,N
114696,63,6,25,24,1,1,3,0,0,3,BEL,0,,0,,220,1,N
53275,350,6,25,17,0,2,2,0,0,2,PRT,0,,0,,140,0,Y
49744,112,4,17,18,1,4,2,0,0,2,DEU,0,,1,,76.97,0,N
100789,226,10,44,29,2,2,2,0,0,2,FRA,0,,1,,70,1,N
46359,160,12,53,30,0,3,2,0,0,2,PRT,0,,0,,70.67,0,N
61727,32,12,52,24,1,1,2,0,0,2,CHN,0,,0,,79.2,0,Y
79577,7,10,44,28,0,2,1,0,0,1,GBR,0,,0,,92.4,1,N
72868,478,8,32,8,0,4,1,0,0,1,PRT,0,,2,,88.5,0,Y
42053,104,8,36,30,2,1,2,0,0,2,ESP,0,,0,,90,0,Y
109815,62,4,15,14,1,2,2,0,0,2,FRA,0,,0,,141,1,N
109279,75,4,14,5,0,4,1,0,0,1,NLD,0,,0,,85,0,N
85997,150,3,12,19,2,5,2,0,0,2,AUT,0,,0,,41.43,2,N
84647,0,3,10,1,0,1,2,0,0,2,FRA,0,,0,,101,0,N
61793,265,12,53,26,1,3,2,0,0,2,ESP,0,,0,,73.95,0,Y
80565,5,11,47,17,0,2,2,0,0,2,ESP,0,,0,,86.6,1,N
113649,24,6,23,6,0,4,2,0,0,2,IRL,0,,0,,89,0,N
83053,50,1,3,14,0,3,2,0,0,2,PRT,0,,0,,52,1,N
118458,30,8,33,17,0,3,2,1,0,3,FRA,0,,0,,138.02,2,N
109733,122,4,15,13,0,3,2,0,0,2,GBR,0,,0,,92.17,2,N
85888,42,3,13,20,2,2,2,0,0,2,FRA,0,,0,,97.63,1,N
99817,0,10,43,17,1,1,1,0,0,1,ESP,0,,1,62,95,0,N
91545,14,6,25,17,2,4,2,0,0,2,DEU,0,,0,,95,0,N
46284,7,12,53,29,0,3,2,0,0,2,FRA,0,,0,,178.67,0,N
78779,11,10,42,11,2,3,2,0,0,2,AGO,0,,0,,100,0,N
84857,5,3,10,1,0,4,1,0,0,1,CZE,0,1,1,,51,0,N
41480,46,8,34,17,1,1,2,0,0,2,ESP,0,1,0,,62,1,N
94666,159,8,32,4,1,3,3,0,0,3,FRA,0,1,0,,115.25,1,N
51389,316,5,21,19,0,2,2,0,0,2,PRT,0,1,0,,62,0,Y
106722,5,3,9,1,0,1,1,0,0,1,ESP,0,1,1,,93,1,N
107885,21,3,11,16,1,3,2,0,0,2,DEU,0,1,0,,78,0,N
101209,9,11,45,2,2,4,2,0,0,2,DEU,0,1,0,,113,1,N
74222,278,7,30,22,0,2,2,0,0,2,PRT,1,1,0,,62,0,Y
43957,88,9,39,26,2,2,2,0,0,2,PRT,0,1,0,,170,0,Y
56415,11,9,37,5,1,2,2,0,0,2,ESP,0,1,0,,119,0,Y
80359,7,11,47,16,1,0,1,0,0,1,CHE,0,1,0,,91,2,N
111827,31,5,20,14,2,1,1,0,0,1,PRT,0,1,1,,130,0,N
92325,86,7,27,1,1,2,2,0,0,2,ESP,0,1,3,,86.36,0,N
57854,187,10,40,1,2,2,2,0,0,2,BEL,0,4,0,,122.4,1,Y
66898,156,4,17,26,0,3,2,0,0,2,PRT,0,1,0,,100,0,Y
92596,77,7,28,4,1,4,3,0,0,3,BRA,0,4,0,,159.3,2,N
95052,93,8,33,13,0,1,0,2,0,2,FRA,0,2,0,,109.83,1,N
67551,143,5,18,4,0,3,2,0,0,2,PRT,0,1,0,,100,0,Y
45077,102,10,42,16,0,2,1,0,0,1,PRT,0,1,0,,87,0,N
103576,18,12,53,27,0,1,2,0,0,2,BRA,0,1,0,,65,0,N
117257,69,7,30,26,2,4,2,0,0,2,ITA,0,1,0,,95.37,1,N
49328,118,4,16,10,2,3,2,0,0,2,DEU,0,1,0,,90.95,1,N
54989,126,8,32,1,2,5,3,0,0,3,FRA,0,4,0,,140.27,0,Y
47186,15,2,7,12,0,2,2,0,0,2,AUS,0,1,0,,79,0,Y
65009,6,3,12,22,0,1,2,0,0,2,PRT,0,1,0,,94.4,0,Y
77037,262,11,46,9,1,2,2,0,0,2,PRT,1,1,0,,62.8,0,Y
42656,69,9,37,9,0,2,3,0,0,3,PRT,0,1,2,,84,0,N
57343,254,9,39,24,1,1,2,0,0,2,PRT,0,1,0,,96,0,Y
82958,0,1,2,7,0,1,1,0,0,1,PRT,0,1,0,,45,0,N
56175,29,8,36,31,0,3,1,0,0,1,CHN,0,1,0,,92.4,0,Y
41970,3,8,35,29,0,1,2,2,0,4,GBR,0,6,0,,156,0,N
104761,98,1,3,20,0,2,1,0,0,1,ESP,0,1,0,,86.4,1,N
115404,405,7,27,4,0,2,2,0,0,2,DEU,0,1,0,,114.4,0,N
54067,245,7,28,6,2,4,1,0,0,1,PRT,0,1,0,,110,0,Y
71940,285,7,28,15,2,3,2,0,0,2,DEU,0,1,0,,107.1,1,Y
72943,125,8,32,10,0,3,2,0,0,2,PRT,0,4,0,,114.39,0,Y
102217,215,11,48,21,1,2,1,0,0,1,MKD,0,1,0,233,75,1,N
91295,10,6,25,14,0,5,3,0,0,3,PRT,0,4,0,,169,2,N
45829,98,11,48,23,1,2,1,0,0,1,PRT,0,1,0,,84,0,Y
96280,187,8,35,25,2,4,2,1,0,3,FRA,0,1,0,,90.95,1,N
75396,323,9,36,5,1,1,2,0,0,2,PRT,1,1,0,,62,0,Y
42374,65,9,36,5,1,1,2,0,0,2,PRT,0,1,0,,62,0,Y
108040,0,4,16,18,0,1,2,0,0,2,PRT,0,1,0,,100,0,N
110595,93,4,16,21,2,6,2,1,0,3,EST,0,1,0,,184.5,1,N
90269,20,5,23,29,2,4,2,0,0,2,DEU,0,4,0,,121.25,1,N
40135,87,7,28,10,3,7,2,0,0,2,PRT,0,1,0,,58.9,1,Y
100475,7,10,44,27,0,1,2,1,0,3,SVN,0,1,0,,160,2,N
88824,68,5,20,10,0,3,2,0,0,2,FRA,0,1,1,,135.9,1,N
86424,50,3,14,31,0,3,1,0,0,1,ISR,0,1,2,,57.5,0,N
108850,72,3,13,27,2,5,2,0,0,2,ITA,0,4,0,,109.16,0,N
107203,0,3,10,8,0,1,1,0,0,1,USA,0,1,1,,64.95,0,N
93043,169,7,29,13,0,3,1,0,0,1,CHE,0,1,0,,103.5,1,N
111823,10,5,20,14,2,0,1,0,0,1,FRA,0,1,3,,101.37,2,N
107292,9,3,10,8,0,3,1,0,0,1,NLD,0,1,0,,101.33,1,N
73799,286,7,31,30,0,2,2,0,0,2,PRT,1,1,0,,62.8,0,Y
85870,54,3,13,20,2,1,2,2,0,4,GBR,0,6,0,,180,1,N
86836,61,4,15,8,0,2,2,0,0,2,ESP,0,4,0,,113.4,0,N
101767,55,11,47,14,1,3,2,0,0,2,POL,0,1,0,,88.4,2,N
105132,38,1,5,29,1,0,2,0,0,2,BRA,0,1,0,,84.08,2,N
84945,30,3,10,4,0,2,1,0,0,1,PRT,0,1,2,,86.4,0,N
50533,75,5,19,3,0,2,2,0,0,2,KOR,0,4,0,,140.4,1,Y
80363,1,10,43,20,0,2,2,0,0,2,PRT,0,1,0,,0,0,N
62353,247,1,2,10,0,5,2,1,0,3,BRA,0,1,0,,92.65,0,Y
106171,40,2,7,17,2,3,3,0,0,3,POL,0,5,0,,120.52,2,N
99458,0,10,42,10,1,2,1,0,0,1,FRA,0,1,0,,80,0,N
45122,45,10,42,16,2,2,2,0,0,2,SGP,0,4,0,,78.54,2,N
111187,68,5,18,4,0,3,3,0,0,3,USA,0,5,0,,216,1,N
96513,8,9,36,2,0,1,2,0,0,2,GBR,0,1,0,,119,1,N
42697,69,9,37,9,0,2,2,0,0,2,PRT,0,1,0,,62,0,N
109076,54,4,14,3,1,2,2,2,0,4,GBR,0,5,0,,225,1,N
73669,320,8,35,29,2,5,2,0,0,2,DEU,0,1,0,,112.76,3,Y
85105,56,3,10,5,2,3,1,0,0,1,PRT,0,1,0,,64.75,0,N
110290,343,4,16,21,2,2,2,0,0,2,ITA,0,2,1,,99.25,1,N
79273,18,10,43,21,0,3,1,0,0,1,PRT,0,1,0,,109,1,N
88051,95,4,17,23,2,5,2,0,0,2,GBR,0,1,1,,87.04,0,N
63130,56,2,5,1,0,3,2,0,0,2,PRT,0,1,0,,60,0,Y
67428,266,5,18,3,0,3,2,0,0,2,PRT,0,1,0,,100,0,Y
72991,237,8,32,11,2,2,2,0,0,2,DEU,0,1,0,,130.5,1,Y
84199,19,2,8,14,3,5,0,0,0,0,GBR,0,1,1,,0,1,N
43634,12,9,39,21,1,2,2,0,0,2,FRA,0,1,0,,124,2,N
69491,74,6,22,1,0,2,2,0,0,2,GBR,0,1,0,,144,0,Y
47859,77,3,11,6,2,2,2,0,0,2,IRL,0,1,0,,78.2,1,N
110884,27,4,17,29,2,2,2,0,0,2,FRA,0,1,0,,137,2,N
65712,90,4,14,6,0,3,1,0,0,1,PRT,0,1,0,197,85,0,Y
104934,7,1,4,25,0,1,1,0,0,1,ESP,0,1,0,,78.4,0,N
82811,68,2,8,17,0,2,2,0,0,2,PRT,1,1,0,,75,0,Y
44142,23,9,40,30,0,4,2,0,0,2,SWE,0,4,0,,116.03,1,N
97504,51,9,38,15,0,2,1,0,0,1,PRT,0,5,0,,185.95,0,N
68612,178,5,20,19,0,2,2,0,0,2,GBR,0,4,0,,139.5,0,Y
52239,330,6,23,2,0,2,2,0,0,2,PRT,0,1,0,,62,0,Y
95985,142,8,35,24,0,3,2,0,0,2,NOR,0,1,2,,108.3,0,N
107189,60,3,10,5,2,2,2,0,0,2,GBR,0,4,2,,100.3,3,N
82472,52,12,53,28,1,2,2,0,0,2,CHN,0,1,0,,100.33,1,N
49841,270,4,17,20,0,4,2,0,0,2,PRT,0,1,0,,62.8,0,Y
82547,86,12,53,30,0,3,2,0,0,2,PRT,0,1,0,,81.86,1,N
77263,5,9,39,20,2,0,2,0,0,2,PRT,1,1,0,,100,0,Y
94390,0,5,21,24,0,1,1,0,0,1,PRT,4,5,0,45,0,3,N
96045,143,8,35,25,0,3,2,0,0,2,CZE,0,1,0,,100,1,N
99407,181,10,42,11,0,2,1,0,0,1,FRA,0,1,0,,120,0,N
76215,151,7,30,25,2,1,2,0,0,2,PRT,1,1,0,,86,0,Y
40550,2,7,31,29,0,1,1,0,0,1,PRT,0,1,0,40,65,0,N
98078,296,9,39,21,0,4,2,0,0,2,ITA,0,1,0,,117,1,N
84350,3,2,9,23,0,2,2,0,0,2,FRA,0,1,0,,84,0,N
61175,107,12,49,3,2,1,2,2,0,4,ESP,0,6,0,,156.6,1,Y
68477,67,5,20,18,0,3,2,0,0,2,DEU,0,1,0,,144,0,Y
52333,49,6,23,3,1,2,2,0,0,2,ESP,0,4,0,,131.4,0,Y
105260,0,2,5,3,0,1,2,0,0,2,PRT,0,4,0,,75,0,N
111844,68,5,20,14,2,1,1,0,0,1,USA,0,1,3,169,110,0,N
59976,305,11,45,4,1,2,2,0,0,2,PRT,0,1,0,,89,0,Y
72277,464,7,30,25,0,1,2,0,0,2,PRT,0,1,0,,90,0,Y
105364,8,2,5,2,1,3,2,0,0,2,FRA,0,1,0,,105,0,N
44914,100,10,42,16,0,1,2,0,0,2,PRT,0,1,0,,108,0,Y
47105,35,2,7,7,2,1,2,0,0,2,BEL,0,1,0,,69.5,0,N
91024,14,6,25,12,2,1,3,0,0,3,GBR,0,4,0,,159.33,2,N
72483,468,7,30,29,2,1,2,0,0,2,PRT,0,1,1,,112.67,0,Y
73752,265,7,28,9,0,2,2,0,0,2,PRT,1,1,0,,62.8,0,Y
96667,63,9,36,1,2,3,2,0,0,2,ESP,0,1,0,,107.1,2,N
56861,433,9,38,15,0,2,2,0,0,2,PRT,0,1,0,,62,0,Y
94904,163,8,33,8,1,3,2,0,0,2,ITA,0,1,0,,78.96,1,N
108533,158,3,13,27,1,1,1,0,0,1,ISR,0,1,1,,95,0,N
74483,318,8,36,31,1,1,2,0,0,2,PRT,1,1,0,,62,0,Y
86169,112,3,13,25,2,2,2,0,0,2,FRA,0,1,1,,58,1,N
96411,59,8,36,28,2,3,2,0,0,2,FRA,0,1,0,,87.3,1,N
86729,22,4,15,7,0,1,1,0,0,1,IRL,0,1,0,,89,0,N
80826,8,11,48,27,1,2,2,0,0,2,PRT,1,1,0,,64,0,Y
51154,297,5,20,14,1,1,2,0,0,2,PRT,0,1,0,,65,0,N
77751,8,9,39,24,0,1,2,0,0,2,PRT,0,1,0,,133,0,N
72579,45,7,31,31,1,4,2,0,0,2,ESP,0,1,0,,198,2,Y
67021,111,4,17,27,1,3,2,0,0,2,PRT,0,1,0,,120,0,Y
97754,0,9,39,18,2,0,1,0,0,1,PRT,0,1,0,45,0,0,N
112213,179,5,20,17,0,4,2,0,0,2,NLD,0,4,0,,175.05,3,N
89440,67,5,21,21,0,0,2,0,0,2,ISL,0,4,1,,0,1,N
97026,78,9,37,5,2,5,2,0,0,2,DEU,0,4,0,,149.4,3,N
69232,150,5,22,28,2,0,2,0,0,2,FRA,0,1,0,,140,0,Y
116836,112,7,30,23,2,1,2,0,0,2,ITA,0,4,0,,155,1,N
46306,159,12,53,29,0,4,2,0,0,2,ITA,0,1,1,,70.5,0,N
82069,22,12,51,18,0,1,1,0,0,1,PRT,0,1,0,40,65,0,N
116915,149,7,30,23,2,2,2,0,0,2,CHE,0,1,0,,112.5,0,N
60168,277,11,46,7,1,2,2,0,0,2,PRT,0,1,0,,100,0,Y
58036,48,10,41,5,0,2,2,0,0,2,PRT,0,1,0,,120,0,Y
119277,213,8,35,28,1,3,1,0,0,1,PRT,0,1,1,,104,0,N
55024,157,8,32,3,0,1,2,0,0,2,PRT,0,1,0,,94.5,0,Y
54406,9,7,29,15,0,1,3,0,0,3,FRA,0,4,0,,197,1,Y
92513,93,7,27,2,2,4,2,0,0,2,ESP,0,1,2,106,84,0,N
87402,1,4,16,16,2,1,2,0,0,2,CHN,0,1,0,,89,2,N
48500,97,3,13,24,1,3,2,0,0,2,DEU,0,1,0,,64.98,1,N
117372,193,7,30,29,2,3,2,0,0,2,GBR,0,1,0,,112.5,2,N
83361,1,1,5,27,0,2,1,0,0,1,PRT,0,1,1,,71.7,0,N
94926,210,8,33,7,2,3,2,0,0,2,NLD,0,1,0,,90.95,1,N
108942,67,3,13,31,2,2,2,0,0,2,ITA,0,1,0,,146.2,2,N
88124,0,4,18,29,0,2,1,0,0,1,PRT,0,1,0,,100,0,N
86850,0,4,15,6,0,4,1,0,0,1,ITA,0,1,0,,108.5,0,N
69010,262,5,21,24,0,4,3,0,0,3,CHE,0,4,0,,157.5,2,Y
68503,175,5,20,19,0,1,1,0,0,1,PRT,0,1,0,,90,0,Y
95549,170,8,34,18,0,3,2,0,0,2,CYP,0,1,0,,108.3,1,N
89770,5,5,22,24,0,2,1,0,0,1,ESP,0,1,1,78,100,0,N
104559,3,1,3,16,1,0,1,0,0,1,ESP,0,1,0,,98,0,N
100626,44,10,44,28,0,2,2,1,0,3,ESP,0,1,0,,100,0,N
75333,311,8,35,24,1,1,2,0,0,2,PRT,1,1,0,,62,0,Y
68774,66,5,20,20,2,1,2,1,0,3,ESP,0,1,0,,180,1,Y
60075,95,11,45,5,0,1,1,0,0,1,PRT,0,1,0,,75,0,Y
52352,275,6,23,4,1,1,2,0,0,2,PRT,0,1,0,,62.8,0,Y
87322,94,4,16,15,1,2,2,0,0,2,FRA,0,4,0,,81.08,1,N
60127,45,11,45,5,1,1,2,0,0,2,FRA,0,4,0,,106.2,2,Y
50535,88,5,19,3,0,3,1,0,0,1,PRT,0,1,1,,96,0,Y
114217,40,6,23,10,2,6,2,0,0,2,ROU,0,1,0,,149.75,1,N
69276,184,5,22,28,2,3,2,0,0,2,PRT,0,1,0,,130,0,Y
50237,100,4,18,27,0,3,2,0,0,2,ITA,0,1,0,,91.5,0,Y
47906,25,3,11,8,2,5,2,0,0,2,BRA,0,1,2,,81.86,1,Y
83957,11,2,7,13,2,1,1,0,0,1,FRA,0,1,0,,62.91,1,N
62766,305,1,3,21,2,2,2,0,0,2,BRA,0,1,0,,77.35,1,Y
87744,48,4,18,24,1,0,2,0,0,2,ESP,0,1,0,,80.4,0,N
79375,11,10,43,23,2,2,2,0,0,2,PRT,0,1,0,,88.5,0,N
58015,44,10,41,5,0,2,2,0,0,2,CHN,0,4,0,,125.55,1,Y
48704,95,3,14,28,1,0,3,0,0,3,CHE,0,1,0,,102.5,1,N
43950,88,9,39,26,2,2,2,0,0,2,PRT,0,1,0,,170,0,Y
115732,171,7,27,7,1,2,2,0,0,2,GBR,0,4,0,,111.6,0,N
50449,22,5,19,1,2,1,2,0,0,2,DEU,0,1,0,,137.67,0,Y
111405,1,5,19,9,0,1,1,0,0,1,ESP,0,4,0,,110,0,N
115495,34,7,27,5,0,2,1,0,0,1,AUT,0,1,1,,115,0,N
109872,75,4,15,15,2,1,2,1,0,3,FRA,0,4,0,,180,3,N
42437,3,9,36,5,2,2,1,0,0,1,PRT,0,1,0,,0,0,Y
78682,32,10,42,12,1,2,2,0,0,2,CHE,0,1,0,,73.87,0,N
42812,14,9,37,10,2,6,1,0,0,1,GBR,0,1,0,,100.88,0,N
85212,304,12,53,26,1,2,1,0,0,1,PRT,1,5,0,51,106,0,Y
105936,29,2,7,13,1,4,2,0,0,2,DEU,0,1,0,,67.15,1,N
73559,64,8,34,26,1,1,3,0,0,3,PRT,0,7,0,,212.8,1,Y
94226,4,1,2,9,1,1,1,0,0,1,PRT,0,1,0,40,65,1,N
77394,19,10,41,6,0,3,2,0,0,2,PRT,0,1,0,,90,1,N
76601,138,7,30,25,0,1,2,0,0,2,PRT,0,1,0,,60,0,N
60132,28,11,45,5,4,6,1,0,0,1,IND,0,4,0,,148.91,1,Y
61047,510,12,49,1,0,2,2,0,0,2,PRT,0,1,0,,62.8,0,Y
41688,2,8,34,21,2,2,2,0,0,2,MEX,0,1,0,,89,2,N
86886,134,4,15,9,1,1,2,0,0,2,PRT,0,1,0,,90,1,N
52656,337,6,24,9,0,2,2,0,0,2,PRT,0,1,0,,62,0,Y
60818,104,11,48,22,0,5,1,0,0,1,PHL,0,1,0,,74.8,0,Y
89153,75,5,20,9,3,6,3,0,0,3,FRA,0,4,0,,150.45,0,N
117520,204,7,30,29,2,5,2,0,0,2,BEL,0,1,0,,80.1,0,N
60155,106,11,46,6,2,4,1,0,0,1,PRT,0,1,1,,79,0,Y
55813,39,8,35,22,1,0,1,1,0,2,POL,0,1,1,,144.9,1,Y
74236,377,10,44,29,0,2,2,0,0,2,PRT,1,1,0,,62,0,Y
58086,454,10,41,6,0,2,2,0,0,2,PRT,0,1,0,,62,0,Y
49108,105,4,15,6,0,1,2,0,0,2,PRT,0,1,0,,75,0,Y
102491,20,11,49,28,1,1,1,0,0,1,PRT,0,1,0,219,79,1,N
59492,189,10,44,28,1,2,2,0,0,2,AUT,0,4,0,,109.8,0,Y
43551,75,9,38,19,2,2,2,0,0,2,PRT,0,1,0,,62,0,Y
74066,314,8,35,27,0,2,2,0,0,2,PRT,1,1,0,,62,0,Y
118503,135,8,33,18,1,2,2,0,0,2,ESP,0,1,0,,80.1,0,N
82296,0,12,52,23,0,4,2,0,0,2,PRT,0,6,1,,30,1,N
69199,151,5,21,27,1,1,2,0,0,2,ITA,0,1,0,,133,1,Y
98918,222,10,41,2,2,3,2,0,0,2,DEU,0,1,0,,102.85,1,N
103061,61,12,50,7,0,4,2,0,0,2,ESP,0,4,0,,96.9,1,N
118451,109,8,33,16,0,4,3,0,0,3,FRA,0,5,0,,225,1,N
75302,304,8,34,17,1,1,2,0,0,2,PRT,1,1,0,,62,0,Y
118062,294,8,33,13,1,0,2,0,0,2,SWE,0,6,3,,201.25,1,N
66902,156,4,17,26,0,3,2,0,0,2,PRT,0,1,0,,100,0,Y
48078,35,3,12,16,0,2,2,0,0,2,BRA,0,1,1,,116.1,0,Y
60969,21,11,49,28,1,0,2,0,0,2,BRA,0,1,0,,88,1,Y
73313,214,8,33,18,2,2,2,0,0,2,USA,0,4,2,,130.78,0,Y
99024,106,10,41,6,0,2,1,0,0,1,DEU,0,1,0,,97.2,3,N
97001,90,9,37,5,1,5,2,0,0,2,PRT,0,1,1,,95,3,N
40605,76,8,32,3,1,2,2,0,0,2,PRT,0,1,0,,12,0,Y
92411,15,7,28,4,1,1,3,0,0,3,AUT,0,4,0,,187,2,N
112886,183,5,22,28,2,0,2,0,0,2,USA,0,4,1,,139.5,1,N
114948,181,6,26,27,0,2,2,0,0,2,CHE,0,1,0,,126,0,N
76289,147,7,30,21,0,2,2,0,0,2,PRT,1,1,0,,75,0,Y
70126,68,6,23,10,1,1,2,0,0,2,GBR,0,4,0,,170,2,Y
49668,275,4,17,17,2,0,2,0,0,2,PRT,0,1,0,,110,0,Y
81498,54,12,52,24,0,2,2,0,0,2,PRT,1,1,0,,87,2,Y
80506,221,6,24,10,1,2,2,0,0,2,PRT,1,1,0,,80,0,Y
61002,42,11,49,29,0,3,1,0,0,1,PRT,0,1,0,348,90,0,Y
55156,101,8,32,6,2,1,2,0,0,2,KOR,0,1,0,,107.1,0,Y
40992,105,8,33,10,1,2,2,0,0,2,ESP,0,1,0,,76.5,1,N
99139,349,10,41,4,1,5,2,0,0,2,DEU,0,1,0,,123.33,0,N
113669,147,6,23,8,0,3,2,2,0,4,IRL,0,6,0,,216,0,N
64783,0,3,11,16,0,3,0,0,0,0,PRT,0,1,0,,0,0,Y
95694,92,8,35,22,1,0,1,0,0,1,PRT,0,1,0,,112.5,2,N
70814,322,6,25,23,0,2,2,0,0,2,NOR,0,1,0,,109.8,0,Y
103022,101,12,50,8,0,3,2,2,0,4,ESP,0,6,0,,165.6,1,N
96387,27,8,36,31,0,2,2,0,0,2,GBR,0,1,1,,110,3,N
93339,89,7,30,17,2,2,2,0,0,2,GBR,0,1,0,,72.25,3,N
98318,0,9,40,27,0,1,3,0,0,3,PRT,0,4,2,,205,0,N
44804,105,10,42,12,1,2,2,0,0,2,PRT,0,1,0,,110,0,Y
97004,125,9,37,7,0,4,2,0,0,2,FRA,0,1,1,,136,2,N
56602,53,9,37,9,0,2,2,0,0,2,GBR,0,1,0,,135.9,3,Y
115959,33,7,28,9,2,2,2,0,0,2,IRN,0,1,0,,130,1,N
75169,283,7,31,27,1,1,1,0,0,1,PRT,1,1,1,,60,0,Y
97499,154,9,38,12,1,4,2,0,0,2,DEU,0,1,0,,80.75,0,N
113383,434,6,22,3,2,1,1,0,0,1,PRT,0,1,0,,0,0,N
107931,102,3,11,18,1,1,2,0,0,2,ESP,0,4,0,,106.2,2,N
113423,11,6,23,5,1,1,2,1,0,3,PRT,0,1,1,,170,2,N
70481,150,6,24,17,2,3,1,0,0,1,PRT,0,1,0,,120,0,Y
55099,7,8,32,4,0,3,2,0,0,2,ESP,0,1,0,,151,2,Y
106572,16,2,8,24,1,2,2,0,0,2,ISR,0,4,0,,130.33,0,N
89660,169,5,21,20,2,2,3,0,0,3,GBR,0,1,1,,107.25,1,N
82080,3,12,51,17,0,3,2,0,0,2,TWN,0,1,0,,58,0,N
92722,180,7,29,10,1,0,2,0,0,2,GBR,0,1,0,,85.5,0,N
102349,27,11,48,23,0,4,2,0,0,2,ITA,0,1,0,,68.07,1,N
67255,190,4,18,30,2,1,2,0,0,2,BEL,0,1,0,,99,1,Y
55895,240,8,35,24,0,3,2,0,0,2,DEU,0,1,0,,105.3,1,Y
49844,265,4,17,20,0,4,2,0,0,2,PRT,0,1,0,,101,0,Y
100193,80,10,43,21,2,2,3,0,0,3,FRA,0,4,0,,151.2,0,N
96799,68,9,36,3,2,3,2,0,0,2,PRT,0,1,0,,106.75,0,N
82317,3,12,52,25,1,2,1,0,0,1,FRA,0,1,0,,75,0,N
61163,10,12,49,2,3,7,1,0,0,1,AGO,0,1,0,,76.59,0,Y
46390,1,12,53,31,0,1,2,0,0,2,FRA,0,1,1,,135,1,N
74742,329,9,37,11,2,3,2,0,0,2,PRT,1,1,0,,90,0,Y
53563,172,6,26,24,0,2,1,0,0,1,PRT,0,1,0,,95,0,Y
74195,363,10,42,15,0,2,2,0,0,2,PRT,1,1,0,,62,0,Y
84327,4,2,9,22,1,1,1,0,0,1,ESP,0,1,0,,73.8,0,N
88266,180,5,19,2,1,1,2,0,0,2,ITA,0,1,0,,100,1,N
45121,84,10,42,16,1,2,2,0,0,2,NOR,0,1,0,,89.25,2,N
67292,184,5,18,1,1,2,2,0,0,2,RUS,0,1,0,,99,0,Y
44761,79,10,41,10,1,1,2,0,0,2,ESP,0,1,0,,62,0,N
102274,214,11,48,20,2,4,1,2,0,3,TUR,0,1,3,233,116.67,2,N
63303,29,2,6,6,1,3,2,0,0,2,FRA,0,1,0,,115.6,1,Y
42324,14,9,36,4,2,3,2,0,0,2,FRA,0,4,0,,78.54,1,N
55864,13,8,35,23,0,2,2,0,0,2,KOR,0,1,0,,129,1,Y
106971,30,3,9,2,1,3,2,0,0,2,PRT,0,4,0,,107.05,0,N
81707,109,2,9,21,2,1,2,0,0,2,PRT,1,1,0,,75,0,Y
90251,54,6,23,2,0,2,2,0,0,2,NLD,0,1,0,,94.5,0,N
52427,118,6,24,6,1,1,2,0,0,2,PRT,0,1,1,,120,0,Y
60534,160,11,47,13,2,4,2,0,0,2,RUS,0,1,0,,76.27,0,Y
112014,91,5,20,18,0,1,2,0,0,2,CN,0,1,0,,89.1,0,N
51712,158,5,22,24,0,2,1,0,0,1,PRT,0,1,0,,130,0,Y
62650,54,1,3,18,0,3,2,0,0,2,PRT,0,1,0,,65,0,Y
73287,213,8,33,18,0,2,2,0,0,2,GBR,0,1,0,,100.8,1,Y
97870,20,9,39,19,1,2,1,0,0,1,POL,0,1,1,293,119,0,N
78335,4,1,5,31,0,2,1,0,0,1,PRT,4,1,0,40,67,0,N
88961,51,5,20,11,0,4,3,1,0,4,FRA,0,4,0,,154.88,2,N
47743,7,3,10,2,0,2,1,0,0,1,PRT,0,4,1,,56,0,Y
66303,196,4,16,16,2,1,2,0,0,2,USA,0,1,0,,99,1,Y
42238,5,9,36,3,0,3,2,0,0,2,MEX,0,1,0,,117.67,2,N
97814,1,9,39,20,0,1,2,2,0,4,PRT,0,6,0,,275,1,N
49641,108,4,16,16,2,2,2,0,0,2,FRA,0,2,0,,75.76,0,N
56077,84,8,36,28,2,1,3,0,0,3,USA,0,4,0,,159.3,0,Y
60212,277,11,46,7,1,2,2,0,0,2,PRT,0,1,0,,100,0,Y
60327,277,11,46,7,1,2,2,0,0,2,PRT,0,1,0,,100,0,Y
103010,157,12,50,8,0,3,2,0,0,2,ITA,0,1,2,,68,0,N
59843,482,11,45,3,0,2,2,0,0,2,PRT,0,1,0,,62.8,0,Y
82471,92,12,52,26,2,3,2,0,0,2,FRA,0,4,0,,60,1,N
100092,274,10,43,19,0,4,2,0,0,2,HUN,0,4,0,,99.45,1,N
79204,33,10,42,17,2,4,2,2,0,4,CHE,0,2,0,,95,2,N
108552,10,3,13,27,1,1,2,0,0,2,ISR,0,1,0,,95,1,N
66774,189,4,17,25,0,3,2,0,0,2,PRT,0,1,0,,90.09,1,Y
112377,8,5,21,21,2,1,2,0,0,2,IRL,0,4,0,,163.33,1,N
88116,9,4,18,29,0,2,2,0,0,2,PRT,0,1,0,,110,0,N
117918,161,8,32,6,2,4,2,0,0,2,FRA,0,1,0,,164.7,1,N
50921,286,5,20,11,0,4,2,0,0,2,AUT,0,1,0,,99,1,N
66479,204,4,16,21,0,1,2,0,0,2,NLD,0,2,1,,103.05,2,Y
49958,288,4,17,21,0,2,2,0,0,2,PRT,0,1,0,,62,0,Y
82510,0,12,53,31,0,1,1,0,0,1,PRT,0,3,0,45,0,0,N
97163,47,9,38,11,2,0,2,0,0,2,FRA,0,1,0,,125.1,1,N
95827,34,8,34,16,2,7,3,0,0,3,ITA,0,4,0,,168.3,1,N
46451,8,1,1,2,2,1,2,0,0,2,ESP,0,1,0,,91.45,0,Y
89358,0,12,52,20,0,1,1,0,0,1,PRT,0,1,0,,65,2,Y
104910,43,1,4,24,0,1,1,0,0,1,ESP,0,1,0,,96,0,N
113428,24,5,22,31,2,5,1,0,0,1,FIN,0,4,4,,76.29,0,N
64740,92,3,11,15,0,3,2,0,0,2,PRT,0,1,0,,85,0,Y
114282,3,6,25,19,1,0,2,0,0,2,USA,0,4,0,,130,0,N
93260,112,7,30,18,1,1,2,0,0,2,DEU,0,1,1,,104.5,1,N
49925,109,4,17,20,1,4,2,0,0,2,DEU,0,1,0,,77.89,1,N
56096,33,8,36,29,1,1,2,0,0,2,FRA,0,1,0,,103.05,0,Y
50456,71,5,19,1,2,2,2,0,0,2,GBR,0,4,0,,132.6,0,Y
102771,13,12,50,5,1,0,1,0,0,1,NLD,0,1,0,,96,0,N
82998,20,1,3,10,1,0,1,0,0,1,PRT,0,1,0,40,66,0,N
110020,14,4,16,18,0,3,2,0,0,2,GBR,0,1,0,,115,1,N
46394,0,12,53,31,0,1,2,0,0,2,TUN,0,1,0,,135,0,N
113813,108,6,23,8,1,3,2,0,0,2,IRL,0,4,2,,161.5,0,N
80062,190,4,15,9,1,1,2,0,0,2,PRT,11,1,0,,70,0,Y
112310,0,5,21,22,1,0,1,0,0,1,PRT,0,1,0,,170,0,N
107052,53,3,10,5,2,0,1,0,0,1,SWE,0,1,0,,67.5,0,N
52764,69,6,25,12,2,4,1,0,0,1,PRT,0,1,0,,120,0,Y
94437,84,8,32,1,1,2,2,1,0,3,GBR,0,5,0,,169,1,N
106887,18,2,9,28,0,5,2,0,0,2,GRC,0,1,0,,74.8,0,N
111225,207,5,18,5,1,2,2,0,0,2,GBR,0,1,0,,99,1,N
66555,91,4,16,21,1,2,2,0,0,2,BEL,0,1,0,,126,0,Y
57873,25,10,41,2,2,1,2,0,0,2,LUX,0,1,0,,133,1,Y
69060,181,5,21,25,0,2,2,0,0,2,PRT,0,1,0,,130,0,Y
54330,90,7,29,13,0,1,2,0,0,2,PRT,0,1,0,,105.3,0,Y
65805,129,4,14,8,2,3,2,2,0,4,PRT,0,6,0,,168,0,Y
106520,134,2,8,25,0,1,1,0,0,1,PRT,0,1,0,,75,0,N
117130,278,7,30,26,0,4,3,0,0,3,DEU,0,4,0,,165.6,2,N
58142,28,10,41,6,1,3,2,0,0,2,FRA,0,4,0,,205,0,Y
80534,22,11,47,17,0,1,1,0,0,1,AUT,0,1,0,127,62,0,N
53440,193,6,26,20,1,2,2,0,0,2,PRT,0,1,0,,120,0,Y
46232,4,12,52,26,2,5,2,0,0,2,USA,0,4,0,,92.43,1,N
69871,181,6,23,8,0,2,2,0,0,2,PRT,0,1,0,,100,0,Y
40663,34,8,32,5,0,2,2,0,0,2,PRT,0,1,0,,62,0,Y
85922,20,3,12,19,2,3,2,0,0,2,DNK,0,1,2,,128.2,1,N
86383,53,3,14,29,0,4,2,0,0,2,BEL,0,4,0,,98.6,1,N
113696,73,6,23,8,0,3,1,0,0,1,CHE,0,4,0,,170,0,N
99013,200,10,41,3,1,4,3,0,0,3,DEU,0,4,0,,115.6,4,N
56070,31,8,36,28,2,1,3,0,0,3,FRA,0,4,2,,218,0,Y
56795,41,9,38,14,0,2,2,0,0,2,PRT,0,1,0,,130,0,Y
61858,245,12,53,27,2,5,2,0,0,2,GBR,0,1,0,,58.36,1,Y
56866,317,9,38,15,0,2,2,0,0,2,PRT,0,1,0,,120,0,Y
96909,8,9,37,9,0,1,2,0,0,2,DEU,0,1,0,,158,2,N
70965,70,6,26,26,1,1,2,0,0,2,PRT,0,1,0,,89.1,0,Y
74497,325,9,37,7,1,1,2,0,0,2,PRT,1,1,0,,62,0,Y
70933,172,6,26,25,4,7,2,0,0,2,DNK,0,4,0,,126,0,Y
118221,113,8,33,13,2,2,2,0,0,2,FRA,0,4,0,,164,1,N
51656,158,5,22,24,0,2,1,0,0,1,PRT,0,1,0,,130,0,Y
61975,78,12,53,29,1,3,3,1,0,4,PRT,0,7,0,,274.2,0,Y
74274,281,7,30,25,2,1,2,0,0,2,PRT,1,1,0,,62.8,0,Y
53299,350,6,25,17,0,2,2,0,0,2,PRT,0,1,0,,140,0,Y
53833,113,6,27,30,1,3,2,0,0,2,PRT,0,1,0,,85,0,Y
94096,63,7,31,26,0,5,2,1,0,3,PRT,0,5,0,,131.75,2,N
75199,292,8,32,5,0,2,1,0,0,1,PRT,1,1,0,,60,0,Y
114680,53,6,26,25,1,0,1,0,0,1,BRA,0,1,1,,120,1,N
98257,0,11,48,24,0,1,1,0,0,1,PRT,0,1,0,40,67,0,N
70597,210,6,25,19,1,3,2,0,0,2,PRT,0,1,0,,130,0,Y
118974,169,8,34,25,1,2,2,0,0,2,USA,0,4,0,,139.5,1,N
53288,350,6,25,17,0,2,2,0,0,2,PRT,0,1,0,,140,0,Y
64807,169,3,11,16,1,3,2,0,0,2,LUX,0,4,0,,96.9,0,Y
43844,87,9,39,25,2,3,2,0,0,2,PRT,0,1,0,,170,0,Y
98005,3,9,39,20,0,3,0,2,0,2,PRT,0,2,0,,155.68,4,N
63261,12,2,5,4,0,1,3,0,0,3,PRT,0,4,0,,158,0,Y
49435,85,4,16,13,2,5,2,0,0,2,DEU,0,1,0,,90.95,0,Y
81529,11,12,50,11,1,2,2,0,0,2,FRA,0,1,0,,58,0,N
81738,109,2,9,21,2,1,2,0,0,2,PRT,1,1,0,,75,0,Y
42007,145,8,35,29,2,1,2,0,0,2,ITA,0,1,0,,94.5,0,N
70874,149,6,25,24,0,1,2,0,0,2,PRT,0,1,0,,130,0,Y
99666,377,10,42,14,0,2,1,0,0,1,DEU,0,1,1,,90,0,N
117608,158,8,31,3,1,3,2,0,0,2,DEU,0,1,0,,137.75,0,N
65482,112,4,14,4,0,2,2,0,0,2,PRT,0,1,0,385,95,0,Y
108013,73,3,11,18,2,1,3,0,0,3,LUX,0,5,0,,160.2,1,N
52390,102,6,24,5,1,0,2,0,0,2,PRT,0,1,0,,65,0,Y
76591,224,9,37,11,1,2,2,0,0,2,PRT,1,1,0,,90,0,Y
118383,219,8,32,12,2,5,2,0,0,2,FRA,0,1,0,,130.5,1,N
60292,626,11,46,7,1,2,2,0,0,2,PRT,0,1,0,,62.8,0,Y
77625,11,9,39,22,0,2,2,0,0,2,DNK,0,1,0,,98,0,N
47648,1,2,10,28,2,1,1,0,0,1,PRT,0,1,0,,60,0,Y
87780,44,4,17,23,2,1,1,0,0,1,PRT,0,1,1,,85,0,N
90139,20,5,23,29,2,3,2,0,0,2,FRA,0,1,0,,110.15,1,N
62665,54,1,3,18,0,3,2,0,0,2,PRT,0,1,0,,65,0,Y
64835,64,3,11,17,1,2,3,0,0,3,ITA,0,4,0,,144,0,Y
98894,4,10,41,3,1,2,2,0,0,2,FRA,0,1,0,,140,1,N
91191,2,6,25,16,0,2,2,0,0,2,ITA,0,1,0,,141,0,N
103475,197,12,52,21,1,4,3,0,0,3,FRA,0,1,3,,160.6,0,N
76499,414,12,49,5,2,1,2,0,0,2,PRT,1,1,0,,62,0,Y
112553,23,5,21,22,1,2,2,0,0,2,ISR,0,4,0,,129.2,1,N
81887,178,4,18,28,0,3,2,0,0,2,PRT,1,1,0,,120,0,Y
117403,37,8,31,2,0,1,2,0,0,2,GBR,0,4,0,,208,0,N
75114,344,9,39,26,2,1,2,0,0,2,PRT,1,1,0,,170,0,Y
108093,19,3,12,19,2,1,2,0,0,2,NLD,0,1,0,,88,1,N
91208,1,6,25,15,0,3,3,0,0,3,PRT,0,4,0,,177,4,N
113603,19,6,23,7,0,2,2,0,0,2,DNK,0,1,0,,120,1,N
66513,130,4,16,21,0,2,2,0,0,2,PRT,0,1,0,,95,0,Y
97994,4,9,39,22,0,1,2,0,0,2,AUT,0,4,0,,149.38,1,N
111064,11,5,18,2,0,4,2,0,0,2,FRA,0,1,0,,155,1,N
58984,468,10,43,20,0,1,1,0,0,1,PRT,0,1,0,,59,0,Y
111591,170,5,19,9,0,4,2,0,0,2,FRA,0,1,0,,112.5,0,N
107761,0,3,11,17,0,1,3,0,0,3,PRT,0,1,1,,88.2,0,N
78972,221,10,42,17,2,1,2,0,0,2,FRA,0,1,0,,65,0,N
93154,165,7,30,17,1,0,2,0,0,2,AUS,0,1,0,,94.5,0,N
63435,67,2,7,12,2,0,2,0,0,2,PRT,0,1,0,,80,0,Y
94104,170,7,31,28,0,3,2,1,0,3,FRA,0,1,0,,86.24,2,N
42085,0,8,36,31,1,0,2,0,0,2,FRA,0,4,0,,126,0,N
70834,233,6,25,23,1,2,2,0,0,2,PRT,0,1,0,,105,0,Y
74292,309,8,34,22,2,1,2,0,0,2,PRT,1,1,0,,62.8,0,Y
48220,46,3,12,18,2,4,2,0,0,2,PRT,0,1,0,,63.58,0,Y
101133,8,11,45,2,1,4,2,0,0,2,FRA,0,1,0,,115.6,1,N
80094,333,9,39,20,0,2,2,0,0,2,PRT,1,1,0,,90,0,Y
40991,121,8,33,10,1,2,2,0,0,2,PRT,0,1,0,,76.5,0,Y
113021,54,5,22,29,1,2,2,0,0,2,GBR,0,1,0,,121.6,1,N
99896,58,10,42,15,2,3,2,0,0,2,DEU,0,2,1,,110.36,2,N
111712,80,5,19,11,1,3,3,0,0,3,ARG,0,4,1,,167.7,1,N
114773,396,6,26,25,2,0,2,0,0,2,DEU,0,1,0,,122.4,1,N
79515,1,10,44,27,0,1,1,0,0,1,GBR,0,1,0,,120,0,N
106513,38,2,8,22,0,4,2,0,0,2,ESP,0,4,0,,100.3,2,N
92345,143,7,27,2,2,1,2,0,0,2,POL,0,1,0,,112,1,N
73061,162,8,33,13,2,2,3,0,0,3,FRA,0,4,0,,175.5,0,Y
96412,42,8,35,27,2,4,2,0,0,2,FRA,0,4,0,,147.9,2,N
70228,139,6,24,12,1,1,2,0,0,2,PRT,0,1,0,,110,0,Y
109517,29,4,15,11,0,2,3,0,0,3,DEU,0,5,0,,229,3,N
48991,91,4,15,4,1,2,2,0,0,2,PRT,0,1,0,,80,0,Y
90358,92,6,23,1,0,4,1,0,0,1,ITA,0,4,3,,132.6,2,N
117962,0,8,32,12,0,1,2,0,0,2,FRA,0,4,1,,240,2,N
51676,158,5,22,24,0,2,1,0,0,1,PRT,0,1,0,,130,0,Y
104079,23,12,53,30,2,4,2,0,0,2,CHN,0,4,0,,115.9,2,N
78971,0,10,43,19,1,0,2,1,0,3,PRT,0,4,0,,160,0,N
50371,123,4,18,29,1,2,2,0,0,2,ESP,0,1,0,,108.3,0,Y
104437,275,1,2,13,0,1,2,0,0,2,AUS,0,1,3,,67.15,0,N
117056,64,7,30,26,0,3,2,0,0,2,ESP,0,1,0,,104,0,N
87150,91,4,16,12,0,3,1,0,0,1,DEU,0,1,2,,90.9,1,N
65359,162,4,13,1,2,1,1,0,0,1,PRT,0,1,0,,98,0,Y
63845,21,2,8,23,0,3,2,0,0,2,CHE,0,4,0,,118,0,Y
102128,215,11,48,21,1,1,1,0,0,1,ALB,0,1,0,233,75,0,N
47364,44,2,8,17,0,3,2,0,0,2,PRT,0,1,0,,75,0,Y
51314,323,5,21,17,0,4,2,0,0,2,PRT,0,1,0,,112,1,N
103417,1,12,51,17,2,4,2,2,0,4,FRA,0,6,0,,142.38,0,N
61753,224,12,53,25,2,5,2,0,0,2,BRA,0,1,0,,68.61,0,Y
60704,50,11,47,18,1,2,2,0,0,2,BEL,0,1,0,,93.6,2,Y
48367,251,3,13,22,0,3,2,0,0,2,PRT,0,1,0,,125,0,Y
90411,10,5,23,29,3,5,1,0,0,1,DEU,0,1,0,254,110,0,N
50226,19,4,18,27,0,1,3,0,0,3,BRA,0,4,0,,167,0,Y
46485,145,1,2,3,2,1,2,0,0,2,PRT,0,1,0,,65,0,Y
42899,16,9,37,11,0,2,2,0,0,2,PRT,0,1,0,,100,0,N
51681,158,5,22,24,0,2,1,0,0,1,PRT,0,1,0,,130,0,Y
97138,19,9,38,12,1,0,1,0,0,1,ESP,0,1,0,,99,2,N
47833,80,3,10,5,1,1,2,0,0,2,FRA,0,1,0,,53.97,1,N
95869,180,8,35,23,0,2,3,0,0,3,GBR,0,4,0,,137.7,0,N
93417,117,7,30,19,0,2,2,0,0,2,PRT,0,1,0,,105.3,2,N
97645,315,9,38,17,1,1,2,0,0,2,FRA,0,1,0,,65,1,N
54863,386,7,31,28,0,2,2,0,0,2,PRT,0,1,0,,62,0,Y
99184,16,10,41,8,1,1,2,0,0,2,FRA,0,1,0,,85,1,N
71109,368,6,26,28,0,3,2,0,0,2,PRT,0,1,0,,90,0,Y
99659,377,10,42,14,0,2,2,0,0,2,DEU,0,1,0,,115,1,N
80106,333,9,39,20,0,2,1,0,0,1,PRT,1,1,0,,80,0,Y
105869,0,2,7,16,0,1,1,0,0,1,PRT,0,1,0,238,65,0,N
61662,531,12,52,22,0,2,2,0,0,2,PRT,0,1,0,,62.8,0,Y
43788,86,9,39,24,0,2,2,0,0,2,FRA,0,1,0,,105,0,N
49569,119,4,16,15,0,2,1,0,0,1,DEU,0,1,0,,90.9,0,N
87932,40,4,18,27,0,1,1,0,0,1,GBR,0,1,0,,72,0,N
69596,129,6,22,2,1,2,2,0,0,2,PRT,0,1,0,,130,0,Y
86937,159,4,15,9,1,1,1,0,0,1,ESP,0,1,1,,65,1,N
71332,250,7,27,2,2,2,2,2,0,4,BEL,0,6,0,,179.1,0,Y
115381,405,7,27,4,0,2,2,0,0,2,DEU,0,1,0,,114.4,0,N
114058,24,6,24,12,1,3,3,0,0,3,DNK,0,7,0,,209.4,1,N
58882,48,10,43,17,1,2,2,0,0,2,NLD,0,1,0,,126,1,Y
86216,122,3,14,27,2,1,2,0,0,2,PRT,0,1,0,,107,1,N
90215,7,6,23,3,0,1,2,0,0,2,PRT,0,7,0,,0,2,N
42535,23,9,37,6,2,2,2,0,0,2,DEU,0,1,0,,54.75,0,N
84670,115,2,9,27,2,2,2,0,0,2,PRT,0,1,2,,87,0,N
70579,116,6,25,19,1,1,2,0,0,2,IRL,0,1,0,,99,0,Y
43589,13,9,39,20,2,3,1,0,0,1,PRT,0,1,0,,87.78,1,N
63847,260,2,8,23,1,3,2,1,0,3,PRT,0,1,1,,83.55,1,Y
108684,70,3,13,28,0,3,2,0,0,2,FRA,0,1,0,,75,0,N
77580,6,10,44,26,1,1,1,0,0,1,PRT,0,1,0,40,65,0,N
83140,63,1,4,19,0,2,1,0,0,1,BEL,0,1,2,,71,0,N
95420,12,8,33,12,2,5,2,0,0,2,DEU,0,1,0,,151,1,N
57876,44,10,41,2,2,1,2,0,0,2,PRT,0,1,0,,108,1,Y
77230,0,9,38,14,1,0,2,0,0,2,PRT,0,1,1,,133,0,N
82530,58,12,53,28,1,3,2,0,0,2,PRT,0,1,0,,95.4,0,N
69378,186,5,22,30,0,2,2,0,0,2,PRT,0,1,0,,130,0,Y
112335,75,5,20,20,2,1,2,0,0,2,GBR,0,1,0,,112.67,1,N
102722,222,12,49,2,1,2,3,0,0,3,LTU,0,4,0,,110.7,2,N
58082,454,10,41,6,0,2,2,0,0,2,PRT,0,1,0,,62,0,Y
67505,148,5,18,4,0,2,2,0,0,2,PRT,0,1,0,,95,0,Y
80354,25,11,47,16,1,0,1,0,0,1,FRA,0,1,0,,77.77,0,N
70948,213,6,26,26,1,1,2,0,0,2,PRT,0,1,0,,115,0,Y
97573,116,9,38,15,0,3,2,0,0,2,DEU,0,1,0,,129.6,2,N
49419,21,4,16,13,0,2,2,0,0,2,FRA,0,1,0,,117,0,Y
60077,95,11,45,5,0,1,1,0,0,1,PRT,0,1,1,,75,0,Y
95872,0,8,35,24,0,1,2,1,0,3,ESP,0,1,0,,136.44,1,N
64998,10,3,12,21,0,3,3,0,0,3,IRN,0,4,2,,168,0,Y
45478,99,10,44,30,2,2,2,0,0,2,PRT,0,1,0,,65,0,Y
48544,80,3,13,25,1,2,2,0,0,2,GBR,0,1,0,,85.5,0,Y
92914,90,7,28,7,2,5,3,0,0,3,ESP,0,4,0,,144.13,2,N
98914,28,10,41,6,0,1,2,0,0,2,BRA,0,1,0,,129,1,N
56353,420,9,36,3,2,2,2,0,0,2,PRT,0,1,0,,75,0,Y
102512,0,11,49,29,0,1,1,0,0,1,ESP,0,1,0,62,79,0,N
77299,256,9,38,14,1,2,2,0,0,2,SWE,0,1,0,,76.67,0,N
108312,116,3,12,24,0,2,2,0,0,2,FRA,0,1,0,,100,1,N
105486,5,2,5,4,2,4,2,1,0,3,PRT,0,1,0,,80.76,1,N
96577,233,9,36,3,1,1,1,0,0,1,ITA,0,1,1,,73,0,N
84866,3,3,10,2,0,3,2,0,0,2,DEU,0,1,0,,79.77,1,N
64071,15,2,9,28,0,4,2,0,0,2,ROU,0,1,0,,91.8,0,Y
100640,199,10,44,28,0,2,3,0,0,3,FRA,0,1,1,,123,1,N
108319,116,3,12,24,0,2,1,0,0,1,FRA,0,1,0,,90,0,N
115663,96,7,27,7,0,2,2,0,0,2,RUS,0,1,1,,120,1,N
99449,0,10,42,10,1,2,2,0,0,2,PRT,0,1,1,,90,2,N
60304,277,11,46,7,1,2,2,0,0,2,PRT,0,1,0,,100,0,Y
90663,37,6,24,8,0,1,3,0,0,3,PRT,0,4,0,,141.3,2,N
55211,6,8,33,8,1,0,1,0,0,1,PRT,0,1,0,40,65,0,Y
64631,12,3,11,14,0,1,1,0,0,1,ESP,0,1,0,,98,1,Y
93377,8,7,30,20,0,1,1,0,0,1,ESP,0,1,0,,105,1,N
102130,216,11,48,22,0,1,0,0,0,0,PRT,0,1,2,233,0,0,N
86699,55,4,15,6,0,1,2,0,0,2,PRT,0,1,0,,104,0,N
80613,88,12,50,11,0,2,2,0,0,2,PRT,1,1,0,,76.5,2,Y
64411,608,3,10,9,0,2,2,0,0,2,PRT,0,1,0,,62,0,Y
118267,95,8,32,12,2,3,2,0,0,2,FRA,0,4,0,,155,1,N
85253,0,3,11,6,2,4,1,0,0,1,COL,0,5,0,,97,0,N
49405,125,4,16,12,0,5,2,0,0,2,IRL,0,4,0,,99.45,0,N
78997,26,10,42,17,2,1,2,0,0,2,GBR,0,4,0,,75,0,N
59151,240,10,43,21,1,2,2,0,0,2,PRT,0,1,0,,110,0,Y
116141,39,7,28,15,2,1,2,1,0,3,DEU,0,5,1,,44,2,N
99668,377,10,42,14,0,2,2,0,0,2,DEU,0,1,0,,115,1,N
89887,124,5,22,22,2,5,2,0,0,2,PRT,0,4,0,,111.59,0,N
84285,4,2,8,20,1,1,2,0,0,2,BRA,0,5,0,,127,0,N
54712,91,7,31,24,2,1,2,0,0,2,FRA,0,1,0,,114.3,0,Y
44296,86,10,40,3,2,1,2,0,0,2,PRT,0,1,0,,86,0,Y
56090,222,8,36,28,2,4,2,0,0,2,LBN,0,1,2,,100.58,1,Y
43208,76,9,38,16,0,2,2,0,0,2,ESP,0,1,0,,62,0,N
119097,289,8,34,26,2,1,2,0,0,2,DEU,0,1,0,,107.1,2,N
99432,180,10,42,10,1,2,2,0,0,2,FRA,0,3,1,,130,0,N
43000,68,9,37,12,2,2,2,0,0,2,PRT,0,1,0,,62,0,N
117968,3,8,32,8,0,5,2,0,0,2,SWE,0,1,0,,124.63,1,N
80421,34,12,50,8,0,2,1,0,0,1,PRT,1,1,0,,90,0,Y
71458,10,7,27,6,0,1,1,0,0,1,PRT,0,1,0,,104,0,Y
57543,250,9,40,26,1,3,2,0,0,2,PRT,0,1,0,,95,0,Y
103079,2,12,50,10,0,1,2,0,0,2,PRT,0,7,0,45,0,2,N
51937,316,5,22,26,0,3,2,0,0,2,AUT,0,1,0,,110,0,N
65578,117,4,14,5,0,4,2,0,0,2,PRT,0,1,0,,93.5,0,Y
75254,297,8,33,10,1,1,2,0,0,2,PRT,1,1,0,,62,0,Y
112123,0,5,20,19,0,1,3,0,1,4,AGO,0,6,1,,305,0,N
118965,0,8,35,27,1,0,2,0,0,2,PRT,0,1,0,,80.1,1,N
118715,2,8,34,24,0,1,2,0,0,2,MEX,0,1,0,,140,1,N
84961,39,3,10,4,1,2,2,0,0,2,PRT,0,1,0,,40.67,0,N
42986,65,9,37,12,2,1,2,0,0,2,PRT,0,1,0,,86,0,Y
43963,88,9,39,26,2,2,2,0,0,2,PRT,0,1,0,,170,0,Y
55721,165,8,34,19,2,3,3,0,0,3,POL,0,1,0,,180.2,0,Y
94292,6,11,48,24,0,1,1,0,0,1,PRT,1,1,0,40,65,1,Y
67764,95,5,18,6,2,3,2,0,0,2,IRL,0,4,0,,135,0,Y
81163,58,12,53,28,1,4,2,0,0,2,PRT,1,4,0,,110.15,1,Y
60199,277,11,46,7,1,2,2,0,0,2,PRT,0,1,0,,100,0,Y
92316,18,7,27,1,1,2,3,0,0,3,FRA,0,4,0,,187,3,N
90146,136,5,23,29,2,3,2,0,0,2,FRA,0,4,0,,117.29,1,N
73567,232,8,34,26,2,1,2,0,0,2,PRT,0,1,0,,99,1,Y
114084,422,6,24,13,0,4,2,0,0,2,GBR,0,1,3,,90,1,N
51502,211,5,21,20,0,2,2,0,0,2,PRT,0,1,0,,100,0,Y
74946,269,10,43,22,0,3,2,0,0,2,PRT,1,1,0,,65.29,1,Y
118738,2,8,34,24,0,1,1,0,0,1,BEL,0,1,0,,107.1,0,N
42086,0,8,36,31,1,0,2,0,0,2,ITA,0,1,0,,106,0,N
58035,48,10,41,5,0,2,2,0,0,2,PRT,0,1,0,,120,0,Y
111316,144,5,18,6,2,1,2,0,0,2,FRA,0,1,0,,90,1,N
105366,75,2,5,3,1,2,2,2,0,4,ITA,0,6,0,,156.6,2,N
89310,7,5,21,16,1,3,1,0,0,1,PRT,0,1,1,218,130,0,N
95217,81,8,34,16,0,1,2,0,0,2,CN,0,1,0,,125.1,2,N
107275,3,3,10,9,0,1,2,0,0,2,PRT,0,1,0,,98,2,N
43780,86,9,39,24,0,2,2,0,0,2,FRA,0,1,0,,105,0,N
97171,18,9,38,12,1,0,2,0,0,2,CHN,0,1,0,,89,0,N
117178,302,7,30,29,1,1,2,1,0,3,DEU,0,1,0,,123.3,4,N
107216,73,3,10,6,1,3,2,0,0,2,FRA,0,1,0,,74.8,0,N
79407,137,1,5,27,0,2,1,0,0,1,PRT,1,1,0,,70,0,Y
91223,114,6,25,15,0,4,3,0,0,3,DEU,0,4,0,,150.45,0,N
81985,115,3,13,20,2,0,1,0,0,1,PRT,1,1,0,,70,0,Y
99768,35,10,42,15,1,1,3,0,0,3,PRT,0,4,0,,175.5,1,N
103031,91,12,50,8,0,3,3,0,0,3,ESP,0,1,0,,92.65,0,N
60776,50,11,48,20,2,5,2,0,0,2,DEU,0,1,0,,74.8,1,Y
112955,170,5,21,27,2,2,2,0,0,2,CHE,0,1,0,,126,3,N
60162,277,11,46,7,1,2,2,0,0,2,PRT,0,1,0,,100,0,Y
77502,263,9,39,21,1,0,2,0,0,2,PRT,0,1,0,,67,0,N
46769,151,1,4,19,0,2,1,0,0,1,PRT,0,1,2,,71,0,N
43289,162,9,38,17,0,3,1,0,0,1,PRT,0,1,1,,60,0,N
58624,37,10,42,13,0,3,1,0,0,1,PRT,0,1,0,,95,0,Y
98440,65,9,40,27,0,3,2,0,0,2,BEL,0,1,0,,135.9,3,N
93597,226,7,30,22,0,2,1,0,0,1,USA,0,1,0,,64.25,0,N
90045,4,2,5,4,0,1,2,0,0,2,PRT,2,1,0,40,75,0,N
79299,35,10,43,20,0,4,2,0,0,2,FRA,0,1,0,,96.3,2,N
116256,233,7,28,13,1,3,2,0,0,2,FRA,0,1,0,,86.63,1,N
100330,206,10,44,24,1,2,2,1,0,3,IND,0,1,0,,112.5,1,N
43078,135,9,38,14,1,2,2,0,0,2,PRT,0,1,0,,90,0,Y
57472,53,9,40,26,1,2,2,0,0,2,PRT,0,1,0,,105,0,Y
47396,26,2,8,19,0,2,2,0,0,2,FRA,0,1,0,,91,0,Y
110522,16,4,17,26,0,2,1,0,0,1,NLD,0,4,0,,174.5,0,N
46747,14,1,4,18,5,10,1,0,0,1,ZAF,0,1,0,,75.47,0,Y
64849,8,3,11,17,2,2,2,0,0,2,PRT,0,4,0,,87.04,0,Y
82874,68,2,8,17,0,2,2,0,0,2,PRT,1,1,0,,75,0,Y
48854,77,3,14,31,0,3,2,0,0,2,IRL,0,1,0,,76.5,0,Y
62545,38,1,2,14,0,1,1,0,0,1,PRT,0,1,0,67,75,0,Y
115685,152,7,27,8,0,1,2,0,0,2,PRT,0,4,0,,116.1,2,N
83400,13,1,4,21,2,8,1,0,0,1,MOZ,0,1,1,,75.6,0,N
79768,34,11,45,1,2,1,2,0,0,2,BEL,0,4,1,,60,0,N
50727,124,5,19,6,0,2,2,0,0,2,GBR,0,4,1,,114.3,1,N
106141,50,2,7,18,2,2,2,0,0,2,GBR,0,6,0,,135.52,1,N
114708,218,6,25,21,1,4,3,0,0,3,GBR,0,4,0,,128.21,1,N
42545,0,9,37,7,1,0,1,0,0,1,GBR,0,1,0,,133,1,N
118406,2,8,33,18,0,2,2,0,0,2,PRT,0,1,0,,127.6,1,N
81298,17,12,49,3,2,3,2,0,0,2,ESP,0,1,0,,91,0,N
74410,290,8,32,3,1,1,2,0,0,2,PRT,1,1,0,,62,0,Y
85626,16,3,12,18,0,1,1,0,0,1,ESP,0,2,1,,103,1,N
43724,34,9,39,23,0,3,1,0,0,1,PRT,0,1,1,,177.33,0,N
96443,3,9,36,2,0,1,2,0,0,2,GBR,0,1,0,,129,3,N
84420,5,2,9,24,0,2,1,0,0,1,PRT,0,1,0,207,80,0,N
99553,22,10,42,11,0,3,2,0,0,2,GBR,0,1,0,,95,0,N
117784,5,8,32,8,0,2,1,0,0,1,NOR,0,1,0,,136,1,N
91563,164,6,26,19,2,2,2,0,0,2,PRT,0,1,0,,100.3,1,N
95041,140,8,33,12,0,2,2,0,0,2,ESP,0,1,0,,103.5,1,N
94545,134,8,32,1,1,4,2,2,0,4,ESP,0,6,0,,176.45,1,N
116334,184,7,28,11,2,5,2,0,0,2,GBR,0,4,0,,120.6,1,N
104405,4,1,2,9,1,3,2,0,0,2,IRL,0,1,0,,54.15,0,N
77848,0,9,39,25,2,2,2,0,0,2,UKR,0,4,0,,180,1,N
53799,358,6,27,30,0,2,2,0,0,2,PRT,0,1,0,,62,0,Y
70193,173,6,24,11,2,3,2,0,0,2,PRT,0,1,0,,140,0,Y
84886,1,3,10,5,0,1,2,0,0,2,CHE,0,1,2,,98,0,N
78316,27,6,27,29,0,1,1,0,0,1,PRT,1,1,1,40,65,0,Y
80647,56,11,47,19,0,3,2,0,0,2,FRA,0,4,0,,60,1,N
116532,81,7,29,17,1,4,2,0,0,2,GBR,0,1,0,,96,1,N
68454,115,5,20,18,0,3,2,0,0,2,PRT,0,1,0,,190,0,Y
75895,274,7,29,18,2,2,2,0,0,2,PRT,1,1,0,,62,0,Y
88696,59,5,20,8,2,1,2,0,0,2,FRA,0,1,0,,85.5,0,N
87227,0,5,22,31,0,3,1,0,0,1,AUT,0,1,3,153,95,0,N
91383,75,6,25,17,2,2,1,0,0,1,PRT,0,2,1,,118.6,2,N
109902,5,4,16,17,1,1,1,0,0,1,PRT,0,1,0,,95,0,N
99191,147,10,41,7,1,2,3,0,0,3,GBR,0,4,0,,151.2,0,N
113660,91,6,23,5,1,5,2,0,0,2,DEU,0,1,0,,130.67,0,N
82375,108,3,12,18,0,2,2,0,0,2,PRT,1,1,0,,80,0,Y
69599,129,6,22,2,1,2,2,0,0,2,PRT,0,1,0,,130,0,Y
59380,118,10,44,27,2,3,2,0,0,2,GBR,0,4,0,,123.3,0,Y
117469,229,8,31,2,0,2,2,0,0,2,CHE,0,1,0,,139.5,1,N
55829,191,8,35,22,1,2,2,0,0,2,BEL,0,1,0,,94.5,0,Y
69342,25,5,22,30,0,1,2,0,0,2,PRT,0,1,0,,90,0,Y
52099,15,5,23,30,2,5,2,0,0,2,FRA,0,4,0,,115.84,0,Y
88274,180,5,19,2,1,1,2,0,0,2,ITA,0,1,0,,100,1,N
78788,7,10,43,20,0,1,1,0,0,1,PRT,1,1,0,,120,1,Y
94106,80,7,31,28,0,3,2,0,0,2,FRA,0,4,0,,120,0,N
102015,12,11,47,18,2,2,2,0,0,2,BRA,0,1,0,,87.63,1,N
53783,358,6,27,30,0,2,2,0,0,2,PRT,0,1,0,,62,0,Y
94912,20,8,33,10,0,2,2,2,0,4,ISR,0,6,0,,231,1,N
103984,269,12,53,29,2,3,1,0,0,1,SWE,0,1,0,,70,0,N
119379,247,8,35,31,1,3,2,0,0,2,GBR,0,1,0,,86.85,0,N
89634,51,5,22,23,1,0,2,0,0,2,DEU,0,1,0,,135.9,0,N
51194,116,5,21,15,2,3,2,0,0,2,FRA,0,1,0,,89.25,0,Y
72265,20,7,30,25,0,1,2,0,0,2,PRT,0,1,0,,160,1,Y
113406,14,6,23,6,0,1,2,0,0,2,CHE,0,4,1,,120,1,N
76700,1,9,37,6,0,3,1,0,0,1,PRT,3,1,0,40,67,0,N
67766,112,5,18,6,2,4,2,0,0,2,IRL,0,1,0,,108,0,Y
60655,211,11,47,18,0,1,2,0,0,2,FRA,0,1,0,,78.3,0,Y
113617,110,6,23,4,2,4,2,0,0,2,IRL,0,4,2,,153,1,N
99825,6,10,43,16,2,1,2,0,0,2,ESP,0,1,0,,111.67,3,N
93405,1,7,30,20,0,1,2,0,0,2,FRA,0,1,0,,99,1,N
49456,31,4,16,14,0,1,2,0,0,2,PHL,0,1,0,,94.5,0,Y
64465,56,3,10,10,1,2,2,0,0,2,NLD,0,1,0,,97.2,0,Y
116650,15,7,29,20,0,3,2,0,0,2,PRT,0,1,0,,126,2,N
67235,202,4,17,29,2,3,2,0,0,2,POL,0,1,0,,99,0,Y
60256,277,11,46,7,1,2,2,0,0,2,PRT,0,1,0,,100,0,Y
78605,221,10,41,10,2,1,2,0,0,2,FRA,0,1,0,,65,0,N
56428,107,9,37,5,1,3,2,0,0,2,VEN,0,1,0,,118.8,1,Y
57747,269,9,40,30,1,2,2,0,0,2,DEU,0,1,0,,95.4,0,N
86713,5,4,15,4,1,3,1,0,0,1,BEL,0,1,0,153,95,0,N
82681,23,1,1,2,2,1,2,0,0,2,ITA,0,1,0,,109,0,N
60609,17,11,47,17,0,1,1,0,0,1,PRT,0,1,0,40,67,0,Y
112923,172,5,21,27,2,1,2,0,0,2,FRA,0,1,0,,108,0,N
107983,14,6,25,22,0,1,1,0,0,1,FRA,1,1,0,91,95,0,N
99003,1,10,41,6,0,2,1,0,0,1,GBR,0,5,0,,164,0,N
92075,108,6,27,26,2,2,1,0,0,1,NZL,0,4,0,,86.4,1,N
45066,102,10,42,16,0,2,2,0,0,2,DEU,0,1,0,,109,0,N
73919,265,7,28,9,0,2,2,0,0,2,PRT,1,1,0,,62,0,Y
107001,133,3,9,3,1,2,2,0,0,2,DEU,0,1,1,,93.6,2,N
62569,23,1,3,15,2,1,2,0,0,2,ITA,0,1,0,,92.63,1,Y
104027,171,12,53,31,2,2,2,0,0,2,PRT,0,1,0,,76.08,1,N
88263,180,5,19,2,1,1,2,0,0,2,PRT,0,1,0,,100,1,N
78657,11,10,42,11,2,1,1,0,9,10,GBR,0,1,1,,95,0,N
42647,13,9,37,8,1,5,2,0,0,2,ITA,0,4,0,,85,0,N
96530,188,9,36,1,0,3,2,0,0,2,GBR,0,1,0,,116.1,1,N
66637,100,4,16,22,2,2,2,0,0,2,PRT,0,1,0,,105,0,Y
71676,104,7,28,10,1,0,3,0,0,3,CN,0,4,0,,150,0,Y
92412,160,7,28,5,0,1,3,0,0,3,GBR,0,1,0,,96.9,1,N
63746,32,2,8,20,1,1,1,0,0,1,PRT,0,1,0,,75,0,Y
68971,68,5,21,24,0,2,2,0,0,2,ITA,0,4,0,,171,0,Y
65555,373,4,14,5,0,3,2,0,0,2,PRT,0,1,0,,90,0,Y
98418,11,6,24,12,1,1,2,0,0,2,PRT,0,1,1,,95,2,N
98249,22,9,39,24,2,1,2,0,0,2,USA,0,1,0,,139,2,N
62586,278,1,3,16,1,0,2,0,0,2,SGP,0,1,0,,67.15,0,Y
62097,9,1,1,1,2,2,3,0,0,3,ITA,0,4,0,,146.2,0,Y
60137,56,11,46,6,2,0,3,0,0,3,CHE,0,4,0,,194.5,1,Y
117263,167,7,31,30,2,0,2,0,0,2,BRA,0,1,0,,80.1,0,N
58974,29,10,43,19,0,4,2,0,0,2,NLD,0,1,0,,119,2,Y
42618,0,9,37,8,0,2,2,0,0,2,PRT,0,1,0,,102.4,1,N
69500,174,6,22,1,0,2,2,0,0,2,PRT,0,1,0,,100,0,Y
59081,192,10,43,21,0,2,2,0,0,2,PRT,0,1,0,,95,0,Y
59821,482,11,45,3,0,1,1,0,0,1,PRT,0,1,0,,51.4,0,Y
95977,211,8,35,22,1,4,3,0,0,3,FRA,0,4,1,,121.55,2,N
65101,111,3,12,24,1,2,2,0,0,2,POL,0,4,0,,106.2,1,Y
47750,48,3,10,2,0,3,2,0,0,2,BEL,0,1,2,,73.1,1,Y
104288,75,1,2,8,2,1,1,0,0,1,USA,0,4,0,,67,2,N
43430,74,9,38,18,0,2,2,0,0,2,PRT,0,1,0,,101.5,0,Y
41966,148,8,35,28,2,3,2,0,0,2,PRT,0,1,0,,79.9,2,Y
88572,31,5,19,5,0,3,2,0,0,2,FRA,0,1,0,,81.67,0,N
84395,27,2,9,22,1,2,3,0,0,3,PRT,0,4,0,,130,2,N
73497,57,8,34,24,0,3,3,0,0,3,GBR,0,4,0,,202.67,0,Y
69173,102,5,21,26,1,2,2,0,0,2,GBR,0,1,0,,149.33,0,Y
102701,38,12,49,2,0,2,2,0,0,2,PRT,0,1,0,,85,0,N
102525,66,11,48,25,2,3,2,0,0,2,SWE,0,1,0,,88.4,3,N
50446,120,5,19,1,2,0,2,0,0,2,GBR,0,1,0,,105.3,1,Y
88591,2,5,20,8,1,0,2,0,0,2,DEU,0,1,0,,89,1,N
64084,30,3,9,1,0,4,3,0,0,3,FRA,0,5,0,,125.8,3,Y
95339,42,8,34,16,0,2,2,1,0,3,PRT,0,1,0,,152.1,1,N
63898,195,2,8,24,2,3,2,0,0,2,ESP,0,1,0,,74.8,2,Y
65521,334,4,14,4,2,6,1,0,0,1,FRA,0,1,0,,80.1,0,Y
57469,418,9,40,26,1,2,2,0,0,2,PRT,0,1,0,,107,0,N
91977,241,6,26,20,3,6,2,0,0,2,DEU,0,1,0,,106.2,1,N
113226,108,6,22,2,0,2,2,0,0,2,FRA,0,1,0,,126,1,N
104534,58,1,2,14,1,1,2,0,0,2,SWE,0,1,0,,79.2,0,N
75993,336,9,38,18,0,2,2,0,0,2,PRT,1,1,0,,101.5,0,Y
56254,56,9,36,2,0,1,2,0,0,2,ITA,0,1,0,,99,0,Y
76432,358,10,41,10,1,1,2,0,0,2,PRT,1,1,0,,62,0,Y
41375,40,8,33,15,2,2,1,0,0,1,ESP,0,1,1,,60,0,N
58807,286,10,43,16,1,0,2,0,0,2,PRT,0,1,0,,90,0,Y
83219,6,1,5,24,1,0,2,0,0,2,PRT,0,1,0,,87,0,N
67322,157,5,18,1,1,3,2,0,0,2,PRT,0,1,0,,130,0,Y
46207,4,12,52,25,1,2,2,0,0,2,ESP,0,1,0,,90.33,0,N
88498,0,5,19,3,0,4,2,2,0,4,FRA,0,6,0,,221,1,N
118871,457,8,34,25,0,2,2,0,0,2,DEU,0,1,1,,122.4,1,N
86459,57,3,14,27,2,5,2,0,0,2,FRA,0,5,0,,89.78,0,N
91786,192,6,26,24,0,2,1,0,0,1,BRB,0,1,0,,95,0,N
90601,1,6,24,8,0,1,2,1,0,3,CN,0,4,0,,139,2,N
46910,17,1,5,25,1,4,2,0,0,2,MAR,0,2,1,,77.25,0,Y
48995,91,4,15,4,1,2,2,0,0,2,PRT,0,1,0,,80,0,Y
96664,11,9,37,5,1,0,1,0,0,1,DEU,0,1,0,292,112.88,0,N
85702,16,3,12,17,0,3,2,0,0,2,ITA,0,1,0,,109,1,N
115323,182,6,26,27,2,5,2,0,0,2,NOR,0,1,0,,86.82,1,N
49792,103,4,17,19,0,2,1,0,0,1,PRT,0,1,0,,115,0,Y
119127,130,8,34,23,2,5,2,2,0,4,FRA,0,7,0,,300,1,N
70560,120,6,25,18,2,2,2,0,0,2,FRA,0,1,0,,109.71,1,Y
105988,70,2,7,15,0,4,2,0,0,2,ESP,0,1,0,242,78,0,N
108589,46,3,12,25,2,3,3,0,0,3,BRA,0,4,0,,139.4,3,N
43681,47,9,39,23,0,2,2,0,0,2,BEL,0,1,0,,94.5,1,N
76061,364,10,42,16,0,2,2,0,0,2,PRT,1,1,0,,101.5,0,Y
64768,615,3,11,16,0,2,2,0,0,2,PRT,0,1,0,,62,0,Y
108793,60,3,13,30,0,3,2,0,0,2,DEU,0,1,0,,85.8,0,N
40925,2,8,33,9,2,0,2,0,0,2,ESP,0,1,0,,99,2,N
81802,117,2,10,29,1,2,2,0,0,2,PRT,1,1,0,,75,0,Y
116248,1,7,28,14,1,2,2,0,0,2,NOR,0,1,0,,106.67,1,N
48530,94,3,13,25,1,2,2,0,0,2,CHE,0,5,0,,95.25,0,N
84299,13,2,9,21,2,0,2,0,0,2,FRA,0,1,0,,87,0,N
117827,174,8,32,7,1,2,3,0,0,3,NLD,0,4,0,,175.5,2,N
55722,303,8,34,19,2,3,2,0,0,2,PRT,0,1,0,,78,0,Y
112795,130,5,21,23,1,5,2,0,0,2,DEU,0,1,0,,89.1,1,N
88854,0,5,20,10,0,3,1,0,0,1,PRT,0,1,0,,108.8,0,N
103700,72,12,53,26,1,3,2,0,0,2,CHE,0,1,0,,84.15,0,N
99798,160,10,42,13,2,3,2,0,0,2,FRA,0,4,0,,200.7,2,N
88998,196,5,20,12,1,3,2,0,0,2,USA,0,1,0,,80.75,0,N
110539,131,4,17,23,2,3,2,0,0,2,DEU,0,1,3,,99,2,N
49402,78,4,16,12,0,4,2,0,0,2,PRT,0,1,0,,62.18,0,Y
82349,94,3,10,4,0,2,2,0,0,2,PRT,1,1,0,,80,0,Y
97228,191,9,37,7,2,5,2,0,0,2,DEU,0,1,0,,80.75,1,N
55404,177,8,33,12,1,2,2,0,0,2,ESP,0,4,0,,127.8,1,Y
61854,41,12,53,27,1,5,2,0,0,2,PRT,0,1,1,,70,0,Y
85048,29,3,10,5,2,1,1,0,0,1,FRA,0,1,0,,86,1,N
50981,39,5,20,12,1,3,2,0,0,2,USA,0,1,0,,116.1,0,Y
66878,156,4,17,26,0,3,2,0,0,2,PRT,0,1,0,,100,0,Y
43533,75,9,38,19,2,2,2,0,0,2,PRT,0,1,0,,62,0,Y
77258,6,9,39,20,2,0,1,0,0,1,PRT,1,1,0,,90,0,Y
102713,28,12,49,2,1,2,2,0,0,2,ITA,0,1,0,,88,1,N
42340,25,9,36,5,0,1,2,0,0,2,PRT,0,1,0,,105,1,Y
91120,256,6,25,15,0,2,2,0,0,2,DEU,0,1,0,,115,1,N
80186,3,2,8,20,1,1,1,0,0,1,FRA,0,1,0,91,80,2,N
86539,74,4,14,1,2,2,2,0,0,2,DEU,0,1,0,,59.37,0,N
66834,156,4,17,26,0,3,2,0,0,2,PRT,0,1,0,,100,0,Y
68121,221,5,19,13,2,1,3,0,0,3,CHN,0,4,0,,163.5,1,Y
46066,198,12,49,5,2,1,2,0,0,2,ESP,0,1,0,,90,0,Y
92136,119,6,27,29,0,2,3,0,0,3,PRT,0,1,0,,146.7,2,N
81153,15,12,49,2,0,2,1,0,0,1,ESP,0,1,0,,79,0,N
43281,162,9,38,17,0,3,2,0,0,2,PRT,0,1,2,,70,0,N
52406,163,6,24,5,2,2,1,0,0,1,PRT,0,1,0,,100,0,Y
49383,47,4,16,12,0,1,1,0,0,1,ESP,0,1,1,,99.9,0,Y
93222,132,7,29,13,2,4,2,0,0,2,CN,0,1,0,,79.56,0,N
77243,6,9,39,20,2,0,2,0,0,2,PRT,1,1,0,,0,0,Y
98932,47,10,41,4,0,3,2,0,0,2,ITA,0,1,0,,118.8,1,N
58335,183,10,42,11,0,1,1,0,0,1,FRA,0,1,0,,98.1,0,Y
113731,130,6,23,9,0,2,2,0,0,2,IRL,0,1,0,,89.1,0,N
57835,179,10,40,1,2,1,2,0,0,2,IRL,0,1,0,,108.9,2,Y
103898,221,12,53,31,1,1,2,0,0,2,CHN,0,1,0,,71.28,0,N
112759,162,5,21,23,0,5,1,0,0,1,DEU,0,1,0,,108,1,N
59173,58,10,43,21,1,2,2,2,0,4,EST,0,6,0,,198,2,Y
109466,174,4,15,10,1,1,3,0,0,3,PRT,0,4,0,,158.4,1,N
68431,88,5,20,17,0,3,2,0,0,2,ITA,0,1,0,,117,0,Y
68959,20,5,21,24,0,1,2,0,0,2,PRT,0,1,0,,120,0,Y
117023,465,7,30,26,0,3,2,0,0,2,GBR,0,1,0,,112.67,1,N
104087,1,1,1,4,0,1,2,0,0,2,PRT,0,1,1,,0,1,N
97323,346,9,38,13,0,2,2,0,0,2,DEU,0,1,0,,115,1,N
63255,67,2,5,3,1,2,2,0,0,2,GBR,0,1,0,,93.6,0,Y
63853,58,2,8,23,1,3,2,0,0,2,PRT,0,1,0,,78,0,Y
60165,277,11,46,7,1,2,2,0,0,2,PRT,0,1,0,,100,0,Y
108822,26,3,13,31,0,2,2,0,0,2,BEL,0,5,0,,169,1,N
83262,32,1,5,24,2,1,3,0,0,3,BRA,0,4,1,,95,1,N
76886,239,10,42,17,0,1,2,0,0,2,PRT,1,1,0,,60,0,Y
94564,94,8,32,4,0,2,0,2,0,2,BEL,0,2,0,,90.25,1,N
90086,6,5,23,31,0,2,1,0,0,1,ESP,0,1,0,91,95,0,N
47658,1,2,10,28,2,1,1,0,0,1,PRT,0,1,0,,60,0,Y
115581,216,7,26,1,2,5,3,0,0,3,FRA,0,4,0,,156.6,2,N
117970,53,8,32,11,0,2,2,0,0,2,CHN,0,1,0,,160,2,N
48178,91,3,12,18,0,2,1,0,0,1,PRT,0,1,0,,75,0,Y
44162,164,10,40,2,0,1,2,0,0,2,PRT,0,1,1,,100,1,N
112197,32,5,20,19,0,2,2,0,0,2,AUT,0,1,0,,160,1,N
72901,132,8,32,9,0,3,3,0,0,3,FRA,0,4,0,,195,2,Y
47358,44,2,8,17,0,3,2,0,0,2,PRT,0,1,0,,75,0,Y
104629,34,1,3,18,0,1,1,0,0,1,ESP,0,1,0,,75,0,N
63200,1,2,5,2,0,1,2,0,0,2,PRT,0,1,0,,88,0,Y
40717,7,8,32,5,0,3,2,0,0,2,PRT,0,1,1,,66,1,N
111404,0,5,19,9,0,1,1,0,0,1,ITA,0,1,0,,510,0,N
84743,116,2,10,28,2,2,1,0,0,1,MAR,0,1,1,,76,0,N
110351,5,4,17,25,0,1,2,2,0,4,NLD,0,5,1,,275,1,N
45543,82,11,45,2,1,2,2,0,0,2,DEU,0,1,0,,72.25,2,N
52468,213,6,24,7,0,3,2,0,0,2,PRT,0,1,0,,130,0,Y
79603,9,10,44,30,0,1,1,0,0,1,PRT,0,1,0,,95,0,N
112165,185,5,20,18,0,3,2,0,0,2,BEL,0,4,0,,139.2,2,N
100709,9,10,44,29,2,1,2,0,0,2,DEU,0,1,0,,105,1,N
42408,3,9,36,5,2,2,2,0,0,2,ESP,0,1,0,,62,0,N
80616,60,11,47,15,2,4,2,0,0,2,PRT,0,1,0,,76,1,N
54997,114,8,32,2,0,2,2,3,0,5,PRT,0,7,0,,266.3,0,Y
95829,0,8,35,24,0,1,1,0,0,1,ITA,0,1,1,,129,0,N
112834,2,5,22,28,1,0,1,0,0,1,NOR,0,4,0,,185,0,N
69898,169,6,23,8,0,3,2,0,0,2,PRT,0,1,0,,170,0,Y
40633,28,8,32,3,1,3,2,0,0,2,PRT,0,1,0,,62,0,Y
93556,292,7,30,21,0,2,2,0,0,2,DEU,0,1,0,,115,0,N
88858,25,5,20,10,0,3,1,0,0,1,FRA,0,1,0,,129,0,N
117745,193,8,31,5,2,2,2,0,0,2,ESP,0,4,0,,148.5,2,N
65498,112,4,14,4,0,2,2,0,0,2,PRT,0,1,0,385,95,0,Y
69157,32,5,21,26,1,2,2,0,0,2,BRA,0,1,0,,160,2,Y
81266,3,12,50,6,2,0,2,0,0,2,ESP,0,4,1,,87.2,0,N
64583,52,3,11,13,1,1,1,0,0,1,PRT,0,1,0,,80,0,Y
44078,4,9,40,30,0,1,1,0,0,1,PRT,0,1,1,,90.6,0,N
50646,302,5,19,5,0,2,2,0,0,2,PRT,0,1,0,,62,0,Y
79936,8,11,46,10,0,1,1,0,0,1,PRT,1,1,0,,85,2,Y
61815,281,12,53,26,1,5,2,0,0,2,FRA,0,1,0,,79.62,2,Y
59036,163,10,43,20,0,3,2,0,0,2,PRT,0,1,0,,100,0,Y
50723,132,5,19,6,0,2,2,0,0,2,ESP,0,1,0,,105.3,0,N
86792,1,4,15,7,0,2,1,0,0,1,CHE,0,1,0,,101,1,N
58881,605,10,43,17,1,2,2,0,0,2,PRT,0,1,0,,60,0,Y
92482,161,6,27,28,2,7,2,0,0,2,PRT,0,1,2,,66.53,1,N
44277,91,10,40,2,2,2,1,0,0,1,IRL,0,1,1,,70.14,0,N
93808,37,7,31,26,0,1,3,1,0,4,PRT,0,5,0,,188.95,1,N
86047,21,3,13,23,0,3,2,0,0,2,AUT,0,1,0,,62,1,N
73115,507,8,33,15,0,1,2,0,0,2,PRT,0,1,0,,90,0,Y
65875,79,4,15,9,2,1,2,0,0,2,BEL,0,1,0,,99,0,Y
72462,96,7,30,29,0,1,2,0,0,2,PRT,0,1,0,,80.1,1,Y
105576,24,2,6,5,2,5,1,0,0,1,MAR,0,1,1,407,75,0,N
57450,213,9,40,26,1,2,1,0,0,1,PRT,0,5,0,51,106,0,Y
88545,112,5,19,6,0,2,1,0,0,1,PRT,0,1,0,,99,1,N
101826,80,11,47,15,0,4,2,0,0,2,NLD,0,1,0,,88.4,1,N
53875,179,7,27,1,0,2,2,0,0,2,PRT,0,1,0,,65,0,Y
71988,155,7,29,17,1,1,2,3,0,5,PRT,0,7,0,,215.27,1,Y
93822,13,9,37,5,1,2,1,0,0,1,PRT,0,1,0,40,67,0,N
106264,49,2,8,19,2,3,2,0,0,2,GBR,0,1,0,,90.1,0,N
101390,6,11,46,6,2,3,1,0,0,1,ESP,0,1,0,,164.2,2,N
79178,0,2,6,7,0,3,2,0,0,2,PRT,0,1,2,,68.33,0,N
88182,64,4,18,29,1,2,2,0,0,2,GBR,0,1,0,,116.1,1,N
102340,186,11,48,24,0,3,2,0,0,2,GBR,0,1,1,,64.56,0,N
83199,14,1,4,21,0,3,2,0,0,2,PRT,0,2,1,,79.25,0,N
40766,36,8,32,7,0,2,2,0,0,2,ESP,0,1,0,,62,0,N
96010,150,8,35,27,0,1,2,0,0,2,AUT,0,4,0,,109.8,1,N
49523,8,4,16,14,0,3,2,0,0,2,ESP,0,1,0,,124,1,Y
51910,316,5,22,26,0,3,1,0,0,1,PRT,0,1,2,,0,0,N
74521,332,9,38,14,1,1,2,0,0,2,PRT,1,1,0,,62,0,Y
112052,28,5,20,16,0,3,2,0,0,2,IRL,0,4,0,,141.33,2,N
113273,136,6,22,2,1,2,2,0,0,2,FRA,0,1,0,,85,0,N
70486,150,6,24,17,2,3,1,0,0,1,PRT,0,1,0,,120,0,Y
93367,179,7,30,17,2,2,1,0,0,1,BEL,0,1,0,,90.95,1,N
63078,9,1,5,29,4,10,2,0,0,2,PRT,0,1,0,,74.8,0,Y
41403,131,8,33,15,2,1,2,0,0,2,ITA,0,1,0,,94.5,0,Y
94040,25,7,31,29,0,1,2,2,0,4,BRA,0,7,0,,193.45,0,N
93333,88,7,30,18,1,2,3,0,0,3,GBR,0,1,1,,96.9,1,N
92703,177,7,28,9,1,1,2,0,0,2,PRT,0,1,0,,96,0,N
87119,5,4,16,12,0,3,3,0,0,3,CHE,0,4,0,,157,2,N
93270,32,7,30,18,1,1,1,0,0,1,PRT,0,1,1,,85,0,N
54156,127,7,28,7,0,3,2,0,0,2,ESP,0,1,0,,103.5,0,Y
88642,49,5,20,9,1,0,1,0,0,1,PRT,0,1,0,,121.5,1,N
45631,89,11,47,17,0,3,1,0,0,1,PRT,0,1,0,,63.75,1,Y
115282,132,7,26,1,2,1,2,0,0,2,FRA,0,1,0,,89.1,2,N
109509,43,4,15,11,0,2,2,0,0,2,ISR,0,1,0,,140,2,N
118196,0,8,33,15,0,1,2,1,0,3,PRT,0,1,0,,199,0,N
109467,60,4,14,8,2,2,2,1,0,3,ESP,0,1,0,,186.3,2,N
52819,69,6,25,12,2,4,1,0,0,1,PRT,0,1,0,,120,0,Y
84223,99,2,8,19,0,2,2,0,0,2,PRT,0,1,2,67,86,0,N
112389,12,5,21,23,0,1,1,0,0,1,PRT,0,1,0,,110,1,N
111574,155,5,19,12,0,1,2,0,0,2,USA,0,1,0,,144,1,N
59111,457,10,43,21,0,2,2,0,0,2,PRT,0,1,0,,65,0,Y
41846,50,8,35,25,0,4,2,0,0,2,PRT,0,1,0,,62,0,Y
40540,69,7,31,28,2,5,3,0,0,3,DEU,0,1,1,,88.4,1,N
68658,175,5,20,19,1,2,2,0,0,2,PRT,0,1,0,,110,0,Y
101558,57,11,46,11,1,2,3,0,0,3,FRA,0,1,1,,105,1,N
98618,1,9,40,29,0,3,2,0,0,2,NLD,0,1,0,,146,0,N
110079,0,6,25,23,0,1,1,0,0,1,DEU,0,1,0,153,95,0,N
107533,28,3,10,6,3,5,3,0,0,3,FRA,0,5,0,,127.93,0,N
91344,38,6,25,18,1,1,2,0,0,2,PRT,0,1,0,,85.5,0,N
90816,87,6,24,9,0,3,2,0,0,2,GBR,0,1,0,,97.71,0,N
40978,39,8,33,10,1,1,2,0,0,2,ESP,0,1,0,,62,0,N
85060,3,3,11,8,0,1,1,0,0,1,ESP,0,1,0,,90,1,N
110693,109,4,17,28,1,2,2,0,0,2,FRA,0,1,0,,99,3,N
70718,153,6,25,21,0,4,1,0,0,1,PRT,0,1,0,348,110,0,Y
101445,7,11,46,6,2,4,2,0,0,2,CHE,0,1,0,,111.4,1,N
113232,108,6,22,2,0,2,2,0,0,2,FRA,0,1,0,,126,1,N
109166,35,4,14,4,0,4,2,0,0,2,GBR,0,1,1,,120,2,N
44677,156,10,41,9,1,2,2,0,0,2,PRT,0,1,0,,89.25,1,N
54185,42,7,28,8,0,1,3,0,0,3,BEL,0,4,0,,150.3,0,Y
56524,426,9,37,8,0,2,2,0,0,2,PRT,0,1,0,,62,0,Y
54414,32,7,29,15,1,2,3,0,0,3,ITA,0,4,0,,168.3,0,Y
40690,34,8,32,5,0,2,2,0,0,2,PRT,0,1,0,,62,0,Y
103731,80,12,53,27,0,3,2,0,0,2,DEU,0,4,0,,114.9,1,N
60354,277,11,46,7,1,2,2,0,0,2,PRT,0,1,0,,100,0,Y
94392,4,6,22,2,0,1,2,0,0,2,PRT,4,6,0,45,0,3,N
65558,373,4,14,5,0,3,2,0,0,2,PRT,0,1,0,,90,0,Y
86124,81,3,13,25,1,2,3,0,0,3,ITA,0,1,2,,94,0,N
78886,23,10,42,16,0,2,1,0,0,1,PRT,0,1,0,,109,0,N
113362,434,6,22,3,2,1,2,0,0,2,GBR,0,1,0,,112.67,1,N
106576,1,2,9,26,1,0,2,2,0,4,PRT,0,6,0,,188.4,0,N
84093,4,2,8,19,0,1,1,0,0,1,PRT,0,1,1,67,81,0,N
109021,4,4,14,4,0,1,2,0,0,2,ESP,0,1,0,,108,1,N
52682,40,6,24,9,0,2,2,0,0,2,ARG,0,4,0,,165.6,0,Y
63451,67,2,7,12,2,0,2,0,0,2,PRT,0,1,0,,80,0,Y
79494,13,2,8,17,0,1,1,0,0,1,PRT,0,1,0,40,67,0,N
64957,56,3,12,21,0,3,2,0,0,2,PRT,0,1,0,,85,0,Y
103946,11,1,1,1,2,0,2,0,0,2,PRT,0,1,1,,65,0,N
63978,44,2,8,25,2,1,2,0,0,2,ESP,0,4,0,,121,0,Y
86983,77,4,15,8,2,2,2,0,0,2,BRA,0,1,0,,80.75,2,N
43768,86,9,39,24,0,2,1,0,0,1,FRA,0,1,1,,87.5,0,N
87821,1,4,18,26,0,1,3,0,0,3,PRT,0,6,0,,205.95,1,N
90235,1,6,23,2,0,2,2,0,0,2,PRT,0,1,1,174,119,1,N
103902,15,12,53,29,1,3,2,0,0,2,FRA,0,1,0,,102,2,N
44814,105,10,42,12,1,2,2,0,0,2,PRT,0,1,0,,110,0,Y
97103,147,9,37,8,1,3,2,1,0,3,BRA,0,1,0,,111.19,2,N
46182,3,12,52,22,2,7,1,0,0,1,PRT,0,1,0,,67.5,0,N
64782,25,3,11,16,0,3,2,0,0,2,NLD,0,4,0,,128,0,Y
79954,3,11,45,6,0,2,1,0,0,1,DEU,0,1,0,,101,2,N
41941,15,8,35,27,0,2,1,0,0,1,PRT,0,1,0,,80,1,Y
48123,100,3,12,17,1,3,2,0,0,2,NLD,0,1,0,,73.95,0,N
59089,263,10,43,21,0,2,2,0,0,2,PRT,0,1,0,,110,0,Y
112871,54,5,21,26,1,2,2,0,0,2,GBR,0,1,0,,121.6,1,N
69577,189,6,22,2,0,2,2,0,0,2,PRT,0,1,0,,100,0,Y
43563,141,9,39,20,1,0,2,0,0,2,CN,0,1,0,,90,0,N
110865,166,5,18,1,1,1,2,0,0,2,USA,0,1,0,,99,2,N
92151,89,6,27,26,2,3,2,0,0,2,FRA,0,1,0,,107.1,2,N
62280,75,1,1,7,1,1,1,0,0,1,USA,0,1,0,,86.4,1,Y
42453,1,9,37,6,2,0,0,0,0,0,PRT,0,1,0,,0,0,Y
41777,11,8,35,24,1,0,2,0,0,2,PRT,0,1,0,,90,1,N
99741,335,10,42,13,0,3,2,0,0,2,FRA,0,1,1,,90,1,N
103468,260,12,53,25,1,0,2,0,0,2,DEU,0,1,0,,67.5,2,N
58388,279,10,42,12,0,3,2,0,0,2,PRT,0,1,0,,110,0,Y
51320,58,5,21,18,0,1,3,0,0,3,RUS,0,4,0,,159.3,0,Y
90919,3,6,25,12,1,0,2,0,0,2,PRT,0,1,0,,100,0,N
54710,68,7,31,24,2,1,2,1,0,3,USA,0,1,0,,121.5,0,Y
104612,34,1,3,18,0,1,1,0,0,1,ESP,0,1,0,,75,0,N
107760,100,3,11,16,0,2,2,0,0,2,FRA,0,1,0,,79.2,1,N
57614,447,9,40,29,0,2,2,0,0,2,PRT,0,1,0,,62,0,Y
46145,8,12,51,16,0,4,2,0,0,2,FRA,0,1,0,,77.6,0,N
83474,3,2,9,25,0,1,1,0,0,1,PRT,0,1,0,40,66,1,N
112496,1,5,21,21,2,2,2,0,0,2,FRA,0,1,0,,99,0,N
56310,220,9,36,3,1,1,2,1,0,3,DEU,0,1,0,,143.1,1,Y
63548,79,2,7,13,2,5,3,0,0,3,POL,0,4,0,,130.9,1,Y
90237,1,6,23,2,0,2,2,0,0,2,PRT,0,1,1,174,110,1,N
89095,46,5,21,16,1,1,3,0,0,3,PRT,0,4,1,,163.8,2,N
65335,105,3,13,31,2,2,2,0,0,2,POL,0,1,0,,110.7,1,Y
94452,207,8,32,4,0,1,2,2,0,4,DEU,0,6,0,,168.3,1,N
81425,0,3,14,30,0,1,1,0,0,1,PRT,0,6,0,45,0,1,N
69476,134,6,22,1,0,1,2,0,0,2,GBR,0,1,0,,108,1,Y
109680,130,4,15,12,0,3,2,0,0,2,FRA,0,1,2,,123,2,N
45948,114,11,49,30,2,5,2,0,0,2,DEU,0,1,0,,41.43,0,N
90052,11,3,11,14,0,2,1,0,0,1,PRT,0,1,0,45,0,0,N
90160,11,5,23,29,2,3,2,0,0,2,DEU,0,1,0,,111.35,1,N
97511,9,9,38,14,0,3,2,2,0,4,FRA,0,6,0,,249,1,N
88373,21,5,19,4,0,1,2,0,0,2,GBR,0,4,0,,165,1,N
95799,157,8,34,19,2,3,2,2,0,4,POL,0,6,0,,217.6,2,N
108000,18,3,12,20,1,0,1,0,0,1,SWE,0,4,0,,95,0,N
106967,1,3,9,3,0,2,2,0,0,2,PRT,0,1,0,,108,1,N
65015,20,3,12,22,0,2,2,0,0,2,PRT,0,1,0,,98,0,Y
118937,457,8,34,25,0,2,2,0,0,2,DEU,0,1,1,,122.4,1,N
101163,199,11,45,4,1,2,2,0,0,2,GBR,0,1,0,,68,1,N
64334,97,3,10,6,1,1,2,0,0,2,BRA,0,1,0,,79.2,0,Y
62452,38,1,2,14,0,1,1,0,0,1,PRT,0,1,0,67,75,0,Y
101711,47,11,46,12,2,3,2,0,0,2,DEU,0,1,0,,89.08,1,N
82726,27,1,2,5,0,1,1,0,0,1,USA,0,1,1,,64.8,0,N
87426,90,4,16,16,2,2,1,0,0,1,CHE,0,1,0,,80.75,0,N
63120,56,2,5,1,0,3,2,0,0,2,PRT,0,1,0,,60,0,Y
76386,273,7,29,17,0,2,1,0,0,1,PRT,0,1,1,,87,0,N
54511,170,7,30,18,1,3,2,0,0,2,DEU,0,1,0,,95.2,1,Y
82568,58,12,53,27,2,4,2,0,0,2,CHE,0,4,0,,78.53,1,N
82566,97,12,53,29,0,4,2,0,0,2,FRA,0,4,0,,60.5,1,N
82845,68,2,8,17,0,2,2,0,0,2,PRT,1,1,0,,75,0,Y
93340,89,7,30,17,2,2,2,0,0,2,GBR,0,1,0,,72.25,3,N
71464,10,7,27,6,0,1,2,0,0,2,ESP,0,1,0,,118,2,Y
65742,179,4,14,7,1,2,2,0,0,2,ESP,0,2,1,,119.68,1,Y
58391,314,10,42,12,0,3,2,0,0,2,PRT,0,1,0,,75,0,Y
111071,8,5,18,2,0,4,2,0,0,2,PRT,0,1,0,,160,0,N
52653,337,6,24,9,0,2,2,0,0,2,PRT,0,1,0,,62,0,Y
106506,134,2,8,25,0,1,1,0,0,1,PRT,0,1,0,,75,0,N
42890,168,9,37,11,0,2,2,0,0,2,PRT,0,1,0,,60,0,N
102593,4,11,49,29,0,3,2,0,0,2,ITA,0,1,1,,138.33,0,N
65460,57,4,14,3,1,4,2,2,0,4,FRA,0,6,0,,277,0,Y
70576,34,6,25,19,1,0,2,1,0,3,SWE,0,1,0,,160,1,Y
118836,152,8,34,20,2,4,2,1,0,3,CYP,0,1,0,,148.5,2,N
42585,0,9,37,7,1,1,2,0,0,2,PRT,0,4,0,,118.8,0,Y
91568,33,6,26,20,1,2,2,0,0,2,ISR,0,1,0,,85.5,0,N
74451,304,8,34,17,1,1,2,0,0,2,PRT,1,1,0,,62,0,Y
82012,115,3,13,20,2,0,1,0,0,1,PRT,1,1,0,,70,0,Y
102861,65,12,50,4,2,2,2,0,0,2,GRC,0,1,0,,68,1,N
79898,17,11,46,8,0,0,2,0,0,2,PRT,0,1,0,,0,0,N
82465,31,12,53,28,1,2,2,0,0,2,FRA,0,1,0,,80,0,N
64671,37,3,11,15,0,2,2,0,0,2,PRT,0,1,0,,110,0,Y
67171,116,4,17,29,1,1,3,0,0,3,ITA,0,5,0,,189,0,Y
43139,14,9,38,15,0,3,1,0,0,1,RUS,0,1,0,,114,1,N
66359,21,4,16,18,0,1,2,0,0,2,PRT,0,1,0,,115,1,Y
76478,414,12,49,5,2,1,2,0,0,2,PRT,1,1,0,,62,0,Y
46124,4,12,50,11,0,2,2,0,0,2,PRT,0,4,0,,116,0,N
71835,277,7,28,13,0,3,2,0,0,2,GBR,0,4,0,,120.6,1,Y
108291,116,3,12,24,0,2,1,0,0,1,FRA,0,1,1,,90,0,N
106193,14,2,8,20,1,2,2,1,0,3,DNK,0,4,0,,109.73,1,N
106209,5,3,10,8,0,1,1,0,0,1,PRT,0,1,0,219,80,2,N
95602,1,8,34,20,0,1,2,0,0,2,FRA,0,1,0,,159,0,N
109010,111,4,14,3,1,1,2,0,0,2,ISR,0,1,0,,95,1,N
114125,364,6,24,16,0,1,1,0,0,1,PRT,0,1,1,,64.5,0,N
61969,282,12,53,29,1,3,2,0,0,2,ESP,0,1,0,,115.6,0,Y
117756,119,8,32,6,2,1,2,0,0,2,CHE,0,4,0,,124,1,N
92647,12,7,28,7,0,3,3,0,0,3,PRT,0,4,0,,182.33,2,N
72354,162,7,30,26,2,8,1,1,0,2,PRT,0,4,0,,96.91,0,Y
118143,504,8,32,12,2,1,1,0,0,1,PRT,0,1,3,,0,0,N
65026,88,3,12,22,0,4,2,0,0,2,ITA,0,4,0,,100.3,1,Y
57012,205,9,38,16,1,2,2,0,0,2,PRT,0,1,0,,120,0,Y
110183,133,4,16,19,0,4,2,0,0,2,POL,0,1,0,,124,0,N
76508,414,12,49,5,2,1,1,0,0,1,PRT,1,1,0,,60,0,Y
113123,409,5,22,31,0,3,2,0,0,2,AUS,0,1,0,,112.67,2,N
116361,222,7,28,13,2,4,2,0,0,2,USA,0,1,0,,107.1,0,N
70256,32,6,24,13,0,1,1,0,0,1,GBR,0,1,0,,108,1,Y
87349,28,4,16,16,1,1,2,0,0,2,PRT,0,1,0,,114,1,N
81892,178,4,18,28,0,3,2,0,0,2,PRT,1,1,0,,120,0,Y
111413,173,5,19,7,2,2,2,0,0,2,GBR,0,1,0,,89.1,1,N
116559,295,7,29,20,0,2,0,2,0,2,ZAF,0,2,0,,91.4,1,N
90563,247,6,24,6,1,1,2,0,0,2,DEU,0,1,0,,115,1,N
94436,170,8,32,1,1,2,2,0,0,2,BEL,0,1,0,,105.3,0,N
107152,49,3,9,3,2,3,2,0,0,2,DEU,0,1,0,,68,0,N
43498,74,9,38,18,0,2,1,0,0,1,PRT,0,1,0,,80,0,Y
98315,1,9,40,26,1,1,2,0,0,2,FRA,0,1,0,,170,1,N
62725,23,1,3,20,0,2,2,0,0,2,FRA,0,1,0,,106.75,2,Y
112114,9,5,20,15,1,4,2,0,0,2,NOR,0,4,0,,129.2,2,N
45656,140,11,47,18,0,3,2,0,0,2,PRT,0,1,0,,75,0,N
67746,407,5,18,6,2,1,2,0,0,2,PRT,0,1,0,,90,0,Y
97198,45,9,37,10,2,1,2,1,0,3,PRT,0,1,0,,96.33,1,N
90409,191,6,23,3,1,2,2,0,0,2,FRA,0,1,0,,132,0,N
57072,29,9,39,18,2,0,2,0,0,2,GBR,0,1,0,,122.55,0,Y
107036,56,3,10,6,1,0,2,0,0,2,IRL,0,2,1,,79.74,0,N
113897,11,6,24,12,1,1,1,0,0,1,DEU,0,1,1,,95,0,N
92360,156,7,27,2,2,1,2,0,0,2,AUT,0,1,0,,96.3,2,N
116749,423,7,29,22,1,1,2,0,0,2,DEU,0,1,0,,122.4,1,N
74108,328,9,37,10,0,2,2,0,0,2,PRT,1,1,0,,62,0,Y
119093,21,8,35,28,1,0,2,0,0,2,PRT,0,1,0,,149,1,N
65641,295,4,14,6,0,3,2,0,0,2,IRL,0,1,0,,109.8,0,Y
79458,137,1,5,27,0,2,1,0,0,1,PRT,1,1,0,,70,0,Y
74453,304,8,34,17,1,1,2,0,0,2,PRT,1,1,0,,62,0,Y
96418,23,8,36,30,0,3,2,0,0,2,ITA,0,1,0,,93.5,2,N
110039,243,4,16,16,2,3,1,2,0,3,FRA,0,2,0,,97.65,1,N
53119,0,6,25,16,0,1,2,0,0,2,PRT,0,1,0,45,0,1,Y
110063,215,4,16,19,0,2,2,0,0,2,DEU,0,1,0,,117,2,N
56459,64,9,37,6,1,5,2,0,0,2,FRA,0,4,0,,136.8,0,Y
87422,26,4,17,18,1,1,2,0,0,2,DEU,0,1,0,,89,1,N
102018,39,11,47,15,2,5,2,0,0,2,BRA,0,1,0,,97.4,1,N
63574,15,2,7,14,0,2,1,0,0,1,GBR,0,1,0,,98,0,Y
41003,1,8,33,10,1,3,2,0,0,2,PRT,0,1,0,,89,0,N
100537,247,10,44,25,0,4,2,0,0,2,ROU,0,1,0,,90.95,1,N
42216,10,9,36,3,0,1,2,2,0,4,PRT,0,6,0,,155,1,N
93739,124,7,30,23,2,1,2,0,0,2,NLD,0,1,0,,72.25,0,N
55625,405,8,34,18,0,2,2,0,0,2,PRT,0,1,0,,62,0,Y
93322,161,7,29,16,2,2,2,0,0,2,GBR,0,1,0,,87.13,1,N
61336,517,12,50,8,0,2,2,0,0,2,PRT,0,1,0,,62.8,0,Y
44017,68,9,40,29,0,2,2,0,0,2,FRA,0,1,0,,65,0,N
109181,7,4,14,7,0,1,2,0,0,2,PRT,0,1,0,,115,1,N
99626,238,10,42,13,0,3,1,0,0,1,PRT,0,1,0,,80,0,N
114960,0,6,26,28,0,1,1,0,0,1,PRT,0,4,0,,120,0,N
103186,4,12,51,14,0,1,1,0,0,1,ESP,0,1,0,,88,1,N
103291,38,12,51,16,0,2,2,0,0,2,PRT,0,1,0,,0,0,N
48350,76,3,13,21,1,5,2,0,0,2,BRA,0,1,0,,76.5,1,N
40721,12,8,32,5,0,3,2,0,0,2,RUS,0,1,0,38,65,0,N
109781,94,4,15,14,1,2,2,0,0,2,POL,0,1,1,,80.1,0,N
51826,323,5,22,26,0,2,2,0,0,2,PRT,0,1,0,,62,0,Y
68112,10,5,19,13,1,1,2,0,0,2,FRA,0,1,0,,170,2,Y
74525,332,9,38,14,1,1,2,0,0,2,PRT,1,1,0,,62,0,Y
117741,159,8,32,7,1,1,3,0,0,3,FRA,0,4,0,,184.5,0,N
94176,301,7,31,30,1,1,1,0,0,1,DEU,0,1,1,,90,0,N
68718,95,5,20,20,2,1,2,0,0,2,DEU,0,1,0,,126,0,Y
67960,316,5,19,10,0,2,2,0,0,2,PRT,0,1,0,,109.8,1,Y
83656,1,2,7,7,2,1,2,0,0,2,FRA,0,4,1,,51.5,0,N
83823,29,2,7,12,0,2,2,0,0,2,IRL,0,1,0,,86.45,1,N
59612,150,10,45,30,2,0,2,0,0,2,BRA,0,1,0,,80.1,0,Y
52690,104,6,24,9,0,3,2,1,0,3,BRA,0,1,0,,143.1,0,Y
105499,2,2,6,9,0,1,2,0,0,2,PRT,0,1,0,,97,1,N
94970,221,8,33,12,0,1,1,0,0,1,DEU,0,1,0,,73,0,N
89194,64,5,21,17,0,2,2,0,0,2,FRA,0,1,2,218,140,1,N
47625,116,2,10,28,2,1,1,0,0,1,PRT,0,1,0,,61,0,Y
60213,277,11,46,7,1,2,2,0,0,2,PRT,0,1,0,,100,0,Y
84774,1,3,10,2,0,1,1,0,0,1,FRA,0,1,0,,0,0,N
119252,140,8,35,27,2,3,2,2,0,4,AUT,0,6,0,,235,0,N
58361,128,10,42,11,0,3,2,0,0,2,RUS,0,1,0,,118.8,1,Y
114338,169,6,24,16,2,2,2,0,0,2,DEU,0,4,0,,130.5,0,N
110008,99,4,15,15,2,4,1,0,0,1,DEU,0,1,2,,113,0,N
70123,155,6,23,10,1,1,2,0,0,2,BRA,0,1,0,,144,2,Y
108113,1,3,12,22,0,1,1,0,0,1,TUR,0,1,0,,99,2,N
108996,111,4,14,3,1,1,1,0,0,1,ISR,0,1,1,,85,1,N
65179,95,3,13,26,2,3,2,0,0,2,NLD,0,1,0,,91.8,1,Y
70351,131,6,24,15,0,3,3,0,0,3,AUT,0,4,1,,171,0,Y
61681,89,12,52,22,2,3,3,0,0,3,USA,0,4,0,,119,1,Y
78951,1,12,53,27,2,1,1,0,0,1,PRT,0,1,0,40,65,0,N
40286,12,7,29,18,2,3,2,0,0,2,PRT,0,1,1,,62,0,N
66819,156,4,17,26,0,3,2,0,0,2,PRT,0,1,0,,100,0,Y
50843,14,5,20,9,3,10,1,0,0,1,AGO,0,5,0,,170.85,0,Y
114756,396,6,26,25,2,0,1,0,0,1,PRT,0,1,1,,95.5,1,N
42604,0,9,37,8,0,1,1,0,0,1,PRT,0,1,0,,114,0,N
116165,18,7,28,15,0,1,2,0,0,2,AUT,0,1,0,,120,2,N
68127,151,5,19,13,2,2,2,0,0,2,PRT,0,1,0,,95,0,Y
87790,44,4,17,23,2,1,2,0,0,2,PRT,0,2,0,,95,0,N
41349,6,8,33,14,2,3,1,0,0,1,FRA,0,1,0,,83.2,1,N
52623,27,6,24,9,0,1,2,0,0,2,PRT,0,1,0,,120,0,Y
94594,180,8,32,3,0,4,2,0,0,2,BEL,0,1,0,,89.25,0,N
93787,169,7,31,24,2,1,2,1,0,3,BEL,0,4,0,,128.4,2,N
101514,9,11,46,11,0,2,2,0,0,2,PRT,0,1,0,,0,3,N
64558,52,3,11,13,1,1,1,0,0,1,PRT,0,1,0,,80,0,Y
101608,0,11,47,14,1,0,2,0,0,2,PRT,0,1,0,,105,0,N
76053,364,10,42,16,0,2,2,0,0,2,PRT,1,1,0,,101.5,0,Y
56204,419,9,36,1,0,2,2,0,0,2,PRT,0,1,0,,62,0,Y
83502,1,2,6,3,0,2,1,0,0,1,FRA,0,1,0,,92,2,N
113176,38,6,22,2,0,1,2,0,0,2,ESP,0,1,0,,140,1,N
67596,97,5,18,5,0,2,3,0,0,3,ITA,0,4,0,,171,0,Y
78614,221,10,41,10,2,1,2,0,0,2,FRA,0,1,0,,65,0,N
49242,50,4,15,8,0,2,1,0,0,1,PRT,0,1,1,,112.5,0,Y
111360,13,8,35,29,0,1,1,0,0,1,PRT,1,1,0,238,65,0,N
102104,27,11,48,22,0,1,2,0,0,2,IRL,0,1,1,,98,0,N
54931,131,7,31,30,2,6,3,0,0,3,ESP,0,4,0,,137.19,0,Y
64097,601,3,9,2,0,2,2,0,0,2,PRT,0,1,0,,62,0,Y
44835,60,10,42,12,1,3,2,0,0,2,PRT,0,1,0,,65,1,N
57535,250,9,40,26,1,3,2,0,0,2,PRT,0,1,0,,95,0,Y
47767,89,3,10,3,0,3,2,0,0,2,FRA,0,1,0,,80.3,0,N
110622,91,4,17,27,0,3,2,0,0,2,DEU,0,1,0,,117,1,N
103879,245,12,53,29,1,3,2,0,0,2,DEU,0,1,0,,145.8,1,N
66926,156,4,17,26,0,3,2,0,0,2,PRT,0,1,0,,100,0,Y
49252,6,4,15,8,2,2,3,0,0,3,KOR,0,4,0,,148.5,0,Y
84347,9,2,9,22,1,1,2,0,0,2,ESP,0,4,1,,86.8,0,N
92041,145,6,27,28,0,2,2,0,0,2,ESP,0,1,0,,105.3,1,N
83832,4,2,7,12,0,2,2,0,0,2,ESP,0,1,0,,88,1,N
56889,433,9,38,15,0,2,2,0,0,2,PRT,0,1,0,,62,0,Y
73529,457,8,34,25,0,2,2,0,0,2,PRT,0,1,0,,80,0,Y
55205,136,8,33,7,2,5,2,0,0,2,PRT,0,1,0,,107.95,0,Y
65754,48,4,14,7,1,2,3,0,0,3,BRA,0,4,0,,180,1,Y
118806,193,8,34,23,0,3,2,0,0,2,DEU,0,4,0,,126,1,N
103907,207,12,53,30,1,2,2,0,0,2,FRA,0,1,0,,95,0,N
53842,113,6,27,30,1,3,2,0,0,2,PRT,0,1,0,,85,0,Y
106302,48,2,8,22,0,2,2,0,0,2,ESP,0,1,1,,75,1,N
76791,395,3,13,21,1,2,2,0,0,2,PRT,1,1,0,,62.8,0,Y
102687,29,12,49,2,0,2,2,0,0,2,PRT,0,1,3,,85,2,N
113455,352,6,23,4,2,2,2,0,0,2,DEU,0,1,0,,83.75,1,N
70516,150,6,24,17,2,3,1,0,0,1,PRT,0,1,0,,120,0,Y
110824,140,4,17,28,2,2,2,0,0,2,FRA,0,1,0,,130,1,N
91373,45,6,25,17,1,2,2,0,0,2,PRT,0,1,0,,65,1,N
59859,304,11,45,3,0,3,2,0,0,2,PRT,0,1,0,,89,0,Y
96731,63,9,36,1,2,4,2,0,0,2,FRA,0,4,0,,111.6,1,N
110394,5,4,17,26,0,1,1,0,0,1,PRT,0,4,2,,0,3,N
72321,243,7,30,26,0,4,2,0,0,2,PRT,0,1,0,,110,0,Y
94199,172,7,31,26,1,5,2,0,0,2,DEU,0,1,0,,72.25,0,N
67364,103,5,18,2,0,4,1,0,0,1,FRA,0,1,0,,117,0,Y
65899,90,4,15,9,2,3,2,1,0,3,DEU,0,1,0,,136.8,2,Y
102678,29,12,49,2,0,2,2,0,0,2,PRT,0,1,0,,85,0,N
94110,242,7,31,29,0,2,2,0,0,2,BEL,0,2,0,,81.45,0,N
77649,98,12,53,29,0,3,2,0,0,2,PRT,1,1,0,,106,1,Y
72360,204,7,30,27,0,1,3,0,0,3,ITA,0,4,2,,144,0,Y
80224,20,11,46,10,0,4,2,0,0,2,ROU,0,1,0,,75,0,N
89543,86,5,21,20,1,2,2,0,0,2,PRT,0,1,0,,65,1,N
81726,109,2,9,21,2,1,2,0,0,2,PRT,1,1,0,,75,0,Y
72603,64,8,31,1,0,1,2,0,0,2,GBR,0,1,0,,130,1,Y
111145,95,5,18,2,0,5,3,0,0,3,NLD,0,4,0,,171,1,N
81329,3,12,50,6,2,0,2,0,0,2,ESP,0,4,0,,78.2,0,N
100546,234,10,44,25,0,4,2,0,0,2,DEU,0,4,0,,103.7,1,N
60575,2,11,47,16,0,1,2,0,0,2,CHE,0,1,1,,105,0,Y
70380,91,6,24,16,0,2,3,0,0,3,PRT,0,6,0,,256.5,0,Y
45648,140,11,47,18,0,3,2,0,0,2,PRT,0,1,0,,75,1,N
94593,141,8,32,1,1,5,3,0,0,3,ESP,0,4,0,,131.47,1,N
93577,292,7,30,21,0,2,1,0,0,1,DEU,0,1,1,,90,0,N
90143,138,5,23,31,0,3,2,0,0,2,BRA,0,1,0,,105.9,1,N
54496,217,7,30,18,1,1,2,0,0,2,FRA,0,2,0,,95.63,1,Y
53901,114,7,27,1,1,2,1,0,0,1,PRT,0,1,0,,75,0,Y
59333,475,10,44,27,0,2,2,0,0,2,PRT,0,1,0,,62,0,Y
62847,59,1,4,23,1,1,2,0,0,2,PRT,0,1,0,,80,0,Y
79183,5,10,43,19,1,3,2,0,0,2,ESP,0,1,1,,123,1,N
77824,16,9,39,25,2,2,1,0,0,1,BEL,0,1,1,,170,0,N
52127,113,5,23,31,0,3,1,0,0,1,PRT,0,1,0,202,100,0,Y
75156,278,7,30,22,0,2,2,0,0,2,PRT,1,1,0,,62,0,Y
77763,17,10,42,11,2,5,1,0,0,1,PRT,1,4,0,,128.71,0,Y
93241,91,7,29,16,2,1,2,0,0,2,NLD,0,4,0,,118.8,2,N
46817,151,1,4,19,0,3,1,0,0,1,PRT,0,1,0,,80,0,Y
111176,7,5,18,5,0,2,2,0,0,2,DEU,0,1,0,,170,1,N
49614,101,4,16,16,0,1,2,1,0,3,BRA,0,1,0,,65.83,2,N
83959,2,2,7,10,2,4,2,0,0,2,AGO,0,1,5,,80.67,0,N
110582,39,4,17,26,0,3,3,2,0,5,CHE,0,7,0,,289,0,N
65798,139,4,14,8,2,2,2,0,0,2,BRA,0,1,0,,117,0,Y
117572,184,7,30,29,2,6,3,0,0,3,ROU,0,1,0,,107.1,1,N
108983,111,4,14,3,1,1,2,0,0,2,ISR,0,1,0,,95,1,N
58489,36,10,42,13,0,1,1,0,0,1,PRT,0,1,0,,102.6,0,Y
91514,7,6,26,19,2,2,2,0,0,2,FRA,0,4,0,,156,1,N
118064,187,8,32,11,1,2,2,0,0,2,NLD,0,1,0,,112.5,1,N
55479,147,8,33,13,2,5,2,1,0,3,ESP,0,1,0,,122.04,0,Y
95976,126,8,35,24,0,3,2,0,0,2,ESP,0,4,0,,121.13,0,N
56597,178,9,37,9,0,2,1,0,0,1,PRT,0,1,0,,135,0,Y
100285,0,10,44,26,0,0,1,0,0,1,PRT,0,1,0,,0,1,N
45450,59,10,44,29,0,2,1,0,0,1,PRT,0,1,0,,75,0,N
44535,97,10,41,7,0,2,2,0,0,2,PRT,0,1,0,,62,0,N
59318,153,10,44,27,0,1,2,0,0,2,PRT,0,1,0,,80.1,2,Y
59675,197,10,45,31,1,0,2,0,0,2,CHE,0,1,0,,96.3,3,Y
115215,71,6,26,29,1,3,3,0,0,3,NLD,0,4,1,,190,1,N
107465,66,3,10,10,1,2,2,0,0,2,PRT,0,1,0,,80,1,N
49546,19,4,16,14,1,3,3,0,0,3,GBR,0,4,0,,156.5,0,Y
73618,368,8,35,28,1,2,2,0,0,2,PRT,0,1,1,,80.1,0,Y
57418,24,9,40,26,1,1,2,0,0,2,CHN,0,1,0,,107.1,0,Y
50165,198,4,18,24,2,2,2,0,0,2,PRT,0,1,2,,95.4,0,Y
48862,86,3,14,31,1,3,2,0,0,2,FRA,0,1,0,,82.45,1,N
42870,87,9,37,11,0,2,1,0,0,1,FRA,0,1,0,,100,0,Y
41190,39,8,33,14,0,2,2,0,0,2,DEU,0,1,0,,109,0,N
82844,68,2,8,17,0,2,2,0,0,2,PRT,1,1,0,,75,0,Y
47137,66,2,7,9,0,3,2,0,0,2,POL,0,2,1,,80.55,1,N
91417,110,6,25,17,2,2,2,0,0,2,GBR,0,1,0,,109.65,1,N
109253,143,4,14,6,0,3,3,0,0,3,ITA,0,4,0,,166.5,1,N
111664,115,5,19,11,0,3,2,0,0,2,GBR,0,1,0,,120,0,N
67591,161,5,18,5,0,2,2,0,0,2,PRT,0,1,0,,120,0,Y
99545,36,10,42,13,0,1,1,0,0,1,AUS,0,1,0,,102.6,2,N
52664,337,6,24,9,0,2,2,0,0,2,PRT,0,1,0,,62,0,Y
112561,14,5,21,24,0,2,1,0,0,1,ARG,0,4,0,,157.5,0,N
40968,39,8,33,10,1,1,2,0,0,2,PRT,0,1,0,,62,0,N
57739,219,9,40,30,1,2,2,0,0,2,PRT,0,1,0,,120,0,Y
54434,200,7,29,15,3,7,2,0,0,2,GBR,0,1,0,,90.95,1,Y
80207,33,11,45,7,2,5,2,0,0,2,DEU,0,1,0,,41.43,0,N
119107,0,8,35,28,1,0,2,1,1,4,PRT,0,4,2,,150,0,N
53882,44,7,27,1,0,2,2,0,0,2,PRT,0,1,0,,101.15,0,Y
97508,222,9,38,14,0,3,2,0,0,2,CHE,0,2,1,,116.1,0,N
97799,3,9,39,19,1,1,1,0,0,1,ESP,0,1,0,,95,0,N
46693,18,1,3,15,2,5,2,0,0,2,KOR,0,4,0,,97,0,Y
79621,6,10,44,28,0,3,2,0,0,2,ISR,0,1,1,,75,0,N
68822,183,5,20,20,2,5,3,0,0,3,FRA,0,4,0,,175.11,0,Y
80816,55,11,48,22,2,1,2,0,0,2,BEL,0,4,0,,60,0,N
113191,203,5,22,31,0,4,2,0,0,2,NLD,0,1,0,,91.51,3,N
109217,68,4,14,5,0,3,1,0,0,1,NLD,0,1,1,418,100,0,N
96257,21,8,36,28,2,1,2,0,0,2,DEU,0,1,0,,125,1,N
88198,11,4,18,30,1,1,2,2,0,4,ESP,0,6,0,,225,2,N
112622,126,5,21,21,2,3,2,0,0,2,NLD,0,4,0,,136.8,2,N
81743,113,2,9,25,0,3,2,0,0,2,PRT,1,1,0,,75,0,Y
105782,58,2,7,14,0,1,2,0,0,2,FRA,0,1,0,,95.4,1,N
62372,65,1,2,12,0,2,1,0,0,1,PRT,0,1,0,366,65,0,Y
55675,166,8,34,18,2,6,2,0,0,2,ITA,0,1,2,,100.12,0,Y
66224,87,4,15,15,2,2,2,0,0,2,PRT,0,1,0,,95,0,Y
92439,1,7,28,4,1,2,2,0,0,2,CN,0,1,0,,107.03,1,N
93480,1,7,30,21,0,1,1,0,0,1,PRT,0,1,0,,88,1,N
63152,56,2,5,1,0,3,2,0,0,2,PRT,0,1,0,,60,0,Y
108695,156,3,13,28,0,3,2,0,0,2,BRA,0,4,0,,79,1,N
73901,258,7,27,2,0,2,2,0,0,2,PRT,1,1,0,,62,0,Y
48613,161,3,13,25,1,2,2,0,0,2,PRT,0,1,0,,130,0,Y
113228,144,6,22,1,0,3,2,0,0,2,IRL,0,1,0,,116.67,1,N
63683,15,2,7,17,0,2,2,0,0,2,PRT,0,1,0,,95,0,Y
59105,192,10,43,21,0,2,2,0,0,2,PRT,0,1,0,,95,0,Y
47957,15,3,11,10,2,4,2,0,0,2,RUS,0,1,0,,88,0,Y
86899,159,4,15,9,1,1,2,0,0,2,FRA,0,1,0,,70,1,N
107059,1,3,9,3,2,2,3,0,0,3,ITA,0,4,0,,134.3,0,N
60318,277,11,46,7,1,2,2,0,0,2,PRT,0,1,0,,100,0,Y
72179,240,7,30,23,2,1,2,0,0,2,PRT,0,1,0,,110,0,Y
69998,29,6,23,8,0,3,2,0,0,2,BEL,0,4,0,,214.67,1,Y
96319,4,8,36,30,0,2,3,0,0,3,FRA,0,4,0,,175,2,N
49297,60,4,15,9,2,3,3,0,0,3,PRT,0,1,0,,41.76,1,Y
119247,201,8,35,28,1,3,2,0,0,2,DEU,0,4,0,,126,0,N
73632,33,8,35,28,1,3,3,0,0,3,PRT,0,4,0,,210,0,Y
51282,64,5,21,17,0,2,2,0,0,2,PRT,0,1,1,218,140,0,Y
95802,84,8,35,22,1,1,2,0,0,2,CN,0,5,0,,150.3,0,N
106642,2,2,9,27,1,1,2,0,0,2,FIN,0,1,0,,80,1,N
46713,18,1,3,16,2,2,2,0,0,2,FRA,0,1,0,,65,0,N
50745,10,5,19,7,0,1,1,0,0,1,PRT,0,1,0,,141,0,Y
69112,230,5,21,25,0,3,3,0,0,3,GBR,0,4,0,,157.5,1,Y
95109,117,8,33,12,1,2,3,0,0,3,PRT,0,4,0,,155.7,1,N
113844,43,6,23,8,2,3,2,0,0,2,FRA,0,1,0,,156,1,N
53085,188,6,25,15,0,2,1,0,0,1,PRT,0,1,0,,130,0,Y
64939,136,3,12,21,0,3,2,0,0,2,AUT,0,1,0,,93.6,1,Y
103303,1,12,52,18,1,0,2,0,0,2,PRT,0,1,1,,89.5,1,N
101240,0,11,45,5,2,2,2,0,0,2,AGO,0,1,1,,89,0,N
56240,127,9,36,1,1,3,2,0,0,2,FRA,0,4,0,,143.1,0,Y
115502,15,7,27,6,0,1,1,0,0,1,ITA,0,1,1,,125,0,N
90560,247,6,24,6,1,1,2,0,0,2,DEU,0,1,0,,115,1,N
42824,6,9,37,10,1,3,2,0,0,2,NLD,0,1,0,,116.25,2,N
59172,240,10,43,21,1,2,2,0,0,2,PRT,0,1,0,,110,0,Y
55220,215,8,33,8,1,2,2,0,0,2,ITA,0,1,0,,96.3,1,Y
67061,28,4,17,28,0,2,2,0,0,2,ESP,0,1,0,,115,1,Y
75182,292,8,32,5,0,2,2,0,0,2,PRT,1,1,0,,62,0,Y
106254,11,2,8,20,1,3,2,1,0,3,ARG,0,1,0,,103.7,1,N
52592,12,6,24,8,0,2,1,0,0,1,PRT,0,1,0,,90,1,Y
100395,114,10,44,27,0,1,1,0,0,1,BRA,0,1,0,,125.1,1,N
40427,110,7,30,25,2,1,1,0,0,1,ITA,0,1,1,,36.25,0,N
75091,283,7,31,27,1,1,2,0,0,2,PRT,1,1,0,,62,0,Y
84718,21,3,10,1,0,2,3,0,0,3,FRA,0,4,0,,142,2,N
57306,271,9,39,23,0,2,2,0,0,2,GBR,0,1,0,,95.4,0,N
96447,54,8,36,30,0,4,2,0,0,2,DEU,0,1,0,,109.8,3,N
102226,215,11,48,21,1,2,1,0,0,1,MLT,0,1,0,233,75,0,N
99637,377,10,42,14,0,2,2,0,0,2,DEU,0,1,0,,115,1,N
47109,46,2,7,7,2,3,2,0,0,2,DEU,0,2,1,,65.11,0,N
79380,44,10,44,25,2,0,1,0,0,1,GRC,0,1,0,,75.6,0,N
63615,587,2,7,16,0,1,1,0,0,1,PRT,0,1,0,,59,0,Y
86498,62,4,14,1,1,2,2,0,0,2,FRA,0,4,0,,106.2,0,N
109597,96,4,15,11,0,3,2,0,0,2,FRA,0,1,0,,120,1,N
42837,72,9,37,11,0,2,2,0,0,2,LUX,0,1,0,,126,0,N
42629,15,9,37,8,0,4,2,0,0,2,ESP,0,1,0,,105,1,N
76645,11,10,41,4,0,2,2,0,0,2,PRT,1,1,2,45,0,0,N
112783,128,5,21,26,0,2,2,0,0,2,NLD,0,1,1,,126,1,N
70908,129,6,25,24,2,1,1,0,0,1,PRT,0,1,0,,120,0,Y
68996,352,5,21,24,0,3,2,0,0,2,GBR,0,1,0,,99,0,Y
44139,85,9,40,30,0,3,2,0,0,2,DEU,0,1,0,,125,0,N
99177,75,10,41,8,1,1,3,0,0,3,DEU,0,4,1,,151.2,1,N
102761,2,12,49,3,2,1,2,0,0,2,ESP,0,1,0,,109,1,N
98026,238,9,39,20,0,4,2,0,0,2,AUT,0,4,0,,107,1,N
101604,74,11,47,13,2,0,2,0,0,2,ITA,0,1,0,,79.2,2,N
43013,68,9,37,12,2,2,2,0,0,2,PRT,0,1,0,,62,0,N
68904,50,5,21,22,1,2,2,0,0,2,CHN,0,1,0,,144,1,Y
44799,105,10,42,12,1,2,2,0,0,2,PRT,0,1,0,,110,0,Y
115237,233,6,26,29,2,3,2,0,0,2,DEU,0,1,0,,111.06,2,N
106255,52,2,8,19,2,3,2,0,0,2,FRA,0,1,0,,74.8,0,N
89168,8,6,24,17,2,2,1,0,0,1,PRT,2,4,0,153,110,0,Y
60953,180,11,49,27,2,2,2,0,0,2,NLD,0,1,0,,85,0,Y
111016,6,5,18,4,0,1,1,0,0,1,PRT,0,1,0,,120,0,N
71661,262,7,28,9,2,2,2,0,0,2,FRA,0,1,0,,89.1,0,Y
63703,10,2,7,17,1,2,2,0,0,2,PRT,0,1,0,,68,0,Y
74780,241,10,43,19,1,2,2,0,0,2,PRT,1,1,0,,60,0,Y
74834,335,9,38,17,0,1,2,0,0,2,PRT,1,1,0,,85,0,Y
83421,1,1,5,30,1,1,2,0,0,2,SWE,0,1,0,,101,1,N
92957,30,11,47,13,1,0,1,0,0,1,PRT,0,1,0,40,67,0,N
100715,9,10,45,30,2,0,1,0,0,1,NOR,0,1,0,,80.47,1,N
109312,88,4,14,6,0,3,2,2,0,4,BEL,0,6,0,,189,1,N
95747,28,8,35,21,2,1,2,0,0,2,LUX,0,1,0,,118.15,1,N
113464,350,6,22,2,2,4,2,0,0,2,DEU,0,1,1,,89.17,1,N
107335,2,3,10,10,0,2,3,0,0,3,PER,0,6,0,,243,1,N
51151,297,5,20,14,1,1,2,0,0,2,FRA,0,1,0,,65,0,N
78985,3,10,43,19,1,0,1,0,0,1,PRT,0,1,0,,128,0,N
94581,53,8,32,6,0,1,2,0,0,2,GBR,0,4,0,,168.3,1,N
62658,29,1,3,18,0,3,1,0,0,1,PRT,0,1,0,,65,0,Y
103072,174,12,50,7,0,4,3,0,0,3,PRT,0,4,0,,87.72,0,N
43455,74,9,38,18,0,2,2,0,0,2,PRT,0,1,0,,101.5,0,Y
115307,2,7,27,3,1,0,1,0,0,1,PRT,0,1,1,,112,0,N
62008,18,12,53,30,0,2,2,1,0,3,ESP,0,1,0,,158,2,Y
81625,130,4,16,13,0,4,2,0,0,2,PRT,1,1,0,,100,0,Y
59842,38,11,45,3,0,2,2,0,0,2,CN,0,1,0,,88,1,Y
68991,357,5,21,24,0,3,3,0,0,3,GBR,0,4,0,,193.5,0,Y
52410,163,6,24,5,2,2,1,0,0,1,PRT,0,1,0,,100,0,Y
115666,225,7,27,6,0,3,2,0,0,2,GBR,0,1,0,,107.1,0,N
79842,34,12,50,8,0,2,1,0,0,1,PRT,1,1,0,,90,0,Y
67065,206,4,17,28,0,2,2,0,0,2,AUT,0,4,0,,130.5,3,Y
114832,93,6,25,22,2,3,2,0,0,2,DEU,0,1,0,,85,0,N
103159,7,2,6,7,0,2,1,0,0,1,DEU,0,1,0,,98,2,N
46041,99,12,49,5,2,1,2,0,0,2,ESP,0,1,0,,72.25,2,N
43338,74,9,38,18,0,2,2,0,0,2,PRT,0,1,0,,109,0,N
89492,189,5,21,19,0,3,2,0,0,2,PRT,0,1,0,,65,0,N
99509,49,10,42,12,0,2,2,0,0,2,BEL,0,4,0,,139.5,4,N
55508,221,8,34,14,4,5,2,0,0,2,BEL,0,1,0,,90.95,1,N
106545,11,2,8,24,0,2,2,0,0,2,GBR,0,4,0,,123,0,N
40736,34,8,32,5,0,2,2,0,0,2,ESP,0,1,0,,62,0,N
86420,50,3,14,31,0,3,2,0,0,2,ISR,0,1,0,,65,0,N
82331,24,12,52,24,2,3,2,0,0,2,FRA,0,1,0,,58,1,N
72959,164,8,32,10,2,4,2,0,0,2,PRT,0,1,0,,80.1,0,Y
61887,37,12,53,28,0,3,2,0,0,2,FRA,0,1,0,,120,0,Y
77957,19,9,40,28,1,1,1,0,0,1,GBR,0,1,1,,170,0,N
99417,181,10,42,11,0,2,1,0,0,1,FRA,0,1,0,,120,0,N
89422,1,5,21,20,0,1,3,0,0,3,PRT,0,4,0,,206,2,N
110113,95,4,16,20,0,3,2,0,0,2,BRA,0,4,0,,136.8,1,N
100710,103,10,45,31,1,0,2,0,0,2,BGR,0,1,0,,80.1,0,N
46597,3,1,3,10,0,0,2,0,0,2,GBR,0,1,0,,0,1,N
67044,108,4,17,27,2,3,2,0,0,2,GBR,0,1,0,,118.8,0,Y
43360,74,9,38,18,0,2,2,0,0,2,PRT,0,1,0,,101.5,0,Y
101920,16,11,47,16,0,4,2,0,0,2,CIV,0,1,0,,68,1,N
92747,176,7,28,8,1,2,2,0,0,2,BEL,0,1,0,,85.5,0,N
89945,52,5,22,27,1,2,2,0,0,2,BRA,0,4,0,,108.11,2,N
45180,56,10,43,21,0,3,2,0,0,2,ITA,0,1,0,,94.5,3,N
96031,256,8,35,26,0,2,2,0,0,2,DEU,0,1,0,,72.25,1,N
65120,37,3,12,24,3,7,2,2,0,4,BRA,0,6,0,,210.4,1,Y
68417,40,5,20,17,0,2,1,0,0,1,FRA,0,5,0,,215,1,Y
60768,83,11,48,20,2,1,2,0,0,2,HUN,0,1,0,,93.6,0,Y
113145,147,5,22,29,1,4,2,0,0,2,BEL,0,1,2,,135.7,3,N
69894,169,6,23,8,0,3,2,0,0,2,PRT,0,1,0,,170,0,Y
48204,38,3,12,18,1,2,1,0,0,1,LUX,0,4,0,,131.4,0,Y
67201,313,4,17,29,2,1,2,0,0,2,PRT,0,1,0,,90,0,Y
40874,124,8,32,8,2,1,2,0,0,2,ITA,0,1,0,,94.5,0,Y
48773,123,3,14,30,0,3,2,0,0,2,PRT,0,2,0,,89.92,0,Y
44493,32,10,41,6,0,3,2,0,0,2,PRT,0,1,0,,94.5,2,Y
74180,356,10,41,8,0,2,2,0,0,2,PRT,1,1,0,,62,0,Y
108747,69,3,13,30,0,2,2,1,0,3,ITA,0,1,0,,108.2,0,N
95613,88,8,34,19,0,2,3,0,0,3,BRA,0,4,0,,150.3,2,N
65330,62,3,13,31,1,2,2,2,0,4,GBR,0,6,0,,212.67,0,Y
117350,208,8,31,2,0,1,2,0,0,2,FRA,0,1,0,,157,1,N
68717,420,5,20,20,2,1,2,0,0,2,PRT,0,1,0,,90,0,Y
69550,114,6,22,1,2,3,2,0,0,2,HRV,0,1,0,,174.6,0,Y
73874,314,8,35,27,0,2,2,0,0,2,PRT,1,1,0,,62.8,0,Y
63222,152,2,5,2,0,3,2,0,0,2,GBR,0,1,6,,88,2,Y
63541,8,2,7,13,1,3,3,0,0,3,FRA,0,4,0,,138.55,0,Y
62897,100,1,4,24,0,3,2,0,0,2,DEU,0,1,0,,93.6,1,Y
50252,95,4,18,27,0,4,2,0,0,2,PRT,0,4,0,,82.07,1,Y
60252,277,11,46,7,1,2,2,0,0,2,PRT,0,1,0,,100,0,Y
85642,0,3,12,18,0,1,1,0,0,1,PRT,0,1,0,,64.4,0,N
55619,85,8,34,18,0,1,2,0,0,2,ESP,0,1,0,,107.1,0,Y
45341,47,10,44,25,2,4,2,2,0,4,PRT,0,6,0,,198.68,1,Y
50222,59,4,18,26,1,5,2,2,0,4,FRA,0,6,0,,177.93,0,Y
65739,190,4,14,7,0,2,2,0,0,2,DEU,0,1,0,,99,1,Y
87267,29,4,16,13,0,4,3,0,0,3,FRA,0,4,0,,143.18,1,N
47680,116,2,10,28,2,1,1,0,0,1,PRT,0,1,0,,61,0,Y
93761,104,7,30,18,3,6,2,0,0,2,FRA,0,4,0,,120.8,3,N
77048,262,11,46,9,1,2,2,0,0,2,PRT,1,1,0,,62.8,0,Y
117805,73,8,31,2,2,6,2,0,0,2,DEU,0,1,0,,145,0,N
101724,8,11,47,15,0,2,2,0,0,2,PRT,0,1,0,,90,0,N
91080,256,6,25,15,0,2,1,0,0,1,DEU,0,1,1,,90,0,N
93491,292,7,30,21,0,2,1,0,0,1,DEU,0,1,1,,90,0,N
82343,94,3,10,4,0,2,2,0,0,2,PRT,1,1,0,,80,0,Y
84270,14,2,8,15,2,5,2,0,0,2,DEU,0,1,0,,43.43,0,N
44195,164,10,40,2,0,2,1,0,0,1,PRT,0,1,0,,100,0,N
97531,41,9,38,14,0,4,2,0,0,2,ITA,0,1,1,,117,0,N
98875,12,10,41,3,1,2,2,0,0,2,PRT,0,1,0,,85,0,N
98037,271,9,39,21,0,3,2,0,0,2,BEL,0,1,0,,101.33,1,N
70021,169,6,23,8,0,3,2,0,0,2,PRT,0,1,0,,170,0,Y
91446,86,6,25,17,2,3,2,0,0,2,FRA,0,1,0,,126.9,1,N
43457,74,9,38,18,0,2,2,0,0,2,PRT,0,1,0,,101.5,0,Y
79941,0,11,45,7,0,0,1,0,0,1,PRT,0,1,0,,0,0,N
90653,118,6,24,6,1,2,1,0,0,1,ESP,0,1,0,,110,0,N
115009,24,6,26,26,1,3,2,0,0,2,PER,0,1,1,280,100,0,N
54295,138,7,29,11,1,4,2,2,0,4,ITA,0,6,2,,169.15,0,Y
94680,151,8,32,5,1,2,2,0,0,2,GBR,0,1,0,,63.75,0,N
46881,45,1,4,23,1,1,2,0,0,2,BEL,0,1,0,,79.8,0,N
61054,510,12,49,1,0,2,2,0,0,2,PRT,0,1,0,,62.8,0,Y
110842,140,4,17,28,2,2,2,0,0,2,FRA,0,1,0,,130,1,N
88024,99,4,18,28,0,2,2,0,0,2,BRA,0,1,0,,114.3,1,N
85223,23,3,11,8,0,3,2,0,0,2,HUN,0,1,0,,91.67,0,N
78506,2,10,42,11,1,0,1,0,0,1,FRA,0,1,3,,88,0,N
58830,283,10,43,16,2,0,2,0,0,2,PRT,0,1,0,,96,0,Y
59832,14,11,45,3,0,1,1,0,0,1,ESP,0,1,0,,112,1,Y
85292,1,3,11,12,0,1,2,0,0,2,FRA,0,1,0,,97,1,N
114804,396,6,26,25,2,0,2,0,0,2,DEU,0,1,0,,122.4,1,N
86537,59,3,14,29,2,5,2,0,0,2,PRT,0,4,0,,101.27,2,N
59963,305,11,45,4,1,2,2,0,0,2,PRT,0,1,0,,89,0,Y
49165,274,4,15,7,0,2,2,0,0,2,PRT,0,1,0,,62,0,Y
62969,130,1,4,25,0,2,2,0,0,2,CHN,0,1,0,,71.28,2,Y
72639,168,8,31,1,2,6,2,1,0,3,BEL,0,1,0,,148.5,0,Y
81843,178,4,18,28,0,3,1,0,0,1,PRT,1,1,0,,110,0,Y
106793,4,2,9,28,0,3,1,0,0,1,ESP,0,1,1,,98,3,N
114345,215,6,24,15,2,3,2,0,0,2,GBR,0,1,0,,122.4,3,N
109236,139,4,14,6,0,3,2,0,0,2,IRL,0,4,1,,166.5,2,N
53265,350,6,25,17,0,2,2,0,0,2,PRT,0,1,0,,140,0,Y
61605,56,12,52,19,1,0,2,2,0,4,AUT,0,6,0,,156.6,0,Y
109353,67,4,14,6,1,3,3,0,0,3,BEL,0,4,0,,162,0,N
90709,29,6,24,8,0,2,2,0,0,2,POL,0,1,0,,103.55,0,N
76188,261,10,42,16,0,1,2,0,0,2,PRT,1,1,0,,120,0,Y
50158,72,4,18,24,2,1,1,1,0,2,ITA,0,1,0,,115.5,0,Y
73547,83,8,34,25,2,3,3,0,0,3,PRT,0,4,0,,168,0,Y
86140,130,3,13,25,1,2,2,0,0,2,CHE,0,2,0,,102.58,1,N
42889,168,9,37,11,0,2,2,0,0,2,PRT,0,1,0,,60,0,N
114424,4,6,25,20,0,2,1,0,0,1,DEU,0,5,0,,215,0,N
53208,350,6,25,17,0,2,2,0,0,2,PRT,0,1,0,,140,0,Y
54788,205,7,31,26,0,5,2,0,0,2,GBR,0,1,0,,70.03,1,N
95334,6,8,34,17,0,1,2,0,0,2,DEU,0,1,0,,118,2,N
112139,20,5,20,20,2,1,2,0,0,2,GBR,0,1,1,,0,1,N
67909,410,5,19,9,0,1,2,0,0,2,PRT,0,1,0,,90,0,Y
105356,35,2,5,2,0,3,2,0,0,2,DEU,0,1,0,,72,0,N
101633,4,11,47,13,2,0,1,0,0,1,GBR,0,1,0,,75,1,N
57230,440,9,39,22,0,2,2,0,0,2,PRT,0,1,0,,62,0,Y
42198,63,9,36,2,0,3,2,0,0,2,ESP,0,1,0,,60,0,N
67340,106,5,18,1,1,5,2,0,0,2,DEU,0,1,0,,126,0,Y
73818,300,8,33,13,0,2,2,0,0,2,PRT,1,1,0,,62.8,0,Y
117929,221,8,32,10,0,2,2,1,0,3,GBR,0,1,0,,148.5,2,N
105191,6,2,5,1,0,1,1,0,0,1,ESP,0,1,1,,93,0,N
113752,130,6,23,8,0,3,2,0,0,2,GBR,0,1,0,,144,2,N
52145,113,5,23,31,0,3,1,0,0,1,PRT,0,1,0,202,100,0,Y
97848,6,9,39,18,2,1,2,0,0,2,BEL,0,1,0,,162.33,2,N
86160,158,3,13,25,1,2,2,0,0,2,GBR,0,1,0,,70,0,N
92969,168,7,28,9,2,4,2,0,0,2,PRT,0,4,0,,98.6,2,N
112562,15,5,21,25,0,1,2,0,0,2,CN,0,1,0,,128,1,N
61396,322,12,50,9,0,2,2,0,0,2,PRT,0,1,0,,52,0,Y
45583,85,11,45,7,1,1,2,0,0,2,PRT,0,1,0,,111,0,Y
81966,272,8,32,5,0,1,2,0,0,2,PRT,1,1,0,,65,0,Y
95522,320,8,34,18,0,2,2,0,0,2,DEU,0,1,0,,115,1,N
74538,339,9,39,21,1,1,2,0,0,2,PRT,1,1,0,,62,0,Y
43173,76,9,38,16,0,2,2,0,0,2,ESP,0,1,0,,62,0,N
42479,55,9,37,6,2,0,2,0,0,2,ESP,0,1,0,,75,0,N
60563,185,11,47,15,0,3,2,0,0,2,ITA,0,4,0,,95.4,0,Y
112593,208,5,21,24,0,2,2,0,0,2,DEU,0,1,0,,114.4,0,N
103386,87,12,52,18,2,2,2,0,0,2,FRA,0,1,0,,75,0,N
65356,162,4,13,1,2,1,2,0,0,2,PRT,0,1,0,,98,0,Y
115376,152,6,26,29,2,5,2,0,0,2,GBR,0,1,0,,80.1,1,N
113216,4,6,22,2,0,2,2,1,0,3,PRT,0,1,0,,144,3,N
87991,44,4,18,27,0,2,2,0,0,2,FRA,0,1,0,,106.2,1,N
90178,9,5,23,31,0,3,2,0,0,2,FRA,0,1,0,,104.8,0,N
68443,10,5,20,18,0,1,1,0,0,1,PRT,0,7,1,466,275,0,Y
91177,256,6,25,15,0,2,2,0,0,2,DEU,0,1,0,,115,1,N
119130,278,8,34,25,2,3,2,0,0,2,DEU,0,1,0,,89.1,1,N
83643,28,2,6,6,2,1,1,0,0,1,DEU,0,1,0,,81.1,2,N
60050,305,11,45,4,1,2,2,0,0,2,PRT,0,1,0,,89,0,Y
71182,107,6,26,29,0,1,3,0,0,3,FRA,0,1,0,,126,0,Y
109649,107,4,15,14,0,1,2,0,0,2,BRA,0,1,0,,126,1,N
117428,170,7,30,28,2,5,2,0,0,2,FRA,0,1,0,,110,1,N
97813,147,9,38,14,2,5,2,0,0,2,NOR,0,1,0,,126.9,1,N
99846,52,10,43,17,1,1,2,0,0,2,DEU,0,1,1,,108,1,N
92839,89,7,29,11,1,1,2,0,0,2,FRA,0,1,0,,72.42,1,N
95831,1,8,35,24,0,1,1,0,0,1,USA,0,1,1,,81.19,0,N
92809,184,7,29,11,1,0,2,0,0,2,NLD,0,1,0,,96.3,1,N
114964,1,6,26,28,0,1,2,2,0,4,PRT,0,5,0,,0,1,N
53215,245,6,25,17,0,2,2,0,0,2,PRT,0,1,0,,75,0,Y
81056,85,1,4,22,0,1,2,0,0,2,PRT,1,1,0,,85,0,Y
102320,2,11,47,16,2,8,0,0,0,0,ITA,0,1,6,,0,0,N
72969,0,8,32,11,0,0,0,0,0,0,PRT,0,8,0,,0,0,Y
59094,279,10,43,21,0,2,2,0,0,2,PRT,0,1,0,,65,0,Y
66407,69,4,16,19,0,4,2,0,0,2,PRT,0,1,0,,100,0,Y
79145,25,10,43,19,1,2,2,0,0,2,FRA,0,4,0,,75,0,N
52895,26,6,25,14,0,3,2,0,0,2,ITA,0,1,0,,111.35,0,Y
59839,482,11,45,3,0,2,2,0,0,2,PRT,0,1,0,,62.8,0,Y
91021,13,6,25,12,2,1,2,0,0,2,DNK,0,1,0,,102.33,0,N
44154,47,10,40,1,1,3,2,0,0,2,PRT,0,1,0,,103.05,1,N
68840,27,5,21,21,2,1,2,0,0,2,CHN,0,4,0,,171,0,Y
51124,276,5,20,13,2,3,2,0,0,2,PRT,0,1,0,,61,0,Y
73980,286,7,31,30,0,2,2,0,0,2,PRT,1,1,0,,62,0,Y
68926,92,5,21,23,0,1,2,0,0,2,FRA,0,1,0,,99,0,Y
78172,224,10,40,2,1,2,2,0,1,3,FRA,0,1,1,,65,1,N
55768,47,8,34,20,2,3,2,0,0,2,FRA,0,1,0,,135.9,1,Y
71384,230,7,27,4,0,3,2,0,0,2,DEU,0,1,0,,107.1,1,Y
61535,173,12,51,16,0,2,3,0,0,3,NLD,0,4,0,,122.4,0,Y
45225,50,10,43,24,1,1,2,0,0,2,PRT,0,1,0,,75,0,Y
48247,393,3,12,19,2,1,2,0,0,2,PRT,0,1,0,,70.53,0,Y
58324,129,10,42,10,1,5,2,0,0,2,NOR,0,4,0,,132.3,0,Y
72823,281,8,32,7,1,3,2,0,0,2,MAR,0,1,0,,107.1,1,Y
55430,212,8,33,13,1,1,2,0,0,2,PRT,0,1,0,,96,0,Y
73306,121,8,33,18,1,2,2,0,0,2,GBR,0,1,0,,125,0,Y
81965,272,8,32,5,0,1,2,0,0,2,PRT,1,1,0,,65,0,Y
43083,6,9,38,14,1,2,1,1,0,2,PRT,0,1,7,,109,2,N
61084,22,12,49,1,2,3,2,1,0,3,UKR,0,1,1,,133.5,0,Y
106692,3,2,8,24,2,3,2,0,0,2,BEL,0,4,0,,100.3,3,N
57665,263,9,40,29,2,4,2,0,0,2,DEU,0,1,0,,100.3,0,Y
110489,158,4,17,27,0,1,2,0,0,2,BRA,0,4,0,,130.5,1,N
76082,364,10,42,16,0,2,2,0,0,2,PRT,1,1,0,,101.5,0,Y
59000,468,10,43,20,0,2,2,0,0,2,PRT,0,1,0,,62,0,Y
78938,69,11,49,29,2,1,2,0,0,2,PRT,1,4,0,,60,0,Y
47591,1,2,10,28,2,1,1,0,0,1,PRT,0,1,0,,60,0,Y
74220,278,7,30,22,0,2,2,0,0,2,PRT,1,1,0,,62,0,Y
47861,90,3,11,6,2,3,1,0,0,1,ITA,0,1,1,,74.95,0,N
95022,203,8,33,8,1,4,2,0,0,2,DEU,0,1,0,,65.49,1,N
118592,10,8,34,21,1,1,3,0,0,3,BEL,0,4,2,,210,2,N
49395,64,4,16,12,0,3,2,0,0,2,BEL,0,1,0,,94.5,0,Y
113822,142,6,23,9,1,2,3,0,0,3,GBR,0,1,1,,175.33,1,N
41196,39,8,33,14,0,2,2,0,0,2,PRT,0,1,0,,101.5,0,Y
100566,180,10,44,28,0,2,1,0,0,1,GBR,0,1,0,,80.1,0,N
117549,56,8,31,5,0,1,2,1,0,3,USA,0,4,2,,210,2,N
56765,0,9,38,13,0,2,1,0,0,1,PRT,0,1,0,40,65,0,N
91752,192,6,26,24,0,2,1,0,0,1,BRB,0,1,0,,95,0,N
94874,86,8,33,7,2,2,3,0,0,3,ESP,0,4,0,,159.3,1,N
67100,26,4,17,28,1,2,2,0,0,2,ESP,0,1,0,,115,1,Y
45646,140,11,47,18,0,3,1,0,0,1,PRT,0,1,1,,65,0,N
62965,61,1,4,25,0,2,2,0,0,2,PRT,0,1,0,,80,0,Y
70989,154,6,26,26,2,5,2,0,0,2,HRV,0,4,0,,123.17,0,Y
104220,310,12,53,27,2,10,2,0,0,2,DEU,0,1,2,,68.57,2,N
87686,178,7,29,11,1,0,1,0,0,1,PRT,0,1,0,,72.68,1,N
46717,9,1,3,16,4,11,1,0,0,1,MOZ,0,1,2,,81,0,Y
95079,31,8,33,10,0,4,2,0,0,2,FRA,0,1,1,,141.55,1,N
107881,21,3,11,16,1,3,1,0,0,1,DEU,0,1,1,,70,0,N
87733,6,4,17,23,1,1,2,2,0,4,NLD,0,6,0,,196,1,N
118892,457,8,34,25,0,2,2,0,0,2,AUT,0,1,1,,122.4,1,N
74962,164,8,33,14,0,1,2,0,0,2,PRT,1,1,0,,60,0,Y
107875,137,3,11,17,1,2,2,0,0,2,FRA,0,1,0,,93.6,2,N
106870,20,3,9,1,0,3,2,0,0,2,PRT,0,1,0,,80,0,N
118823,179,8,34,21,1,4,2,1,0,3,BEL,0,5,0,,165,1,N
61785,83,12,53,26,1,3,2,0,0,2,ESP,0,4,0,,105.61,1,Y
47777,11,3,10,3,1,3,2,0,0,2,ITA,0,1,0,,138,0,Y
73314,140,8,33,18,2,2,2,0,0,2,FRA,0,4,0,,193,2,Y
116304,320,7,28,11,2,5,2,0,0,2,GBR,0,1,0,,89.1,1,N
111697,115,5,19,11,0,3,2,0,0,2,GBR,0,1,0,,120,0,N
81787,117,2,10,29,1,2,2,0,0,2,PRT,1,1,0,,75,0,Y
96495,12,9,36,2,0,1,2,0,0,2,PRT,0,1,0,,119,2,N
69581,189,6,22,2,0,2,2,0,0,2,PRT,0,1,0,,100,0,Y
86714,1,4,15,7,0,1,1,0,0,1,ISR,0,1,0,,89,1,N
61613,21,12,52,19,1,3,2,0,0,2,FRA,0,1,0,,88.4,0,Y
83060,50,1,3,14,0,3,2,0,0,2,FRA,0,1,0,,52,1,N
82444,26,12,52,26,2,2,2,0,0,2,AUT,0,1,0,,43.5,1,N
73357,162,8,33,19,1,1,2,0,0,2,PRT,0,1,0,,140,0,Y
94225,4,1,1,2,1,1,1,0,0,1,PRT,0,1,0,40,65,1,N
101509,42,11,46,9,0,4,2,0,0,2,DEU,0,1,0,,133.03,1,N
80221,44,11,46,11,0,3,2,0,0,2,FRA,0,4,0,,60,1,N
104711,29,1,3,18,0,3,1,0,0,1,AGO,0,1,0,,65,0,N
53737,20,6,27,28,0,2,2,0,0,2,ESP,0,4,0,,156,1,Y
73082,27,8,33,14,1,1,3,0,0,3,ITA,0,4,1,,239,1,Y
59357,475,10,44,27,0,2,2,0,0,2,PRT,0,1,0,,62,0,Y
90609,118,6,24,6,1,2,1,0,0,1,TUR,0,1,0,,110,0,N
88774,1,1,1,4,0,1,2,0,0,2,PRT,1,1,0,219,89,2,N
53760,50,6,27,29,0,3,3,0,0,3,BRA,0,4,0,,150.3,0,Y
104554,9,1,2,13,2,2,2,0,0,2,ESP,0,1,0,,86,0,N
75830,337,9,38,19,2,2,2,0,0,2,PRT,1,1,0,,62,0,Y
109237,111,4,14,3,1,5,1,0,0,1,NLD,0,1,0,,85,0,N
108512,158,3,13,27,1,1,2,0,0,2,ISR,0,1,0,,95,0,N
112355,12,5,20,16,2,5,1,0,0,1,CHN,0,4,0,,156.75,1,N
76242,200,9,37,12,2,1,2,0,0,2,PRT,1,1,0,,86,0,Y
107985,34,8,35,30,0,3,1,0,0,1,FRA,1,1,0,91,85,0,N
52531,56,6,24,8,0,1,2,0,0,2,PRT,0,1,0,,120,0,Y
101262,6,11,46,9,0,1,2,0,0,2,JPN,0,1,0,358,179.38,0,N
54759,129,7,31,25,1,4,2,0,0,2,ESP,0,1,0,,131.75,0,Y
101785,14,11,47,14,1,3,2,0,0,2,BEL,0,4,0,,75.27,2,N
98495,57,9,39,24,2,5,2,0,0,2,USA,0,4,0,,146.96,1,N
85860,59,3,12,19,2,2,1,0,0,1,GBR,0,1,0,,93.5,1,N
74090,321,9,36,3,0,2,2,0,0,2,PRT,1,1,0,,62,0,Y
40283,12,7,29,18,2,2,2,0,0,2,PRT,0,1,0,,62,0,N
78128,12,10,41,4,1,0,2,0,0,2,FRA,0,1,0,,72,0,N
98818,10,10,41,2,2,1,2,0,0,2,FRA,0,1,0,,85,0,N
85882,110,3,13,20,2,1,2,0,0,2,FRA,0,1,0,,58,0,N
100384,267,10,44,25,0,2,2,0,0,2,DEU,0,1,0,,80.75,0,N
115813,132,7,27,8,2,1,2,0,0,2,DEU,0,1,0,,107.1,2,N
58687,233,10,42,14,1,2,2,0,0,2,PRT,0,1,0,,90,0,Y
108170,2,3,12,19,2,3,1,0,0,1,IRL,0,6,0,,163.52,2,N
84864,54,3,10,1,0,4,2,0,0,2,SWE,0,1,0,,49.43,0,N
52834,27,6,25,12,2,0,2,0,0,2,BRA,0,1,0,,94.35,0,Y
99275,68,10,41,8,2,1,2,1,0,3,FRA,0,1,0,,135,3,N
90258,112,6,23,2,0,2,2,0,0,2,FRA,0,1,0,,100,0,N
53599,148,6,26,25,2,5,2,0,0,2,PRT,0,1,0,,79.53,0,Y
75930,301,8,33,14,0,2,2,0,0,2,PRT,1,1,0,,101.5,0,Y
118081,504,8,32,12,2,1,2,0,0,2,AUS,0,1,0,,112.67,1,N
62631,55,1,3,18,0,2,1,0,0,1,PRT,0,1,0,,79,0,Y
70648,451,6,25,20,0,1,2,0,0,2,PRT,0,1,0,,90,0,Y
61863,41,12,53,27,2,5,2,0,0,2,PRT,0,1,0,,69.29,0,Y
65329,205,3,13,31,1,2,2,0,0,2,ESP,0,1,0,,143.4,1,Y
89532,4,5,21,21,1,1,2,0,0,2,PRT,0,1,0,,112,1,N
56396,65,9,37,4,2,5,2,0,0,2,ITA,0,1,0,,106.84,0,Y
63857,58,2,8,23,1,3,2,0,0,2,PRT,0,1,0,,78,0,Y
91537,165,6,26,20,1,2,2,0,0,2,BEL,0,1,0,,95.4,1,N
77233,69,11,47,19,1,3,2,0,0,2,PRT,1,1,0,,98,0,Y
79429,137,1,5,27,0,2,1,0,0,1,PRT,1,1,0,,70,0,Y
68317,104,5,20,15,1,2,2,0,0,2,PRT,0,1,0,,170,0,Y
64286,45,3,9,4,1,1,1,0,0,1,GBR,0,1,0,,79.2,0,Y
115593,97,7,27,6,0,2,2,0,0,2,DEU,0,1,0,,120,1,N
83762,29,2,7,9,0,3,2,0,0,2,FRA,0,1,0,,66,0,N
48378,55,3,13,22,0,3,3,0,0,3,GIB,0,4,0,,131.4,2,Y
59245,256,10,44,23,2,3,2,0,0,2,GBR,0,1,0,,94.35,2,Y
42554,9,9,37,7,1,1,2,0,0,2,NLD,0,1,0,,91.6,0,N
92881,103,7,29,11,1,2,2,1,0,3,FRA,0,1,2,,108.34,1,N
67119,285,4,17,28,2,2,1,0,0,1,GBR,0,1,0,,104.4,2,Y
81467,21,12,50,10,0,2,2,0,0,2,ARG,0,1,0,,70,0,N
103285,67,12,51,16,0,2,2,0,0,2,ESP,0,1,0,,68,0,N
65821,66,4,15,9,2,0,2,0,0,2,PRT,0,1,0,,100,0,Y
64649,53,3,11,14,0,3,1,0,0,1,PRT,0,1,0,,65,0,Y
106145,236,2,8,20,1,1,2,0,0,2,NLD,0,4,0,,103.5,1,N
98224,1,9,39,22,1,3,2,0,0,2,BRA,0,1,0,,176,0,N
87455,64,4,17,17,2,1,2,0,0,2,DEU,0,1,0,,99.3,1,N
42423,61,9,36,5,2,2,2,0,0,2,PRT,0,1,0,,62,0,Y
77748,0,9,39,21,1,3,2,0,0,2,PRT,0,1,0,,147,1,N
58998,468,10,43,20,0,2,2,0,0,2,PRT,0,1,0,,62,0,Y
85645,2,3,12,16,0,3,2,0,0,2,PRT,0,1,0,,40,1,N
67016,111,4,17,27,1,3,2,0,0,2,PRT,0,1,0,,120,0,Y
79959,36,11,45,3,0,5,2,0,0,2,FRA,0,4,1,,60,0,N
81660,5,9,40,28,0,1,1,0,0,1,PRT,0,1,0,40,67,0,N
101368,30,11,46,7,1,3,1,0,0,1,SWE,0,1,0,,137.83,1,N
78620,221,10,41,10,2,1,2,0,0,2,FRA,0,1,0,,65,0,N
113772,1,6,24,11,1,0,1,1,0,2,PRT,0,1,1,,148,1,N
82574,10,12,53,31,0,2,2,0,0,2,PRT,0,1,0,,206.55,0,N
70462,150,6,24,17,2,3,1,0,0,1,PRT,0,1,0,,120,0,Y
62438,54,1,2,14,0,1,1,0,0,1,PRT,0,1,0,67,75,0,Y
110033,63,4,16,18,0,3,2,0,0,2,FRA,0,4,0,,135,0,N
70083,142,6,23,9,1,2,2,0,0,2,GBR,0,1,0,,135.33,0,Y
85423,30,3,11,11,2,2,2,0,0,2,PRT,0,1,0,,85,1,N
91334,45,6,25,17,1,2,2,0,0,2,PRT,0,1,0,,65,1,N
56113,207,8,36,29,1,3,2,0,1,3,FRA,0,1,1,,123.25,1,Y
84130,99,2,8,19,0,1,1,0,0,1,PRT,0,1,0,67,81,0,N
44268,164,10,40,2,0,2,1,0,0,1,PRT,0,1,0,,100,0,N
76282,147,7,30,21,0,2,2,0,0,2,PRT,1,1,0,,75,0,Y
45533,80,11,45,2,1,1,2,0,0,2,PRT,0,1,0,37,111,0,Y
46732,10,1,4,17,2,0,2,0,0,2,AND,0,1,0,,75,1,Y
55405,81,8,33,12,1,2,2,1,0,3,ESP,0,1,0,,134.1,0,Y
105224,10,1,5,30,1,3,2,0,0,2,AUT,0,1,0,,77,0,N
97874,47,9,39,18,2,2,2,0,0,2,FRA,0,4,0,,119.52,0,N
98735,15,10,40,1,2,1,3,0,0,3,GBR,0,6,0,,182.14,0,N
72497,468,7,30,29,2,1,2,0,0,2,PRT,0,1,0,,112.67,0,Y
80911,10,11,48,26,0,2,1,0,0,1,FRA,0,1,0,,79,0,N
52825,69,6,25,12,2,4,1,0,0,1,PRT,0,1,0,,120,0,Y
41531,46,8,34,17,1,1,2,0,0,2,ESP,0,1,0,,62,0,N
112327,75,5,21,21,2,0,2,0,0,2,FRA,0,1,0,,123.12,0,N
42623,7,9,37,8,0,3,1,0,0,1,PRT,0,1,0,,95,0,N
64215,28,3,9,2,0,3,2,0,0,2,PRT,0,1,0,,95,0,Y
79716,39,10,44,30,1,2,2,0,0,2,GBR,0,4,0,,60,0,N
67633,116,5,18,5,1,2,2,0,0,2,FRA,0,1,0,,126,0,Y
89286,74,5,21,17,0,3,1,0,0,1,NLD,0,1,0,,126.9,0,N
74315,262,7,28,6,1,1,2,0,0,2,PRT,1,1,0,,62,0,Y
105022,1,1,4,27,0,1,2,0,0,2,PRT,0,1,0,,88.2,1,N
85125,33,3,11,8,0,2,2,0,0,2,CHN,0,1,1,,67.52,0,N
109044,8,4,14,5,0,1,1,0,0,1,CHE,0,1,0,,114,0,N
104741,29,1,3,18,0,3,1,0,0,1,DNK,0,1,0,,65,0,N
59811,38,11,45,2,0,4,2,0,0,2,PRT,0,4,0,,77.23,3,Y
40501,25,7,31,27,1,1,2,0,0,2,ESP,0,1,0,,62,0,N
44223,164,10,40,2,0,2,1,0,0,1,PRT,0,1,0,,100,0,N
61280,15,12,50,7,0,1,1,0,0,1,PRT,0,1,0,40,65,0,Y
41073,0,8,33,11,0,1,2,0,0,2,FRA,0,1,0,,133,1,N
95032,4,8,33,13,0,1,2,0,0,2,ESP,0,1,0,,167,1,N
72985,187,8,32,11,1,2,2,0,0,2,NLD,0,1,0,,112.5,0,Y
44949,100,10,42,16,0,1,2,0,0,2,PRT,0,1,0,,108,0,Y
78883,23,10,42,16,0,2,2,0,0,2,PRT,0,1,0,,98.4,2,N
96694,5,9,36,3,2,1,2,2,0,4,ESP,0,6,0,,209.7,1,N
112164,93,5,20,18,0,3,1,0,0,1,SWE,0,1,0,,126,0,N
101084,48,11,45,4,0,2,2,0,0,2,ESP,0,1,0,,97.2,2,N
102221,44,11,48,21,1,2,2,0,0,2,FRA,0,1,0,,82.13,1,N
111168,5,5,18,6,0,1,1,0,0,1,PRT,0,1,1,,170,1,N
49057,103,4,15,5,0,4,2,0,0,2,ITA,0,1,0,,84.58,1,N
73291,213,8,33,18,0,2,2,0,0,2,GBR,0,1,1,,100.8,1,Y
76881,239,10,42,17,0,1,2,0,0,2,PRT,1,1,0,,60,0,Y
42552,6,9,37,7,1,1,1,0,0,1,PRT,0,1,0,,104.5,2,Y
74029,300,8,33,13,0,2,2,0,0,2,PRT,1,1,0,,62,0,Y
62108,49,1,1,2,1,1,2,0,0,2,SGP,0,1,0,,93.6,2,Y
60895,71,11,48,25,0,2,2,0,0,2,PRT,0,1,0,,75,0,Y
52171,31,6,23,1,0,1,2,0,0,2,RUS,0,1,0,,89.1,0,Y
92251,122,6,27,30,0,3,2,0,0,2,AUT,0,4,0,,97,2,N
91045,0,6,25,13,1,2,2,0,0,2,FRA,0,1,0,,80.75,0,N
84759,4,2,10,28,2,2,3,0,0,3,PRT,0,4,0,,133,2,N
117402,121,7,31,31,1,2,2,0,0,2,NOR,0,1,0,,93.33,1,N
90859,3,6,24,10,1,2,2,0,0,2,PRT,0,1,0,,90.67,0,N
75728,302,8,33,15,2,2,2,0,0,2,PRT,1,1,0,,62,0,Y
52329,177,6,23,3,0,2,2,0,0,2,PRT,0,1,0,,100,0,Y
45384,72,10,44,28,0,3,2,0,0,2,ISR,0,1,0,,85.67,0,N
71694,121,7,28,10,1,2,1,0,0,1,DEU,0,1,0,,117,0,Y
86916,78,4,15,6,1,4,2,0,0,2,PRT,0,4,0,,99.45,1,N
82881,68,2,8,17,0,2,2,0,0,2,PRT,1,1,0,,75,0,Y
54077,245,7,28,6,2,4,1,0,0,1,PRT,0,1,0,,110,0,Y
71456,240,7,27,5,1,4,2,0,0,2,GBR,0,1,2,,91.08,1,Y
59410,239,10,44,28,0,2,2,0,0,2,DEU,0,1,0,,85.5,0,Y
71279,158,7,26,1,1,1,2,0,0,2,BRA,0,1,0,,89.1,0,Y
65901,75,4,15,9,2,3,2,1,0,3,FRA,0,1,0,,136.8,0,Y
45941,84,11,48,27,1,2,1,0,0,1,PRT,0,1,1,,56,0,N
76151,273,7,29,17,0,2,2,0,0,2,PRT,1,1,0,,101.5,0,Y
71202,129,6,26,29,0,3,2,0,0,2,GBR,0,1,0,,95.7,0,Y
46528,28,1,2,4,1,3,2,0,0,2,ESP,0,1,0,,87,1,N
100208,386,10,44,23,2,0,2,0,0,2,DEU,0,1,0,,115,1,N
56143,208,8,36,30,0,3,2,0,0,2,CHE,0,1,0,,85.5,0,Y
76246,200,9,37,12,2,1,2,0,0,2,PRT,1,1,0,,86,0,Y
58426,279,10,42,12,0,3,2,0,0,2,PRT,0,1,0,,110,0,Y
57177,125,9,39,20,1,5,2,0,0,2,GBR,0,4,0,,143.1,0,Y
93768,40,7,31,26,0,1,2,0,0,2,PRT,0,1,0,,125,1,N
93134,155,7,29,14,0,3,2,0,0,2,FRA,0,1,0,,112,0,N
90877,57,6,24,10,1,2,2,0,0,2,PRT,0,1,0,,0,1,N
79862,34,12,50,8,0,2,1,0,0,1,PRT,1,1,0,,90,0,Y
102186,19,11,48,26,4,7,0,0,0,0,USA,0,1,4,,6.4,0,N
90786,107,6,24,10,0,2,2,0,0,2,PRT,0,1,0,,130,1,N
77863,17,9,39,26,2,1,1,0,0,1,DEU,0,1,2,,170,0,N
109289,62,4,14,6,0,3,2,0,0,2,GBR,0,1,0,,117,1,N
118192,210,8,33,13,2,1,2,2,0,4,NLD,0,6,0,,211.5,0,N
64960,56,3,12,21,0,3,2,0,0,2,PRT,0,1,0,,85,0,Y
108686,56,3,13,28,0,3,2,0,0,2,CHN,0,1,0,,79.2,1,N
112538,102,5,21,21,2,2,2,0,0,2,FRA,0,1,0,,137.25,1,N
42845,31,9,37,11,1,2,2,0,0,2,GBR,0,1,0,,134.1,1,N
117120,43,7,30,27,0,3,2,0,0,2,ESP,0,1,1,,153,1,N
80115,72,12,53,27,2,0,2,0,0,2,PRT,1,1,0,,90,0,Y
77904,13,10,41,7,0,3,2,0,0,2,PRT,1,4,0,,155,2,Y
59292,98,10,44,26,0,2,2,0,0,2,DNK,0,1,0,,80.1,0,Y
104830,41,1,3,16,2,5,3,0,0,3,SWE,0,6,1,,147.9,0,N
43474,49,9,38,18,1,2,2,0,0,2,PRT,0,1,0,,94.5,1,Y
102008,68,11,47,19,1,1,2,0,0,2,IRL,0,1,1,,85.75,0,N
97055,47,9,37,10,1,1,2,0,0,2,ITA,0,1,0,,96,1,N
108978,6,4,14,2,2,1,2,2,0,4,FRA,0,6,0,,224,0,N
50029,169,4,17,22,2,2,2,0,0,2,PRT,0,1,0,,106,0,Y
98188,21,9,39,23,1,2,2,0,0,2,PRT,0,1,1,,84,1,N
68353,104,5,20,15,1,2,1,0,0,1,PRT,0,1,0,,160,0,Y
71574,134,7,27,7,2,2,2,0,0,2,NOR,0,1,0,,89.1,0,Y
102192,18,11,48,23,0,1,1,0,0,1,PRT,0,1,0,,86,1,N
43189,76,9,38,16,0,2,2,0,0,2,ESP,0,1,0,,62,0,N
47298,63,2,8,15,1,3,2,0,0,2,GBR,0,2,1,,65.66,1,N
98785,11,10,41,3,1,1,1,0,0,1,DEU,0,4,0,,130.9,1,N
102691,232,12,49,1,0,3,2,0,0,2,GBR,0,4,0,,91.8,2,N
105754,15,2,6,9,2,4,2,0,0,2,PRT,0,1,0,,75,0,N
42784,2,9,37,10,0,2,2,0,0,2,RUS,0,1,0,,152,2,N
116083,414,7,28,13,0,2,2,0,0,2,DEU,0,1,0,,122.4,1,N
66434,125,4,16,20,0,3,2,0,0,2,PRT,0,1,0,,85,0,Y
56180,175,8,36,31,0,4,2,0,0,2,SWE,0,1,0,,112.63,0,Y
59596,174,10,44,29,2,2,2,2,0,4,FRA,0,6,0,,162.9,0,Y
104158,1,1,1,5,0,2,2,0,0,2,GTM,0,1,1,,59,0,N
96438,39,8,36,28,2,3,2,0,0,2,FRA,0,1,0,,100.62,0,N
89529,7,5,21,21,1,1,2,0,0,2,FRA,0,1,0,,112,1,N
55141,167,8,32,6,0,1,2,0,0,2,ISR,0,1,0,,105.3,0,Y
102557,40,11,49,28,1,2,1,0,0,1,DEU,0,1,0,,96,1,N
113473,33,6,23,6,0,2,2,0,0,2,CHL,0,4,0,,159,1,N
61285,66,12,50,7,0,3,2,0,0,2,ITA,0,4,0,,102.6,1,Y
97148,16,9,38,11,2,0,2,0,0,2,PRT,0,1,0,,89,1,N
88474,108,5,19,4,0,3,1,1,0,2,BEL,0,1,0,,92.4,0,N
93089,80,7,29,10,2,5,2,0,0,2,FRA,0,1,0,,142.07,1,N
92870,12,7,28,9,2,2,2,0,0,2,BEL,0,1,0,,85,0,N
109601,70,4,15,11,0,3,3,0,0,3,USA,0,5,0,,192,3,N
116074,451,7,28,12,0,3,2,0,0,2,GBR,0,1,0,,112.67,1,N
49143,101,4,15,6,0,3,2,0,0,2,AUS,0,1,0,,90.3,1,N
118875,457,8,34,25,0,2,2,0,0,2,DEU,0,1,1,,122.4,1,N
40622,28,8,32,3,1,3,2,0,0,2,ESP,0,1,0,,62,0,N
45281,69,10,44,25,2,1,2,0,0,2,PRT,0,1,0,,85.67,0,N
83765,5,2,7,8,1,3,2,1,0,3,NLD,0,1,0,,58.88,1,N
85039,34,3,10,3,2,3,2,0,0,2,DEU,0,4,0,,97.4,1,N
49940,288,4,17,21,0,2,2,0,0,2,PRT,0,1,0,,62,0,Y
64920,61,3,12,20,1,4,2,0,0,2,FRA,0,4,0,,100.3,1,Y
116356,209,7,29,17,1,1,2,0,0,2,BRA,0,1,0,,89.1,2,N
65624,62,4,14,6,0,3,1,0,0,1,PRT,0,1,0,,135,0,Y
84963,42,3,10,4,1,2,2,0,0,2,PRT,0,1,0,,65,0,N
42809,3,9,37,10,2,5,2,0,0,2,DEU,0,1,0,,137.29,2,N
41621,0,8,34,19,0,1,2,0,0,2,PRT,0,1,0,,124,0,N
77311,1,1,4,21,0,1,1,0,0,1,PRT,0,4,0,72,41,1,N
68744,25,5,20,20,2,1,2,0,0,2,PRT,0,1,0,,90,0,Y
111121,256,5,18,2,0,4,2,0,0,2,DEU,0,1,0,,99,0,N
50781,18,5,19,7,2,3,2,0,0,2,FRA,0,4,0,,138,0,Y
50453,72,5,19,1,2,1,3,0,0,3,GBR,0,4,0,,159.3,2,Y
79659,0,10,44,31,0,1,2,0,0,2,DZA,0,1,0,,107,1,N
44356,61,10,41,4,2,0,2,0,0,2,FRA,0,1,0,,91,0,N
62612,34,1,3,18,0,1,2,0,0,2,PRT,0,1,0,,75,0,Y
49295,101,4,15,9,2,4,2,0,1,3,POL,0,1,1,,85.28,2,N
75540,355,10,41,7,0,2,1,0,0,1,PRT,1,1,0,,60,0,Y
105253,32,1,5,30,1,4,3,0,0,3,BRA,0,5,0,,115.6,3,N
108905,68,3,13,29,1,4,2,0,0,2,DEU,0,1,0,,78.84,0,N
85893,51,3,12,13,4,7,2,0,0,2,DEU,0,4,0,,71.22,0,N
78979,230,6,24,5,2,0,2,0,0,2,PRT,1,2,0,,89,1,Y
101116,0,11,45,5,2,1,1,0,0,1,SWE,0,1,2,,150,0,N
103636,247,12,52,24,2,3,0,2,0,2,PRT,0,2,0,,67.26,1,N
64057,76,2,9,27,1,3,2,0,0,2,DEU,0,4,0,,99.45,2,Y
61880,41,12,53,27,2,5,2,0,0,2,PRT,0,1,0,,69.29,0,Y
95194,193,8,33,12,2,2,2,0,0,2,FRA,0,1,0,,108.45,1,N
79681,37,10,44,29,1,3,2,0,0,2,FRA,0,4,0,,71.25,0,N
48591,161,3,13,25,1,2,2,0,0,2,PRT,0,1,0,,130,0,Y
65389,128,4,14,2,2,0,2,0,0,2,LUX,0,1,0,,99,1,Y
68952,284,5,21,23,0,5,2,1,0,3,BGR,0,1,0,,134.55,3,Y
72031,45,7,29,18,0,2,1,0,0,1,PRT,0,1,0,,126,0,Y
43661,20,9,39,22,0,3,2,0,0,2,PRT,0,1,1,,124,2,Y
71339,46,7,27,3,1,0,2,0,0,2,PRT,0,1,0,,89.38,0,Y
53552,234,6,26,24,0,2,2,0,0,2,PRT,0,1,0,,65,0,Y
95096,15,8,34,14,1,0,2,0,0,2,NLD,0,4,0,,175,1,N
106344,48,2,8,22,0,2,1,0,0,1,ESP,0,1,0,,65,1,N
62636,54,1,3,18,0,3,2,0,0,2,PRT,0,1,0,,65,0,Y
64406,608,3,10,9,0,2,2,0,0,2,PRT,0,1,0,,62,0,Y
94988,146,8,33,11,0,2,2,2,0,4,FRA,0,6,0,,186.3,0,N
77098,219,9,36,4,1,2,1,0,0,1,SWE,0,1,0,,76.67,0,N
42169,12,9,36,1,0,3,2,1,0,3,ESP,0,1,1,,98.5,1,N
63500,19,2,7,12,2,2,3,0,0,3,GBR,0,4,0,,134.3,0,Y
106924,7,3,9,1,0,4,2,0,0,2,SWE,0,1,0,,91.8,1,N
106298,48,2,8,22,0,2,1,0,0,1,ESP,0,1,0,,65,1,N
45412,72,10,44,28,0,3,2,0,0,2,PRT,0,1,0,,85.67,0,N
70047,38,6,23,9,0,2,2,0,0,2,FRA,0,1,0,,140,2,Y
66483,177,4,16,21,0,2,2,0,0,2,IRL,0,1,0,,99,0,Y
109288,31,4,14,7,0,2,2,0,0,2,ITA,0,4,2,,159,0,N
86394,73,3,14,29,0,4,2,0,0,2,BEL,0,1,0,,82.45,1,N
105750,48,2,7,13,1,1,2,0,0,2,ITA,0,1,0,,95.4,2,N
94158,301,7,31,30,1,1,2,0,0,2,DEU,0,1,0,,115,1,N
69043,73,5,21,24,0,4,2,1,0,3,PRT,0,7,0,,317.5,0,Y
116373,201,7,28,15,2,2,2,0,0,2,AUT,0,1,1,,89.1,0,N
101734,22,11,47,14,1,2,2,0,0,2,PRT,0,1,0,,64.37,1,N
78744,14,10,42,15,0,1,1,0,0,1,ITA,0,1,1,,100,0,N
103260,5,12,51,15,0,3,2,0,0,2,FRA,0,1,0,,96,1,N
72058,147,7,29,18,2,8,3,0,0,3,PRT,0,4,0,,116.1,0,Y
41353,4,8,33,15,0,1,2,0,0,2,PRT,0,1,0,,124,1,N
54706,88,7,31,24,1,0,2,0,0,2,FRA,0,1,0,,105.3,0,Y
82674,23,1,1,2,2,1,1,0,0,1,ITA,0,1,0,,87,0,N
54483,64,7,30,17,2,2,2,0,0,2,GBR,0,1,0,,105.3,0,Y
116730,423,7,29,22,1,1,1,0,0,1,DEU,0,1,1,,95.5,0,N
69044,173,5,21,24,0,4,2,0,0,2,FRA,0,1,0,,108,2,Y
63342,580,2,6,9,0,2,2,0,0,2,PRT,0,1,0,,62,0,Y
74564,346,9,40,28,1,1,2,0,0,2,PRT,1,1,0,,62,0,Y
89226,72,5,20,14,2,3,2,0,0,2,FRA,0,4,0,,127.5,0,N
89591,31,5,22,22,1,0,2,0,0,2,FRA,0,1,0,,108.9,2,N
60453,300,11,46,11,0,2,2,0,0,2,PRT,0,1,0,,65,0,Y
84229,0,2,8,20,0,1,2,0,0,2,PRT,0,1,0,,89,0,N
106783,24,2,9,26,2,3,2,0,0,2,DEU,0,1,0,,68,2,N
80241,1,11,46,14,0,1,2,2,0,4,PRT,0,6,0,,78,0,N
42022,0,8,35,29,2,5,2,0,0,2,AUS,0,1,0,,99.14,0,N
80068,47,11,45,7,2,2,2,0,0,2,FRA,0,4,0,,60,1,N
96267,12,8,36,30,0,1,3,0,0,3,PRT,0,5,0,,138,0,N
101279,34,11,46,7,1,2,1,0,0,1,ARG,0,1,1,,147.93,0,N
118133,87,8,32,8,2,5,2,0,0,2,NLD,0,4,0,,155,1,N
82984,0,1,2,8,0,1,2,0,0,2,PRT,0,1,0,,67.5,0,N
98717,179,10,40,1,2,1,2,0,0,2,IRL,0,1,0,,108.9,1,N
67758,190,5,18,6,2,2,2,0,1,3,FRA,0,1,1,,117,3,Y
95805,0,8,35,23,0,1,2,2,0,4,PRT,0,5,0,,159,0,N
117184,34,7,30,29,1,1,2,2,0,4,USA,0,7,0,,250.96,1,N
41142,2,8,33,13,0,1,2,0,0,2,PRT,0,1,0,,124,2,N
66852,96,4,17,26,0,2,2,0,0,2,PRT,0,1,0,,130,0,Y
96196,65,8,35,26,2,2,2,0,0,2,PRT,0,1,0,,134,0,N
73175,180,8,33,16,0,2,1,1,0,2,PRT,0,1,0,,121,0,Y
75724,302,8,33,15,2,2,2,0,0,2,PRT,1,1,0,,62,0,Y
64150,28,3,9,2,0,3,2,0,0,2,PRT,0,1,0,,95,0,Y
48753,112,3,14,30,0,2,2,0,0,2,PRT,0,1,0,,64,0,Y
81870,178,4,18,28,0,3,1,0,0,1,PRT,1,1,0,,110,0,Y
102574,21,11,49,30,0,2,1,0,0,1,POL,0,1,0,,76,0,N
59315,159,10,44,26,1,4,3,0,0,3,FRA,0,4,0,,123.3,1,Y
73177,47,8,33,16,0,2,1,0,0,1,PRT,0,1,0,,93.6,0,Y
57751,219,9,40,30,1,2,2,0,0,2,PRT,0,1,0,,120,0,Y
47081,32,2,6,6,1,1,2,0,0,2,BRA,0,1,0,,67.5,1,Y
96055,48,8,35,24,0,4,1,0,0,1,NLD,0,4,1,,149.4,1,N
110634,107,4,17,27,0,3,2,0,0,2,PRT,0,1,0,,99,0,N
107030,43,3,9,4,2,1,2,0,0,2,FRA,0,1,0,,75,0,N
71613,42,7,28,9,2,0,2,0,0,2,FRA,0,1,0,,130,2,Y
78830,14,10,42,15,0,2,2,0,0,2,FRA,0,1,0,,97.02,2,N
94979,221,8,33,12,0,1,2,0,0,2,DEU,0,1,0,,48,1,N
49974,123,4,17,21,1,3,2,0,0,2,CHE,0,1,0,,93.08,0,N
49468,281,4,16,14,0,2,2,0,0,2,PRT,0,1,0,,62,0,Y
45421,72,10,44,28,0,3,2,0,0,2,ISR,0,1,0,,85.67,1,N
47977,17,3,11,11,1,2,2,0,0,2,FRA,0,1,0,,97,0,Y
74877,153,8,32,3,1,2,2,0,0,2,PRT,1,1,0,,60,0,Y
101431,58,11,46,11,0,1,1,0,0,1,THA,0,1,1,,80,0,N
84531,37,2,9,25,0,3,2,1,1,4,ITA,0,6,3,,144.9,1,N
119187,213,8,35,28,1,3,1,0,0,1,PRT,0,1,1,,104,1,N
43436,74,9,38,18,0,2,2,0,0,2,PRT,0,1,0,,109,0,N
81347,11,12,49,5,2,2,2,0,0,2,PRT,0,1,0,,104,0,N
112938,0,5,22,30,0,1,1,0,0,1,PRT,0,1,0,,95,0,N
45508,100,10,44,31,1,1,2,0,0,2,PRT,0,1,0,,62,0,Y
105579,3,2,6,11,0,1,2,0,0,2,PRT,0,1,0,,108,2,N
85996,0,3,13,24,0,1,2,0,0,2,CHN,0,1,0,,141,0,N
77978,45,10,44,29,0,3,2,0,0,2,PRT,1,1,0,,70,0,Y
68107,105,5,19,13,1,1,2,0,0,2,PRT,0,1,0,,135,0,Y
88908,36,5,20,11,0,3,2,0,0,2,BEL,0,1,0,,126.9,2,N
115455,405,7,27,4,0,2,2,0,0,2,DEU,0,1,0,,114.4,0,N
66564,195,4,16,21,2,2,2,0,0,2,ITA,0,1,0,,99,1,Y
77890,18,9,40,27,2,1,1,0,0,1,CHE,0,1,1,,170,0,N
62858,59,1,4,23,1,1,2,0,0,2,PRT,0,1,0,,80,0,Y
88072,84,4,18,27,0,4,2,0,0,2,NOR,0,1,0,,105.4,1,N
112265,111,5,20,20,1,1,2,0,0,2,GBR,0,4,0,,153,3,N
84064,12,2,8,14,2,3,2,2,0,4,FRA,0,6,1,,230,0,N
45230,50,10,43,24,0,1,2,0,0,2,PRT,0,1,0,,146,0,Y
104958,5,1,4,23,1,3,1,0,0,1,BEL,0,1,0,,74.8,1,N
46392,0,12,53,31,0,1,2,0,0,2,FRA,0,1,0,,135,0,N
102042,32,11,47,18,2,2,2,0,0,2,ITA,0,1,0,,54.71,1,N
55064,391,8,32,4,0,2,2,0,0,2,PRT,0,1,0,,62,0,Y
63274,26,2,5,4,2,2,2,0,0,2,ESP,0,1,0,,83.3,0,Y
98621,75,10,40,1,0,1,2,0,0,2,DEU,0,1,0,,89.75,0,N
105918,33,2,7,13,1,4,1,2,0,3,FRA,0,1,0,,150,1,N
99598,7,10,42,13,0,2,2,2,0,4,GBR,0,7,0,,231.78,1,N
91030,18,6,25,12,2,1,2,0,0,2,DEU,0,1,0,,149,0,N
107444,1,3,11,12,1,0,1,0,0,1,ITA,0,1,0,153,80,0,N
80289,33,12,50,9,0,2,2,0,0,2,PRT,1,1,0,,110,0,Y
118654,183,8,34,21,1,2,2,0,0,2,ITA,0,1,0,,117,2,N
101671,18,11,46,11,2,3,2,0,0,2,FRA,0,1,0,,93.84,1,N
62090,12,1,1,1,2,2,3,0,0,3,ITA,0,4,0,,146.2,0,Y
50610,288,5,19,5,0,3,2,0,0,2,FRA,0,1,0,,81.67,0,N
99960,87,10,43,19,0,2,2,0,0,2,NLD,0,1,1,,118.8,1,N
93013,11,7,29,15,0,1,2,2,0,4,BRA,0,6,0,,231,1,N
118764,41,8,34,22,0,3,2,1,0,3,FRA,0,1,0,,152.67,1,N
77073,219,9,36,4,0,1,2,0,0,2,DEU,0,1,0,,108,0,N
84798,8,3,10,1,0,3,1,0,0,1,ESP,0,1,0,,56,0,N
49033,104,4,15,5,0,2,2,0,0,2,PRT,0,1,0,,96,0,Y
64485,52,3,10,11,0,1,2,0,0,2,GBR,0,1,0,,79.2,1,Y
62776,66,1,3,21,2,6,3,0,0,3,CHN,0,4,0,,117.81,2,Y
101332,16,11,46,6,2,3,1,0,0,1,EGY,0,1,1,,155.6,2,N
96480,24,8,36,31,0,3,2,0,0,2,FRA,0,1,0,,110,0,N
51871,316,5,22,26,0,3,2,0,0,2,PRT,0,1,0,,110,0,N
66015,34,4,15,13,0,2,2,0,0,2,ROU,0,5,0,,180,0,Y
86542,56,3,14,30,2,4,2,0,0,2,BEL,0,4,0,,101.72,1,N
115275,133,6,26,27,2,5,3,0,0,3,NOR,0,4,0,,157.76,0,N
52258,330,6,23,2,0,2,2,0,0,2,PRT,0,1,0,,62,0,Y
67348,13,5,18,2,0,2,1,0,0,1,ESP,0,1,0,,120,1,Y
55084,391,8,32,4,0,2,2,0,0,2,PRT,0,1,0,,62,0,Y
53173,245,6,25,17,0,2,2,0,0,2,PRT,0,1,0,,75,0,Y
51341,148,5,21,18,0,4,2,0,0,2,CHE,0,4,0,,86.43,1,N
90421,13,6,24,5,1,0,2,0,0,2,AUT,0,1,0,,111.85,1,N
74678,365,10,42,17,1,1,2,0,0,2,PRT,1,1,0,,62.8,0,Y
48755,112,3,14,30,0,2,2,0,0,2,PRT,0,1,0,,64,0,Y
44645,58,10,41,9,0,2,2,0,0,2,FRA,0,1,0,,94.5,1,N
86142,81,3,13,25,1,2,2,0,0,2,PRT,0,1,4,,65,1,N
76399,273,7,29,17,0,2,1,0,0,1,PRT,0,1,1,,87,0,N
70583,99,6,25,19,1,2,2,0,0,2,IRL,0,1,2,,130.67,0,Y
61559,185,12,51,16,1,2,2,0,0,2,DEU,0,4,0,,103.5,0,Y
105808,15,2,7,13,1,2,2,0,0,2,NGA,0,4,1,,126.4,0,N
76474,379,10,44,31,1,1,2,0,0,2,PRT,1,1,0,,62,0,Y
57571,205,9,40,27,2,6,2,0,0,2,ITA,0,1,0,,111.35,0,Y
96282,4,8,36,30,0,1,1,0,0,1,PRT,0,1,0,40,67,0,N
77509,0,9,39,21,1,0,1,0,0,1,PRT,0,1,0,,77,0,N
62976,61,1,4,25,0,2,2,0,0,2,PRT,0,1,0,,80,0,Y
108600,0,3,13,29,0,1,1,0,0,1,PRT,0,1,0,,80,0,N
89399,198,5,21,20,0,1,2,0,0,2,PRT,0,1,0,,65,0,N
73064,63,8,33,13,2,3,2,1,0,3,DEU,0,1,0,,180,1,Y
66088,98,4,15,14,0,1,2,0,0,2,BEL,0,1,0,,108,1,Y
114997,162,6,26,25,2,3,2,0,0,2,GBR,0,4,0,,98.41,1,N
118413,94,8,33,16,0,4,2,0,0,2,FRA,0,1,3,,155.75,1,N
98091,276,9,39,22,0,3,1,0,0,1,NLD,0,1,0,,95.67,0,N
54155,155,7,28,7,0,3,2,0,0,2,DEU,0,1,0,,103.5,0,Y
71110,368,6,26,28,0,3,2,0,0,2,PRT,0,1,0,,90,0,Y
59959,305,11,45,4,1,2,2,0,0,2,PRT,0,1,0,,89,0,Y
99520,84,10,42,12,0,2,3,0,0,3,CHE,0,4,1,,176.3,0,N
97762,359,9,38,16,2,2,1,0,0,1,IRL,0,1,0,,95,0,N
118285,75,8,33,14,1,3,2,0,0,2,ESP,0,1,0,,130,1,N
112569,22,5,21,24,0,2,2,0,0,2,GBR,0,6,0,,265,0,N
56325,420,9,36,3,2,2,2,0,0,2,PRT,0,1,0,,75,0,Y
61803,239,12,53,26,1,4,2,1,0,3,FRA,0,1,0,,92.65,0,Y
106831,2,3,9,1,0,3,2,0,0,2,BRA,0,1,0,,98,0,N
101544,180,11,47,13,1,0,2,0,0,2,GBR,0,1,0,,54.75,2,N
77718,6,9,39,21,1,3,1,0,0,1,HUN,0,1,0,,114,1,N
95558,5,8,34,20,0,1,2,0,0,2,GBR,0,1,0,,130,1,N
54448,136,7,29,16,1,1,2,1,0,3,ESP,0,1,0,,121.5,0,Y
68145,151,5,19,13,2,2,2,0,0,2,PRT,0,1,0,,95,0,Y
86932,87,4,15,7,1,3,2,0,0,2,CHE,0,1,0,,82.45,1,N
110640,171,4,17,27,0,3,2,0,0,2,DEU,0,1,0,,89,0,N
116376,7,7,28,15,2,2,2,0,0,2,ESP,0,1,0,,122.5,1,N
100022,1,10,43,20,0,2,2,0,0,2,FRA,0,1,0,,135,2,N
117688,47,8,31,3,2,3,2,0,0,2,IRL,0,1,0,,126,0,N
46593,22,1,2,9,2,1,2,0,0,2,ITA,0,1,0,,65.75,0,N
103789,5,12,53,30,0,2,2,0,0,2,ESP,0,1,2,,139,1,N
83609,2,2,6,6,1,1,2,0,0,2,PRT,0,1,0,,131,1,N
45610,79,11,46,13,0,2,2,0,0,2,PRT,0,1,0,,75,0,Y
63926,134,2,8,25,0,1,1,0,0,1,PRT,0,1,0,,75,0,Y
112484,25,5,21,22,1,2,3,0,0,3,COL,0,4,0,,210,1,N
80993,10,11,49,29,2,1,2,1,0,3,ITA,0,1,0,,93.33,2,N
100262,3,10,44,24,1,0,1,0,0,1,PRT,0,1,0,,75,0,N
52002,135,5,22,28,1,1,2,0,0,2,PRT,0,1,0,,96,0,Y
92263,146,6,27,28,0,5,2,1,0,3,TUN,0,1,0,,106.25,2,N
116971,67,7,30,24,1,3,2,0,0,2,ESP,0,1,0,,112.05,1,N
94433,135,8,32,2,0,2,2,1,0,3,PRT,0,1,0,,130.5,0,N
59707,166,11,45,1,0,3,1,0,0,1,PRT,0,1,0,,110,0,Y
84888,22,3,10,3,0,3,2,0,0,2,GBR,0,1,0,,84.33,0,N
66286,128,4,16,16,2,1,2,0,0,2,PRT,0,1,0,,100,0,Y
44024,68,9,40,29,0,2,1,0,0,1,FRA,0,1,1,,49.5,0,N
42318,22,9,36,4,1,2,2,0,0,2,PRT,0,1,2,,105,2,N
50365,199,4,18,29,1,2,2,0,0,2,PRT,0,1,0,,106.2,1,Y
111453,141,5,19,8,1,2,2,0,0,2,DEU,0,4,0,,126.88,1,N
105478,7,2,6,9,0,1,2,0,0,2,FRA,0,4,0,,113,0,N
90119,88,5,23,29,2,2,2,0,0,2,PRT,0,2,1,,112.01,1,N
105059,7,1,4,26,0,3,1,0,0,1,USA,0,1,0,,57.05,0,N
76153,181,7,27,1,1,4,2,0,0,2,PRT,0,1,0,,76.5,0,N
103831,7,12,53,30,1,2,2,0,0,2,IRL,0,1,0,,120,0,N
101672,62,11,46,12,2,2,2,0,0,2,CHE,0,1,0,,105,2,N
100534,66,10,44,25,0,4,2,0,0,2,FRA,0,4,0,,99.2,1,N
52096,47,5,23,30,1,3,1,0,0,1,PRT,0,1,0,179,89,0,Y
62062,19,12,53,31,2,2,2,0,0,2,BIH,0,4,0,,119,0,Y
94299,13,1,4,25,0,2,1,0,0,1,PRT,1,1,0,40,67,1,N
63768,213,2,8,20,1,2,3,0,0,3,NOR,0,4,0,,122.4,0,Y
102396,83,11,48,25,0,2,2,0,0,2,DEU,0,1,0,,93.6,2,N
116050,451,7,28,12,0,3,2,0,0,2,GBR,0,1,0,,112.67,1,N
63495,67,2,7,12,2,0,2,0,0,2,PRT,0,1,0,,80,0,Y
59672,54,10,45,30,2,4,2,0,0,2,ITA,0,4,0,,111,1,Y
85349,133,3,11,11,1,2,2,0,0,2,USA,0,1,0,,84.33,1,N
96243,36,8,36,28,2,1,2,0,0,2,FRA,0,1,0,,101.7,0,N
43178,19,9,38,16,0,1,2,2,0,4,PRT,0,6,0,,155,2,Y
100985,21,11,45,1,0,4,2,0,0,2,ITA,0,1,0,,102,1,N
70271,23,6,24,13,0,2,2,0,0,2,DEU,0,1,2,,148,1,Y
89282,33,5,21,19,0,1,2,0,0,2,IRL,0,1,0,,116.1,2,N
43138,14,9,38,15,0,3,1,0,0,1,RUS,0,1,0,,114,1,N
104211,8,1,1,4,0,4,3,0,0,3,NLD,0,5,0,,115.6,2,N
68829,19,5,21,21,2,1,2,0,0,2,FRA,0,1,0,,130,1,Y
112790,165,5,21,25,0,3,2,0,0,2,AUT,0,1,0,,126,1,N
66849,96,4,17,26,0,2,2,0,0,2,PRT,0,1,0,,130,0,Y
76558,199,9,39,21,1,1,2,0,0,2,PRT,1,1,0,,48,0,Y
108421,39,3,12,24,1,2,2,0,0,2,NLD,0,4,0,,121.33,2,N
48478,78,3,13,24,0,3,2,0,0,2,ESP,0,1,0,,105.3,1,N
63551,217,2,7,13,7,18,2,0,0,2,ARE,0,1,0,,85,0,Y
56823,317,9,38,15,0,2,2,0,0,2,PRT,0,1,0,,120,0,Y
77794,11,9,39,25,1,2,2,0,0,2,PRT,0,1,0,,200,1,N
67297,46,5,18,1,1,3,1,0,0,1,CHN,0,1,0,,128.79,0,Y
57410,35,9,40,26,1,0,1,0,0,1,BEL,0,1,0,,81,0,Y
70927,396,6,26,25,2,0,2,0,0,2,PRT,0,1,1,,80,0,Y
49853,265,4,17,20,0,4,2,0,0,2,PRT,0,1,0,,101,0,Y
88859,25,5,20,10,0,3,1,0,0,1,FRA,0,1,0,,129,0,N
60017,305,11,45,4,1,2,2,0,0,2,PRT,0,1,0,,89,0,Y
73318,301,8,33,18,2,3,2,0,0,2,DEU,0,1,0,,121.5,2,Y
105232,4,1,5,30,1,3,1,0,0,1,PRT,0,1,0,,65,1,N
119008,1,8,35,27,1,0,2,0,0,2,ESP,0,1,0,,109,2,N
88100,106,4,18,27,0,4,2,0,0,2,ITA,0,1,0,,95.2,0,N
115439,405,7,27,4,0,2,2,0,0,2,DEU,0,1,0,,114.4,0,N
86883,159,4,15,9,1,1,2,0,0,2,PRT,0,1,0,,70,1,N
86807,1,4,15,8,0,1,2,0,0,2,CHE,0,1,0,,101,1,N
98652,261,10,40,1,1,1,2,0,0,2,PRT,0,1,0,,96,0,N
58116,143,10,41,6,0,3,3,0,0,3,ITA,0,4,0,,151.2,1,Y
85115,1,3,11,9,0,1,2,0,0,2,SWE,0,1,0,,101,1,N
110788,25,4,18,30,2,0,2,0,0,2,FRA,0,1,0,,142,1,N
79246,444,12,49,1,0,3,1,0,0,1,PRT,1,1,0,,75,0,Y
95445,126,8,34,15,1,4,2,0,0,2,FRA,0,4,0,,126,0,N
54927,150,7,31,30,2,2,2,0,0,2,PRT,0,4,2,,123.3,0,Y
86157,24,3,13,26,1,1,2,0,0,2,NLD,0,1,0,,141,1,N
97113,4,9,38,11,1,0,1,0,0,1,FRA,0,1,0,,149,1,N
94404,1,8,32,2,0,2,2,0,0,2,SVK,0,1,0,,133,1,N
79205,3,10,43,19,1,3,1,0,0,1,VEN,0,1,0,,134.25,0,N
93015,102,7,29,10,2,4,2,0,0,2,BGR,0,4,0,,156,3,N
91968,149,6,26,25,2,1,2,0,0,2,GBR,0,1,0,,80.75,1,N
78659,0,10,42,11,2,1,2,0,0,2,BRA,0,1,1,,114,0,N
98260,35,9,40,25,2,0,2,0,0,2,NLD,0,1,0,,117,2,N
52964,11,6,25,14,0,3,2,0,0,2,PRT,0,4,0,51,90,0,Y
56681,92,9,37,9,2,2,2,0,0,2,CZE,0,4,0,,149.4,0,Y
70854,233,6,25,23,1,2,2,0,0,2,PRT,0,1,0,,105,0,Y
88203,24,4,18,29,2,2,2,0,0,2,GBR,0,4,0,,156,0,N
119183,213,8,35,28,1,3,1,0,0,1,PRT,0,1,1,,104,0,N
54946,165,7,32,31,2,4,2,0,0,2,PRT,0,1,0,,72.25,2,Y
72726,195,8,31,4,0,2,2,0,0,2,GBR,0,1,0,,118.75,0,Y
60708,75,11,47,18,1,2,2,0,0,2,ITA,0,1,0,,93.6,2,Y
76088,364,10,42,16,0,2,2,0,0,2,PRT,1,1,0,,101.5,0,Y
80036,4,1,3,12,0,3,2,0,0,2,ESP,11,1,0,,80.3,1,N
65249,138,3,13,30,0,2,2,0,0,2,SWE,0,1,0,,93.6,0,Y
63695,10,2,7,17,1,2,2,0,0,2,PRT,0,1,0,,68,0,Y
69472,192,5,22,31,0,4,2,0,0,2,DEU,0,4,0,,148.05,0,Y
79095,5,10,43,19,1,2,1,0,0,1,PRT,0,1,0,,0,0,N
63953,134,2,8,25,0,1,1,0,0,1,PRT,0,1,0,,75,0,Y
78125,0,10,40,2,1,2,1,0,0,1,PRT,0,1,1,,145,0,N
113109,101,5,22,30,0,4,2,0,0,2,BEL,0,4,0,,144,2,N
89605,11,5,20,9,5,10,1,0,0,1,FRA,0,1,1,153,95,0,N
79171,15,10,43,20,0,3,1,0,0,1,PRT,0,1,0,,109,0,N
68134,151,5,19,13,2,2,2,0,0,2,PRT,0,1,0,,95,0,Y
114883,25,6,26,27,0,1,2,0,0,2,MAR,0,1,0,280,100,0,N
95584,215,8,34,14,2,5,2,0,0,2,NLD,0,1,0,,92.16,1,N
109379,124,4,14,8,1,1,2,0,0,2,GBR,0,1,0,,99,1,N
86998,5,10,41,5,0,2,1,0,0,1,PRT,0,1,0,40,65,0,N
114054,0,6,24,14,0,2,2,0,0,2,PRT,0,1,1,,160,0,N
112009,31,5,20,16,0,3,2,0,0,2,CHE,0,4,0,,194,0,N
67822,88,5,19,8,1,1,1,0,0,1,PRT,0,1,0,,120,0,Y
55953,412,8,35,25,0,2,2,0,0,2,PRT,0,1,0,,62,0,Y
57359,113,9,39,24,1,1,2,0,0,2,CZE,0,1,0,,135.9,0,Y
91503,37,6,26,19,2,2,1,0,0,1,GBR,0,4,0,,116.55,0,N
78689,0,10,42,12,1,2,1,0,0,1,PRT,0,1,0,40,65,0,N
52553,26,6,24,8,0,1,2,0,0,2,PRT,0,1,0,,120,0,Y
45484,99,10,44,30,2,2,2,0,0,2,PRT,0,1,0,,65,0,Y
44830,184,10,42,12,1,3,2,0,0,2,BRA,0,1,0,,89.25,0,N
98952,140,10,41,3,1,3,2,0,0,2,GBR,0,1,0,,118.8,1,N
47821,14,3,10,4,2,7,2,0,0,2,CHN,0,1,0,,132.33,0,Y
82499,0,12,53,30,0,2,2,1,0,3,PRT,0,1,1,163,121.5,2,N
108398,79,3,12,25,0,1,3,0,0,3,BEL,0,4,0,,151.2,1,N
49464,281,4,16,14,0,2,2,0,0,2,PRT,0,1,0,,62,0,Y
104756,0,1,3,21,0,1,1,0,0,1,DEU,0,1,1,,88,0,N
114008,79,6,24,12,1,3,2,1,0,3,ITA,0,1,1,,111.6,0,N
93813,92,7,30,18,3,6,3,0,0,3,SWE,0,4,0,,148.7,2,N
73542,184,8,34,25,2,2,2,0,0,2,GBR,0,4,0,,126,0,Y
87459,5,4,17,19,0,1,2,0,0,2,NLD,0,1,0,,89,0,N
102337,8,11,48,23,0,4,2,0,0,2,BEL,0,1,0,,91.38,1,N
98653,261,10,40,1,1,1,1,0,0,1,ITA,0,1,1,,73,0,N
116643,55,7,29,21,0,2,2,0,0,2,ESP,0,4,0,,148.5,1,N
103428,127,12,52,22,0,2,2,1,0,3,IND,0,1,0,,106.2,3,N
101581,4,11,47,13,1,0,1,0,0,1,USA,0,1,0,,65.46,1,N
60690,11,11,47,18,0,2,2,0,0,2,FRA,0,1,0,,111,1,Y
89535,4,5,21,21,1,1,2,0,0,2,ITA,0,1,0,,112,1,N
88200,60,4,18,30,1,1,2,1,0,3,ESP,0,1,0,,114.57,0,N
94824,169,8,32,5,2,4,2,0,0,2,DEU,0,1,0,,99.45,1,N
66569,67,4,16,21,2,2,2,0,0,2,ITA,0,1,0,,126,0,Y
50908,286,5,20,11,0,4,2,0,0,2,AUT,0,1,1,,99,1,N
94616,125,7,32,31,2,5,2,0,0,2,FRA,0,4,1,,126.51,0,N
52419,247,6,24,6,1,1,2,0,0,2,PRT,0,1,0,,109,0,Y
101764,1,11,47,16,0,2,2,0,0,2,PRT,0,4,0,,130,1,N
56625,266,9,37,9,0,2,2,0,0,2,PRT,0,1,0,,105,0,Y
79126,288,10,42,17,2,3,1,1,0,2,DEU,0,1,0,,55.63,0,N
79492,12,11,48,25,0,1,1,0,0,1,PRT,0,1,0,40,65,0,N
52198,20,6,23,2,0,1,2,0,0,2,PRT,0,1,0,,121,0,Y
43803,77,9,39,25,1,2,2,0,0,2,GBR,0,1,1,,136,0,N
45919,84,11,48,27,1,2,2,0,0,2,PRT,0,1,0,,64,1,N
117991,0,8,32,11,0,2,2,0,0,2,ITA,0,4,0,,209,0,N
95567,0,8,34,19,0,2,2,0,0,2,ESP,0,1,0,,148,0,N
93160,184,7,29,16,1,1,2,0,0,2,ITA,0,1,1,,125,1,N
40869,124,8,32,8,2,1,2,0,0,2,ITA,0,1,0,,94.5,0,Y
110004,8,4,16,16,2,3,2,1,0,3,BRA,0,1,0,,135,0,N
96047,143,8,35,25,0,3,2,0,0,2,CZE,0,1,0,,100,0,N
50373,19,4,18,29,1,2,2,2,0,4,ESP,0,6,0,,217.67,0,Y
91196,105,6,24,11,2,5,2,0,0,2,JPN,0,1,0,,119.85,2,N
73128,209,8,33,15,0,3,2,0,0,2,GBR,0,1,0,,130.5,1,Y
67288,93,5,18,1,1,2,2,0,0,2,PRT,0,4,0,,98.1,0,Y
110883,174,4,18,30,2,1,2,0,0,2,DEU,0,1,0,,117,2,N
113215,21,6,22,3,0,1,2,0,0,2,CHE,0,5,0,,209,2,N
95315,28,8,33,13,2,3,3,0,0,3,ESP,0,1,1,,194.8,0,N
97194,24,9,38,12,1,0,1,0,0,1,CHN,0,1,0,,108,1,N
105523,8,2,6,7,0,4,1,2,0,3,FRA,0,2,0,,91.1,0,N
105029,60,1,4,25,0,3,2,0,0,2,CHN,0,1,1,,120.1,1,N
48677,92,3,13,26,2,1,2,0,0,2,PRT,0,1,0,,100,0,Y
86985,70,4,15,8,2,2,3,1,0,4,ITA,0,5,0,,173.35,0,N
70106,48,6,23,9,2,2,3,0,0,3,AUT,0,4,0,,170,0,Y
105535,36,2,6,9,0,2,1,0,0,1,FRA,0,1,2,,90,1,N
84203,15,2,8,18,0,3,1,0,0,1,PRT,0,1,0,,86,0,N
64459,260,3,10,10,0,2,2,0,0,2,DEU,0,1,0,,90,0,Y
48064,99,3,12,15,0,4,2,0,0,2,BEL,0,1,0,,73.95,0,Y
49753,103,4,17,19,0,2,1,0,0,1,PRT,0,1,0,,115,0,Y
92509,22,7,28,6,0,2,2,0,0,2,GBR,0,1,0,,139,1,N
41063,4,8,33,11,0,5,2,0,0,2,FRA,0,1,0,,90,2,N
118080,0,8,33,13,1,0,2,0,0,2,FRA,0,1,1,,98.4,0,N
113895,28,6,24,13,0,1,2,0,0,2,DEU,0,1,0,,109,2,N
68596,105,5,20,19,0,2,1,0,0,1,PRT,0,1,0,,160,0,Y
88650,6,5,20,8,2,0,1,0,0,1,GBR,0,1,0,,99,2,N
102376,3,11,48,25,0,2,2,0,0,2,PRT,0,1,0,,0,1,N
50450,99,5,19,1,2,1,3,0,0,3,GBR,0,1,0,,137.7,0,Y
84800,8,3,10,1,0,3,1,0,0,1,ESP,0,1,0,,56,0,N
81307,67,12,49,5,2,1,2,0,0,2,PRT,0,1,0,,95.4,2,N
111534,139,5,19,8,1,3,2,1,0,3,FRA,0,1,0,,144,2,N
113008,135,5,22,29,1,2,2,1,0,3,GBR,0,4,0,,133.06,1,N
44117,28,9,40,30,0,2,2,0,0,2,PRT,0,1,0,,105,1,Y
102660,70,12,49,2,0,2,2,0,0,2,FRA,0,1,0,,75,0,N
117201,56,7,30,29,1,1,2,0,0,2,CHN,0,1,0,,126,0,N
84362,8,2,9,23,0,2,1,0,0,1,ESP,0,1,0,,72,0,N
62911,61,1,4,25,0,2,2,0,0,2,PRT,0,1,0,,80,0,Y
113573,15,6,23,5,1,3,2,0,0,2,FRA,0,4,0,,155,0,N
51136,297,5,20,14,1,1,2,0,0,2,FRA,0,1,0,,65,0,N
63830,594,2,8,23,0,2,2,0,0,2,PRT,0,1,0,,62,0,Y
97039,30,9,38,11,1,0,2,0,0,2,SWE,0,4,0,,149.4,1,N
71352,230,7,27,3,1,2,2,0,0,2,PHL,0,1,0,,107.1,1,Y
93719,39,7,31,25,1,0,1,0,0,1,PRT,0,1,0,40,67,0,N
87074,2,4,16,13,0,1,1,0,0,1,ESP,0,4,0,,104.2,0,N
61582,9,12,51,16,2,4,2,0,0,2,BRA,0,1,0,,74.8,0,Y
105929,0,2,7,16,0,2,2,0,0,2,PRT,0,1,0,,108,0,N
89017,61,5,20,13,1,2,1,0,0,1,PRT,0,1,0,,121.5,0,N
75135,276,7,30,20,1,1,2,0,0,2,PRT,1,1,0,,62,0,Y
70810,114,6,25,23,0,2,3,0,0,3,PRT,0,5,1,,198,0,Y
114245,169,6,24,16,1,2,2,0,0,2,SWE,0,4,0,,130.5,1,N
64941,56,3,12,21,0,3,2,0,0,2,PRT,0,1,0,,85,0,Y
104222,41,1,1,4,0,4,2,0,0,2,PRT,0,1,0,,88.4,0,N
113392,60,6,23,5,1,1,1,0,0,1,ESP,0,1,0,,130,1,N
86779,90,4,15,8,0,1,2,0,0,2,DEU,0,1,0,,85.5,1,N
71027,84,6,26,27,0,3,2,0,0,2,IRL,0,1,0,,120,1,Y
94789,35,8,33,9,0,1,2,1,0,3,ESP,0,1,2,,152.1,1,N
115332,14,6,26,30,2,2,2,0,0,2,GBR,0,4,0,,180,1,N
95782,169,8,35,22,1,1,3,0,0,3,ISR,0,1,1,,137.7,0,N
108280,1,3,12,19,2,4,1,0,0,1,CPV,0,4,1,,65,0,N
43895,65,9,39,25,2,3,1,0,0,1,SVN,0,1,0,,118.14,1,N
58780,36,10,43,16,1,0,1,0,0,1,CHN,0,1,0,,107.1,1,Y
45356,61,10,44,26,1,1,2,0,0,2,CHN,0,1,0,,72.24,1,N
42916,168,9,37,11,0,2,2,0,0,2,PRT,0,1,0,,60,0,Y
98871,38,10,41,2,2,2,2,0,0,2,FRA,0,1,0,,126,0,N
103752,115,12,53,29,0,2,2,0,0,2,CN,0,4,0,,107.41,2,N
87963,44,4,18,26,0,3,2,0,0,2,PRT,0,1,0,,95.1,0,N
68988,194,5,21,24,0,3,3,0,0,3,PRT,0,4,0,,134.67,1,Y
67565,107,5,18,4,1,3,3,0,0,3,POL,0,4,0,,171,0,Y
60852,503,11,48,24,0,2,2,0,0,2,PRT,0,1,0,,62.8,0,Y
43256,56,9,38,17,0,2,2,0,0,2,FRA,0,1,0,,82,0,N
87868,69,4,17,23,2,2,2,1,0,3,NLD,0,1,0,,110.5,1,N
73756,272,7,29,16,0,2,2,0,0,2,PRT,1,1,0,,62.8,0,Y
89517,14,5,21,18,0,4,1,0,0,1,FRA,0,1,0,,0,0,N
115264,4,7,27,3,1,0,2,0,0,2,CN,0,1,0,,98,0,N
85419,60,3,12,14,1,3,2,0,0,2,AUT,0,4,1,,82.45,1,N
111399,12,5,19,10,0,1,1,0,0,1,ESP,0,4,1,,175,0,N
79957,6,11,45,6,0,2,2,0,0,2,DEU,0,1,0,,116,0,N
82752,325,10,43,17,1,2,2,0,0,2,PRT,1,1,0,,95,0,Y
118614,297,8,32,11,4,8,2,1,0,3,PRT,0,1,1,,39.67,0,N
87009,83,4,16,10,2,1,2,0,1,3,PRT,0,1,1,,96.3,2,N
106488,134,2,8,25,0,1,1,0,0,1,PRT,0,1,0,,75,0,N
67017,111,4,17,27,1,3,2,0,0,2,PRT,0,1,0,,120,0,Y
118794,234,8,34,22,0,3,2,0,0,2,DEU,0,1,0,,80.1,1,N
54451,99,7,29,16,2,1,2,0,0,2,USA,0,1,0,,94.5,1,Y
99042,190,9,40,30,2,7,2,0,0,2,ISL,0,1,2,,110.9,0,N
60505,47,11,46,12,2,2,2,0,0,2,IND,0,1,0,,85.75,1,Y
64494,26,3,10,11,1,1,2,0,0,2,ARE,0,5,0,,153,0,Y
95642,219,8,34,20,1,1,2,0,0,2,ITA,0,1,0,,96,0,N
116600,18,7,29,21,0,1,2,1,0,3,NLD,0,1,0,,157,2,N
66198,102,4,15,15,2,1,3,0,0,3,ITA,0,4,0,,181.5,0,Y
118590,116,8,34,21,1,1,1,0,0,1,DEU,0,1,1,,125,0,N
77715,1,9,39,24,0,1,1,0,0,1,PRT,0,1,0,,147,0,N
47706,50,2,10,29,1,0,2,0,0,2,CN,0,1,0,,76.5,0,Y
42917,168,9,37,11,0,2,2,0,0,2,PRT,0,1,0,,0,0,Y
81531,10,12,50,11,1,2,2,0,0,2,FRA,0,1,0,,58,0,N
78550,282,10,41,10,2,1,2,0,0,2,SWE,0,1,0,,76.67,0,N
97003,47,9,37,9,0,2,2,0,0,2,GBR,0,1,0,,125.1,1,N
72235,52,7,30,24,1,2,2,0,0,2,FRA,0,1,0,,119.33,1,Y
77308,4,9,38,15,0,2,1,0,0,1,PRT,0,1,0,,40,0,N
110934,65,5,18,1,1,2,2,0,0,2,LUX,0,1,1,,141.2,0,N
72986,170,8,32,11,2,2,3,0,0,3,FRA,0,4,0,,139.5,0,Y
110715,120,4,17,28,1,2,2,0,0,2,ESP,0,5,0,,153,1,N
74764,241,10,43,19,1,2,2,0,0,2,USA,0,1,0,,60,0,N
82195,0,12,51,19,2,2,2,0,0,2,BRA,0,2,1,,87,1,N
68336,164,5,20,15,1,2,1,0,0,1,PRT,0,1,0,,160,0,Y
76846,157,8,33,14,0,1,2,0,0,2,PRT,0,1,0,,76.5,1,N
105649,116,2,6,10,1,2,2,0,0,2,FRA,0,1,0,,60.98,1,N
85785,53,3,12,15,2,5,1,0,0,1,FRA,0,1,0,,83.92,1,N
56215,419,9,36,1,0,2,2,0,0,2,PRT,0,1,0,,62,0,Y
89872,14,5,22,27,0,1,1,0,0,1,PRT,0,1,0,,62.5,0,N
75087,283,7,31,27,1,1,2,0,0,2,PRT,1,1,0,,62,0,Y
58667,37,10,42,13,0,3,2,0,0,2,PRT,0,1,0,,105,0,Y
79950,19,11,45,4,0,4,2,0,0,2,DEU,0,4,0,,52.5,2,N
69843,38,6,23,7,0,3,2,0,0,2,CHN,0,1,0,,131.4,0,Y
114454,141,6,25,18,2,2,2,0,0,2,FIN,0,1,2,,109,2,N
119353,63,8,35,31,0,3,3,0,0,3,SWE,0,4,0,,195.33,2,N
61415,79,12,50,9,1,2,3,0,0,3,ITA,0,4,0,,126,2,Y
109611,196,4,15,9,2,3,2,0,0,2,GBR,0,1,0,,90.09,1,N
59044,163,10,43,20,0,3,2,0,0,2,PRT,0,1,0,,100,0,Y
100720,52,10,44,28,2,2,2,0,0,2,BEL,0,4,0,,120.6,1,N
75360,313,8,35,26,0,2,2,0,0,2,PRT,1,1,0,,62,0,Y
104270,121,1,1,6,2,2,2,0,0,2,ITA,0,1,0,,104,1,N
104781,34,1,3,20,0,2,2,0,0,2,DEU,0,1,0,,106.75,2,N
63737,19,2,8,19,2,3,2,0,0,2,LTU,0,1,0,,69.36,0,Y
109574,94,4,15,11,0,3,3,0,0,3,FRA,0,4,0,,169.5,2,N
104411,0,1,2,9,1,3,2,0,0,2,TUR,0,1,0,,65.16,2,N
91477,93,6,26,20,1,1,1,0,0,1,CHN,0,1,2,,126.9,1,N
45063,102,10,42,16,0,2,2,0,0,2,PRT,0,1,0,,101.5,0,Y
86348,76,3,14,27,2,3,2,0,0,2,NLD,0,1,0,,58.9,1,N
44982,102,10,42,16,0,2,2,0,0,2,DEU,0,1,0,,109,0,N
56454,230,9,37,6,0,5,2,0,0,2,PRT,0,1,0,,137,0,Y
83422,5,1,3,15,5,12,2,0,0,2,BRA,0,4,0,,88.12,1,N
113807,135,6,23,10,1,1,2,0,0,2,DEU,0,4,0,,109,1,N
69892,158,6,23,8,0,3,3,0,0,3,ITA,0,4,0,,193.5,1,Y
89369,54,3,11,15,0,1,1,0,0,1,PRT,2,4,1,,65,3,N
67629,17,5,18,5,1,2,2,0,0,2,KOR,0,1,0,,150,0,Y
109958,9,4,16,19,0,1,1,0,0,1,ESP,0,4,1,174,110,1,N
48288,39,3,13,20,2,0,3,0,0,3,GBR,0,4,0,,114.3,1,Y
103725,1,12,53,29,0,1,2,2,0,4,ITA,0,6,0,,208,0,N
107691,0,3,11,15,0,2,2,0,0,2,PRT,0,1,1,,134,0,N
40428,110,7,30,25,2,1,2,0,0,2,ITA,0,1,0,,94.5,0,Y
91960,74,6,27,27,1,0,2,1,0,3,FIN,0,1,0,,112.5,0,N
111094,322,5,18,5,0,1,2,0,0,2,PRT,0,1,0,,75,0,N
90171,11,5,23,30,1,3,3,0,0,3,FRA,0,4,0,,141.95,2,N
106526,134,2,8,25,0,1,2,1,0,3,PRT,0,1,1,,90,0,N
56002,194,8,35,26,2,2,2,2,0,4,ITA,0,6,0,,163.2,0,Y
45620,0,11,46,14,0,0,2,0,0,2,PRT,0,1,1,,0,2,N
102588,63,11,49,28,1,3,2,0,0,2,FRA,0,1,0,,75,0,N
79078,64,10,42,16,2,3,0,0,0,0,FRA,0,1,2,,0,0,N
98367,66,12,50,5,1,1,2,0,0,2,DEU,0,1,1,,67.91,2,N
63987,311,2,8,25,2,2,3,0,0,3,BRA,0,4,0,,107.95,1,Y
45488,99,10,44,30,2,2,2,0,0,2,PRT,0,1,0,,65,0,Y
86503,86,3,14,30,1,4,2,0,0,2,BEL,0,2,0,,71.19,1,N
63991,28,2,8,25,2,2,3,0,0,3,ITA,0,4,0,,134.3,0,Y
92804,109,7,28,6,2,4,2,1,0,3,FRA,0,1,3,,105.21,4,N
106862,8,3,9,1,0,3,3,0,0,3,CHE,0,4,0,,120.08,0,N
111148,334,5,18,2,0,5,2,0,0,2,FRA,0,4,0,,132.3,3,N
73667,123,8,35,29,1,5,1,0,0,1,JPN,0,4,0,,155,1,Y
102219,215,11,48,21,1,2,1,0,0,1,MKD,0,1,1,233,75,0,N
59712,166,11,45,1,0,3,1,0,0,1,PRT,0,1,0,,110,0,Y
115141,150,6,26,30,0,2,2,0,0,2,NLD,0,4,0,,130.05,0,N
91481,36,6,26,19,2,1,2,0,0,2,FIN,0,1,0,,108.9,1,N
116974,86,7,30,27,0,1,2,0,0,2,GBR,0,1,0,,129,1,N
44663,80,10,41,9,0,2,2,0,0,2,PRT,0,4,0,,136,0,N
102265,47,11,48,21,1,4,2,0,0,2,GBR,0,1,0,,68.07,1,N
51072,91,5,20,13,1,2,2,1,0,3,FRA,0,4,0,,140.4,0,Y
58547,37,10,42,13,0,3,1,0,0,1,PRT,0,1,0,,95,0,Y
115885,110,7,28,10,1,1,2,1,0,3,FRA,0,1,0,,144,0,N
104319,3,1,1,7,2,2,2,0,1,3,DEU,0,1,0,,93.69,3,N
82359,94,3,10,4,0,2,2,0,0,2,PRT,1,1,0,,80,0,Y
112701,35,5,21,25,0,3,3,2,0,5,CHE,0,7,1,,335,0,N
83407,1,1,5,29,0,2,2,0,0,2,PRT,0,1,0,,80,1,N
51717,158,5,22,24,0,2,1,0,0,1,PRT,0,1,0,,130,0,Y
53895,162,7,27,1,1,2,2,0,0,2,SWE,0,1,0,,96.3,0,Y
85505,35,3,12,14,1,2,2,0,0,2,BEL,0,1,0,,85,0,N
115326,72,6,26,30,2,2,2,0,0,2,IRL,0,1,0,,120,2,N
119194,213,8,35,28,1,3,1,0,0,1,PRT,0,1,1,,104,0,N
46236,15,12,53,27,2,1,2,0,0,2,FIN,0,1,0,,66,0,N
108971,135,3,13,31,2,3,2,0,0,2,BRA,0,1,0,,86.49,1,N
82775,68,2,8,17,0,2,2,0,0,2,PRT,1,1,0,,75,0,Y
49887,265,4,17,20,0,4,2,0,0,2,PRT,0,1,0,,101,0,Y
96727,13,9,37,4,2,1,2,0,0,2,PRT,0,4,0,,160,1,N
60376,47,11,46,7,1,3,1,0,0,1,FIN,0,1,0,,152.2,0,Y
106262,11,2,8,20,1,3,2,0,0,2,FRA,0,1,1,,84.7,1,N
113288,104,6,22,2,1,2,1,0,0,1,FRA,0,1,0,,135,0,N
115915,68,7,28,11,0,2,2,0,0,2,AUT,0,1,2,,108,2,N
94696,196,8,32,3,1,4,2,0,0,2,NOR,0,1,0,,80.75,1,N
72114,142,7,29,21,0,2,2,0,0,2,BEL,0,4,0,,137.25,0,Y
107462,42,3,10,8,1,4,2,0,0,2,FRA,0,1,0,,105,0,N
106945,203,3,9,2,0,3,2,0,0,2,GBR,0,1,0,,57.93,2,N
101753,0,11,47,14,1,3,1,0,0,1,AGO,0,1,2,372,95,2,N
101951,4,11,48,20,1,0,2,0,0,2,PRT,0,6,0,,133.98,1,N
99104,1,10,41,7,0,2,2,0,0,2,ISR,0,1,2,,160,2,N
69966,169,6,23,8,0,3,2,0,0,2,PRT,0,1,0,,170,0,Y
71644,43,7,28,9,2,1,3,0,0,3,BRA,0,4,0,,196.67,2,Y
111922,2,5,20,17,0,1,1,0,0,1,NLD,0,5,0,,220,1,N
93714,64,7,31,25,1,0,2,0,0,2,MEX,0,1,0,,94.5,0,N
41385,40,8,33,15,2,2,2,0,0,2,PRT,0,1,0,,62,0,Y
112735,157,5,21,26,0,2,2,1,0,3,ITA,0,1,0,,144,2,N
59574,8,10,44,29,2,1,2,0,0,2,NGA,0,1,0,,126.67,1,Y
102624,79,11,49,29,0,4,2,1,0,3,ITA,0,1,0,,122,2,N
42060,104,8,36,30,2,1,2,0,0,2,ESP,0,1,0,,90,0,Y
62589,278,1,3,16,1,0,2,0,0,2,SGP,0,1,0,,67.15,0,Y
90758,109,6,24,8,0,3,3,0,0,3,GBR,0,4,0,,129.59,2,N
81809,117,2,10,29,1,2,2,0,0,2,PRT,1,1,0,,75,0,Y
108380,35,3,12,25,0,1,2,0,0,2,PRT,0,1,0,,108,1,N
68762,38,5,20,20,2,1,2,0,0,2,PRT,0,1,0,,90,0,Y
113139,104,5,22,30,0,4,1,0,0,1,DEU,0,1,0,,84.6,1,N
91508,12,6,26,19,2,2,2,0,0,2,GBR,0,1,0,,141,1,N
113774,228,6,23,4,3,5,2,0,0,2,FRA,0,1,0,,113.57,1,N
44714,46,10,41,10,0,1,2,0,0,2,PRT,0,4,0,,118.8,0,Y
99989,0,10,43,20,0,1,1,0,0,1,PRT,0,1,0,216,112,0,N
108358,116,3,12,24,0,2,1,0,0,1,FRA,0,1,1,,90,0,N
103474,197,12,52,21,1,4,2,0,0,2,FRA,0,1,2,,113.4,0,N
79797,70,11,48,25,0,3,2,0,0,2,PRT,1,2,0,,61.56,0,Y
62072,46,1,1,1,2,0,2,0,0,2,PRT,0,1,0,,65,0,Y
41432,5,8,33,15,2,1,2,0,0,2,ITA,0,1,0,,94.5,0,N
66897,156,4,17,26,0,3,2,0,0,2,PRT,0,1,0,,100,0,Y
113902,101,6,24,11,2,1,2,0,0,2,FRA,0,5,0,,112.5,0,N
56522,426,9,37,8,0,2,2,0,0,2,PRT,0,1,0,,62,0,Y
51970,37,5,22,27,0,1,2,0,0,2,PRT,0,4,0,,140.4,0,Y
85127,5,3,11,8,0,2,2,0,0,2,FRA,0,1,0,,103,0,N
46953,25,1,5,29,0,2,2,0,0,2,DEU,0,1,0,,78.3,0,Y
111230,121,5,18,5,1,2,2,0,0,2,CZE,0,1,0,,126,0,N
42976,29,9,37,12,0,1,2,0,0,2,DEU,0,1,0,,76.5,0,N
73139,309,8,33,15,0,4,2,0,0,2,ITA,0,1,0,,89.1,0,Y
118235,209,8,33,14,1,2,2,0,0,2,ESP,0,4,1,,188,1,N
100461,144,10,44,23,2,3,2,0,0,2,GBR,0,1,0,,91.26,2,N
82285,92,12,52,22,0,4,2,0,0,2,FRA,0,4,0,,60,0,N
116603,16,7,29,21,0,1,2,0,0,2,FRA,0,1,0,,118,1,N
104053,20,1,1,3,0,2,2,0,0,2,ESP,0,1,0,,97,1,N
80129,72,12,53,27,2,0,1,0,0,1,PRT,1,1,0,,65,0,Y
53507,81,6,26,23,0,1,1,0,0,1,ISR,0,1,0,,90.9,0,Y
41957,0,8,35,28,0,1,1,0,0,1,FRA,0,1,1,,96,2,N
41217,8,8,33,14,0,2,1,0,0,1,PRT,0,1,1,,87,0,N
94382,0,3,9,1,0,1,1,0,0,1,PRT,1,1,0,45,0,2,N
85151,53,3,11,6,2,3,2,0,0,2,PRT,0,1,0,,65.75,0,N
47022,33,2,6,4,0,3,2,0,0,2,IRL,0,1,0,,69.5,0,N
46385,148,12,53,30,1,4,2,0,0,2,PRT,0,1,0,,67,0,Y
47886,90,3,11,7,1,4,2,0,0,2,FRA,0,1,0,,73.95,0,Y
87420,72,4,16,13,2,5,2,0,0,2,DEU,0,1,0,,86.82,0,N
59220,229,10,43,22,2,2,2,0,0,2,PRT,0,1,0,,89.25,0,Y
63011,566,1,4,26,0,2,2,0,0,2,PRT,0,1,0,,62,0,Y
71754,54,7,28,11,0,5,2,0,0,2,ROU,0,4,0,,154,0,Y
48714,45,3,14,28,1,3,2,0,0,2,FRA,0,4,0,,143.65,0,Y
50278,295,4,18,28,0,2,2,0,0,2,PRT,0,1,0,,62,0,Y
55884,195,8,35,23,1,5,2,0,0,2,CHE,0,4,5,,147,0,Y
93069,138,7,29,14,0,2,2,1,0,3,SWE,0,1,0,,130.5,1,N
102004,54,11,47,19,1,1,2,0,0,2,FRA,0,1,0,,75,0,N
75699,295,8,32,8,2,2,2,0,0,2,PRT,1,1,0,,62,0,Y
108762,0,3,13,31,0,1,2,0,0,2,PRT,0,6,0,,204,0,N
63325,0,2,6,9,0,1,2,0,0,2,PRT,0,1,0,,12,0,Y
89156,0,5,21,17,0,1,2,0,0,2,PRT,0,1,0,,95.94,0,N
101528,45,11,46,7,2,5,2,0,0,2,FRA,0,1,0,,75,1,N
99596,53,10,42,14,0,1,1,0,0,1,PRT,0,1,0,,120,0,N
40872,124,8,32,8,2,1,2,0,0,2,ITA,0,1,0,,94.5,0,N
81461,0,12,50,12,0,1,2,0,0,2,PRT,0,1,0,,85,0,Y
85907,31,3,12,17,2,5,2,0,0,2,UKR,0,1,0,,63,0,N
43855,87,9,39,25,2,3,2,0,0,2,PRT,0,1,0,,170,0,Y
54338,76,7,29,13,0,4,2,0,0,2,PRT,0,1,0,,79.56,0,Y
62337,274,1,2,9,1,2,2,1,0,3,ARG,0,1,0,,98.1,0,Y
93109,139,7,29,16,0,1,3,0,0,3,ESP,0,1,0,,137.7,0,N
55378,54,8,33,11,2,3,2,0,0,2,PRT,0,1,0,,85,0,Y
105080,18,1,4,22,2,5,2,0,0,2,FRA,0,1,0,,83.3,0,N
66353,35,4,16,17,3,6,2,1,0,3,PRT,0,4,0,,185,3,Y
46841,13,1,4,20,2,8,1,0,0,1,AGO,0,1,0,,81.7,0,Y
90451,220,6,23,4,2,1,2,0,0,2,USA,0,1,0,,73.33,1,N
94291,7,11,47,17,0,1,1,0,0,1,PRT,0,1,0,40,67,1,N
54299,20,7,29,11,1,4,1,0,0,1,AZE,0,1,0,,139,0,Y
76891,0,8,34,18,0,1,2,1,0,3,ITA,0,4,1,,113,0,N
55144,73,8,32,6,1,1,2,0,0,2,FRA,0,4,0,,140.4,1,Y
104033,22,1,1,2,1,1,2,0,0,2,ESP,0,1,0,,97,1,N
103719,12,12,53,26,1,3,2,0,0,2,HUN,0,4,0,,92,1,N
42874,168,9,37,11,0,2,1,0,0,1,PRT,0,1,1,,50,0,N
82024,305,10,40,1,1,1,2,0,0,2,PRT,1,1,0,,100,0,Y
75321,304,8,34,17,1,1,2,0,0,2,PRT,1,1,0,,62,0,Y
74071,314,8,35,27,0,2,2,0,0,2,PRT,1,1,0,,62,0,Y
41554,1,8,34,18,0,1,1,0,0,1,PRT,0,1,0,,114,0,Y
77761,11,9,39,23,0,3,2,0,0,2,PRT,0,1,0,,114,0,N
56610,178,9,37,9,0,2,1,0,0,1,PRT,0,1,0,,135,0,Y
112246,69,5,20,17,1,4,2,0,0,2,GBR,0,1,0,,129.6,1,N
78184,9,10,41,4,2,0,1,0,0,1,USA,0,1,0,,109,0,N
41163,87,8,33,14,0,1,2,0,0,2,PRT,0,1,0,,12,0,Y
83697,59,2,6,6,2,2,1,0,0,1,AUT,0,1,0,,51,0,N
76108,364,10,42,16,0,2,2,0,0,2,PRT,1,1,0,,101.5,0,Y
54096,215,7,28,6,3,9,2,0,0,2,GBR,0,4,0,,99.45,1,N
44134,27,9,40,30,0,2,2,0,0,2,PRT,0,1,0,,108,0,Y
105412,51,2,5,4,2,1,2,0,0,2,DEU,0,1,0,,95.4,1,N
107639,42,3,11,15,0,1,1,0,0,1,PRT,0,4,0,,65,0,N
118335,2,8,33,16,0,3,2,0,0,2,FRA,0,1,0,,128,0,N
76021,336,9,38,18,0,2,2,0,0,2,PRT,1,1,0,,101.5,0,Y
68557,175,5,20,19,0,1,1,0,0,1,PRT,0,1,0,,90,0,Y
82797,68,2,8,17,0,2,2,0,0,2,PRT,1,1,0,,75,0,Y
65121,41,3,12,24,3,7,3,0,0,3,BRA,0,5,2,,144.98,2,Y
46679,9,1,3,15,1,2,1,0,0,1,ECU,0,1,0,,82,2,N
42108,145,8,36,31,1,2,2,0,0,2,PRT,0,1,0,,90,0,Y
102439,45,11,48,24,2,3,2,0,0,2,FRA,0,4,0,,96.9,2,N
111729,221,5,19,11,1,3,2,0,0,2,GBR,0,1,0,,138.6,1,N
67160,26,4,17,29,1,1,2,0,0,2,CHN,0,1,0,,103.5,1,Y
67981,329,5,19,10,0,4,1,0,0,1,NOR,0,1,2,,109.8,2,Y
85047,35,3,10,3,2,3,2,0,0,2,GBR,0,1,0,,83.9,2,N
51430,0,5,21,20,0,1,2,0,0,2,PRT,0,1,0,,88.56,0,Y
69258,132,5,22,28,2,2,2,0,0,2,PRT,0,1,0,,99,0,Y
91010,96,6,25,13,1,1,3,0,0,3,ITA,0,4,0,,159.3,2,N
43452,74,9,38,18,0,2,2,0,0,2,PRT,0,1,0,,109,0,N
84392,36,2,9,24,0,1,1,0,0,1,PRT,0,1,0,,72.9,1,N
43335,74,9,38,18,0,2,2,0,0,2,PRT,0,1,0,,109,0,N
61082,290,12,49,1,1,3,2,0,0,2,SVK,0,1,0,,73.95,0,Y
62699,559,1,3,19,0,2,2,0,0,2,PRT,0,1,0,,62,0,Y
56380,62,9,37,4,2,2,2,0,0,2,USA,0,2,1,,96.23,0,Y
105121,4,1,4,28,1,1,2,0,0,2,GBR,0,1,0,,108,0,N
105424,3,2,6,6,1,1,1,0,0,1,FRA,0,1,0,,60.06,0,N
71723,56,7,28,11,0,1,2,0,0,2,SWE,0,1,0,,140,2,Y
109685,6,4,15,13,0,2,2,0,0,2,PRT,0,1,0,,160,1,N
65776,131,4,14,8,2,1,2,0,0,2,BRA,0,4,0,,166.5,1,Y
62169,40,1,1,3,0,3,2,0,0,2,PRT,0,1,0,,88,0,Y
100412,239,10,44,24,1,3,2,0,0,2,DEU,0,1,0,,80.75,1,N
110467,105,4,17,25,0,3,2,1,0,3,FRA,0,1,0,,141,2,N
66813,156,4,17,26,0,3,2,0,0,2,PRT,0,1,0,,100,0,Y
110873,6,5,18,2,0,1,1,0,0,1,ITA,0,1,0,186,95,0,N
41619,0,8,34,19,3,9,2,0,0,2,AGO,0,1,2,,106.84,2,N
114929,2,6,26,28,0,1,1,0,0,1,AUT,0,1,0,,180,0,N
108394,7,3,12,23,0,3,2,0,0,2,ITA,0,4,0,,125,2,N
56938,79,9,38,15,2,3,1,0,0,1,GBR,0,4,0,,183.6,1,Y
90379,85,6,23,4,1,1,2,0,0,2,AUT,0,1,0,,131.4,1,N
68638,111,5,20,19,0,2,2,0,0,2,IRL,0,1,0,,126,0,Y
59448,286,10,44,28,0,2,2,0,0,2,PRT,0,1,0,,65,0,Y
117117,138,7,30,28,0,2,2,0,0,2,CN,0,1,0,,130.5,0,N
114468,114,6,25,18,2,2,2,2,0,4,ITA,0,6,0,,206,0,N
93859,110,7,31,25,1,2,2,0,0,2,POL,0,1,2,,105.3,1,N
105687,24,2,6,11,2,1,2,0,0,2,FRA,0,1,0,,75,0,N
86091,156,3,13,23,0,4,2,0,0,2,GBR,0,1,0,,14,0,N
59570,197,10,44,29,2,1,3,0,0,3,ITA,0,4,0,,128.7,0,Y
114378,111,6,25,20,0,1,2,0,0,2,AUS,0,1,0,,108,0,N
68784,113,5,20,20,2,1,1,0,0,1,PRT,0,1,0,,190,0,Y
45359,53,10,44,26,1,2,2,0,0,2,NLD,0,1,0,,94.5,1,N
43087,20,9,38,14,1,3,2,0,0,2,FRA,0,1,0,,105,2,N
79403,11,10,43,23,2,2,2,0,0,2,PRT,0,1,0,,88.5,0,N
57789,5,10,40,1,0,1,1,0,0,1,PRT,0,1,1,321,110,0,Y
104672,62,1,3,16,1,3,2,0,0,2,FRA,0,1,0,,74.8,2,N
109539,143,4,15,12,0,1,2,0,0,2,GBR,0,1,0,,99,2,N
84126,99,2,8,19,0,1,1,0,0,1,PRT,0,1,0,67,81,0,N
111334,62,5,18,6,2,1,2,0,0,2,BEL,0,1,0,,178.2,0,N
41279,0,8,33,14,0,2,2,0,0,2,PRT,0,1,0,,109,0,Y
110303,8,4,17,24,1,0,3,0,0,3,ITA,0,4,0,,215,3,N
110156,155,4,16,19,0,4,2,0,0,2,DEU,0,1,0,,124,0,N
72317,314,7,30,26,0,4,2,0,0,2,PRT,0,1,0,,110,0,Y
113368,150,6,22,2,2,2,2,0,0,2,DEU,0,1,0,,126,0,N
114866,7,6,26,27,0,1,1,0,0,1,GBR,0,1,0,,130,1,N
46966,17,1,5,30,1,1,2,0,0,2,NLD,0,1,2,,60,1,Y
118703,1,8,34,24,0,1,2,0,0,2,FRA,0,1,0,,128,1,N
59300,96,10,44,26,0,2,2,0,0,2,CHN,0,4,0,,93.96,0,Y
88181,44,4,18,29,1,2,2,2,0,4,ESP,0,6,0,,207.9,0,N
50609,259,5,19,5,0,3,2,0,0,2,PRT,0,1,0,,90,0,Y
62647,54,1,3,18,0,3,2,0,0,2,PRT,0,1,0,,65,0,Y
105263,9,1,5,31,0,4,2,0,0,2,NLD,0,1,0,,74.8,2,N
55399,225,8,33,12,0,2,2,0,0,2,BRA,0,1,0,,96.3,0,N
50229,19,4,18,27,0,1,3,0,0,3,BRA,0,4,0,,167,0,Y
119232,213,8,35,28,1,3,1,0,0,1,PRT,0,1,1,,104,0,N
85257,16,3,11,11,0,1,1,0,0,1,PRT,0,1,1,215,75,0,N
88491,108,5,19,4,0,3,2,0,0,2,CHE,0,1,0,,75.38,0,N
51043,273,5,20,13,1,2,2,0,0,2,PRT,0,1,0,,95,0,Y
106882,5,2,9,28,0,5,2,0,0,2,NOR,0,4,0,,100.3,0,N
87849,148,4,17,23,2,2,2,0,0,2,BEL,0,1,0,,80.75,1,N
65979,39,4,15,12,0,2,2,0,0,2,ESP,0,1,0,,120,0,Y
101449,71,11,46,10,0,2,2,0,0,2,GBR,0,1,1,,145,1,N
60287,626,11,46,7,1,2,2,0,0,2,PRT,0,1,0,,62.8,0,Y
88001,38,4,18,25,1,3,2,1,0,3,FRA,0,1,0,,121.95,1,N
44415,97,10,41,5,1,3,1,0,0,1,PRT,0,1,0,,140,0,Y
93525,292,7,30,21,0,2,2,0,0,2,DEU,0,1,0,,115,0,N
112444,175,5,21,21,2,1,2,0,0,2,DEU,0,4,0,,148.5,2,N
105928,2,2,7,16,0,2,2,0,0,2,PRT,0,1,0,,99,1,N
84813,2,3,10,3,0,1,1,0,0,1,FRA,0,1,0,,79,0,N
70254,31,6,24,12,1,4,2,0,0,2,TUN,0,1,0,,132,1,Y
88685,18,5,20,9,1,1,1,0,0,1,GBR,0,1,0,,88.8,0,N
118534,209,8,33,16,1,4,2,0,0,2,PRT,0,5,0,,103.5,0,N
92834,13,3,13,30,0,2,1,0,0,1,FRA,0,4,0,227,110,1,N
49602,104,4,16,15,2,2,2,0,0,2,ITA,0,1,0,,76.5,1,Y
96122,3,8,35,25,1,3,2,0,0,2,AUS,0,4,0,,110.8,1,N
103857,18,12,53,30,1,2,2,0,0,2,PRT,0,1,1,,75,1,N
98643,159,9,40,28,1,4,2,0,0,2,DEU,0,4,0,,133.2,1,N
105124,47,1,4,28,1,1,2,0,0,2,KOR,0,1,0,,76.32,0,N
59011,468,10,43,20,0,2,2,0,0,2,PRT,0,1,0,,62,0,Y
118238,83,8,33,14,1,2,2,1,0,3,FRA,0,1,1,,135,3,N
96343,197,8,35,27,2,3,2,0,0,2,GBR,0,4,1,,137.7,2,N
95390,145,8,34,17,0,2,2,0,0,2,ITA,0,4,1,,123.3,2,N
118050,157,8,32,10,1,3,2,1,0,3,ROU,0,1,0,,148.5,2,N
40652,34,8,32,5,0,2,2,0,0,2,ESP,0,1,0,,62,0,N
108386,160,3,12,25,0,1,3,0,0,3,PRT,0,4,0,,135,1,N
70844,115,6,25,23,0,2,2,0,0,2,GBR,0,1,0,,108,0,Y
97830,1,9,39,20,0,1,1,0,0,1,PRT,0,1,0,,179,2,N
117948,0,8,32,11,0,1,2,3,0,5,BEL,0,6,1,,250,0,N
117285,8,8,31,1,0,1,2,0,0,2,CHE,0,1,0,,119,1,N
101379,139,11,46,7,1,3,2,0,0,2,CHE,0,1,0,,171.9,1,N
100799,177,10,45,30,2,1,2,0,0,2,FRA,0,1,0,,90.9,0,N
90304,99,6,23,4,0,1,1,0,0,1,DEU,0,4,0,,90.95,0,N
88660,2,5,20,9,1,0,2,0,0,2,PRT,0,1,0,,89,2,N
76076,364,10,42,16,0,2,2,0,0,2,PRT,1,1,0,,101.5,0,Y
48219,82,3,12,18,2,3,3,0,0,3,GBR,0,1,1,,107.25,1,N
41978,17,8,35,29,0,1,2,2,1,5,PRT,0,6,1,,153,2,N
49369,147,4,16,11,1,5,2,0,0,2,PRT,0,1,0,,90.95,0,Y
89771,5,5,22,24,0,2,2,0,0,2,URY,0,1,0,78,110,0,N
49545,70,4,16,14,1,3,2,0,0,2,FRA,0,1,0,,89.25,0,Y
116763,160,7,30,23,1,0,2,0,1,3,BRA,0,1,0,,89.1,2,N
112175,243,5,20,18,0,3,2,0,0,2,ESP,0,1,2,,159.3,2,N
77247,6,9,39,20,2,0,2,0,0,2,PRT,1,1,0,,100,0,Y
44056,83,9,40,30,0,1,2,0,0,2,ITA,0,1,0,,112.2,0,N
57297,271,9,39,23,0,2,3,0,0,3,GBR,0,1,1,,125.4,0,N
61750,34,12,53,25,2,2,2,0,0,2,FRA,0,1,0,,95.2,0,Y
80707,32,11,47,20,0,2,1,0,0,1,PRT,0,1,0,,73,0,N
42250,10,9,36,3,0,3,2,0,0,2,PRT,0,1,0,,117.67,1,N
87073,138,4,16,13,0,1,2,0,0,2,PRT,0,1,0,,90,1,N
66899,156,4,17,26,0,3,2,0,0,2,PRT,0,1,0,,100,0,Y
115312,174,6,26,30,2,2,3,0,0,3,BEL,0,4,0,,150.24,0,N
53509,82,6,26,23,0,1,2,0,0,2,ISR,0,1,0,,85.5,0,Y
106552,0,2,8,25,0,1,2,0,0,2,PRT,0,1,0,,98,0,N
69805,35,6,23,7,0,2,2,0,0,2,GBR,0,1,2,,159,1,Y
108712,124,3,13,27,1,4,2,0,0,2,DEU,0,4,0,,96.25,0,N
45280,69,10,44,25,2,1,2,0,0,2,ISR,0,1,0,,85.67,0,N
64253,51,3,9,3,0,2,2,0,0,2,FRA,0,1,0,,97.2,0,Y
60078,95,11,45,5,0,1,1,0,0,1,PRT,0,1,0,,75,0,Y
59305,34,10,44,26,0,3,2,0,0,2,FRA,0,1,0,,109,3,Y
48994,101,4,15,4,1,2,1,0,0,1,PRT,0,1,0,,70,0,Y
117407,150,8,31,2,0,1,2,2,0,4,ISR,0,6,1,,244,0,N
96359,1,8,36,30,0,2,2,0,0,2,FRA,0,1,0,,148,1,N
84569,6,2,9,24,0,4,2,0,0,2,ITA,0,4,0,,109.5,1,N
45984,15,12,49,4,2,2,2,0,0,2,ESP,0,1,2,,113.5,1,N
106101,4,2,8,20,1,0,1,0,0,1,DEU,0,1,0,,98,1,N
116270,32,7,29,16,1,0,2,2,0,4,NOR,0,7,0,,295,1,N
62924,78,1,4,25,0,2,1,0,0,1,PRT,0,1,0,365,85,0,Y
61056,510,12,49,1,0,2,2,0,0,2,PRT,0,1,0,,62.8,0,Y
106491,134,2,8,25,0,1,1,0,0,1,PRT,0,1,0,,75,0,N
42650,4,9,37,8,2,6,2,0,0,2,PRT,0,1,0,,132.13,0,N
108833,53,3,13,30,0,3,2,0,0,2,FRA,0,4,0,,91.47,1,N
106791,201,2,9,27,1,3,0,2,0,2,NLD,0,2,0,,76.16,2,N
79086,5,10,43,19,1,2,2,0,0,2,POL,0,1,0,,90,0,N
87565,93,4,17,17,2,3,2,0,0,2,NLD,0,4,0,,99.45,1,N
103009,122,12,50,8,0,3,2,0,0,2,PRT,0,1,1,,68,0,N
52597,56,6,24,8,0,2,2,0,0,2,ISR,0,1,0,,113.4,0,Y
63628,587,2,7,16,0,2,2,0,0,2,PRT,0,1,0,,62,0,Y
115233,0,7,27,2,1,0,2,0,0,2,PRT,0,2,1,,98,0,N
118185,139,8,32,9,2,5,2,0,0,2,ITA,0,4,0,,111.6,0,N
48040,33,3,12,13,2,2,2,0,0,2,TUR,0,1,0,,71.1,0,Y
91006,95,6,24,9,2,4,2,0,0,2,BEL,0,1,0,,119.85,2,N
103396,345,12,52,20,0,2,2,0,0,2,PRT,0,1,0,,78.3,2,N
108281,30,3,12,21,0,5,2,0,0,2,DEU,0,1,0,,76.5,2,N
83181,2,1,4,23,0,1,1,0,0,1,PRT,0,4,1,,0,0,N
44703,204,10,41,9,2,2,2,0,0,2,FRA,0,1,0,,72.75,0,N
76263,147,7,30,21,0,2,2,0,0,2,PRT,1,1,0,,75,0,Y
101795,140,9,39,22,16,41,0,0,0,0,GBR,0,1,12,,8.34,2,N
63468,67,2,7,12,2,0,2,0,0,2,PRT,0,1,0,,80,0,Y
80747,176,4,15,9,1,1,2,0,0,2,PRT,1,1,0,,125,0,Y
104050,41,1,1,4,0,1,2,0,0,2,BRA,0,1,0,,88,1,N
69135,31,5,21,26,0,1,3,0,0,3,PRT,0,4,0,,230,1,Y
90520,247,6,24,6,1,1,2,0,0,2,DEU,0,1,0,,115,1,N
46285,146,12,53,29,0,3,1,0,0,1,AUT,0,1,1,,65,0,N
51904,316,5,22,26,0,3,2,0,0,2,AUT,0,1,0,,110,0,N
87931,62,4,18,25,1,2,2,0,0,2,ROU,0,1,0,,94.8,0,N
91546,45,6,26,19,2,2,2,0,0,2,PRT,0,1,0,,79.33,1,N
51365,316,5,21,19,0,2,2,0,0,2,PRT,0,1,0,,62,0,Y
106673,13,2,9,26,2,1,2,1,0,3,ROU,0,1,0,,95,0,N
47532,54,2,9,26,0,2,2,0,0,2,NLD,0,1,0,,80.3,0,N
116639,99,7,29,18,0,5,2,0,0,2,BEL,0,1,0,,80.1,0,N
93202,30,7,29,14,1,3,2,1,0,3,PRT,0,1,0,,88.56,1,N
96621,58,9,36,2,1,2,2,0,0,2,ESP,0,4,0,,123.3,2,N
114617,149,6,25,24,0,1,2,0,0,2,ITA,0,1,1,,154,0,N
87335,4,4,16,15,1,2,2,0,0,2,PRT,0,1,0,,93.17,1,N
117330,1,7,31,31,1,1,2,0,0,2,ITA,0,1,0,,145,1,N
94038,0,7,31,29,0,1,2,0,0,2,PRT,0,1,0,,89,0,N
106798,63,2,9,27,1,3,3,0,0,3,PRT,0,4,3,,99.45,2,N
101336,48,11,46,6,2,3,2,0,0,2,FRA,0,1,0,,75,0,N
66655,100,4,16,22,2,2,2,0,0,2,PRT,0,1,0,,105,0,Y
109526,37,4,15,11,0,2,2,0,0,2,FRA,0,1,0,,135,1,N
118012,198,8,32,11,0,2,2,0,0,2,DEU,0,1,0,,80.1,0,N
63921,134,2,8,25,0,1,1,0,0,1,PRT,0,1,0,,75,0,Y
118520,197,8,33,18,1,2,2,0,0,2,NLD,0,1,0,,118.2,1,N
46614,23,1,3,11,1,0,2,0,0,2,USA,0,1,0,,62,0,N
70887,129,6,25,24,2,1,2,0,0,2,PRT,0,1,0,,130,0,Y
51269,286,5,21,17,0,1,2,0,0,2,PRT,0,1,0,,65,0,Y
55879,135,8,35,23,0,5,1,0,0,1,GBR,0,1,0,,94.5,1,Y
67844,42,5,19,8,1,2,1,0,0,1,PRT,0,1,0,,139,1,Y
59369,4,10,44,27,0,3,2,0,0,2,PRT,0,1,0,,133.33,1,Y
77954,17,9,39,26,2,2,1,0,0,1,PRT,0,1,0,,170,0,N
115356,4,7,27,4,0,1,1,0,0,1,JPN,0,1,0,,82.08,0,N
116138,136,7,28,11,0,4,2,0,0,2,CN,0,4,0,,116.1,1,N
104901,6,1,4,24,0,1,2,0,0,2,AUT,0,1,0,,83.16,0,N
59048,72,10,43,20,0,3,2,0,0,2,DEU,0,1,0,,118.8,2,Y
42586,4,9,37,7,1,3,1,0,0,1,PRT,0,1,0,67,119,0,N
118301,84,8,33,14,1,3,2,0,0,2,IRL,0,1,2,,170,0,N
105301,173,2,5,2,0,3,2,0,0,2,GBR,0,1,0,,79.2,2,N
78544,282,10,41,10,2,1,2,0,0,2,SWE,0,1,0,,76.67,0,N
63004,66,1,4,25,2,5,1,0,0,1,CHN,0,4,0,,87.21,0,Y
48272,393,3,12,19,2,1,2,0,0,2,PRT,0,1,0,,70.53,0,Y
56770,235,9,38,13,0,4,2,0,0,2,ROU,0,1,0,,103.06,1,Y
58802,258,10,43,16,1,0,2,0,0,2,PRT,0,1,0,,110,0,Y
52436,24,6,24,6,1,2,1,0,0,1,PRT,0,1,0,,120,0,Y
47272,2,2,8,14,2,1,1,0,0,1,AGO,0,1,0,,79,0,Y
68652,101,5,20,19,1,2,3,0,0,3,ESP,0,1,0,,144,0,Y
88226,0,5,19,3,0,0,1,0,0,1,RUS,0,1,0,,0,1,N
113855,25,6,24,12,1,0,2,0,0,2,AUS,0,1,0,,109,0,N
48572,78,3,13,25,1,2,2,0,0,2,PRT,0,1,0,,100,0,Y
60714,11,11,47,18,3,7,1,0,0,1,EGY,0,1,0,,76.93,1,Y
65490,112,4,14,4,0,2,2,0,0,2,PRT,0,1,0,385,95,0,Y
67907,5,5,19,9,0,1,2,0,0,2,PRT,0,1,0,,90,0,Y
46112,110,12,50,9,0,4,2,0,0,2,FRA,0,1,0,,70,0,N
58862,284,10,43,16,2,3,2,0,0,2,FIN,0,2,0,,81.82,0,Y
89231,64,5,21,17,0,2,1,0,0,1,TUR,0,1,0,218,130,0,N
41103,41,8,33,12,0,2,2,0,0,2,PRT,0,1,0,,62,0,N
100886,14,11,45,2,0,1,1,0,0,1,PRT,0,1,0,,100,1,N
43142,28,9,38,15,0,3,2,0,0,2,FRA,0,1,0,,105,1,N
73390,203,8,34,20,2,1,2,1,0,3,DEU,0,1,0,,135,0,Y
56806,62,9,38,14,1,4,2,0,0,2,CHE,0,4,0,,149.4,3,Y
53917,113,7,27,1,2,6,3,0,0,3,USA,0,4,0,,138.55,0,Y
119199,27,8,35,28,1,3,2,0,0,2,DEU,0,4,2,,169,0,N
60095,95,11,45,5,0,1,1,0,0,1,PRT,0,1,0,,75,0,Y
44230,164,10,40,2,0,2,1,0,0,1,PRT,0,1,0,,100,0,N
93067,106,7,29,13,0,3,2,1,0,3,UKR,0,1,0,,91.89,1,N
79640,42,10,44,26,1,4,1,0,0,1,DEU,0,1,0,,73.15,1,N
111713,80,5,19,11,1,3,2,0,0,2,ARG,0,1,1,,112.55,0,N
45009,102,10,42,16,0,2,2,0,0,2,PRT,0,1,0,,101.5,0,Y
82660,44,1,1,2,2,1,1,0,0,1,PRT,0,1,1,,1,0,N
89169,52,5,20,14,2,3,2,0,0,2,FRA,0,1,0,,126.9,0,N
93424,7,7,30,20,0,1,2,0,0,2,NLD,0,1,0,,99,1,N
112758,159,5,21,24,0,4,2,0,0,2,PRT,0,1,0,,89.1,0,N
67904,273,5,19,9,0,1,2,0,0,2,PRT,0,1,0,,89.1,0,Y
54342,107,7,29,13,1,4,2,0,0,2,GBR,0,1,0,,105.3,0,Y
58402,314,10,42,12,0,3,2,0,0,2,PRT,0,1,0,,75,0,Y
90413,21,6,23,3,1,2,2,0,0,2,DEU,0,4,0,,109.23,1,N
63535,26,2,7,13,1,2,2,0,0,2,PRT,0,1,0,,54.21,1,Y
89135,6,5,21,17,0,1,1,0,0,1,PRT,0,1,0,,90,0,N
106471,134,2,8,25,0,1,1,0,0,1,PRT,0,1,0,,75,0,N
43712,34,9,39,23,0,3,2,0,0,2,ESP,0,1,0,,224.67,0,N
57227,14,9,39,22,0,1,1,0,0,1,USA,0,4,0,,184,2,Y
44060,83,9,40,30,0,1,2,0,0,2,PRT,0,1,0,,112.2,0,N
106634,8,2,9,26,2,0,2,0,0,2,PRT,0,1,0,,97,0,N
67529,143,5,18,4,0,3,2,0,0,2,PRT,0,1,0,,100,0,Y
41462,0,8,34,17,1,0,2,0,0,2,PRT,0,1,1,,124,0,N
55092,196,8,32,4,0,3,2,0,0,2,ESP,0,1,0,,105.3,0,Y
92446,82,7,28,3,2,2,3,0,0,3,PRT,0,1,1,,112.96,1,N
58493,28,10,42,13,0,1,1,0,0,1,PRT,0,1,0,,120,0,Y
111785,75,5,19,12,1,2,2,0,0,2,GBR,0,5,0,,174,3,N
79125,2,10,43,18,2,2,1,0,0,1,BEL,0,1,0,,98.21,0,N
87492,45,4,17,17,2,2,2,0,0,2,PRT,0,1,2,,90.88,1,N
98826,9,10,41,2,2,1,2,0,0,2,NLD,0,1,0,,85,1,N
60274,277,11,46,7,1,2,2,0,0,2,PRT,0,1,0,,100,0,Y
54500,75,7,30,18,1,2,2,1,0,3,PRT,0,1,0,,0,0,Y
63603,183,2,7,15,0,3,2,1,0,3,GBR,0,1,0,,106.2,1,Y
91836,192,6,26,24,0,2,1,0,0,1,SRB,0,1,2,,110,0,N
105884,1,2,7,16,0,1,2,0,0,2,PRT,0,1,0,,95.2,0,N
76362,273,7,29,17,0,2,2,0,0,2,PRT,0,1,0,,109,0,N
118873,457,8,34,25,0,2,2,0,0,2,DEU,0,1,1,,122.4,1,N
76280,147,7,30,21,0,2,2,0,0,2,PRT,1,1,0,,75,0,Y
41105,41,8,33,12,0,2,3,0,0,3,PRT,0,1,1,,84,1,N
100982,110,11,45,2,0,3,1,0,0,1,PRT,0,1,0,,85.87,1,N
46489,30,1,2,3,1,0,0,2,0,2,PRT,0,2,2,,15,1,N
110791,140,4,17,28,2,2,2,0,0,2,FRA,0,1,0,,130,0,N
52087,17,5,23,30,1,2,2,0,0,2,PRT,0,4,0,,102.15,0,Y
48926,86,4,14,2,2,1,2,0,0,2,FRA,0,1,0,,76.5,1,Y
53508,81,6,26,23,0,1,1,0,0,1,ISR,0,1,0,,90.9,0,Y
66295,128,4,16,16,2,1,2,0,0,2,PRT,0,1,0,,100,0,Y
59301,86,10,44,26,0,2,1,0,0,1,GBR,0,4,0,,104.4,2,Y
83472,5,2,6,1,1,2,1,0,0,1,FRA,0,1,0,,68.22,1,N
61166,13,12,49,2,2,4,3,0,0,3,BGD,0,4,0,,131.89,0,Y
100724,206,10,44,28,2,2,1,0,0,1,GBR,0,4,0,,109.8,3,N
87153,64,4,16,13,0,2,2,0,0,2,CHN,0,1,0,,94.5,1,N
40970,39,8,33,10,1,1,2,0,0,2,PRT,0,1,0,,62,0,N
41980,3,8,35,29,0,1,2,1,0,3,PRT,0,1,1,,90,2,N
62430,20,1,2,13,1,2,2,0,0,2,ITA,0,1,0,,82.88,1,Y
42281,63,9,36,4,0,2,2,0,0,2,PRT,0,1,0,,116,0,N
55757,107,8,34,20,2,1,3,0,0,3,PRT,0,1,0,,96.9,0,Y
92510,26,7,28,3,2,3,2,0,0,2,PRT,0,1,0,,85,0,N
50055,142,4,17,22,2,3,2,0,0,2,POL,0,1,0,,103,0,Y
67728,162,5,18,6,2,1,1,0,0,1,PRT,0,1,0,,80,0,Y
105887,14,2,7,15,0,2,2,1,0,3,FRA,0,1,0,,86.4,0,N
96143,287,8,35,24,1,4,2,0,0,2,DEU,0,2,1,,76.71,0,N
87913,97,4,18,25,1,2,2,0,0,2,PRT,0,1,0,,85.5,0,N
75606,257,7,27,1,0,2,2,0,0,2,PRT,0,1,0,,101.5,0,N
102444,18,11,49,28,1,0,2,0,0,2,CHE,0,1,0,,88,2,N
103558,15,12,53,27,0,1,1,0,0,1,BRA,0,1,2,,60,0,N
105703,14,2,6,10,2,2,2,1,0,3,GBR,0,6,0,,198,1,N
88128,88,4,18,30,0,1,2,0,0,2,PRT,0,1,0,,126.9,1,N
75927,301,8,33,14,0,2,2,0,0,2,PRT,1,1,0,,101.5,0,Y
53378,38,6,26,19,2,1,1,0,0,1,PRT,0,1,0,,81,0,Y
116657,16,7,29,21,0,2,2,0,0,2,ESP,0,1,0,,139,1,N
96073,30,8,35,25,0,3,2,0,0,2,DEU,0,5,0,,137.52,0,N
90007,8,5,22,27,2,2,3,0,0,3,GBR,0,4,1,,176.34,3,N
41633,134,8,34,20,0,1,2,0,0,2,PRT,0,1,0,,63.75,1,N
51979,178,5,22,27,0,2,2,0,0,2,DEU,0,1,0,,114.3,1,N
97379,41,9,38,14,0,2,1,0,0,1,GBR,0,1,1,,108,0,N
112005,31,5,20,14,2,3,1,0,0,1,GBR,0,1,0,,130,0,N
83691,59,2,6,6,2,2,1,0,0,1,AUT,0,1,0,,1,0,N
97578,0,9,38,16,0,2,2,0,0,2,ESP,0,1,0,,95,0,N
46062,198,12,49,5,2,1,1,0,0,1,ESP,0,1,0,,65,0,Y
51922,316,5,22,26,0,3,2,0,0,2,PRT,0,1,0,,110,0,N
95427,148,8,34,15,1,3,2,2,0,4,FRA,0,6,0,,182.83,1,N
99962,119,10,43,16,2,3,2,0,0,2,DEU,0,4,2,,129.96,2,N
58186,338,10,41,7,1,2,2,0,0,2,PRT,0,1,0,,80,0,Y
102869,1,12,50,6,0,2,1,0,0,1,ISR,0,1,0,,72.38,1,N
76084,364,10,42,16,0,2,2,0,0,2,PRT,1,1,0,,101.5,0,Y
70581,19,6,25,19,1,1,2,0,0,2,GBR,0,4,0,,150,3,Y
45808,98,11,48,23,1,2,1,0,0,1,FRA,0,1,0,,70,0,N
44501,33,10,41,6,0,4,2,2,0,4,PRT,0,6,0,,159.75,2,Y
42767,2,9,37,10,0,1,2,0,0,2,PRT,0,1,0,,0,1,N
107763,55,3,11,12,2,4,2,0,0,2,BEL,0,1,0,,91.8,1,N
76885,239,10,42,17,0,1,2,0,0,2,PRT,1,1,0,,60,0,Y
44048,92,9,40,30,0,1,2,0,0,2,PRT,0,1,0,,170,0,Y
115047,368,6,26,28,0,3,2,0,0,2,GBR,0,1,0,,112.67,1,N
60812,62,11,48,22,0,3,2,0,0,2,IRL,0,1,0,,93.6,2,Y
100013,35,10,43,19,0,3,2,0,0,2,FRA,0,1,0,,85,0,N
105209,1,2,5,2,0,3,3,0,0,3,PRT,0,6,1,,152.46,3,N
82328,6,12,52,25,2,2,2,0,0,2,CHE,0,1,0,,43.5,1,N
114692,55,6,26,25,1,0,2,0,0,2,BRA,0,1,0,,120,1,N
87069,0,4,16,13,0,1,3,0,0,3,FRA,0,4,0,,137,0,N
88457,24,4,18,28,2,7,2,0,0,2,DEU,0,4,0,,107,0,N
107790,123,3,11,16,0,3,2,0,0,2,FRA,0,1,0,,127.8,2,N
102319,1,11,48,25,0,1,1,0,0,1,PRT,0,1,1,,59.03,0,N
86632,55,4,15,6,0,1,2,0,0,2,PRT,0,1,0,,104,0,N
66529,91,4,16,21,1,2,2,0,0,2,BEL,0,4,0,,135,0,Y
91444,192,6,25,18,2,2,2,0,0,2,AUT,0,1,0,,80.75,0,N
106932,1,3,9,1,0,4,2,0,0,2,IND,0,1,0,,74.8,0,N
67791,110,5,19,7,2,2,2,0,0,2,BEL,0,1,0,,117,0,Y
45621,80,11,46,14,2,1,2,0,0,2,CHE,0,4,0,,65.45,1,N
99423,181,10,42,11,0,2,1,0,0,1,FRA,0,1,0,,120,0,N
110071,95,4,15,15,2,4,2,2,0,4,FRA,0,6,0,,201,1,N
88712,55,5,19,6,2,3,2,0,0,2,FRA,0,4,1,,164.9,1,N
118284,178,8,32,12,2,4,2,0,0,2,FRA,0,1,0,,139.5,0,N
108916,59,4,14,2,2,0,2,0,0,2,LUX,0,1,0,,109,2,N
103125,93,12,50,10,1,1,3,0,0,3,PRT,0,1,0,,92.65,0,N
101702,14,11,47,16,0,1,1,0,0,1,PRT,0,1,0,40,65,0,N
84153,15,2,8,19,0,1,1,0,0,1,PRT,0,1,0,67,81,0,N
78332,5,1,2,10,0,2,1,0,0,1,PRT,3,1,0,40,65,0,N
43708,83,9,39,23,0,2,2,0,0,2,ESP,0,1,0,,62,0,N
78178,93,12,52,26,2,1,2,0,0,2,PRT,1,1,0,,106.2,1,Y
111221,101,5,18,6,1,1,2,0,0,2,FRA,0,4,0,,135,1,N
42121,21,8,36,31,1,3,1,0,0,1,PRT,0,1,0,,91.25,1,Y
40559,80,7,31,31,2,7,2,0,0,2,PRT,0,1,0,,63.46,0,N
115842,110,7,28,9,2,1,2,0,0,2,GBR,0,1,0,,71.1,0,N
58509,461,10,42,13,0,2,2,0,0,2,PRT,0,1,0,,62,0,Y
88289,4,10,42,11,0,1,1,0,0,1,PRT,0,4,0,221,110,0,Y
82534,70,12,53,29,0,4,2,0,0,2,FRA,0,1,0,,160.03,1,N
54790,0,7,31,27,0,1,1,0,0,1,PRT,0,1,0,,45,1,Y
58485,28,10,42,13,0,1,1,0,0,1,PRT,0,1,0,,120,0,Y
54639,89,7,30,21,0,3,2,2,0,4,ITA,0,6,0,,183.3,0,Y
114797,158,6,25,24,2,1,2,0,0,2,GBR,0,4,0,,118.13,0,N
41488,46,8,34,17,1,1,2,0,0,2,ESP,0,1,0,,62,1,N
94380,2,10,45,30,2,0,2,0,0,2,PRT,1,1,0,45,0,4,Y
86486,60,4,14,1,1,2,2,0,0,2,GBR,0,4,0,,106.2,1,N
115737,71,7,27,7,1,2,2,0,0,2,NOR,0,4,0,,150,1,N
41607,7,8,34,19,0,2,2,0,0,2,PRT,0,1,2,40,65,0,N
108443,137,3,12,24,1,2,2,0,0,2,DEU,0,1,0,,72,1,N
40897,16,8,32,8,2,2,1,0,0,1,POL,0,1,1,,60,0,N
114639,55,6,25,23,0,2,2,0,0,2,NOR,0,1,1,,130,1,N
67901,410,5,19,9,0,1,2,0,0,2,PRT,0,1,0,,90,0,Y
115396,405,7,27,4,0,2,2,0,0,2,DEU,0,1,0,,114.4,0,N
108303,116,3,12,24,0,2,1,0,0,1,FRA,0,1,0,,90,0,N
42967,168,9,37,11,0,2,1,0,0,1,PRT,0,1,1,,50,0,N
75185,292,8,32,5,0,2,2,0,0,2,PRT,1,1,0,,62,0,Y
83610,0,2,7,8,0,0,2,0,0,2,PRT,0,1,0,,0,0,N
85421,54,3,11,12,2,1,2,0,0,2,ITA,0,1,0,,78.3,1,N
52937,71,6,25,14,0,3,1,0,0,1,PRT,0,1,0,,120,0,Y
46121,2,12,50,11,0,1,2,0,0,2,PRT,0,1,0,,94,0,N
102602,0,11,49,30,0,2,2,0,0,2,CHN,0,4,0,,63.2,0,N
67323,157,5,18,1,1,3,2,0,0,2,PRT,0,1,0,,130,0,Y
103155,9,12,51,13,0,1,1,0,0,1,ESP,0,1,0,,88,2,N
88583,7,5,19,5,0,3,1,0,0,1,DEU,0,1,0,,112,0,N
72578,81,7,31,31,1,4,3,0,0,3,MAR,0,5,0,,224,2,Y
105086,23,1,4,25,0,4,2,0,0,2,NLD,0,1,0,,82.88,0,N
102737,50,12,49,2,1,2,2,0,0,2,FRA,0,1,0,,93.6,2,N
116350,7,7,29,16,2,0,2,0,0,2,USA,0,1,0,,122.5,1,N
82148,99,2,8,19,0,1,2,0,0,2,PRT,1,1,0,67,80,0,Y
79725,350,9,40,30,1,2,2,0,0,2,PRT,1,1,0,,90,0,Y
93418,1,7,30,20,0,1,2,0,0,2,PRT,0,1,0,,108,1,N
94876,30,8,32,6,2,3,2,0,0,2,GBR,0,1,0,,103.5,2,N
111330,5,5,19,8,1,0,2,0,0,2,DEU,0,1,0,,170,1,N
107099,137,3,10,6,1,1,2,0,0,2,ISR,0,1,0,,80,1,N
97387,115,9,37,6,2,8,2,0,0,2,BEL,0,1,0,,129.6,2,N
40225,18,7,29,18,1,1,2,0,0,2,PRT,0,1,0,,75,0,N
77256,6,9,39,20,2,0,1,0,0,1,PRT,1,1,0,,90,0,Y
46796,151,1,4,19,0,3,1,0,0,1,PRT,0,1,0,,80,0,Y
64764,45,3,11,16,0,1,2,0,0,2,USA,0,1,0,,97.2,0,Y
113081,38,5,22,31,0,2,2,0,0,2,BEL,0,5,0,,205,0,N
49159,52,4,15,7,0,1,1,0,0,1,GBR,0,1,0,,99.9,0,Y
108478,26,3,13,26,2,0,2,0,0,2,FRA,0,1,0,,113,2,N
62609,12,1,3,17,2,5,1,0,0,1,SEN,0,4,0,,98.36,0,Y
101216,26,11,46,7,1,1,1,0,0,1,FRA,0,1,0,,153.23,1,N
73003,188,8,32,12,1,1,3,0,0,3,NLD,0,4,0,,175.5,0,Y
116787,0,7,30,24,1,0,1,0,0,1,PRT,0,1,0,40,65,0,N
55580,14,8,34,17,0,1,2,0,0,2,GBR,0,1,0,,109,1,Y
79844,34,12,50,8,0,2,1,0,0,1,PRT,1,1,0,,90,0,Y
104143,17,12,53,30,2,5,2,0,0,2,FRA,0,1,0,,90.34,1,N
52729,64,6,24,10,0,2,2,0,0,2,DEU,0,1,0,,126.9,0,Y
62659,54,1,3,18,0,3,2,0,0,2,PRT,0,1,0,,65,0,Y
83401,67,1,5,29,0,2,2,0,0,2,GBR,0,1,0,,57,0,N
75936,301,8,33,14,0,2,2,0,0,2,PRT,1,1,0,,101.5,0,Y
75500,341,9,39,23,0,2,2,0,0,2,PRT,1,1,0,,62,0,Y
61780,192,12,53,26,1,3,2,0,0,2,ESP,0,4,4,,93.39,0,Y
107426,31,3,10,11,1,1,2,0,0,2,GBR,0,4,0,,127,0,N
44921,180,10,42,16,0,1,2,0,0,2,PRT,0,1,0,,70,0,Y
51049,273,5,20,13,1,2,2,0,0,2,PRT,0,1,0,,95,0,Y
80060,190,4,15,9,1,1,2,0,0,2,PRT,11,1,0,,70,0,Y
67917,121,5,19,9,0,3,2,0,0,2,CHE,0,1,0,,108,0,Y
47380,43,2,8,18,0,3,2,0,0,2,NLD,0,4,0,,96.3,1,N
106042,77,2,7,16,0,3,3,0,0,3,GBR,0,4,2,,138.6,0,N
85303,162,3,11,8,0,5,2,0,0,2,GBR,0,4,0,,62,1,N
83994,36,2,7,13,2,2,2,0,0,2,FRA,0,1,2,,78.3,1,N
55143,196,8,32,6,1,1,2,0,0,2,GBR,0,1,0,,85.5,0,Y
44096,27,9,40,30,0,2,2,0,0,2,PRT,0,1,0,,108,0,Y
92470,135,7,28,5,0,2,2,1,0,3,KOR,0,1,0,,126,1,N
99717,377,10,42,14,0,2,2,0,0,2,DEU,0,1,0,,115,1,N
118278,101,8,33,16,0,2,3,0,0,3,FRA,0,5,0,,225,2,N
68411,0,5,20,17,0,1,2,0,0,2,PRT,0,6,0,,265,0,Y
43746,86,9,39,24,0,1,2,0,0,2,FRA,0,1,1,,120,0,N
95542,45,8,34,19,0,1,2,0,0,2,PRT,0,4,0,,149.4,1,N
71009,167,6,26,27,0,3,2,0,0,2,BRA,0,1,0,,99,1,Y
77601,9,9,39,21,1,1,2,1,0,3,PRT,0,1,0,,90.5,1,N
107407,165,3,10,9,1,3,1,0,0,1,DEU,0,1,0,,88.4,3,N
51568,139,5,21,21,2,1,2,0,0,2,GBR,0,4,0,,124.5,1,Y
107612,12,3,11,15,0,1,1,0,0,1,BEL,0,1,0,,108,1,N
78888,5,10,43,19,1,2,1,0,0,1,PRT,1,4,0,,136,2,Y
89913,2,5,22,28,0,1,2,0,0,2,GBR,0,1,0,,149,1,N
110256,68,4,16,20,1,3,2,0,0,2,NLD,0,1,0,,126,4,N
53063,188,6,25,15,0,2,1,0,0,1,PRT,0,1,0,,130,0,Y
60100,95,11,45,5,0,1,1,0,0,1,PRT,0,1,0,,75,0,Y
100103,83,10,43,19,0,4,2,0,0,2,BEL,0,4,0,,132.3,2,N
63770,26,2,8,20,1,2,1,0,0,1,FRA,0,1,0,,90,0,Y
83711,59,2,6,6,2,2,2,0,0,2,AUT,0,1,0,,62,0,N
51545,32,5,21,21,0,1,2,0,0,2,PRT,0,4,0,,129.2,0,Y
44985,102,10,42,16,0,2,2,0,0,2,PRT,0,1,0,,101.5,0,Y
70470,150,6,24,17,2,3,1,0,0,1,PRT,0,1,0,,120,0,Y
54948,132,7,32,31,2,5,2,0,0,2,ESP,0,4,0,,121.37,0,Y
63144,56,2,5,1,0,3,2,0,0,2,PRT,0,1,0,,60,0,Y
93351,20,7,30,19,0,2,1,0,0,1,NLD,0,1,0,,91.63,1,N
105839,45,2,7,12,2,2,2,0,0,2,DNK,0,1,0,,90.1,0,N
62460,38,1,2,14,0,1,1,0,0,1,PRT,0,1,0,67,75,0,Y
74012,293,8,32,6,0,2,2,0,0,2,PRT,1,1,0,,62,0,Y
85688,107,3,12,17,0,3,2,0,0,2,GBR,0,1,0,,58,0,N
49983,7,4,17,22,0,2,2,0,0,2,DEU,0,1,0,,119,1,Y
67882,62,5,19,8,2,5,2,0,0,2,PRT,0,6,0,,228.21,0,Y
83431,20,1,5,29,1,2,2,0,0,2,ITA,0,4,0,,99,1,N
51037,273,5,20,13,1,2,2,0,0,2,PRT,0,1,0,,95,0,Y
78045,0,4,14,1,0,1,1,0,0,1,PRT,0,1,0,40,67,0,N
113588,53,6,23,5,1,3,2,0,0,2,IRL,0,4,0,,170,1,N
115419,141,7,27,3,1,2,3,0,0,3,NOR,0,4,0,,152.1,0,N
76260,147,7,30,21,0,2,2,0,0,2,PRT,1,1,0,,75,0,Y
98329,1,9,40,27,0,1,2,0,0,2,PRT,0,1,1,320,115,0,N
70816,115,6,25,23,0,2,2,0,0,2,GBR,0,1,0,,108,0,Y
118602,107,8,33,19,2,2,3,0,0,3,DEU,0,4,0,,116.1,1,N
52094,12,5,23,30,1,2,1,0,0,1,PRT,0,4,0,,112.42,0,Y
117415,120,7,30,28,2,5,3,0,0,3,AUT,0,4,0,,195,1,N
117299,68,7,30,26,2,5,3,0,0,3,ESP,0,4,0,,153.49,0,N
76799,192,8,32,6,2,3,2,0,0,2,DEU,0,1,0,,76.5,2,N
62445,38,1,2,14,0,1,1,0,0,1,PRT,0,1,0,67,75,0,Y
82646,56,12,53,30,1,4,2,0,0,2,ESP,0,4,1,,105.75,2,N
110588,52,4,17,26,0,3,2,1,0,3,FRA,0,4,0,,129.96,1,N
101027,11,11,45,2,0,4,2,0,0,2,FRA,0,4,0,,119,0,N
57844,135,10,40,1,2,1,2,0,0,2,TWN,0,4,0,,132.3,0,Y
118908,457,8,34,25,0,2,2,0,0,2,DEU,0,1,1,,122.4,1,N
52944,71,6,25,14,0,3,1,0,0,1,PRT,0,1,0,,120,0,Y
116940,381,7,30,25,0,2,2,0,0,2,ROU,0,1,2,,145.55,0,N
87678,2,4,17,21,0,3,2,0,0,2,FRA,0,1,0,,95,0,N
94251,153,8,32,1,1,0,2,0,1,3,FRA,0,1,3,,105.3,2,N
116317,4,7,29,17,1,0,1,0,0,1,FRA,0,1,3,,145,0,N
94076,32,7,31,28,0,3,3,0,0,3,SWE,0,4,0,,168.3,1,N
51987,133,5,22,27,2,2,2,0,0,2,FRA,0,4,0,,118.15,0,Y
119178,3,8,35,28,1,2,1,0,0,1,LBN,0,1,0,,140,2,N
83536,16,2,6,6,0,1,1,0,0,1,CHE,0,5,2,183,86,0,N
109528,112,4,15,9,2,2,2,2,0,4,ESP,0,6,1,,198,0,N
55690,291,8,34,19,0,2,2,0,0,2,PRT,0,1,0,,115,0,Y
88312,56,5,19,3,0,1,2,0,0,2,PRT,0,4,0,,0,0,N
47064,29,2,6,5,6,14,1,0,0,1,BRA,0,1,0,,70.91,0,Y
97997,3,9,39,22,0,1,1,0,0,1,ROU,0,4,0,,161.7,1,N
85652,87,3,12,14,1,4,2,0,0,2,FRA,0,1,0,,72.25,2,N
73198,210,8,33,16,0,4,2,0,0,2,ITA,0,1,0,,115.65,1,Y
89738,119,5,22,23,1,2,1,0,0,1,SWE,0,1,0,,90,0,N
80066,8,11,46,11,0,2,2,0,0,2,PRT,0,1,1,,76.5,0,Y
45882,98,11,48,23,1,3,2,0,0,2,JOR,0,1,2,,75,0,N
86519,76,4,14,2,2,1,2,0,0,2,DEU,0,1,0,,87.3,1,N
62874,59,1,4,23,1,1,2,0,0,2,PRT,0,1,0,,80,0,Y
86660,55,4,15,6,0,1,2,0,0,2,PRT,0,1,2,,104,0,N
107448,7,3,10,10,1,2,2,0,0,2,PRT,0,4,0,,124.67,1,N
79642,28,10,44,26,1,4,2,0,0,2,FRA,0,2,0,,99.45,0,N
104103,28,1,1,3,0,3,1,0,0,1,NLD,0,1,0,,96,1,N
44606,62,10,41,8,1,3,2,0,0,2,SRB,0,1,0,,89.25,2,N
99345,4,10,42,10,1,2,1,0,0,1,PRT,0,4,0,153,110,0,N
103798,326,12,53,30,0,2,2,2,0,4,DEU,0,6,2,,188.88,1,N
95666,6,8,34,20,1,1,2,0,0,2,ESP,0,1,0,,117.8,0,N
53528,351,6,26,23,0,2,2,0,0,2,PRT,0,1,0,,62,0,Y
115824,70,7,28,11,0,1,2,0,0,2,GBR,0,1,0,,120,1,N
74107,328,9,37,10,0,2,2,0,0,2,PRT,1,1,0,,62,0,Y
102733,52,12,49,1,1,3,2,0,0,2,DEU,0,1,0,,74.8,2,N
78340,0,10,41,7,0,1,1,0,0,1,IRL,0,4,0,,119.35,0,N
59809,202,11,45,2,0,4,2,0,0,2,DEU,0,1,2,,94.33,0,Y
98751,164,9,40,30,2,2,2,0,0,2,BEL,0,4,0,,126.9,1,N
104774,29,1,3,18,0,4,1,0,0,1,SWE,0,1,1,,65,0,N
83915,96,2,7,13,1,1,2,0,0,2,PRT,0,1,0,,67.5,1,N
52688,337,6,24,9,0,2,2,0,0,2,PRT,0,1,0,,62,0,Y
117577,180,8,31,3,0,3,2,0,0,2,GBR,0,1,0,,80.1,1,N
55115,81,8,32,5,0,2,2,0,0,2,GBR,0,4,0,,131.4,0,Y
81322,47,12,49,5,2,1,1,0,0,1,ESP,0,1,1,,0,0,N
110294,343,4,16,21,2,2,2,0,0,2,ESP,0,2,1,,99.25,1,N
77398,19,10,41,6,0,3,2,0,0,2,TUR,0,1,0,,90,0,N
103529,1,12,53,25,2,0,4,0,0,4,USA,0,6,1,,120,2,N
52367,275,6,23,4,1,1,2,0,0,2,PRT,0,1,0,,62.8,0,Y
72131,423,7,29,22,1,1,2,0,0,2,PRT,0,1,0,,80,0,Y
81662,26,12,51,13,2,2,2,0,0,2,BEL,0,1,0,,75,0,N
85793,5,3,12,19,2,1,1,0,0,1,USA,0,1,1,,79.17,0,N
95509,320,8,34,18,0,2,2,0,0,2,DEU,0,1,0,,115,1,N
110140,101,4,16,20,0,3,2,0,0,2,GBR,0,4,0,,139.5,0,N
91391,6,6,26,20,1,0,2,0,0,2,PRT,0,4,0,,0,1,N
109651,112,4,15,12,0,3,2,0,0,2,ITA,0,1,0,,105,2,N
82578,21,1,2,5,2,8,1,0,0,1,PRT,1,1,0,,55.2,0,Y
81333,16,12,52,24,0,3,1,1,0,2,PRT,1,1,0,,67.5,1,Y
65474,112,4,14,4,0,2,2,0,0,2,PRT,0,1,0,385,95,0,Y
42830,168,9,37,11,0,2,1,0,0,1,PRT,0,1,1,,50,0,N
47192,15,2,7,12,0,2,2,0,0,2,AUS,0,1,0,,79,0,Y
112463,18,5,21,22,1,1,2,0,0,2,PRT,0,1,0,,120,1,N
43591,13,9,39,20,2,3,1,0,0,1,PRT,0,4,0,,90.98,1,N
105429,10,2,6,5,2,1,2,0,0,2,ESP,0,1,0,,108,3,N
41136,0,8,33,12,0,4,2,0,0,2,ITA,0,1,0,,76.5,1,N
45776,98,11,48,23,1,2,1,0,0,1,PRT,0,1,0,,84,0,Y
94186,301,7,31,30,1,1,1,0,0,1,DEU,0,1,1,,90,0,N
49293,19,4,15,9,2,3,3,0,0,3,FRA,0,4,0,,158.2,0,Y
107214,86,3,10,5,2,3,2,0,0,2,FRA,0,1,0,,91.8,2,N
116011,20,7,28,11,0,3,2,0,0,2,GBR,0,1,0,,126.67,2,N
71203,163,6,26,29,0,3,2,0,0,2,ISR,0,4,0,,122.7,0,Y
46342,0,12,53,30,0,1,2,0,0,2,FRA,0,1,0,,117,0,N
85598,161,3,12,15,0,3,2,0,0,2,BRA,0,1,0,,60.98,1,N
45191,45,10,43,22,0,3,1,0,0,1,PRT,0,1,0,,85.5,2,Y
86146,81,3,13,25,1,2,2,0,0,2,IRL,0,1,4,,65,1,N
83499,13,2,6,1,1,3,2,0,0,2,FRA,0,1,0,,66,0,N
85336,49,3,11,11,0,2,3,0,0,3,DEU,0,1,1,,65,1,N
62165,20,1,1,3,0,2,2,0,0,2,ITA,0,1,0,,88,1,Y
45217,50,10,43,24,0,1,2,0,0,2,PRT,0,1,0,,146,0,Y
90566,247,6,24,6,1,1,1,0,0,1,DEU,0,1,1,,90,0,N
65084,29,3,12,23,2,3,2,0,0,2,PRT,0,5,0,,132.3,2,Y
61805,108,12,53,26,1,4,2,0,0,2,ESP,0,1,0,,158.4,1,Y
115884,123,7,28,9,2,1,2,0,0,2,GBR,0,1,0,,108,1,N
116382,207,7,28,12,2,5,2,0,0,2,FRA,0,1,0,,89.1,1,N
52894,71,6,25,14,0,3,1,0,0,1,PRT,0,1,0,,120,0,Y
77862,17,9,39,26,2,1,2,0,0,2,ITA,0,1,1,,170,0,N
60791,215,11,48,21,1,1,2,0,0,2,PRT,0,1,1,233,147,0,Y
74707,0,11,48,26,0,1,1,0,0,1,PRT,0,1,0,45,0,1,N
115210,132,7,26,1,1,1,3,0,0,3,ESP,0,4,0,,152.1,0,N
111776,65,5,19,12,1,2,2,0,0,2,FRA,0,4,0,,171,2,N
55992,94,8,35,26,1,2,2,0,0,2,GBR,0,4,0,,131.4,1,Y
93299,156,7,29,16,2,2,1,0,0,1,ROU,0,1,0,,68,1,N
55303,405,8,33,10,0,2,2,0,0,2,PRT,0,1,0,,65,0,Y
96421,10,9,36,1,0,1,2,0,0,2,PRT,0,1,0,,95,1,N
95581,180,8,34,14,2,5,3,0,0,3,GBR,0,1,1,,95.13,2,N
65449,73,4,14,3,1,3,2,0,0,2,PRT,0,1,0,,105,0,Y
107436,67,3,10,10,1,2,2,0,0,2,GBR,0,1,0,,106.2,1,N
109008,111,4,14,3,1,1,2,0,0,2,ISR,0,1,0,,95,1,N
88405,77,5,19,2,1,3,2,2,0,4,DEU,0,6,0,,187.85,1,N
106512,134,2,8,25,0,1,1,0,0,1,PRT,0,1,0,,75,0,N
116471,25,7,29,20,0,1,3,0,0,3,BEL,0,4,1,,210,1,N
116094,414,7,28,13,0,2,1,0,0,1,DEU,0,1,1,,95.5,0,N
87640,0,4,17,22,0,1,2,0,0,2,PRT,0,1,0,,109.87,0,N
108851,72,3,13,27,2,5,2,0,0,2,ITA,0,4,0,,109.16,0,N
89689,5,5,22,23,1,1,1,0,0,1,PRT,0,1,0,,100,1,N
59154,240,10,43,21,1,2,2,0,0,2,PRT,0,1,0,,110,0,Y
113891,8,6,24,11,2,1,3,0,0,3,ITA,0,1,0,,129,1,N
46405,148,12,53,31,1,3,2,0,0,2,PRT,0,1,0,,77.5,0,Y
75654,290,8,32,3,1,3,2,0,0,2,PRT,1,1,0,,62,0,Y
52112,11,5,23,31,0,2,2,0,0,2,ITA,0,1,0,,119,1,Y
118925,457,8,34,25,0,2,2,0,0,2,DEU,0,1,1,,122.4,1,N
58899,605,10,43,17,1,2,2,0,0,2,PRT,0,1,0,,60,0,Y
76722,4,5,18,2,0,2,1,0,0,1,PRT,6,1,1,40,65,1,N
91214,4,6,25,16,0,2,2,2,0,4,CHE,0,6,0,,220,2,N
90503,247,6,24,6,1,1,2,0,0,2,DEU,0,1,0,,111,0,N
76487,414,12,49,5,2,1,2,0,0,2,PRT,1,1,0,,62,0,Y
111102,322,5,18,5,0,1,2,0,0,2,PRT,0,1,0,,75,0,N
40206,122,7,29,16,0,2,2,0,0,2,PRT,0,1,0,,85.5,0,Y
75778,323,9,36,5,2,2,2,0,0,2,PRT,1,1,0,,62,0,Y
42900,48,9,37,11,1,2,2,0,0,2,PRT,0,1,0,,60,0,N
71747,327,7,28,11,0,4,2,0,0,2,BEL,0,1,0,,89.1,2,Y
90057,140,5,23,29,2,1,2,0,0,2,DEU,0,1,0,,105.3,1,N
111385,16,5,19,7,2,1,2,0,0,2,ISR,0,1,0,,150,2,N
106776,0,3,9,2,0,1,1,0,0,1,SWE,0,1,0,,98,0,N
71310,39,7,27,2,2,0,2,0,0,2,USA,0,4,0,,139,0,Y
89366,0,2,6,7,0,1,1,0,0,1,PRT,2,1,0,,45,1,N
107794,182,3,10,11,2,6,2,0,0,2,GBR,0,1,0,,90,1,N
86114,43,3,13,25,1,2,2,0,0,2,NLD,0,1,0,,68,0,N
68119,356,5,19,13,1,1,2,2,0,4,BHR,0,6,0,,189.9,3,Y
42507,55,9,37,6,2,0,2,0,0,2,FRA,0,1,0,,75,0,N
86042,130,3,13,25,0,1,0,2,0,2,ITA,0,1,1,,6,2,N
101915,212,11,47,18,0,2,2,0,0,2,HUN,0,1,0,,67.5,1,N
110826,0,5,18,1,1,0,2,0,0,2,BRA,0,4,0,,139.5,2,N
94505,137,7,32,31,2,3,2,0,0,2,FRA,0,4,3,,99.38,2,N
50073,142,4,17,22,2,3,1,0,0,1,POL,0,1,0,,89,0,Y
51041,273,5,20,13,1,2,2,0,0,2,PRT,0,1,0,,95,0,Y
81747,113,2,9,25,0,3,2,0,0,2,PRT,6,1,0,,75,0,Y
51052,309,5,20,13,1,2,2,0,0,2,PRT,0,1,0,,101,0,Y
54557,384,7,30,20,0,2,2,0,0,2,PRT,0,1,0,,65,0,Y
99958,153,10,43,17,1,3,2,0,0,2,GBR,0,1,0,,118.8,2,N
94209,301,7,31,30,1,1,2,0,0,2,DEU,0,1,0,,115,1,N
40441,19,7,30,25,2,2,2,0,0,2,PRT,0,1,0,,62,1,N
102273,28,11,48,22,0,4,2,0,0,2,NLD,0,1,0,,77,0,N
106367,-1,2,8,23,0,1,1,0,0,1,GBR,0,1,0,73,65,0,N
64804,26,3,11,16,0,3,3,0,0,3,ESP,0,5,0,,198,0,Y
63407,56,2,6,11,1,1,2,0,0,2,BEL,0,1,0,,95.4,1,Y
90499,118,6,24,6,1,1,1,0,0,1,CHE,0,1,1,,110,0,N
68714,-1,5,20,20,2,1,2,0,0,2,PRT,0,1,0,,90,0,Y
111181,95,5,18,4,0,3,3,0,0,3,FIN,0,4,0,,171,0,N
59127,0,10,43,21,0,2,2,0,0,2,AGO,0,4,0,,145,0,Y
101087,48,11,45,4,0,2,2,0,0,2,ESP,0,1,0,,97.2,2,N
86423,-1,3,14,31,0,3,1,0,0,1,PRT,0,1,1,,57.5,0,N
82974,106,1,2,5,0,4,2,0,0,2,PRT,0,4,0,,62,0,N
42592,0,9,37,7,1,4,0,0,0,0,SWE,0,1,2,,0,1,N
114908,0,6,26,27,0,1,2,0,0,2,CHN,0,1,0,,100.3,1,N
96749,143,9,37,5,1,2,2,0,0,2,AUT,0,1,0,,126.9,1,N
102177,138,11,48,22,0,2,2,0,0,2,ITA,0,1,0,,79.2,1,N
101575,74,11,46,11,1,2,2,0,0,2,DEU,0,1,0,,93.6,2,N
55416,98,8,33,12,2,5,3,0,0,3,FRA,0,4,0,,212.4,2,Y
79582,34,10,44,25,2,3,2,0,0,2,FRA,0,4,0,,75,0,N
74621,367,10,43,19,1,1,2,0,0,2,PRT,1,1,0,,62,0,Y
76198,260,7,27,4,2,2,2,0,0,2,PRT,0,1,0,,62,0,N
115069,2,6,26,30,0,1,2,2,0,4,GBR,0,6,0,,295,1,N
54546,12,7,30,20,0,1,1,0,0,1,DEU,0,1,0,,89,0,Y
111908,192,5,20,15,1,2,2,0,0,2,IRL,0,1,0,,89.1,1,N
64496,127,3,10,11,1,1,2,0,0,2,PRT,0,1,0,,80,0,Y
47624,116,2,10,28,2,1,1,0,0,1,PRT,0,1,0,,61,0,Y
89124,121,5,21,17,0,1,2,0,0,2,DEU,0,1,0,,103.5,1,N
51222,451,5,21,16,1,2,2,0,0,2,PRT,0,1,0,,60,0,Y
49738,130,4,17,18,1,3,2,0,0,2,DEU,0,1,0,,84.15,0,N
68180,0,5,20,15,1,0,2,0,0,2,PRT,0,1,0,,12,0,Y
53079,239,6,25,15,0,2,2,0,0,2,PRT,0,1,0,,112.2,0,Y
46067,135,12,49,5,2,1,2,0,0,2,ESP,0,1,0,,62,0,N
74536,339,9,39,21,1,1,2,0,0,2,PRT,1,1,0,,62,0,Y
86059,48,3,13,24,0,3,3,0,0,3,ESP,0,5,1,,190.2,1,N
86170,24,3,13,26,2,1,2,0,0,2,AUT,0,1,2,,100,1,N
53257,245,6,25,17,0,2,2,0,0,2,PRT,0,1,0,,75,0,Y
80439,34,12,50,8,0,2,1,0,0,1,PRT,1,1,0,,90,0,Y
67420,266,5,18,3,0,3,2,0,0,2,PRT,0,1,0,,100,0,Y
40765,36,8,32,7,0,2,2,0,0,2,ESP,0,1,0,,62,0,N
44977,102,10,42,16,0,2,1,0,0,1,DEU,0,1,1,,87,0,N
78608,221,10,41,10,2,1,2,0,0,2,FRA,0,1,0,,65,0,N
53385,62,6,26,19,2,2,2,0,0,2,PRT,0,1,0,,106.65,0,Y
85673,53,3,12,17,0,3,2,0,0,2,FRA,0,4,0,,101.4,0,N
99053,29,11,48,22,0,2,1,0,0,1,SWE,0,1,0,,75,1,N
43391,74,9,38,18,0,2,1,0,0,1,PRT,0,1,0,,80,0,Y
65510,13,4,14,4,0,4,2,2,0,4,FRA,0,6,0,,224,0,Y
110061,213,4,16,18,0,3,2,0,0,2,FRA,0,1,0,,99,2,N
53082,188,6,25,15,0,2,1,0,0,1,PRT,0,1,0,,130,0,Y
67875,212,5,19,8,2,5,2,0,0,2,BRA,0,1,0,,111.34,0,Y
63045,218,1,4,27,0,2,2,0,0,2,PRT,0,1,0,,79.2,0,Y
114011,27,6,24,12,1,3,1,0,0,1,FRA,0,1,1,,131.75,1,N
41712,10,8,34,22,0,1,2,2,0,4,FRA,0,6,1,,97,1,N
95279,202,8,33,8,3,7,2,0,0,2,FRA,0,1,0,,90.95,2,N
87076,45,4,16,11,1,2,2,2,0,4,FRA,0,6,0,,177.3,2,N
83282,5,1,5,24,2,1,2,0,0,2,BEL,0,4,0,,81.73,1,N
95040,140,8,33,12,0,2,2,0,0,2,ESP,0,1,0,,112.5,1,N
92219,128,6,27,30,0,2,2,0,0,2,PRT,0,1,2,,65.83,1,N
76239,200,9,37,12,2,1,2,0,0,2,PRT,1,1,0,,86,0,Y
111773,107,5,19,11,1,3,2,0,0,2,DEU,0,4,0,,144,0,N
42389,26,9,36,5,2,1,3,1,0,4,LUX,0,6,0,,157.25,1,N
98800,18,10,41,3,1,1,2,0,0,2,ESP,0,1,0,,85,0,N
63032,39,1,4,26,2,3,2,0,0,2,CPV,0,1,0,,69.02,1,Y
102072,215,11,48,21,1,1,1,0,0,1,ITA,0,1,1,233,75,0,N
78597,5,12,51,12,1,0,1,0,0,1,PRT,0,1,0,40,65,1,N
75777,323,9,36,5,2,2,2,0,0,2,PRT,1,1,0,,62,0,Y
115627,193,7,27,4,0,5,2,0,0,2,CHE,0,1,0,,116.1,0,N
46773,151,1,4,19,0,2,1,0,0,1,PRT,0,1,2,,71,0,N
76085,364,10,42,16,0,2,2,0,0,2,PRT,1,1,0,,101.5,0,Y
63727,41,2,8,19,2,0,2,0,0,2,FRA,0,4,0,,148,1,Y
103420,54,12,52,20,0,3,3,0,0,3,FRA,0,1,0,,98.1,1,N
74465,311,8,35,24,1,1,2,0,0,2,PRT,1,1,0,,62,0,Y
74622,367,10,43,19,1,1,2,0,0,2,PRT,1,1,0,,62,0,Y
100436,7,10,44,24,1,3,1,0,0,1,DEU,0,1,0,,119,0,N
110352,102,4,17,24,1,1,1,0,0,1,IRL,0,1,1,424,90,0,N
74330,262,7,28,6,1,1,2,0,0,2,PRT,1,1,0,,62,0,Y
97837,32,9,39,20,0,1,2,0,0,2,NLD,0,1,2,,95,0,N
64883,19,3,12,19,2,0,2,0,0,2,FIN,0,4,0,,118,0,Y
57649,130,9,40,29,0,3,2,0,0,2,NLD,0,4,0,,139.5,2,Y
69121,212,5,21,25,1,3,2,0,0,2,GRC,0,1,0,,107.1,1,Y
101894,19,11,47,18,0,2,2,0,0,2,ITA,0,1,0,,88,1,N
71183,111,6,26,29,0,1,2,2,0,4,FRA,0,6,0,,230,0,Y
81019,86,1,4,22,0,1,2,0,0,2,PRT,1,1,0,,85,0,Y
42361,65,9,36,5,1,1,2,0,0,2,PRT,0,1,0,,62,0,Y
102119,215,11,48,21,1,1,1,0,0,1,NLD,0,1,1,233,75,0,N
94386,1,5,18,4,0,2,2,0,0,2,PRT,1,6,0,45,0,2,Y
98287,29,9,40,25,2,1,3,0,0,3,BRA,0,4,0,,154.93,2,N
95060,2,8,33,13,0,1,2,1,0,3,PRT,0,4,0,,175.65,2,N
75518,355,10,41,7,0,2,2,0,0,2,PRT,1,1,0,,62,0,Y
77768,0,9,39,26,0,1,2,0,0,2,PRT,0,1,0,,170,0,Y
89718,20,5,22,22,2,1,1,0,0,1,GBR,0,1,0,,90,0,N
55330,398,8,33,11,0,1,1,0,0,1,PRT,0,1,0,,59,0,Y
63813,29,2,8,22,0,4,2,0,0,2,LIE,0,4,0,,98.6,1,Y
53472,35,6,26,21,0,1,2,0,0,2,MOZ,0,1,0,,89.1,1,Y
97203,39,9,37,9,2,2,3,0,0,3,BEL,0,4,0,,168.3,1,N
82570,99,12,53,30,0,3,2,0,0,2,FRA,0,4,0,,60.67,0,N
87828,101,4,18,26,0,1,2,0,0,2,PRT,0,1,0,,98,0,N
112069,395,5,20,17,0,3,2,0,0,2,CN,0,1,0,,112.67,1,N
46449,11,1,1,2,2,1,2,0,0,2,ESP,0,2,1,,83.58,0,Y
53752,149,6,27,28,2,5,2,1,0,3,ROU,0,1,0,,106.25,0,Y
48384,251,3,13,22,0,3,2,0,0,2,PRT,0,1,0,,125,0,Y
104862,11,1,4,23,1,0,1,0,0,1,ESP,0,1,0,,107,1,N
77381,19,10,41,6,0,3,2,0,0,2,PRT,1,1,0,,90,0,Y
44443,97,10,41,5,1,3,1,0,0,1,PRT,0,1,0,,140,0,Y
72638,63,8,31,1,2,5,2,0,0,2,PRT,0,1,0,,130,1,Y
102005,260,11,47,16,1,4,2,0,0,2,USA,0,1,0,,56.94,1,N
94219,25,9,37,5,1,0,1,0,0,1,PRT,0,1,0,40,65,1,N
50554,103,5,19,4,0,3,2,0,0,2,PRT,0,1,0,,95,0,Y
62605,9,1,3,16,5,13,2,0,0,2,AGO,0,4,0,,94.35,0,Y
42062,104,8,36,30,2,1,2,0,0,2,ESP,0,1,0,,90,0,Y
113313,317,6,22,2,1,2,1,0,0,1,DEU,0,1,2,,104.4,3,N
118990,48,8,34,25,1,2,2,0,0,2,BEL,0,1,0,,121.67,1,N
40801,36,8,32,7,0,2,2,0,0,2,ESP,0,1,0,,62,0,N
49445,17,4,16,14,0,2,2,1,0,3,ESP,0,1,0,,145,0,Y
45177,56,10,43,21,0,3,2,0,0,2,ITA,0,1,0,,103.5,3,N
92333,136,6,27,28,2,5,2,0,0,2,DNK,0,1,0,,80.75,0,N
115351,176,7,27,2,2,1,2,1,0,3,DEU,0,5,0,,134.1,0,N
62884,26,1,4,23,1,3,3,0,0,3,PRT,0,1,1,,100.3,0,Y
87088,18,4,16,13,0,1,2,0,0,2,DEU,0,1,0,230,129,0,N
70839,233,6,25,23,1,2,2,0,0,2,PRT,0,1,0,,105,0,Y
42499,55,9,37,6,2,0,2,0,0,2,ESP,0,1,0,,75,0,N
101591,1,11,46,9,2,4,1,0,0,1,AGO,0,1,0,,0,1,N
57895,28,10,41,3,1,0,2,0,0,2,CHN,0,1,0,,126,0,Y
92693,177,7,28,9,1,1,3,0,0,3,PRT,0,1,1,,139.2,0,N
79305,43,10,43,23,0,1,1,0,0,1,PRT,0,1,1,,0,0,N
107477,25,3,10,11,1,1,2,0,0,2,FRA,0,1,1,,68,0,N
47820,14,3,10,4,2,7,1,0,0,1,CHN,0,1,0,,88.33,0,Y
99305,1,10,42,11,0,1,1,0,0,1,PRT,0,1,0,40,67,0,N
43847,65,9,39,25,2,3,1,0,0,1,GRC,0,1,0,,130.9,2,N
97097,153,9,37,8,1,3,1,0,0,1,NLD,0,4,1,,123.11,1,N
94268,181,7,31,30,2,2,2,0,0,2,ESP,0,1,0,,103.95,1,N
60543,13,11,47,13,2,4,2,2,0,4,GBR,0,6,0,,147.9,0,Y
99301,61,10,42,9,2,1,3,0,0,3,BEL,0,5,0,,125.8,0,N
69734,18,6,23,5,1,1,2,0,0,2,IRL,0,1,0,,130,1,Y
102363,33,11,48,26,0,1,2,0,0,2,PRT,0,1,0,,113,1,N
49971,41,4,17,21,0,3,2,2,0,4,PRT,0,7,0,,191.58,0,Y
114455,249,6,24,15,2,5,2,0,0,2,GBR,0,1,0,,117,2,N
85293,11,3,11,12,0,1,2,0,0,2,DEU,0,1,0,,97,1,N
73891,321,9,36,3,0,2,2,0,0,2,PRT,1,1,0,,62.8,0,Y
90396,68,6,23,3,1,2,2,0,0,2,JAM,0,4,0,,137.4,1,N
40785,36,8,32,7,0,2,2,0,0,2,PRT,0,1,0,,62,0,Y
53326,290,6,25,17,1,2,2,0,0,2,FRA,0,1,0,,72,1,N
61899,193,12,53,28,0,4,2,0,0,2,FRA,0,4,0,,102.85,1,Y
52808,69,6,25,12,2,4,1,0,0,1,PRT,0,1,0,,120,0,Y
74480,318,8,36,31,1,1,2,0,0,2,PRT,1,1,0,,62,0,Y
119047,0,8,35,27,1,0,1,0,0,1,CHN,0,1,0,,95,0,N
93777,144,7,31,25,1,1,2,0,0,2,CHE,0,1,0,,81.08,0,N
80531,0,11,47,17,0,1,2,0,0,2,ESP,0,1,0,,89,0,N
92173,117,6,27,28,0,4,2,0,0,2,PRT,0,2,0,,97.75,1,N
40870,124,8,32,8,2,1,2,0,0,2,ITA,0,1,0,,94.5,0,Y
114396,51,6,25,18,2,1,2,0,0,2,MAR,0,5,0,,200,2,N
40975,1,8,33,10,1,1,2,0,0,2,FRA,0,1,0,9,114,0,N
82067,18,12,51,18,0,1,2,0,0,2,PRT,0,1,0,,75,2,N
58429,279,10,42,12,0,3,2,0,0,2,PRT,0,1,0,,110,0,Y
98936,49,10,41,5,0,2,1,0,0,1,USA,0,1,0,,113.4,2,N
106381,153,2,8,21,0,4,3,0,0,3,FRA,0,4,0,,119,2,N
57536,250,9,40,26,1,3,2,0,0,2,PRT,0,1,0,,95,0,Y
83447,60,1,6,31,2,0,2,0,0,2,FRA,0,1,0,,60,1,N
99576,105,10,42,12,0,3,2,0,0,2,PRT,0,1,0,,75,0,N
41694,8,8,34,21,2,5,2,0,0,2,FRA,0,1,0,,85.57,0,N
104062,110,1,1,3,0,2,0,2,0,2,ESP,0,2,0,,91.6,1,N
45607,79,11,46,13,0,2,2,0,0,2,PRT,0,1,0,,75,0,Y
45767,89,11,48,23,1,2,2,0,0,2,PRT,0,1,0,,72.25,2,Y
52047,148,5,23,29,2,2,2,0,0,2,GBR,0,4,0,,108.16,1,N
107285,0,3,10,7,0,4,2,0,0,2,RUS,0,1,0,,90,3,N
116098,414,7,28,13,0,2,2,0,0,2,DEU,0,1,0,,122.4,1,N
119368,212,8,35,28,2,5,2,0,0,2,PRT,0,1,0,,85.59,0,N
73859,314,8,35,27,0,2,2,0,0,2,PRT,1,1,0,,62.8,0,Y
112904,27,5,22,29,1,0,3,0,0,3,FRA,0,4,0,,139,0,N
88027,8,4,18,27,0,3,2,0,0,2,FRA,0,1,0,,140,2,N
41813,108,8,35,24,1,2,2,0,0,2,ESP,0,1,0,,76.5,1,N
117875,1,8,32,10,0,1,2,0,0,2,USA,0,1,0,,190,0,N
103198,1,12,51,14,0,1,2,0,0,2,CHE,0,1,0,,78,2,N
67192,212,4,17,29,2,1,2,0,0,2,BEL,0,1,0,,99,1,Y
84989,29,3,10,2,1,4,2,0,0,2,FRA,0,1,0,,87,0,N
108921,44,3,13,31,2,2,3,0,0,3,FRA,0,4,0,,163.95,1,N
97348,28,9,38,13,0,2,2,2,0,4,AUS,0,6,0,,231,1,N
101049,20,11,46,6,2,2,1,0,0,1,EST,0,1,0,,124.16,1,N
104178,2,1,1,4,0,3,2,0,0,2,ESP,0,1,0,,97,4,N
56830,433,9,38,15,0,2,2,0,0,2,PRT,0,1,0,,62,0,Y
114874,0,7,28,10,1,0,2,0,0,2,PRT,0,1,0,,85,0,N
50272,13,4,18,28,0,1,2,0,0,2,ESP,0,1,0,,169,0,Y
115317,0,7,27,3,1,0,2,1,0,3,PRT,0,1,0,,138,2,N
66402,90,4,16,19,0,4,2,0,0,2,PRT,0,1,0,,100,0,Y
82461,15,12,53,29,0,2,2,0,0,2,CN,0,1,0,,60,0,N
104099,9,1,1,2,1,3,2,1,0,3,ITA,0,1,0,,116.15,0,N
89735,8,5,22,25,0,1,2,0,0,2,USA,0,1,0,,99,1,N
64756,44,3,11,15,0,4,3,0,0,3,PRT,0,1,0,,110,0,Y
98074,296,9,39,21,0,4,1,0,0,1,ITA,0,1,1,,81,0,N
83825,18,11,46,10,0,3,2,0,0,2,AGO,0,1,1,,123.33,1,N
103367,24,12,52,20,0,1,2,1,0,3,PRT,0,1,0,,132,0,N
72776,4,8,32,6,1,0,1,0,0,1,PRT,0,1,0,,144.5,0,Y
111990,31,5,20,14,2,3,1,0,0,1,PRT,0,1,0,,130,0,N
88651,190,5,19,6,2,2,2,0,0,2,DEU,0,2,0,,109.3,0,N
118850,124,8,34,20,2,4,2,0,0,2,PRT,0,1,0,,125,2,N
101353,66,11,46,7,1,3,2,0,0,2,POL,0,1,0,,179.1,2,N
47519,19,2,9,25,0,3,2,0,0,2,IRL,0,1,0,,79,1,Y
99479,194,10,41,8,2,4,2,0,0,2,DEU,0,1,0,,105.6,1,N
113950,154,6,23,5,3,7,2,0,0,2,BEL,0,1,0,,144,1,N
54965,123,8,32,1,1,3,2,0,0,2,DEU,0,1,0,,105.3,0,Y
77035,262,11,46,9,1,2,2,0,0,2,PRT,1,1,0,,62.8,0,Y
57694,4,9,40,30,0,2,1,0,0,1,PRT,0,1,4,321,110,0,Y
87873,71,4,18,24,2,1,2,0,0,2,PRT,0,4,0,,112.8,0,N
105319,50,2,5,3,0,2,2,0,0,2,DEU,0,1,0,,88,0,N
75939,301,8,33,14,0,2,2,0,0,2,PRT,1,1,0,,101.5,0,Y
45801,98,11,48,23,1,2,1,0,0,1,FRA,0,1,0,,70,0,Y
80009,3,11,49,30,3,8,2,0,0,2,PRT,1,1,0,,89.45,2,Y
106235,11,2,8,20,1,2,1,0,0,1,CN,0,1,0,,69.3,0,N
112941,1,5,22,30,0,1,2,0,0,2,CHN,0,6,1,,206.1,0,N
118042,309,8,32,7,2,5,2,0,0,2,ESP,0,1,0,,141.3,1,N
41582,1,8,34,18,0,2,1,0,0,1,PRT,0,1,0,40,65,0,N
83374,52,1,5,28,0,2,3,1,0,4,ITA,0,6,0,,173,1,N
66848,96,4,17,26,0,2,2,0,0,2,PRT,0,1,0,,130,0,Y
58407,279,10,42,12,0,3,2,0,0,2,PRT,0,1,0,,110,0,Y
92376,147,7,27,1,2,2,2,0,0,2,NOR,0,4,0,,103.7,2,N
107411,45,3,10,11,1,1,2,0,0,2,FRA,0,1,0,,75,0,N
77652,98,12,52,26,2,1,2,0,0,2,PRT,1,1,0,,118,1,Y
68093,19,5,19,12,2,3,2,2,0,4,BRA,0,6,0,,262,0,Y
48355,89,3,13,21,2,5,2,0,0,2,PRT,0,1,0,,83.66,1,N
119233,213,8,35,28,1,3,1,0,0,1,PRT,0,1,1,,104,0,N
63098,164,1,5,30,3,5,2,0,0,2,BRA,0,1,0,,74.8,1,Y
69203,196,5,21,27,1,1,1,0,0,1,MEX,0,1,0,,107.1,2,Y
109063,77,4,14,3,1,2,3,0,0,3,BEL,0,1,0,,92,0,N
41401,131,8,33,15,2,1,2,0,0,2,ITA,0,1,0,,94.5,0,N
55689,79,8,34,19,0,2,2,0,0,2,AUS,0,4,0,,149.4,0,Y
98573,100,9,40,28,0,4,2,0,0,2,ITA,0,1,0,,140,1,N
118405,121,8,33,16,0,4,1,0,0,1,DEU,0,1,1,,125,1,N
57250,7,9,39,22,0,1,1,0,0,1,PRT,0,4,0,,150.15,1,Y
75527,355,10,41,7,0,2,2,0,0,2,PRT,1,1,0,,62,0,Y
45809,98,11,48,23,1,2,1,0,0,1,FRA,0,1,0,,70,0,N
112277,19,5,20,20,1,1,2,0,0,2,GBR,0,1,1,,155,1,N
41171,39,8,33,14,0,2,1,0,0,1,PRT,0,1,1,,87,0,N
96770,203,9,37,5,1,2,2,0,0,2,DEU,0,1,0,,80.75,0,N
105568,24,2,6,5,2,5,1,0,0,1,MAR,0,1,1,407,75,0,N
103961,0,1,1,2,1,0,2,0,0,2,FRA,0,1,0,,96,2,N
96279,38,8,35,22,3,6,3,0,0,3,DZA,0,4,0,,159.6,0,N
114999,219,6,25,20,2,8,2,0,0,2,DEU,0,4,0,,130.5,1,N
62527,38,1,2,14,0,1,1,0,0,1,PRT,0,1,0,67,75,0,Y
116438,14,7,29,19,0,1,1,0,0,1,BEL,0,1,0,,150,2,N
103145,0,12,50,10,2,1,1,0,0,1,PRT,0,1,0,,103.5,0,N
88492,98,5,19,3,0,4,2,0,0,2,DEU,0,1,0,,95,1,N
73963,279,7,30,23,0,2,2,0,0,2,PRT,1,1,0,,62,0,Y
59730,166,11,45,1,0,3,1,0,0,1,PRT,0,1,0,,110,0,Y
115834,80,7,27,6,2,4,2,0,0,2,BEL,0,1,0,,120,1,N
113036,62,5,22,29,1,2,2,2,0,4,GBR,0,5,0,,187.5,0,N
91311,6,6,25,15,1,4,2,0,0,2,CHE,0,1,0,,72.25,0,N
44807,39,10,42,12,1,2,2,0,0,2,GBR,0,4,0,,83.16,2,N
108557,10,3,13,27,1,1,2,0,0,2,ISR,0,1,0,,95,1,N
87203,94,4,16,12,0,4,2,0,0,2,NLD,0,1,0,,90.95,1,N
116204,234,7,28,12,0,4,3,0,0,3,POL,0,4,0,,156.6,0,N
112589,208,5,21,24,0,2,2,0,0,2,DEU,0,1,0,,114.4,0,N
77251,6,9,39,20,2,0,2,0,0,2,PRT,1,1,0,,100,0,Y
98394,336,9,39,21,2,6,2,0,0,2,DEU,0,1,1,,84.13,0,N
53252,350,6,25,17,0,2,2,0,0,2,PRT,0,1,0,,140,0,Y
97918,159,9,39,19,1,2,2,0,0,2,BRA,0,1,3,,144,0,N
93467,140,7,30,18,1,3,2,0,0,2,FRA,0,4,0,,114.33,1,N
67137,146,4,17,29,0,1,2,0,0,2,BRA,0,4,0,,130.5,1,Y
80701,1,11,47,20,0,2,1,0,0,1,FRA,0,1,0,,0,0,N
74767,241,10,43,19,1,2,1,0,0,1,USA,0,1,1,,50,0,N
101843,9,11,47,17,0,2,2,0,0,2,GBR,0,4,0,,95,1,N
92940,0,7,29,14,0,1,1,0,0,1,PRT,0,5,0,210,140,0,N
63687,15,2,7,17,0,2,2,0,0,2,PRT,0,1,0,,95,0,Y
76304,264,7,28,8,0,2,2,0,0,2,PRT,0,1,0,,62,0,N
69512,174,6,22,1,0,3,2,0,0,2,PRT,0,1,0,,110,0,Y
67028,111,4,17,27,1,3,2,0,0,2,PRT,0,1,0,,120,0,Y
95986,129,8,35,25,0,2,2,0,0,2,ESP,0,4,0,,118.8,0,N
67135,9,4,17,28,2,2,3,0,0,3,PRT,0,7,0,,290,0,Y
41673,2,8,34,21,1,2,2,0,0,2,ESP,0,1,0,,100.67,2,N
46298,147,12,53,29,0,3,2,0,0,2,PRT,0,1,0,,72.25,2,Y
114107,423,6,24,14,0,3,2,0,0,2,AUS,0,1,0,,112.67,1,N
41742,44,8,34,22,2,1,2,0,0,2,PRT,0,1,0,,86,0,N
117161,287,7,30,26,1,4,2,2,0,4,USA,0,6,0,,179.1,0,N
61748,122,12,53,25,2,2,2,1,0,3,FRA,0,1,0,,113.78,1,Y
81613,61,12,52,24,0,3,3,0,0,3,PRT,1,1,2,,152.2,2,Y
113121,409,5,22,31,0,3,2,0,0,2,AUS,0,1,0,,112.67,1,N
116775,423,7,29,22,1,1,1,0,0,1,DEU,0,1,1,,95.5,0,N
53674,41,6,27,27,1,1,2,0,0,2,ESP,0,1,0,,98.1,1,Y
56075,35,8,36,28,2,1,2,1,0,3,PRT,0,1,0,,171.45,0,Y
52488,213,6,24,7,0,3,2,0,0,2,PRT,0,1,0,,130,0,Y
91512,14,6,26,19,2,2,2,0,0,2,FRA,0,4,0,,156,1,N
97021,25,9,37,10,0,1,2,0,0,2,PRT,0,1,1,,168,2,N
69099,240,5,21,25,0,3,2,0,0,2,BEL,0,4,0,,138.6,1,Y
112442,94,5,21,22,1,1,2,0,0,2,ITA,0,4,0,,139.5,1,N
80717,32,11,47,20,0,2,1,0,0,1,PRT,0,1,0,,73,0,N
100857,8,11,45,2,0,1,2,0,0,2,ESP,0,1,0,,120,2,N
95490,320,8,34,18,0,2,2,0,0,2,DEU,0,1,0,,115,1,N
102727,85,12,49,3,1,1,1,0,0,1,IRL,0,1,4,,98,0,N
51166,136,5,20,14,2,2,2,0,0,2,NOR,0,4,2,,113.05,1,N
109627,78,4,15,10,1,3,2,0,0,2,BEL,0,1,0,,119.25,1,N
109699,96,4,15,13,0,2,2,1,0,3,URY,0,1,0,,144,2,N
61916,16,12,53,28,2,4,2,0,0,2,PRT,0,1,0,,76.67,0,Y
89125,53,5,21,17,0,1,2,0,0,2,USA,0,1,0,,126.9,1,N
106763,21,2,9,27,1,3,2,1,0,3,ESP,0,1,0,,108,2,N
97488,22,9,38,15,0,2,1,0,0,1,ESP,0,1,2,,139,2,N
81330,40,12,49,5,2,1,2,2,0,4,ESP,0,6,0,,160.2,0,N
67815,123,5,19,8,1,0,2,0,0,2,PRT,0,1,0,,108,1,Y
83805,0,2,7,12,0,1,3,0,0,3,CHN,0,4,1,,127,3,N
53007,188,6,25,15,0,2,1,0,0,1,PRT,0,1,0,,130,0,Y
103102,18,12,51,11,1,0,2,0,0,2,PRT,0,1,0,,80,0,N
73039,181,8,32,12,2,4,1,0,0,1,FRA,0,1,0,,121.5,0,Y
45145,41,10,43,19,1,2,2,0,0,2,VEN,0,1,0,,103.5,2,N
106242,21,2,8,21,0,2,2,0,0,2,IND,0,1,2,,80,0,N
49752,103,4,17,19,0,2,1,0,0,1,PRT,0,1,0,,115,0,Y
112909,19,5,22,29,1,0,2,0,0,2,USA,0,1,1,,140,2,N
117190,15,7,30,27,1,3,2,0,0,2,FRA,0,1,0,,157,1,N
86873,10,4,15,9,1,1,1,0,0,1,PRT,0,1,1,,70,0,N
89106,0,5,21,17,0,0,2,0,0,2,PRT,0,1,0,,0,0,N
111381,63,5,19,7,2,1,2,0,0,2,FRA,0,1,0,,144,1,N
98459,28,9,40,28,0,2,2,0,0,2,RUS,0,4,0,,163,1,N
94513,114,8,32,4,0,2,3,0,0,3,AUS,0,4,0,,137.7,0,N
90214,24,5,23,31,0,4,2,0,0,2,PRT,0,4,0,,127.48,1,N
102751,30,12,50,4,2,0,1,0,0,1,CHE,0,4,0,,114,2,N
63169,49,2,5,1,0,3,2,0,0,2,BEL,0,1,0,,95.4,0,Y
54241,136,7,28,9,2,3,2,2,0,4,ITA,0,6,0,,172.55,0,Y
94222,4,11,49,28,1,0,1,0,0,1,PRT,0,1,0,40,67,1,N
63271,119,2,5,4,2,1,2,0,0,2,CHN,0,1,0,,84.24,1,Y
65744,60,4,14,7,1,2,2,0,0,2,ESP,0,1,0,,126,0,Y
97480,40,9,38,13,0,4,1,0,0,1,FRA,0,1,2,,108,0,N
119228,167,8,35,30,0,2,2,0,0,2,CN,0,1,0,,112.5,2,N
89402,198,5,21,20,0,1,2,0,0,2,PRT,0,1,0,,65,0,N
57655,0,9,40,29,1,3,1,0,0,1,PRT,0,1,1,,131,0,Y
62715,49,1,3,19,0,3,2,0,0,2,FRA,0,5,2,,153.87,0,Y
75938,301,8,33,14,0,2,2,0,0,2,PRT,1,1,0,,101.5,0,Y
86514,62,4,14,1,1,2,2,0,0,2,FRA,0,4,0,,106.2,0,N
102750,271,12,49,3,2,1,2,0,0,2,ESP,0,1,0,,78.3,0,N
94882,302,8,32,2,2,8,2,0,0,2,DEU,0,2,0,,74.6,1,N
78814,64,10,42,16,0,1,2,0,0,2,FRA,0,1,0,,85,0,N
111450,149,5,18,6,2,3,2,0,0,2,CN,0,1,0,,79,1,N
113051,16,5,22,29,1,3,2,0,0,2,ITA,0,1,0,,125,1,N
71519,315,7,27,7,0,1,2,0,0,2,USA,0,2,1,,91.85,3,Y
102279,308,11,48,23,0,3,1,0,0,1,NOR,0,1,0,,78.3,2,N
64702,92,3,11,15,0,3,2,0,0,2,PRT,0,1,0,,85,0,Y
119124,40,8,35,29,0,1,1,0,0,1,PRT,0,4,0,451,95,0,N
40548,115,7,31,29,2,5,2,0,0,2,FRA,0,1,0,,76.5,1,N
106677,67,2,9,26,2,1,1,1,0,2,NLD,0,1,0,,73.46,2,N
113862,19,6,24,11,2,0,2,0,0,2,BRA,0,1,0,,109,1,N
105958,42,2,7,15,0,4,2,0,0,2,ESP,0,1,0,,74.8,2,N
102245,42,11,48,22,0,3,2,0,0,2,ITA,0,1,0,,72,0,N
102264,53,11,48,21,1,4,2,0,0,2,FRA,0,1,0,,88.4,1,N
50555,253,5,19,4,0,4,2,0,0,2,PRT,0,1,0,,90,0,Y
75190,292,8,32,5,0,2,2,0,0,2,PRT,1,1,0,,62,0,Y
96850,65,9,37,5,1,3,2,0,0,2,BEL,0,4,0,,123.98,0,N
47668,116,2,10,28,2,1,1,0,0,1,PRT,0,1,0,,61,0,Y
50189,92,4,18,25,1,3,2,0,0,2,ITA,0,1,0,,90.95,0,Y
115779,153,7,27,8,2,1,3,0,0,3,CHE,0,4,0,,116.1,1,N
44092,27,9,40,30,0,2,2,0,0,2,PRT,0,1,0,,108,0,Y
69992,169,6,23,8,0,3,2,0,0,2,PRT,0,1,0,,170,0,Y
67798,32,5,19,7,2,3,3,0,0,3,THA,0,4,0,,225.2,0,Y
48413,27,3,13,22,0,4,2,2,1,5,ESP,0,7,1,,277.5,0,Y
53166,7,6,25,16,2,4,2,0,0,2,LBN,0,4,0,,156,1,Y
52945,71,6,25,14,0,3,1,0,0,1,PRT,0,1,0,,120,0,Y
114390,33,6,25,18,2,1,2,0,0,2,FRA,0,1,0,,133.33,1,N
105875,20,2,7,14,0,3,2,0,0,2,FRA,0,1,0,,75,0,N
61917,16,12,53,28,2,4,2,0,0,2,PRT,0,1,0,,76.67,0,Y
85806,54,3,12,19,2,1,1,0,0,1,IRL,0,1,0,,55.8,0,N
88496,103,5,19,4,0,3,2,0,0,2,FRA,0,1,0,,80,0,N
43153,30,9,38,16,0,2,1,0,0,1,PRT,0,1,0,,85.5,2,N
71906,56,7,28,15,2,1,2,0,0,2,DEU,0,1,0,,133.33,0,Y
81242,47,12,49,5,2,1,2,0,0,2,PRT,0,1,0,,62,0,N
44995,102,10,42,16,0,2,2,0,0,2,DEU,0,1,0,,109,0,N
118486,236,8,33,17,1,3,2,0,0,2,FRA,0,5,1,,193.28,2,N
113593,64,6,23,5,1,3,2,0,0,2,IRL,0,1,0,,140,0,N
49300,101,4,15,9,2,5,2,0,0,2,FIN,0,1,0,,70.99,2,N
79732,350,9,40,30,1,2,2,0,0,2,PRT,1,1,0,,90,0,Y
107327,132,3,10,9,0,3,2,0,0,2,FRA,0,1,0,,79.2,2,N
85394,51,3,11,10,1,3,2,0,0,2,ITA,0,1,0,,63.75,1,N
107319,21,3,10,7,0,4,2,0,0,2,FRA,0,4,0,,134.73,1,N
85461,1,3,12,15,0,1,2,0,0,2,ESP,0,1,0,,97,1,N
116927,70,7,30,26,0,1,2,0,0,2,IRL,0,1,0,,159,1,N
117367,192,7,31,31,1,2,2,0,0,2,FRA,0,1,2,,120.83,0,N
63691,15,2,7,17,0,2,2,0,0,2,PRT,0,1,0,,95,0,Y
53012,188,6,25,15,0,2,1,0,0,1,PRT,0,1,0,,130,0,Y
88782,23,5,20,17,0,1,1,0,0,1,PRT,1,1,0,219,104,2,N
77944,6,9,40,28,1,1,2,0,0,2,GBR,0,1,0,,170,0,N
55453,188,8,33,13,1,1,2,0,0,2,ISR,0,1,0,,105.3,0,Y
51135,297,5,20,14,1,1,2,0,0,2,FRA,0,1,0,,65,0,N
105448,20,2,6,7,0,2,1,0,0,1,IRL,0,1,0,417,98,0,N
69140,137,5,21,26,0,2,2,0,0,2,IRL,0,1,0,,126,0,Y
88390,104,5,19,3,0,2,2,0,0,2,TWN,0,1,0,,105.3,1,N
52604,57,6,24,8,0,3,2,0,0,2,ARG,0,1,0,,117.9,0,Y
64769,615,3,11,16,0,2,2,0,0,2,PRT,0,1,0,,62,0,Y
60112,95,11,45,5,0,1,1,0,0,1,PRT,0,1,0,,75,0,Y
43698,83,9,39,23,0,2,2,0,0,2,ESP,0,1,0,,62,0,N
55737,303,8,34,19,2,3,2,0,0,2,PRT,0,1,0,,78,0,Y
50356,117,4,18,29,0,2,2,0,0,2,PRT,0,1,0,,72.67,0,Y
64018,3,2,9,26,2,1,2,0,0,2,PRT,0,1,0,,86.4,0,Y
56507,426,9,37,8,0,2,2,0,0,2,PRT,0,1,0,,62,0,Y
52001,135,5,22,28,1,1,2,0,0,2,PRT,0,1,0,,96,0,Y
96235,66,8,36,29,1,1,2,0,0,2,DEU,0,1,0,,72.25,0,N
54576,384,7,30,20,0,2,2,0,0,2,PRT,0,1,0,,65,0,Y
75299,304,8,34,17,1,1,2,0,0,2,PRT,1,1,0,,62,0,Y
108886,51,3,13,31,1,2,3,0,0,3,IRL,0,4,0,,164.4,1,N
71342,51,7,27,3,1,0,2,0,0,2,IRL,0,1,0,,120,1,Y
72159,53,7,29,22,2,1,3,0,0,3,USA,0,5,0,,219.33,0,Y
49350,48,4,16,11,1,2,3,0,0,3,CHE,0,4,0,,137.7,1,Y
50312,13,4,18,28,0,3,2,0,0,2,GBR,0,1,0,,137.67,1,Y
50265,129,4,18,27,2,5,2,0,0,2,RUS,0,1,0,,92.89,0,Y
86622,55,4,15,6,0,1,1,0,0,1,PRT,0,4,1,,92,0,N
99555,2,10,42,13,0,1,1,0,0,1,PRT,0,1,0,,109.65,0,N
107389,63,3,10,7,0,5,2,0,0,2,RUS,0,1,0,,68,1,N
65332,161,3,13,31,1,2,3,0,0,3,DNK,0,4,0,,157.2,0,Y
51640,138,5,22,23,1,2,2,0,0,2,NLD,0,5,0,,135.9,0,N
118457,138,8,33,19,0,1,2,0,0,2,PRT,0,1,0,,125,2,N
57962,184,10,41,4,0,3,1,0,0,1,NOR,0,2,0,,101.05,0,Y
95733,21,8,34,19,2,2,2,0,0,2,BEL,0,1,0,,151,1,N
108231,21,3,12,22,0,2,2,1,0,3,GBR,0,1,0,,137,3,N
78032,0,9,40,30,0,1,2,0,0,2,BRA,0,1,0,,114,1,N
41928,1,8,35,26,0,3,2,1,0,3,ESP,0,1,1,,99.3,0,N
68677,165,5,20,19,2,2,2,0,0,2,PRT,0,1,0,,225,0,Y
59760,166,11,45,1,0,3,1,0,0,1,PRT,0,1,0,,110,0,Y
106123,9,2,7,17,2,2,2,0,0,2,FRA,0,1,0,,92.65,1,N
96674,174,9,36,2,2,2,2,0,0,2,SWE,0,1,0,,119.85,1,N
85496,23,3,12,16,0,1,2,0,0,2,PRT,0,1,0,,80,0,N
119387,102,8,35,31,2,5,3,0,0,3,FRA,0,5,0,,225.43,2,N
95478,320,8,34,18,0,2,2,0,0,2,DEU,0,1,0,,115,1,N
76580,207,9,40,29,0,2,2,0,0,2,PRT,1,1,0,,48,0,Y
69515,174,6,22,1,0,3,2,0,0,2,PRT,0,1,0,,110,0,Y
82852,68,2,8,17,0,2,2,0,0,2,PRT,1,1,0,,75,0,Y
84268,24,2,8,19,1,2,1,0,0,1,DEU,0,1,0,,38.33,0,N
90975,1,6,25,12,2,0,2,0,0,2,PRT,0,1,0,,104,0,N
101382,8,11,45,4,2,5,2,0,0,2,BRA,0,1,0,,113.6,1,N
49188,274,4,15,7,0,2,2,0,0,2,PRT,0,1,0,,62,0,Y
59992,305,11,45,4,1,2,2,0,0,2,PRT,0,1,0,,89,0,Y
87159,5,4,16,11,1,3,1,0,0,1,PRT,0,1,0,,95,0,N
43699,83,9,39,23,0,2,1,0,0,1,ESP,0,1,1,,60,0,N
89257,64,5,21,17,0,2,1,0,0,1,GBR,0,1,0,218,130,0,N
52715,282,6,24,9,0,3,2,0,0,2,FRA,0,1,0,,73.33,1,N
52129,113,5,23,31,0,3,1,0,0,1,PRT,0,1,0,202,100,0,Y
114537,11,6,25,19,1,3,2,0,0,2,IRL,0,1,0,,128,1,N
106003,114,2,7,15,0,4,2,0,0,2,ESP,0,1,0,242,78,0,N
105505,30,2,6,6,1,3,2,2,0,4,FRA,0,6,0,,142.8,0,N
82611,50,12,53,31,0,3,2,0,0,2,ITA,0,1,0,,71.33,0,N
108769,196,3,13,29,0,4,2,0,0,2,FRA,0,1,0,,75,0,N
83974,4,2,8,14,2,1,2,0,0,2,FRA,0,5,0,,127,0,N
111023,20,5,18,4,0,1,1,0,0,1,FRA,0,1,0,,130,1,N
90324,70,6,23,3,0,2,2,0,0,2,FRA,0,2,0,,100,0,N
103242,4,12,51,16,0,1,1,0,0,1,PRT,0,1,0,,70,0,N
52252,30,6,23,2,0,2,2,0,0,2,PRT,0,1,0,,140,0,Y
60844,503,11,48,24,0,2,2,0,0,2,PRT,0,1,0,,62.8,0,Y
68154,270,5,19,13,2,3,2,0,0,2,BRA,0,1,0,,109.44,2,Y
119005,18,8,34,26,1,1,2,0,0,2,CHE,0,1,0,,134.5,1,N
79154,5,10,43,19,1,2,2,0,0,2,POL,0,1,0,,90,0,N
50805,46,5,20,8,2,3,2,1,0,3,BRA,0,1,0,,143.1,0,Y
51797,32,5,22,26,0,2,3,0,0,3,FRA,0,5,0,,207,0,Y
75575,257,7,27,1,0,2,2,0,0,2,PRT,0,1,0,,101.5,0,N
115136,238,6,26,28,0,4,2,0,0,2,FRA,0,1,0,,114.53,1,N
96003,5,8,35,22,1,4,2,0,0,2,DEU,0,4,0,,155,2,N
105899,1,2,7,16,0,1,1,0,0,1,GBR,0,1,0,,89,0,N
93361,1,7,30,20,0,1,2,0,0,2,PRT,0,1,0,,111,1,N
71433,157,7,27,5,0,4,2,0,0,2,ESP,0,4,0,,116.1,0,Y
97792,118,9,38,17,2,2,2,0,0,2,GBR,0,1,2,,118.8,1,N
117176,13,7,31,30,1,0,1,0,0,1,SWE,0,1,0,,118,1,N
70131,45,6,23,10,2,1,2,0,0,2,FRA,0,1,0,,120,0,Y
72488,490,7,30,29,2,1,2,0,0,2,PRT,0,1,0,,90,0,Y
107227,37,3,10,5,2,3,2,0,0,2,GBR,0,1,0,,68,0,N
77807,33,10,43,21,0,4,1,0,0,1,PRT,1,1,0,,17.6,1,Y
45930,105,11,48,27,1,2,2,0,0,2,NLD,0,1,0,,72.25,2,N
55074,391,8,32,4,0,2,2,0,0,2,PRT,0,1,0,,62,0,Y
95166,9,8,34,14,2,0,2,0,0,2,ESP,0,1,1,,153,2,N
79040,20,10,43,18,2,1,2,0,0,2,FRA,0,4,0,,84,0,N
59119,263,10,43,21,0,2,2,0,0,2,PRT,0,1,0,,110,0,Y
52783,69,6,25,12,2,4,1,0,0,1,PRT,0,1,0,,120,0,Y
110839,192,4,18,30,2,0,2,0,0,2,BEL,0,1,1,,117,0,N
52850,7,6,25,12,4,6,2,2,0,4,SAU,0,6,0,,213,0,Y
89747,123,5,22,22,2,2,2,0,1,3,IRL,0,4,1,,107.95,2,N
116907,102,7,30,23,2,2,3,0,0,3,AUT,0,4,0,,140.4,0,N
46045,198,12,49,5,2,1,2,0,0,2,ESP,0,1,0,,90,0,Y
89378,0,5,21,20,0,1,1,0,0,1,ARG,0,1,1,,149,0,N
49561,119,4,16,15,0,2,1,0,0,1,PRT,0,1,0,,90.9,0,N
101019,22,11,45,1,0,4,2,0,0,2,GBR,0,1,0,,111,2,N
101394,10,11,46,6,2,3,1,0,0,1,PRT,0,1,1,,99,0,N
87158,94,4,16,13,0,2,2,0,0,2,NLD,0,1,0,,85.5,1,N
99058,108,10,41,7,0,2,2,0,0,2,FRA,0,1,0,,118.8,1,N
95854,9,8,35,23,0,2,2,0,0,2,ESP,0,1,0,,137,2,N
60418,489,11,46,10,0,2,2,0,0,2,PRT,0,1,0,,62.8,0,Y
60221,626,11,46,7,1,2,2,0,0,2,PRT,0,1,0,,62.8,0,Y
69699,173,6,23,4,2,2,2,0,0,2,PRT,0,1,0,,120,0,Y
50141,146,4,18,24,2,0,2,0,0,2,PRT,0,1,0,,95,0,Y
62125,39,1,1,2,1,3,2,0,0,2,ITA,0,1,0,,88.4,0,Y
71726,450,7,28,11,0,1,2,0,0,2,PRT,0,1,0,,90,0,Y
47036,31,2,6,5,0,1,2,0,0,2,USA,0,1,0,,89.3,1,N
48109,75,3,12,17,0,2,2,0,0,2,ESP,0,1,0,,72,0,Y
48551,161,3,13,25,1,2,2,0,0,2,PRT,0,1,0,,130,0,Y
47675,1,2,10,28,2,1,1,0,0,1,PRT,0,1,0,,60,0,Y
61036,43,11,49,30,0,4,2,0,0,2,ITA,0,1,0,,88.4,4,Y
106154,32,2,8,19,2,1,2,0,0,2,FRA,0,1,0,,75,0,N
100095,12,10,43,21,0,2,2,0,0,2,DEU,0,1,0,,140,1,N
84225,33,2,8,17,0,4,2,0,0,2,DEU,0,4,1,,72.38,0,N
73210,142,8,33,16,0,4,2,0,0,2,ITA,0,1,0,,125,0,Y
46005,134,12,49,4,2,2,2,0,0,2,PRT,0,1,0,,65,0,Y
43590,20,9,39,20,2,3,2,0,0,2,CHE,0,4,0,,118.15,1,N
96528,59,9,36,1,0,3,2,0,0,2,FRA,0,4,0,,123.3,2,N
112920,0,5,22,29,1,0,1,0,0,1,PRT,0,1,0,,130,0,N
52469,213,6,24,7,0,3,2,0,0,2,PRT,0,1,0,,130,0,Y
70784,93,6,25,22,2,3,2,0,0,2,PRT,0,1,0,,99,0,Y
57973,184,10,41,4,0,3,2,0,0,2,NOR,0,4,0,,122.4,0,Y
51005,309,5,20,13,1,2,2,0,0,2,PRT,0,1,0,,101,0,Y
105096,2,1,4,27,0,2,2,0,0,2,ESP,0,1,1,,97,0,N
77641,11,9,39,22,0,2,1,0,0,1,DNK,0,1,0,,84,0,N
56387,42,9,37,4,2,3,2,2,0,4,GBR,0,6,0,,182.34,1,Y
69574,189,6,22,2,0,2,2,0,0,2,PRT,0,1,0,,100,0,Y
111703,329,5,19,10,0,4,2,0,0,2,NOR,0,1,14,,104.4,2,N
114711,127,6,25,23,1,2,2,0,0,2,DEU,0,4,0,,126,0,N
88335,2,4,18,29,2,4,2,0,0,2,CN,0,4,0,,151,1,N
43554,25,9,38,19,2,4,2,0,0,2,PRT,0,4,0,,118.15,1,N
78838,14,10,42,15,0,2,1,0,0,1,DZA,0,1,0,,100,0,N
57286,144,9,39,22,1,3,2,0,0,2,GBR,0,1,0,,129.6,2,Y
107854,53,3,11,14,0,5,2,0,0,2,GBR,0,1,1,,69,1,N
115676,241,7,27,6,0,3,2,0,0,2,GBR,0,1,0,,89.1,1,N
50559,100,5,19,4,0,4,2,0,0,2,CZE,0,1,0,,119.85,0,Y
80913,15,11,48,26,0,2,2,0,0,2,BRA,0,4,0,,72.07,0,N
82264,49,12,53,30,0,4,1,1,0,2,PRT,1,5,0,,134,1,Y
75887,351,10,40,3,2,2,1,0,0,1,PRT,1,1,0,,60,0,Y
62606,8,1,3,17,0,1,1,0,0,1,NLD,0,1,0,,70,0,Y
85988,27,3,13,21,1,3,2,0,1,3,FRA,0,1,1,,62.8,0,N
74424,297,8,33,10,1,1,2,0,0,2,PRT,1,1,0,,62,0,Y
63723,9,2,7,18,2,5,2,1,0,3,FRA,0,1,0,,106.13,0,Y
117138,67,7,30,29,0,1,2,2,0,4,NOR,0,6,0,,240,0,N
50676,148,5,19,5,0,3,2,0,0,2,DEU,0,1,0,,105.3,0,N
103041,50,12,50,9,0,2,2,0,0,2,PRT,0,1,0,,87,2,N
50046,142,4,17,22,2,3,2,0,0,2,POL,0,1,0,,103,0,Y
67370,12,5,18,2,2,5,2,0,0,2,DEU,0,1,0,,137.14,0,Y
92607,179,7,28,4,1,4,1,0,0,1,GBR,0,1,0,,66.76,1,N
49168,274,4,15,7,0,2,2,0,0,2,PRT,0,1,0,,62,0,Y
80475,34,12,50,8,0,2,1,0,0,1,PRT,1,1,0,,90,0,Y
59911,304,11,45,3,0,3,2,0,0,2,PRT,0,1,0,,89,0,Y
95112,187,8,33,12,1,2,2,1,0,3,BEL,0,1,0,,121.5,1,N
106500,11,2,8,23,0,3,2,0,0,2,RUS,0,4,0,,121.33,1,N
83614,3,2,7,8,1,0,1,0,0,1,PRT,0,1,1,,129,1,N
40787,36,8,32,7,0,2,2,0,0,2,ESP,0,1,0,,62,0,N
56991,302,9,38,16,1,2,2,0,0,2,PRT,0,1,0,,100,0,Y
54887,227,7,31,28,2,4,2,3,0,5,FRA,0,2,2,,79.26,0,Y
66095,34,4,15,14,0,2,3,0,0,3,BRA,0,5,0,,220,0,Y
83766,1,2,7,8,1,3,2,2,0,4,FRA,0,5,1,,157,2,N
61322,20,12,50,8,0,1,2,0,0,2,ITA,0,1,0,,88,1,Y
114839,396,6,26,25,2,0,2,0,0,2,PRT,0,1,1,,186.4,1,N
43804,56,9,39,25,2,2,2,0,0,2,PRT,0,1,0,,185,0,N
65078,177,3,12,23,1,3,2,1,0,3,TWN,0,1,2,,103.7,0,Y
44629,80,10,41,9,0,2,2,0,0,2,PRT,0,4,0,,136,0,N
112685,12,5,21,24,0,3,2,0,0,2,GBR,0,1,0,,99,0,N
90053,17,5,22,28,2,0,1,0,0,1,PRT,0,1,1,45,0,1,N
69970,169,6,23,8,0,3,2,0,0,2,PRT,0,1,0,,170,0,Y
98294,34,9,40,25,2,1,2,0,0,2,FRA,0,1,0,,117,2,N
44379,40,10,41,5,1,1,2,0,0,2,ITA,0,1,0,,70,0,N
85321,42,3,11,11,0,2,2,0,0,2,BEL,0,1,0,,81.9,0,N
73062,105,8,33,13,2,2,2,0,0,2,ITA,0,1,0,,125,0,Y
49374,47,4,16,12,0,1,1,0,0,1,ESP,0,1,0,,99.9,0,Y
41648,13,8,34,20,0,3,2,0,0,2,PRT,0,1,0,,90,2,N
61725,119,12,52,24,1,1,2,0,0,2,GBR,0,4,0,,102.6,0,Y
115776,89,7,28,9,2,0,2,0,0,2,FIN,0,1,0,,71.1,1,N
74577,353,10,41,5,1,1,2,0,0,2,PRT,1,1,0,,62,0,Y
109412,191,4,14,6,2,3,2,0,0,2,DEU,0,1,0,,88.4,0,N
79064,33,10,43,19,1,1,2,0,0,2,FRA,0,1,0,,96.3,2,N
68200,104,5,20,15,1,2,1,0,0,1,PRT,0,1,0,,160,0,Y
55350,398,8,33,11,0,2,2,0,0,2,PRT,0,1,0,,62,0,Y
73999,293,8,32,6,0,2,2,0,0,2,PRT,1,1,0,,62,0,Y
105633,17,2,6,10,1,2,2,0,0,2,ESP,0,1,0,,97,0,N
86652,55,4,15,6,0,1,2,0,0,2,PRT,0,1,0,,104,0,N
49784,103,4,17,19,0,2,1,0,0,1,PRT,0,1,0,,115,0,Y
96521,64,9,36,2,0,2,2,0,0,2,CN,0,1,0,,82.45,0,N
112872,152,5,21,26,1,2,2,0,0,2,GBR,0,1,0,,112,0,N
106202,0,2,8,20,1,2,3,0,0,3,NLD,0,4,0,,193,2,N
58888,605,10,43,17,1,2,2,0,0,2,PRT,0,1,0,,60,0,Y
112731,248,5,21,25,0,3,0,2,0,2,FRA,0,2,0,,123.05,2,N
79517,12,10,44,25,2,1,2,0,0,2,PRT,0,1,0,,85.67,0,N
108302,116,3,12,24,0,2,1,0,0,1,FRA,0,1,0,,90,0,N
54556,384,7,30,20,0,2,2,0,0,2,PRT,0,1,0,,65,0,Y
95241,0,8,34,16,0,1,2,0,0,2,PRT,0,2,0,,138,0,N
64970,56,3,12,21,0,3,2,0,0,2,PRT,0,1,0,,85,0,Y
68223,164,5,20,15,1,2,1,0,0,1,PRT,0,1,0,,160,0,Y
81595,197,6,23,3,1,2,2,0,0,2,PRT,1,1,0,,80,0,Y
50766,61,5,19,7,2,1,3,0,0,3,FRA,0,1,0,,159.3,0,Y
70503,150,6,24,17,2,3,1,0,0,1,PRT,0,1,0,,120,0,Y
44402,88,10,41,5,1,1,2,0,0,2,ITA,0,1,0,,112.2,0,N
80300,33,12,50,9,0,2,2,0,0,2,PRT,1,1,0,,110,0,Y
113476,43,6,23,6,0,2,2,0,0,2,LUX,0,6,1,,259,0,N
70801,227,6,25,23,0,2,2,0,0,2,ITA,0,1,0,,99,0,Y
57616,447,9,40,29,0,2,2,0,0,2,PRT,0,1,0,,62,0,Y
102375,2,11,48,25,0,2,2,0,0,2,PRT,0,6,0,,144.8,0,N
43375,74,9,38,18,0,2,2,0,0,2,PRT,0,1,0,,109,0,N
73275,102,8,33,18,0,2,2,0,0,2,GBR,0,1,0,,125,1,Y
108962,86,4,13,1,2,2,3,0,0,3,DEU,0,4,1,,157.25,1,N
82152,99,2,8,19,0,1,2,0,0,2,PRT,1,1,0,67,80,0,Y
110200,16,4,16,21,0,2,2,0,0,2,ISR,0,1,0,,124,1,N
101406,19,11,45,5,2,5,2,0,0,2,DEU,0,5,0,,147.71,0,N
93755,0,7,31,26,0,0,0,0,0,0,PRT,0,1,0,,0,0,N
87300,77,4,16,13,0,4,2,0,0,2,DEU,0,1,0,,90.95,0,N
71268,170,6,26,30,2,2,3,0,0,3,BEL,0,4,0,,156.38,0,Y
85844,52,3,12,17,2,3,1,0,0,1,BEL,0,4,2,,104.08,2,N
60503,30,11,46,12,2,2,2,0,0,2,ITA,0,1,0,,68.71,0,Y
68164,20,5,20,14,2,0,2,0,0,2,DEU,0,4,0,,170,1,Y
97880,38,9,39,19,1,2,1,0,0,1,ROU,0,1,1,,81,1,N
97409,47,9,38,13,0,3,1,0,0,1,ESP,0,4,0,,120,0,N
84721,115,2,9,27,2,3,1,0,0,1,MAR,0,1,1,,76,0,N
79817,0,10,44,30,2,5,1,0,0,1,DEU,0,1,0,,62,0,N
83666,19,2,7,7,2,1,2,0,0,2,ESP,0,4,0,,82.8,2,N
109702,64,4,15,13,0,2,2,0,0,2,ESP,0,4,0,,144,2,N
67170,27,4,17,29,1,1,2,0,0,2,LUX,0,1,0,,115,2,Y
115957,250,7,27,8,2,3,0,2,0,2,JOR,0,2,0,,93.65,1,N
101011,201,11,45,1,0,4,2,1,0,3,CHE,0,1,1,,82.28,3,N
47052,7,2,6,5,1,2,2,0,0,2,BRA,0,1,0,,79,0,Y
117283,23,8,31,1,0,1,2,0,0,2,FRA,0,1,0,,108,1,N
75866,351,10,40,3,2,2,2,0,0,2,PRT,1,1,0,,62,0,Y
73447,189,8,34,22,0,3,2,0,0,2,PRT,0,1,0,,80.1,1,Y
92966,132,7,29,11,1,3,2,0,0,2,GBR,0,1,0,,101.58,1,N
70983,152,6,26,26,1,3,2,0,0,2,CHE,0,4,0,,126,0,Y
118577,115,8,34,20,2,1,1,0,0,1,GBR,0,4,1,,125,0,N
56309,40,9,36,3,1,1,2,0,0,2,PRT,0,1,0,,96,0,Y
74788,336,9,38,18,0,2,2,0,0,2,PRT,1,1,0,,109,0,Y
73296,20,8,33,18,0,2,2,0,0,2,PRT,0,1,0,,128,1,Y
41188,39,8,33,14,0,2,2,0,0,2,DEU,0,1,1,,109,0,N
93000,133,7,29,12,0,3,3,0,0,3,GBR,0,1,0,,137.7,2,N
86454,72,3,14,31,0,3,2,0,0,2,NLD,0,1,0,,67.22,1,N
43776,86,9,39,24,0,2,2,0,0,2,PRT,0,1,0,,120,0,Y
45046,102,10,42,16,0,2,2,0,0,2,DEU,0,1,0,,109,0,N
113666,27,6,23,7,0,4,2,0,0,2,ITA,0,4,0,,153,0,N
60469,28,11,46,11,1,2,3,0,0,3,USA,0,4,0,,166.67,0,Y
113238,227,6,22,1,0,3,3,0,0,3,FRA,0,4,0,,157.5,2,N
102428,143,11,48,24,1,3,2,2,0,4,USA,0,5,0,,122.1,0,N
77282,0,9,38,15,0,1,2,0,0,2,PRT,0,1,0,,133,0,N
117441,168,7,31,31,1,3,2,2,0,4,FRA,0,6,0,,235,0,N
114550,320,6,25,18,2,4,2,0,0,2,POL,0,1,0,,109.8,1,N
101530,50,11,46,11,1,2,2,0,0,2,FRA,0,1,0,,75,1,N
92687,151,7,28,6,1,4,2,0,0,2,GBR,0,4,0,,120.7,1,N
109728,125,4,15,10,1,5,2,0,0,2,NOR,0,1,0,,121.5,2,N
52055,27,5,23,29,2,2,2,0,0,2,PRT,0,1,0,,80.75,1,Y
69345,40,5,22,30,0,2,2,0,0,2,PRT,0,1,0,,130,0,Y
46017,198,12,49,5,2,1,3,0,0,3,ESP,0,1,0,,130.5,0,Y
66028,245,4,15,13,0,3,2,0,0,2,CYP,0,1,0,,99,1,Y
55203,217,8,33,7,2,4,2,0,0,2,BEL,0,1,0,,80.75,1,N
75635,281,7,30,25,2,2,2,0,0,2,PRT,1,1,0,,62,0,Y
89930,19,6,25,13,1,0,1,0,0,1,NOR,0,1,0,,94,0,N
102419,23,11,48,25,1,2,2,0,0,2,KOR,0,1,2,,104,1,N
105767,55,2,7,12,2,1,2,0,0,2,FRA,0,1,0,,79.2,2,N
86743,114,4,15,3,2,3,2,0,0,2,DEU,0,1,0,,80.75,0,N
55361,398,8,33,11,0,2,2,0,0,2,PRT,0,1,0,,62,0,Y
44541,92,10,41,7,0,4,2,0,0,2,PRT,0,1,0,,,0,N
85504,14,3,12,13,2,2,2,0,0,2,NLD,0,1,0,,,1,N
104112,19,1,1,2,1,3,2,0,0,2,DEU,0,1,0,,,1,N
71589,212,7,27,8,1,1,1,0,0,1,KOR,0,1,0,,,2,Y
86076,67,3,13,26,0,1,2,0,0,2,PRT,0,1,0,,,1,N
77510,5,9,39,21,1,0,1,0,0,1,GBR,0,1,0,,,0,N
94021,77,7,31,26,0,4,2,0,0,2,DEU,0,4,2,,,1,N
111566,0,5,18,6,2,5,2,0,0,2,NOR,0,5,0,,,2,N
111486,35,5,19,9,0,2,2,0,0,2,DEU,0,1,0,,,0,N
97998,2,9,39,22,0,1,2,0,0,2,IRL,0,4,0,,155.81,0,N
94368,191,8,32,1,1,2,3,0,0,3,PRT,0,1,2,,96.9,0,N
88963,24,5,20,11,0,4,1,0,0,1,FRA,0,1,0,,135,0,N
73163,180,8,33,16,0,1,1,1,0,2,PRT,0,1,0,,121,0,Y
87285,122,4,16,15,0,2,2,0,0,2,PRT,0,1,1,,85,0,N
40572,130,8,31,1,2,1,2,0,0,2,PRT,0,1,0,,85.5,1,Y
95238,1,8,34,16,0,1,2,0,0,2,PRT,0,1,0,,184.5,2,N
88776,15,1,3,18,0,1,1,0,0,1,PRT,1,1,0,219,89,2,N
54630,379,7,30,21,0,2,2,0,0,2,PRT,0,1,0,,62,0,Y
52120,113,5,23,31,0,3,1,0,0,1,PRT,0,1,0,202,100,0,Y
65826,66,4,15,9,2,0,2,0,0,2,PRT,0,1,0,,100,0,Y
65472,372,4,14,4,0,1,2,0,0,2,PRT,0,1,0,,90,0,Y
106007,70,2,7,15,0,4,2,0,0,2,ESP,0,1,0,242,78,0,N
50720,127,5,19,6,0,2,2,0,0,2,ESP,0,1,0,,105.3,0,Y
103910,207,12,53,30,1,2,2,0,0,2,FRA,0,1,0,,161.67,0,N
48176,103,3,12,18,0,2,2,0,0,2,ITA,0,1,1,,78.3,0,N
106132,17,2,7,18,2,1,2,0,0,2,GBR,0,1,0,,80,0,N
60088,95,11,45,5,0,1,1,0,0,1,PRT,0,1,0,,75,0,Y
118857,143,8,34,23,0,4,2,0,0,2,ITA,0,4,0,,155,1,N
73408,272,8,34,20,4,5,2,0,0,2,GBR,0,1,0,,105.1,0,Y
90217,4,4,16,21,0,2,2,2,0,4,PRT,0,6,1,411,0,2,N
110864,14,5,18,1,1,0,2,0,0,2,POL,0,1,0,,140,2,N
48180,91,3,12,18,0,2,1,0,0,1,PRT,0,1,0,,75,0,Y
105798,1,2,7,14,0,1,2,0,0,2,PRT,0,1,1,,98,2,N
93217,57,7,30,18,1,0,2,0,0,2,USA,0,1,0,,84.6,0,N
61144,60,12,49,2,2,2,2,0,0,2,ESP,0,1,2,,74.8,0,Y
78160,10,10,40,2,1,2,2,0,0,2,BEL,0,4,0,,186.67,2,N
69498,106,6,22,1,0,2,3,0,0,3,ESP,0,4,0,,180,2,Y
76673,3,1,4,18,1,2,1,0,0,1,PRT,2,1,0,40,66,0,N
41713,12,8,34,22,0,1,2,0,0,2,DEU,0,1,2,,81,0,N
48800,10,3,14,31,0,1,1,0,0,1,PRT,0,1,0,227,95,0,Y
114463,15,6,25,21,0,1,1,0,0,1,GBR,0,1,0,,128,1,N
71111,32,6,26,28,0,3,3,0,0,3,IRL,0,4,0,,216.67,0,Y
90529,118,6,24,6,1,1,1,0,0,1,RUS,0,1,1,,110,0,N
40332,99,7,30,22,0,3,2,0,0,2,PRT,0,1,1,,68.5,0,Y
47789,21,3,10,4,0,1,2,0,0,2,SVN,0,1,0,,129,0,Y
53704,101,6,27,27,1,5,1,0,0,1,PRT,0,1,0,,140,0,Y
111120,309,5,18,2,0,4,2,0,0,2,CHE,0,1,0,,109.8,3,N
67821,0,5,19,8,1,1,2,0,0,2,CN,0,4,0,,139.5,0,Y
91644,27,6,26,20,1,3,2,0,0,2,FIN,0,1,0,,80.75,0,N
118885,457,8,34,25,0,2,2,0,0,2,DEU,0,1,1,,122.4,1,N
69209,255,5,21,27,2,1,2,0,0,2,SWE,0,1,0,,119,0,Y
69650,348,6,22,3,2,1,2,0,0,2,PRT,0,1,0,,90,0,Y
43483,116,9,38,18,1,2,2,0,0,2,PRT,0,1,0,,96.05,0,Y
90430,49,6,23,4,1,1,2,0,0,2,SWE,0,4,0,,135.9,1,N
69277,184,5,22,28,2,3,2,0,0,2,PRT,0,1,0,,130,0,Y
70693,2,6,25,21,0,1,1,0,0,1,ESP,0,4,0,,185,0,Y
94636,137,8,32,4,1,3,3,0,0,3,UKR,0,4,2,,136.34,1,N
41233,0,8,33,14,0,2,2,0,0,2,PRT,0,1,0,,109,0,Y
95743,156,8,35,21,2,1,2,0,0,2,FRA,0,1,0,,103.5,0,N
102797,102,12,49,1,2,3,2,2,0,4,FIN,0,6,0,,147.9,1,N
86474,51,4,14,1,1,2,2,0,0,2,IRL,0,4,0,,106.2,0,N
95122,10,8,33,13,1,1,2,0,0,2,FRA,0,1,0,,156,2,N
88372,79,5,19,2,1,2,2,0,0,2,BEL,0,1,0,,116.1,0,N
115950,59,7,28,10,1,2,3,0,0,3,DEU,0,4,0,,138,1,N
76139,273,7,29,17,0,2,2,0,0,2,PRT,1,1,0,,101.5,0,Y
49457,77,4,16,14,0,1,1,0,0,1,ESP,0,1,0,,90.9,1,Y
98856,0,10,41,5,0,1,2,0,0,2,PRT,0,1,0,,150,1,N
112417,97,5,21,22,1,1,2,0,0,2,CHN,0,1,0,,101.25,0,N
78513,1,10,41,10,1,1,2,0,0,2,PRT,0,1,0,,62,0,N
96596,64,9,36,1,1,3,2,0,0,2,CHE,0,1,0,,107.1,2,N
118070,153,8,32,10,1,3,2,0,0,2,GBR,0,1,0,,90,0,N
71814,414,7,28,13,0,2,2,0,0,2,PRT,0,1,0,,80,0,Y
94408,108,7,31,30,2,3,2,0,0,2,ESP,0,1,0,,81.25,0,N
45283,69,10,44,25,2,1,2,0,0,2,PRT,0,1,0,,85.67,0,N
58569,335,10,42,13,0,3,2,0,0,2,PRT,0,1,1,,90,1,Y
68391,182,5,20,16,0,3,2,0,0,2,BRA,0,4,0,,138.6,2,Y
88604,102,5,19,5,1,3,2,0,0,2,DEU,0,4,0,,132.6,1,N
99109,85,10,41,6,1,3,2,0,0,2,CN,0,1,0,,85,1,N
63980,51,2,8,25,2,1,2,2,0,4,PRT,0,6,0,,212.4,2,Y
83719,0,2,7,10,0,0,2,0,0,2,PRT,0,1,0,,0,1,N
68531,192,5,20,19,0,1,1,0,0,1,PRT,0,1,0,,90,0,Y
58686,233,10,42,14,1,2,2,0,0,2,PRT,0,1,0,,90,0,Y
47025,9,2,6,4,0,3,2,0,0,2,DEU,0,1,0,,79,0,Y
62205,195,1,1,4,0,4,2,0,0,2,USA,0,1,0,,74.8,0,Y
79406,137,1,5,27,0,2,1,0,0,1,PRT,1,1,0,,70,0,Y
70063,178,6,23,9,0,2,2,0,0,2,PRT,0,1,0,,130,0,Y
108777,121,3,13,31,0,2,2,0,0,2,FRA,0,1,0,,89.1,0,N
45994,134,12,49,4,2,2,2,0,0,2,PRT,0,1,0,,65,0,Y
65056,270,3,12,23,0,3,2,0,0,2,DEU,0,1,0,,90,3,Y
99448,180,10,42,10,1,2,1,0,0,1,PRT,0,1,1,,120,0,N
85912,4,3,13,22,0,2,3,0,0,3,PRT,0,4,0,,137,0,N
82544,49,12,53,28,1,4,2,0,0,2,ESP,0,1,0,,145.61,1,N
64856,71,3,11,17,2,3,2,1,0,3,PRT,0,4,0,,76.5,2,Y
47948,59,3,11,10,1,3,2,0,0,2,ITA,0,4,0,,82.45,0,Y
74772,241,10,43,19,1,2,1,0,0,1,USA,0,1,1,,50,0,N
114776,396,6,26,25,2,0,2,0,0,2,DEU,0,1,0,,122.4,1,N
102464,6,11,48,24,2,3,1,0,0,1,ITA,0,1,0,,68.67,0,N
118044,156,8,32,11,1,2,2,1,0,3,ESP,0,1,0,,157.5,2,N
69620,80,6,22,2,1,2,3,1,0,4,FRA,0,7,0,,315,2,Y
102342,107,11,48,25,0,2,2,0,0,2,ESP,0,1,0,,68,0,N
47969,17,3,11,11,0,2,2,0,0,2,BEL,0,1,0,,97,1,Y
88216,1,2,6,8,0,1,1,0,0,1,PRT,0,1,0,219,89,1,N
117095,124,7,30,29,0,1,2,0,0,2,PRT,0,1,0,,125,0,N
51847,316,5,22,26,0,3,2,0,0,2,AUT,0,1,0,,110,0,N
117268,61,7,31,31,1,0,2,0,0,2,FRA,0,1,1,,185,1,N
58590,37,10,42,13,0,3,2,0,0,2,PRT,0,1,0,,105,0,Y
57700,267,9,40,30,1,2,2,0,0,2,PRT,0,1,0,,95,0,Y
43332,72,9,38,18,0,1,2,0,0,2,PRT,0,1,0,,108,0,N
97901,159,9,39,19,1,2,2,0,0,2,BRA,0,1,0,,144,0,N
82338,25,12,52,26,2,1,2,0,0,2,FRA,0,1,0,,62.64,0,N
57240,440,9,39,22,0,2,2,0,0,2,PRT,0,1,0,,62,0,Y
98484,27,9,40,26,1,3,2,0,0,2,HUN,0,4,0,,127.94,0,N
66940,96,4,17,26,0,2,2,0,0,2,PRT,0,1,0,,130,0,Y
95291,42,8,34,14,2,2,2,0,0,2,FRA,0,1,0,,144.9,1,N
118239,72,8,33,16,0,1,3,0,0,3,GBR,0,4,0,,267,3,N
102114,215,11,48,21,1,1,1,0,0,1,CZE,0,1,1,233,75,0,N
87951,91,4,18,25,1,3,2,0,0,2,PRT,0,1,0,,90.95,1,N
66660,237,4,16,22,2,2,2,0,0,2,FRA,0,1,0,,113.4,0,Y
46088,106,12,50,9,0,2,2,0,0,2,PRT,0,1,0,,75,0,Y
76038,336,9,38,18,0,2,2,0,0,2,PRT,1,1,0,,101.5,0,Y
62635,54,1,3,18,0,3,2,0,0,2,PRT,0,1,0,,65,0,Y
109913,62,4,16,17,1,1,2,0,0,2,GBR,0,1,0,,108,0,N
67753,45,5,18,6,2,2,2,0,0,2,NLD,0,1,0,,152.1,0,Y
105149,0,1,5,30,1,0,1,0,0,1,GBR,0,1,0,,65,1,N
52218,330,6,23,2,0,2,2,0,0,2,PRT,0,1,0,,62,0,Y
99675,96,10,42,13,0,3,2,0,0,2,ARG,0,6,1,,190.8,2,N
67139,117,4,17,29,0,1,1,0,0,1,BRA,0,5,0,,153,0,Y
40345,20,7,30,22,0,2,2,0,0,2,PRT,0,1,0,,62,0,Y
82901,68,2,8,17,0,2,2,0,0,2,PRT,1,1,0,,75,0,Y
100498,2,10,44,27,0,2,2,0,0,2,ITA,0,1,0,,130,3,N
70917,265,6,25,24,4,8,2,0,0,2,PRT,0,1,0,,112.87,2,Y
62208,113,1,1,4,2,4,3,0,0,3,RUS,0,4,2,,119,1,Y
110933,29,5,18,1,1,2,2,0,0,2,CHN,0,1,0,,135.2,1,N
90220,25,6,23,2,0,2,2,0,0,2,ISR,0,4,1,,148,1,N
96400,28,8,36,29,1,3,2,0,0,2,DEU,0,1,0,,90.98,0,N
77090,17,9,36,3,0,3,1,1,0,2,DEU,0,2,0,,89.25,1,N
57744,315,9,40,30,1,2,2,0,0,2,PRT,0,1,0,,160,0,Y
75391,323,9,36,5,1,1,2,0,0,2,PRT,1,1,0,,62,0,Y
108465,276,3,12,24,2,2,2,1,0,3,TUR,0,1,0,,100.3,2,N
51087,159,5,20,13,2,2,2,0,0,2,DEU,0,1,1,,114.75,1,N
43277,24,9,38,17,0,3,2,0,0,2,FRA,0,1,0,,117.67,1,N
76956,342,9,39,24,2,4,2,0,0,2,PRT,1,1,0,,170,0,Y
66436,125,4,16,20,0,3,2,0,0,2,PRT,0,1,0,,85,0,Y
91933,20,6,27,26,1,0,2,0,0,2,PRT,0,1,0,,89,1,N
43992,96,9,40,28,1,1,2,0,0,2,PRT,0,5,0,,138,0,Y
108647,184,3,13,26,2,3,2,0,0,2,BRA,0,1,2,,70.72,0,N
44016,68,9,40,29,0,2,1,0,0,1,PRT,0,1,1,,58,0,Y
69676,87,6,22,3,2,2,2,0,0,2,SWE,0,5,0,,180,0,Y
99243,12,10,42,10,1,0,2,0,0,2,PRT,0,1,0,,130,0,N
48997,91,4,15,4,1,2,2,0,0,2,PRT,0,1,0,,80,0,Y
101993,9,11,48,20,1,0,2,0,0,2,NLD,0,1,1,,95,0,N
57601,258,9,40,29,0,1,2,0,0,2,CN,0,1,0,,106.2,1,Y
118729,2,8,34,24,0,1,2,0,0,2,MEX,0,1,0,,140,1,N
116399,6,7,28,15,2,2,2,0,0,2,GBR,0,1,0,,101,1,N
97078,82,9,37,6,1,5,2,0,0,2,PRT,0,1,2,,95,0,N
54868,386,7,31,28,0,2,2,0,0,2,PRT,0,1,0,,62,0,Y
86691,55,4,15,6,0,1,1,0,0,1,PRT,0,4,1,,92,0,N
59564,10,10,44,29,2,1,2,0,0,2,ITA,0,1,0,,120,3,Y
114750,396,6,26,25,2,0,2,0,0,2,DEU,0,1,0,,122.4,1,N
91885,20,6,27,26,1,0,2,0,0,2,PRT,0,1,0,,89,1,N
50710,136,5,19,6,0,2,2,0,0,2,ESP,0,1,0,,105.3,1,N
44834,60,10,42,12,1,3,2,0,0,2,PRT,0,1,0,,65,1,N
91309,45,6,25,17,1,2,2,0,0,2,FRA,0,1,0,,65,1,N
117406,44,7,31,30,2,2,2,0,0,2,DEU,0,1,0,,169,1,N
51280,64,5,21,17,0,2,1,0,0,1,PRT,0,1,0,218,130,0,Y
105539,23,2,6,7,0,4,3,0,0,3,ROU,0,5,0,,125.8,2,N
83212,14,1,4,21,0,3,1,0,0,1,PRT,0,1,0,,81,1,N
94968,111,8,33,11,0,2,3,0,0,3,ESP,0,4,0,,155.7,1,N
76121,336,9,38,18,0,2,1,0,0,1,PRT,1,1,1,,80,0,Y
64698,92,3,11,15,0,3,2,0,0,2,PRT,0,1,0,,85,0,Y
101008,17,11,45,3,0,2,2,0,0,2,NLD,0,4,0,,130,2,N
108190,15,3,12,22,0,2,1,0,0,1,FRA,0,4,0,,98.4,0,N
81444,6,12,50,10,0,2,1,0,0,1,DEU,0,1,0,,0,0,N
61000,42,11,49,29,0,3,2,0,0,2,PRT,0,1,0,348,90,0,Y
41490,7,8,34,17,1,1,2,2,0,4,NLD,0,6,1,,153,0,N
102882,51,12,50,5,1,2,2,0,0,2,FRA,0,1,0,,108,2,N
79758,11,11,45,1,2,1,2,0,0,2,DEU,0,1,0,,87,1,N
80907,2,2,6,10,0,2,2,0,0,2,AGO,0,1,0,,98,2,N
84564,16,2,9,26,0,2,2,0,0,2,FRA,0,1,0,,87,0,N
70161,73,6,24,11,2,1,3,0,0,3,DEU,0,4,0,,210,0,Y
42488,55,9,37,6,2,0,2,0,0,2,PRT,0,1,0,,75,0,Y
119293,75,8,34,23,2,8,2,0,0,2,BEL,0,1,0,,81,0,N
46639,9,1,3,13,4,12,2,0,0,2,ECU,0,1,0,,69.5,1,Y
84330,1,2,9,23,0,1,2,0,0,2,AUS,0,1,0,,107,1,N
111447,75,5,19,9,0,2,2,0,0,2,FRA,0,1,1,,112.1,0,N
60937,30,11,48,26,2,1,2,0,0,2,CHE,0,1,1,,98,0,Y
111718,139,5,19,13,1,1,2,0,0,2,PRT,0,1,0,,135,0,N
115102,114,6,26,29,0,3,3,0,0,3,GBR,0,4,0,,171,0,N
87277,122,4,16,15,0,2,2,0,0,2,PRT,0,1,0,,85,0,N
87976,13,4,18,26,0,3,2,0,0,2,DEU,0,1,0,,96,0,N
80309,33,12,50,9,0,2,2,0,0,2,PRT,1,1,0,,110,0,Y
89093,0,5,21,16,1,0,2,0,0,2,USA,0,1,0,,62.73,0,N
57360,254,9,39,24,1,1,2,0,0,2,PRT,0,1,0,,96,0,Y
72665,230,8,31,2,1,4,2,1,0,3,BRA,0,1,0,,148.5,1,Y
98740,175,9,40,30,2,2,2,0,0,2,GBR,0,1,0,,87.32,1,N
116664,242,7,29,20,0,3,2,0,0,2,GBR,0,1,0,,65.18,1,N
40609,28,8,32,3,1,3,2,0,0,2,ESP,0,1,0,,62,0,N
57251,440,9,39,22,0,2,2,0,0,2,PRT,0,1,0,,62,0,Y
54697,144,7,30,23,2,5,2,0,0,2,FRA,0,1,0,,99.45,1,Y
115758,29,7,28,9,1,0,2,0,0,2,ESP,0,1,0,,79,0,N
72540,261,7,31,30,2,2,2,0,0,2,TWN,0,1,0,,89.1,1,Y
47553,10,2,9,26,1,2,2,0,0,2,POL,0,4,0,,106,0,Y
97577,34,9,38,15,0,3,2,0,0,2,ESP,0,5,2,,152.8,0,N
79147,26,10,43,19,1,2,1,0,0,1,IRL,0,1,0,,77,0,N
117046,89,7,30,27,0,2,2,0,0,2,USA,0,1,0,,96,1,N
50262,160,4,18,27,2,4,2,0,0,2,PRT,0,1,0,,90,0,Y
75453,334,9,38,16,0,2,2,0,0,2,PRT,1,1,0,,62,0,Y
114191,40,6,24,17,0,1,2,0,0,2,NZL,0,1,0,,140,0,N
74115,335,9,38,17,0,2,2,0,0,2,PRT,1,1,0,,62,0,Y
55242,137,8,33,8,1,3,3,0,0,3,ESP,0,4,0,,198,0,Y
104324,0,1,2,10,0,1,1,0,0,1,ESP,0,1,0,,79.5,0,N
117678,175,8,32,7,1,0,3,0,0,3,POL,0,1,0,,155.1,3,N
50218,115,4,18,26,0,4,2,0,0,2,PRT,0,1,0,,70.03,2,N
54446,106,7,29,16,1,1,1,0,0,1,AUS,0,1,0,,99.9,0,Y
85612,5,4,15,5,0,1,1,0,0,1,PRT,0,1,1,174,89,1,N
110102,89,4,16,19,0,3,2,0,0,2,FRA,0,4,0,,135,0,N
85472,0,3,12,13,2,1,1,0,0,1,PRT,0,4,1,,95.4,1,N
61831,50,12,53,27,0,1,2,1,0,3,BRA,0,1,0,,111.6,0,Y
80854,1,11,48,26,0,1,1,0,0,1,PRT,0,1,0,148,79,0,N
64091,10,3,9,2,0,1,2,0,0,2,ITA,0,1,4,,108,0,Y
68871,26,5,21,22,1,0,1,0,0,1,IRL,0,1,0,,160,1,Y
49782,103,4,17,19,0,2,1,0,0,1,PRT,0,1,0,,115,0,Y
82266,0,12,52,24,0,0,0,0,0,0,FRA,0,4,0,,0,1,N
66757,88,4,17,24,1,5,2,0,0,2,ITA,0,1,0,,121.5,1,Y
53776,358,6,27,30,0,1,1,0,0,1,PRT,0,1,0,,59,0,Y
73199,233,8,33,16,0,4,2,0,0,2,ESP,0,1,0,,106.65,0,Y
99600,53,10,42,14,0,1,1,0,0,1,PRT,0,1,0,,120,0,N
99084,1,10,41,7,0,2,2,0,0,2,GBR,0,1,0,,144,0,N
76554,199,9,39,21,1,1,2,0,0,2,PRT,1,1,0,,48,0,Y
60182,277,11,46,7,1,2,2,0,0,2,PRT,0,1,0,,100,0,Y
117227,179,7,30,25,2,5,3,0,0,3,GBR,0,1,0,,93.6,1,N
60954,10,11,49,27,2,2,2,0,0,2,BEL,0,1,0,,89.89,3,Y
62327,64,1,2,8,2,3,2,0,0,2,ITA,0,1,0,,79.2,0,Y
116938,176,7,29,17,3,7,2,1,0,3,DEU,0,1,0,,136.8,2,N
46922,14,1,5,27,0,2,2,0,0,2,BEL,0,1,0,,81.9,1,Y
68879,30,5,21,22,1,1,1,0,0,1,PRT,0,1,0,,144,0,Y
77671,18,10,40,2,0,2,2,0,0,2,PRT,1,1,0,,116.5,2,Y
68731,113,5,20,20,2,1,1,0,0,1,PRT,0,1,0,,190,0,Y
105542,29,2,6,6,1,4,3,0,0,3,FRA,0,5,0,,108.8,3,N
59553,34,10,44,29,1,1,2,0,0,2,ESP,0,1,0,,109,1,Y
114403,11,6,25,20,0,2,1,0,0,1,DEU,0,1,3,,95,0,N
109329,275,4,14,6,1,3,2,0,0,2,DEU,0,1,0,,84.55,2,N
40597,0,8,32,3,1,0,2,0,0,2,PRT,0,4,0,,0,0,N
50880,27,5,20,10,0,3,2,0,0,2,TJK,0,1,0,,141,0,Y
100553,4,10,44,25,0,4,2,0,0,2,DEU,0,1,0,,145,2,N
111020,111,5,18,3,0,2,2,0,0,2,GBR,0,1,0,,89.1,1,N
98348,20,9,39,24,2,2,2,0,0,2,GBR,0,1,0,,101.2,0,N
51714,158,5,22,24,0,2,1,0,0,1,PRT,0,1,0,,130,0,Y
93505,292,7,30,21,0,2,2,0,0,2,DEU,0,1,0,,115,0,N
97207,29,9,37,9,2,2,2,0,0,2,SWE,0,1,0,,144.68,3,N
99651,120,10,42,13,0,3,1,0,0,1,SWE,0,4,0,,132.3,2,N
41701,44,8,34,22,2,1,2,0,0,2,PRT,0,1,0,,86,0,Y
87395,28,4,17,17,2,0,2,0,0,2,ITA,0,1,0,,101,1,N
113487,75,6,23,5,1,2,3,0,0,3,AUT,0,4,0,,198,1,N
63536,12,2,7,13,1,3,1,0,0,1,DEU,0,4,0,,113,0,Y
49002,91,4,15,4,1,2,2,0,0,2,PRT,0,1,0,,80,0,Y
102484,14,11,49,29,0,1,1,0,0,1,PRT,0,1,0,,79,0,N
69663,434,6,22,3,2,1,2,0,0,2,PRT,0,1,0,,90,0,Y
87210,6,4,16,15,0,1,2,0,0,2,BRA,0,1,0,,131,1,N
44073,92,9,40,30,0,1,2,0,0,2,PRT,0,1,0,,170,0,Y
100188,386,10,44,23,2,0,2,0,0,2,DEU,0,1,0,,115,1,N
69684,292,6,22,3,2,5,2,1,0,3,LUX,0,1,0,,168.75,1,Y
42892,87,9,37,11,0,2,1,0,0,1,FRA,0,1,0,,100,0,Y
56742,3,9,38,12,1,1,1,0,0,1,PRT,0,4,0,,170,0,Y
82391,302,10,41,6,0,3,2,0,0,2,PRT,1,1,0,,105,0,Y
92471,135,7,28,5,0,2,2,0,0,2,KOR,0,1,0,,99,1,N
81736,109,2,9,21,2,1,2,0,0,2,PRT,1,1,0,,75,0,Y
74882,153,8,32,3,1,2,2,0,0,2,PRT,1,1,0,,60,0,Y
60991,35,11,49,28,1,1,2,0,0,2,PRT,0,1,2,,75,0,Y
73144,57,8,33,15,0,4,2,0,0,2,ITA,0,1,0,,160,1,Y
84004,87,2,8,14,2,1,2,1,0,3,GBR,0,1,0,,117.79,1,N
67776,115,5,19,7,2,0,2,0,0,2,KOR,0,1,0,,126,0,Y
52115,11,5,23,31,0,2,2,0,0,2,ITA,0,1,1,,119,1,Y
69460,292,5,22,31,0,3,2,0,0,2,PRT,0,1,0,,90,0,Y
104129,1,1,1,5,0,1,2,0,0,2,DEU,0,1,0,,95,1,N
50264,174,4,18,27,1,4,2,0,0,2,PRT,0,1,2,,92.65,0,Y
117094,57,7,30,29,0,1,2,0,0,2,DEU,0,1,0,,80.1,0,N
102552,154,11,49,30,0,1,2,0,0,2,LUX,0,1,0,,68,0,N
77783,1,9,39,26,0,1,2,0,0,2,GBR,0,1,0,,180,0,N
40859,30,8,32,8,2,1,2,0,0,2,PRT,0,1,0,,86,0,Y
74965,164,8,33,14,0,1,2,0,0,2,PRT,1,1,0,,60,0,Y
99644,377,10,42,14,0,2,2,0,0,2,DEU,0,1,0,,115,1,N
110383,6,4,17,26,0,1,1,0,0,1,ESP,0,4,0,,185,0,N
89281,28,5,21,19,0,1,1,0,0,1,GBR,0,1,0,,135,1,N
49087,105,4,15,6,0,1,2,0,0,2,PRT,0,1,0,,75,0,Y
97610,64,9,38,16,0,2,2,0,0,2,ESP,0,4,0,,149.4,1,N
103584,105,12,53,26,1,1,2,1,0,3,FRA,0,1,0,,83.05,0,N
105037,128,1,4,27,0,1,2,0,0,2,GBR,0,1,0,,57.93,1,N
90141,21,5,23,29,2,3,2,0,0,2,SWE,0,1,0,,101.15,0,N
117144,64,7,30,24,1,5,2,0,0,2,SWE,0,1,0,,144.67,1,N
56530,426,9,37,8,0,2,2,0,0,2,PRT,0,1,0,,62,0,Y
53260,245,6,25,17,0,2,2,0,0,2,PRT,0,1,0,,75,0,Y
107363,43,3,10,10,0,2,3,0,0,3,PRT,0,1,1,,99,1,N
42268,8,9,36,4,0,2,2,0,0,2,NLD,0,1,0,,124,2,N
53701,40,6,27,27,1,5,1,0,0,1,AGO,0,1,0,,104.1,0,Y
70451,129,6,24,17,2,1,2,0,0,2,NLD,0,1,0,,99,0,Y
53473,56,6,26,21,0,2,2,0,0,2,ITA,0,1,0,,99.9,0,Y
100302,244,10,43,22,2,2,2,0,0,2,FRA,0,1,0,,90.95,2,N
117553,69,7,30,29,2,6,2,0,0,2,RUS,0,1,0,,126,2,N
72024,350,7,29,17,2,5,2,0,0,2,FRA,0,4,0,,113.4,1,Y
43696,83,9,39,23,0,2,2,0,0,2,ESP,0,1,0,,62,0,N
113076,2,6,22,1,0,1,1,0,0,1,ESP,0,4,0,,110,0,N
97130,16,9,38,12,1,0,2,0,0,2,PRT,0,1,0,,99,0,N
67268,39,5,18,1,1,0,2,0,0,2,JPN,0,1,0,,149,0,Y
99916,79,10,43,16,2,2,3,0,0,3,NLD,0,4,0,,151.2,1,N
93030,16,7,29,14,0,2,2,0,0,2,ESP,0,1,0,,160,1,N
64214,28,3,9,2,0,3,2,0,0,2,PRT,0,1,0,,95,0,Y
57965,172,10,41,4,0,3,2,1,0,3,NOR,0,1,0,,108.9,0,Y
88844,4,7,28,14,0,1,2,0,0,2,PRT,0,4,0,,150,1,N
88061,75,4,18,26,0,4,2,0,0,2,POL,0,1,0,,75,0,N
118010,20,8,32,8,0,5,2,0,0,2,FRA,0,1,0,,180,1,N
56289,21,9,36,2,2,2,2,0,0,2,GBR,0,4,0,,141,1,Y
107186,60,3,10,5,2,2,2,1,0,3,GBR,0,1,2,,108.8,3,N
42454,55,9,37,6,2,0,2,0,0,2,ESP,0,1,0,,75,0,N
99949,90,10,43,17,1,3,2,0,0,2,LUX,0,1,0,,80.75,0,N
87126,58,4,16,11,1,3,2,0,0,2,SWE,0,1,0,,99.45,0,N
93685,145,7,30,23,1,1,3,0,0,3,PRT,0,1,0,,142.2,1,N
74647,374,10,44,26,1,1,2,0,0,2,PRT,1,1,0,,62,0,Y
51476,211,5,21,20,0,2,2,0,0,2,PRT,0,1,0,,100,0,Y
113267,212,6,22,2,1,2,2,0,0,2,FRA,0,1,2,,127.33,0,N
99288,98,10,42,9,2,1,2,0,0,2,USA,0,1,0,,108,3,N
74926,136,7,29,17,1,2,2,0,0,2,PRT,1,1,0,,60,0,Y
78202,6,10,40,1,2,3,2,0,0,2,CZE,0,1,0,,58.4,0,N
58269,76,10,42,10,1,0,1,0,0,1,PRT,0,1,0,,120,0,Y
114497,99,6,25,19,1,3,2,0,0,2,GBR,0,1,0,,126,0,N
62563,12,1,2,14,2,2,2,0,0,2,MAR,0,1,0,,82.88,0,Y
79076,20,10,43,18,2,1,3,0,0,3,GBR,0,4,0,,105,1,N
55777,5,8,35,21,1,0,2,0,0,2,PRT,0,1,0,47,167,0,Y
114676,154,6,25,23,0,2,2,2,0,4,ITA,0,6,1,,220,0,N
118102,146,8,32,12,2,1,3,0,0,3,DEU,0,4,0,,175.5,2,N
58003,349,10,41,4,1,5,1,0,0,1,PRT,0,1,0,,80,0,Y
110868,8,5,18,1,1,1,2,0,0,2,ESP,0,1,0,,128,2,N
119027,21,8,35,27,1,0,2,0,0,2,ESP,0,1,0,,109,0,N
117635,104,8,31,3,1,3,2,0,0,2,BRA,0,1,0,,125,1,N
92493,4,7,28,6,0,1,2,1,0,3,FRA,0,1,0,,100.08,1,N
41433,2,8,33,15,2,1,1,0,0,1,ITA,0,1,0,,72.5,0,Y
79916,47,11,45,5,0,2,2,0,0,2,BEL,0,2,1,,105.5,1,N
60833,67,11,48,23,0,4,2,0,0,2,DEU,0,1,0,,88.4,2,Y
59191,14,10,43,22,0,1,2,0,0,2,ITA,0,1,0,,160,0,Y
76476,379,10,44,31,1,1,1,0,0,1,PRT,1,1,0,,60,0,Y
68278,164,5,20,15,1,2,1,0,0,1,PRT,0,1,0,,160,0,Y
103124,0,12,51,11,1,0,3,0,0,3,SWE,0,4,0,,138,0,N
97129,20,9,38,11,2,0,2,0,0,2,RUS,0,1,0,,89,2,N
53965,141,7,28,3,2,2,2,0,0,2,PRT,0,4,1,,118.06,0,Y
118818,217,8,34,21,1,4,2,1,0,3,GBR,0,1,0,,135,5,N
87900,2,4,18,26,0,2,2,0,0,2,ITA,0,1,1,,129,0,N
78199,289,7,30,20,2,4,2,0,0,2,PRT,1,1,0,,95.4,2,Y
90915,57,6,24,10,1,2,2,0,0,2,PRT,0,1,0,,90.67,1,N
45104,102,10,42,16,0,2,1,0,0,1,DEU,0,1,0,,87,0,N
101239,46,11,45,4,2,3,2,0,0,2,BRA,0,1,0,,128.38,1,N
64156,28,3,9,2,0,3,2,0,0,2,PRT,0,1,0,,95,0,Y
55417,11,8,33,12,2,6,2,0,0,2,GRC,0,1,0,,139,0,Y
40755,92,8,32,6,0,3,2,1,0,3,FRA,0,1,0,,76.08,2,N
83977,17,9,40,26,1,1,1,0,0,1,FRA,0,1,0,,95,0,N
46506,145,1,2,3,2,1,2,0,0,2,PRT,0,1,0,,65,0,Y
53893,114,7,27,1,1,2,1,0,0,1,PRT,0,1,0,,75,0,Y
41963,162,8,35,28,1,2,2,0,0,2,PRT,0,1,1,,76.5,1,Y
58154,443,10,41,7,0,2,2,0,0,2,PRT,0,1,0,,65,0,Y
80583,1,11,47,19,0,1,1,0,0,1,PRT,0,1,0,40,65,0,Y
111749,9,5,19,12,1,2,3,0,0,3,CHN,0,4,0,,216,0,N
65857,66,4,15,9,2,0,2,0,0,2,PRT,0,1,0,,100,0,Y
43156,13,9,38,16,0,1,1,0,0,1,PRT,0,1,0,,114,1,Y
55741,75,8,34,20,0,1,2,0,0,2,PRT,0,1,0,,118.15,2,Y
109128,6,4,14,5,0,2,2,0,0,2,CHE,0,1,0,,115,0,N
71450,315,7,27,5,2,4,2,0,0,2,GBR,0,1,2,,103.5,1,Y
62063,226,12,53,31,2,3,2,0,0,2,CHE,0,4,0,,92.82,1,Y
41302,39,8,33,14,0,2,2,0,0,2,DEU,0,1,0,,109,0,N
56879,433,9,38,15,0,2,2,0,0,2,PRT,0,1,0,,62,0,Y
90597,118,6,24,6,1,2,1,0,0,1,BGR,0,1,0,,110,0,N
117547,168,8,31,1,0,5,2,0,0,2,GBR,0,1,0,,130.5,0,N
107201,5,3,10,7,0,2,1,0,0,1,ESP,0,4,1,,90,1,N
72694,110,8,31,3,0,3,2,0,0,2,ISR,0,4,0,,195,1,Y
45736,98,11,48,23,1,2,1,0,0,1,PRT,0,1,0,,84,0,Y
78033,4,9,39,26,2,3,1,0,0,1,ESP,0,1,0,,170,0,N
55212,63,8,33,8,1,0,3,0,0,3,FRA,0,4,0,,168.3,1,Y
113262,212,6,22,2,1,2,2,0,0,2,FRA,0,1,0,,127.33,0,N
112863,204,5,21,26,1,2,2,0,0,2,GBR,0,1,0,,107.1,3,N
94072,161,7,31,27,0,4,2,1,0,3,GBR,0,1,0,,114.75,2,N
50654,259,5,19,5,0,3,2,0,0,2,PRT,0,1,0,,90,0,Y
50552,103,5,19,4,0,3,2,0,0,2,PRT,0,1,0,,95,0,Y
68043,116,5,19,11,1,3,3,0,0,3,COL,0,4,0,,181.8,0,Y
79548,6,10,44,25,2,2,2,0,0,2,GBR,0,1,0,,123.5,3,N
99924,52,10,43,17,1,2,2,0,0,2,DEU,0,1,0,,108,1,N
108836,10,3,13,31,0,2,2,0,0,2,PRT,0,5,0,,166,2,N
111783,174,5,19,13,1,1,2,0,0,2,GBR,0,4,0,,118.8,0,N
109695,118,4,14,8,2,5,2,0,0,2,DEU,0,1,0,,119.57,1,N
40919,1,8,33,9,1,0,2,2,0,4,PRT,0,6,0,,153,2,N
97984,110,9,39,20,0,3,2,0,0,2,IRL,0,4,0,,112.88,0,N
52778,69,6,25,12,2,4,1,0,0,1,PRT,0,1,0,,120,0,Y
69089,201,5,21,25,0,3,2,0,0,2,PRT,0,1,0,,115,0,Y
100484,119,10,44,24,1,3,2,0,0,2,FRA,0,1,0,,106.25,0,N
59438,199,10,44,28,0,2,2,0,0,2,PRT,0,1,0,,95,0,Y
74369,276,7,30,20,1,1,2,0,0,2,PRT,1,1,0,,62,0,Y
116129,197,7,28,10,1,4,2,0,0,2,IRL,0,1,0,,107.1,0,N
68250,164,5,20,15,1,2,1,0,0,1,PRT,0,1,0,,160,0,Y
72206,240,7,30,23,2,1,2,0,0,2,PRT,0,1,0,,110,0,Y
59690,212,10,45,31,1,4,3,0,0,3,ITA,0,4,0,,126.9,0,Y
46068,198,12,49,5,2,1,2,0,0,2,ESP,0,1,0,,90,0,Y
78685,31,10,42,11,2,2,1,0,0,1,GBR,0,1,1,,94.5,2,N
63717,45,2,7,18,2,1,2,2,0,4,NLD,0,5,0,,125.4,0,Y
49102,105,4,15,6,0,1,2,0,0,2,PRT,0,1,0,,75,0,Y
105712,6,2,7,13,1,1,2,0,0,2,GBR,0,1,1,,98,0,N
63892,29,2,8,24,2,2,3,0,0,3,GBR,0,4,0,,134.3,0,Y
45851,98,11,48,23,1,3,1,0,0,1,HRV,0,1,1,,70,0,N
73122,507,8,33,15,0,1,2,0,0,2,PRT,0,1,0,,90,0,Y
48214,92,3,12,18,2,2,2,0,0,2,DEU,0,4,0,,72.49,1,N
65873,180,4,15,9,2,1,2,0,0,2,NLD,0,1,0,,117,1,Y
73913,258,7,27,2,0,2,2,0,0,2,PRT,1,1,0,,62,0,Y
62686,74,1,3,18,0,4,2,0,0,2,PRT,0,1,0,,88.39,0,Y
91119,256,6,25,15,0,2,1,0,0,1,DEU,0,1,1,,90,0,N
114968,115,6,26,27,0,3,2,0,0,2,SVN,0,4,0,,135,0,N
63237,56,2,5,3,0,2,2,0,0,2,ITA,0,1,0,,79.2,0,Y
103624,106,12,53,25,2,1,2,0,0,2,FRA,0,2,1,,91.6,2,N
63040,28,1,4,27,0,2,2,0,0,2,PRT,0,1,0,,97.5,0,Y
57997,349,10,41,4,1,5,1,0,0,1,PRT,0,1,0,,80,0,Y
96938,230,9,37,6,0,5,2,0,0,2,FRA,0,1,0,,137,1,N
57483,418,9,40,26,1,2,2,0,0,2,PRT,0,1,0,,75,0,Y
89058,3,5,21,16,1,0,1,0,0,1,ESP,0,1,0,,71.2,0,N
115508,10,7,27,6,0,1,1,0,0,1,PRT,0,1,0,,95,0,N
108618,74,3,12,25,2,3,2,0,0,2,NLD,0,5,0,,117.3,2,N
43685,83,9,39,23,0,2,2,0,0,2,ESP,0,1,0,,62,0,N
53584,121,6,26,24,1,2,2,0,0,2,PRT,0,1,1,,90,0,Y
48484,37,3,13,24,0,3,1,0,0,1,LBN,0,1,0,,112.2,0,Y
93864,30,7,31,27,0,1,2,0,0,2,DEU,0,1,0,,125.1,1,N
40319,20,7,30,22,0,2,2,0,0,2,PRT,0,1,0,,62,0,Y
49760,103,4,17,19,0,2,1,0,0,1,PRT,0,1,0,,115,0,Y
92389,134,7,27,2,2,2,2,0,0,2,CN,0,1,0,,93.08,2,N
70726,51,6,25,21,0,4,2,0,0,2,USA,0,1,0,,135,1,Y
118273,106,8,33,13,2,3,3,0,0,3,FRA,0,4,1,,195,1,N
43175,15,9,38,16,0,1,2,0,0,2,PRT,0,4,0,,115,2,N
58301,111,10,42,10,1,0,1,0,0,1,PRT,0,1,0,,120,0,Y
53323,290,6,25,17,1,2,2,0,0,2,FRA,0,1,0,,72,1,N
49511,126,4,16,14,0,3,2,0,0,2,PRT,0,1,0,,65,0,Y
99311,222,10,42,12,0,4,2,0,0,2,ROU,0,1,0,,80.75,1,N
75880,351,10,40,3,2,2,2,0,0,2,PRT,1,1,0,,62,0,Y
84525,1,2,9,25,0,3,2,0,0,2,ESP,0,6,1,,100,0,N
62788,2,1,4,22,2,2,2,0,0,2,FRA,0,1,0,,124.1,1,Y
46344,4,12,53,30,0,2,2,0,0,2,ESP,0,4,0,,137,1,Y
73009,189,8,32,12,2,1,2,0,0,2,FRA,0,4,0,,139.5,0,Y
62155,27,1,1,3,0,2,2,0,0,2,ITA,0,1,0,,106,1,Y
51078,273,5,20,13,1,2,2,0,0,2,PRT,0,1,0,,95,0,Y
44637,50,10,41,9,0,2,2,0,0,2,PRT,0,1,0,,85,0,N
76640,0,2,6,7,0,1,1,0,0,1,PRT,0,1,0,45,0,2,N
82576,0,12,53,29,0,4,2,0,0,2,FRA,0,4,0,,60.25,0,N
45988,134,12,49,4,2,2,2,0,0,2,PRT,0,1,0,,65,0,Y
53897,114,7,27,1,1,2,1,0,0,1,PRT,0,1,0,,75,0,Y
45845,98,11,48,23,1,2,1,0,0,1,PRT,0,1,0,,84,0,Y
87993,76,4,18,24,2,3,1,1,0,2,FRA,0,1,0,,98.5,1,N
85338,7,3,11,9,0,4,1,0,0,1,BRA,0,1,0,,99,1,N
97441,1,9,38,15,0,1,2,0,0,2,ITA,0,1,0,,159,1,N
60810,42,11,48,22,0,3,2,0,0,2,NLD,0,4,0,,95.38,1,Y
119294,243,8,35,30,0,3,2,2,0,4,DEU,0,6,0,,189,3,N
57669,263,9,40,29,2,4,2,0,0,2,DEU,0,1,0,,100.3,0,Y
99680,377,10,42,14,0,2,2,0,0,2,DEU,0,1,0,,115,1,N
43900,87,9,39,25,2,3,2,0,0,2,PRT,0,1,0,,170,0,Y
47629,1,2,10,28,2,1,1,0,0,1,PRT,0,1,0,,60,0,Y
62786,30,1,4,22,2,0,2,0,0,2,TWN,0,1,0,,97.5,3,Y
55548,161,8,34,16,0,2,2,1,0,3,BEL,0,4,1,,127.8,1,Y
41763,1,8,35,23,2,0,2,0,0,2,FRA,0,1,0,,98,2,N
40079,43,7,27,3,0,2,2,0,0,2,PRT,0,1,0,,86,0,N
87357,47,4,16,15,1,2,2,2,0,4,POL,0,6,2,,173.12,2,N
98281,22,9,40,25,2,0,2,0,0,2,BRA,0,1,0,,107.03,1,N
64420,112,3,10,9,0,3,2,0,0,2,ITA,0,1,0,,93.6,1,Y
118339,103,8,33,17,0,2,2,0,0,2,GBR,0,1,2,,115,1,N
103717,255,12,53,27,0,3,2,0,0,2,GBR,0,1,2,,62.64,0,N
67995,120,5,19,11,0,1,1,0,0,1,GBR,0,1,0,,108,0,Y
50386,133,4,18,29,1,2,2,0,0,2,DEU,0,1,0,,88.5,0,Y
102712,16,12,49,2,1,2,2,0,0,2,CHE,0,1,3,,85.78,2,N
42966,87,9,37,11,0,2,1,0,0,1,FRA,0,1,0,,100,0,Y
108071,151,3,12,20,1,1,2,0,0,2,PRT,0,1,0,,95,1,N
45494,54,10,44,31,0,1,2,2,0,4,POL,0,6,0,,139.5,2,N
60440,300,11,46,11,0,2,2,0,0,2,PRT,0,1,0,,65,0,Y
71212,144,6,26,29,1,3,2,0,0,2,NOR,0,4,0,,121.05,1,Y
59964,305,11,45,4,1,2,2,0,0,2,PRT,0,1,0,,89,0,Y
46722,38,1,4,17,2,5,1,0,0,1,RUS,0,1,0,,68.5,0,N
87196,62,4,16,11,1,4,2,0,0,2,GBR,0,4,0,,112.2,0,N
43641,19,9,39,21,1,3,2,0,0,2,GBR,0,4,0,,90.98,1,N
53427,193,6,26,20,1,2,2,0,0,2,PRT,0,1,0,,120,0,Y
41806,53,8,35,24,1,1,2,0,0,2,ESP,0,1,0,,62,0,N
47983,87,3,11,11,1,2,2,0,0,2,GBR,0,1,0,,51.97,1,N
71683,35,7,28,10,1,2,2,0,0,2,ROU,0,1,0,,146.67,2,Y
80392,34,12,50,8,0,2,1,0,0,1,PRT,1,1,0,,90,0,Y
51762,11,5,22,24,0,3,2,0,0,2,PRT,0,1,0,,160,0,Y
100297,87,10,44,23,2,1,2,0,0,2,DEU,0,1,0,,80.75,1,N
50629,302,5,19,5,0,2,2,0,0,2,PRT,0,1,0,,62,0,Y
83434,4,1,5,27,1,4,1,0,0,1,CN,0,1,0,,86,1,N
41792,53,8,35,24,1,1,1,0,0,1,PRT,0,1,1,,60,0,N
95432,32,8,34,17,0,2,4,0,0,4,NLD,0,7,0,,214.75,1,N
96126,122,8,35,21,3,5,2,0,0,2,ESP,0,1,0,,72.26,2,N
102816,0,12,50,6,0,1,1,0,0,1,CHE,0,1,0,,70,0,N
82703,44,1,1,2,2,1,1,0,0,1,PRT,0,1,1,,74,0,N
118616,163,8,33,19,2,2,2,0,0,2,LUX,0,1,1,,131.5,1,N
76821,2,7,28,8,0,1,2,0,0,2,PRT,2,1,1,40,77,0,N
55261,200,8,33,9,0,3,2,0,0,2,PRT,0,1,0,,72.25,1,Y
100237,386,10,44,23,2,0,2,0,0,2,DEU,0,1,0,,115,1,N
71572,95,7,27,7,2,3,2,0,0,2,IRL,0,1,0,,120,1,Y
69598,212,6,22,2,1,2,2,0,0,2,PRT,0,1,0,,105,0,Y
49585,31,4,16,15,0,2,2,0,0,2,ESP,0,1,0,,103.5,0,Y
49903,265,4,17,20,0,4,2,0,0,2,PRT,0,1,0,,101,0,Y
54635,379,7,30,21,0,2,2,0,0,2,PRT,0,1,0,,62,0,Y
54662,152,7,30,22,2,3,2,0,0,2,ARE,0,1,0,,101.15,0,Y
61037,215,11,49,30,0,4,0,2,0,2,ROU,0,2,0,,67.26,0,Y
47261,39,2,7,13,2,1,2,0,0,2,PRT,0,1,0,,67.5,1,N
65566,373,4,14,5,0,3,2,0,0,2,PRT,0,1,0,,90,0,Y
97318,346,9,38,13,0,2,2,0,0,2,DEU,0,1,0,,115,1,N
76154,181,7,27,1,1,4,3,0,0,3,PRT,0,1,0,,111.5,0,N
74992,260,7,27,4,2,2,2,0,0,2,PRT,1,1,0,,62,0,Y
104135,0,1,1,2,1,3,2,1,0,3,NLD,0,1,0,,108.8,0,N
63837,594,2,8,23,0,2,2,0,0,2,PRT,0,1,0,,62,0,Y
105456,32,2,6,9,0,0,2,0,0,2,PRT,0,4,0,,0,0,N
114536,2,6,25,20,0,3,2,0,0,2,NLD,0,7,0,,333.67,0,N
69333,186,5,22,30,0,2,2,0,0,2,PRT,0,1,0,,130,0,Y
78130,12,10,41,4,1,0,1,0,0,1,FRA,0,1,0,,72,0,N
68603,105,5,20,19,0,2,1,0,0,1,PRT,0,1,0,,160,0,Y
74013,293,8,32,6,0,2,2,0,0,2,PRT,1,1,0,,62,0,Y
93559,292,7,30,21,0,2,2,0,0,2,DEU,0,1,0,,115,0,N
84562,24,2,9,26,0,2,2,0,0,2,PRT,0,1,0,,79,1,N
49985,57,4,17,22,0,2,2,0,0,2,GBR,0,4,0,,118.8,0,Y
108477,29,3,13,26,2,0,1,0,0,1,ITA,0,1,0,,112,2,N
99194,338,10,41,7,1,2,2,0,0,2,FRA,0,1,0,,90.67,1,N
116753,423,7,29,22,1,1,1,0,0,1,DEU,0,1,1,,95.5,0,N
72164,5,7,29,22,2,3,2,0,0,2,PRT,0,1,0,,140,0,Y
117605,206,8,31,3,1,3,2,0,0,2,DEU,0,4,0,,144,0,N
92067,35,6,27,26,2,2,2,1,0,3,PRT,0,1,0,,125.1,1,N
72754,223,8,31,5,2,1,2,0,0,2,RUS,0,1,0,,130.5,0,Y
43357,74,9,38,18,0,2,2,0,0,2,PRT,0,1,0,,101.5,0,Y
80690,32,11,47,20,0,2,1,0,0,1,PRT,0,1,0,,73,0,N
86360,58,3,14,29,0,4,2,0,0,2,FRA,0,4,0,,98.6,1,N
106106,11,2,8,19,2,0,2,0,0,2,POL,0,1,1,,100,0,N
59758,166,11,45,1,0,3,1,0,0,1,PRT,0,1,0,,110,0,Y
77460,5,9,38,19,0,1,1,2,0,3,PRT,0,2,2,,82.25,1,N
52912,11,6,25,14,0,3,2,0,0,2,PRT,0,4,0,51,90,0,Y
106850,36,3,9,2,0,2,2,0,0,2,FRA,0,1,1,,75,0,N
54704,199,7,30,23,3,6,2,1,0,3,DEU,0,4,0,,94.51,2,N
63466,67,2,7,12,2,0,2,0,0,2,PRT,0,1,0,,80,0,Y
90842,0,6,24,11,1,1,2,0,0,2,SWE,0,1,0,,108.57,0,N
116034,414,7,28,13,0,2,2,0,0,2,DEU,0,1,0,,122.4,1,N
108148,6,3,11,15,2,6,2,1,0,3,RUS,0,6,1,,208,0,N
60851,503,11,48,24,0,2,2,0,0,2,PRT,0,1,0,,62.8,0,Y
83932,3,2,7,10,1,4,2,0,0,2,DEU,0,1,0,,63.88,0,N
63005,37,1,4,25,2,7,1,0,0,1,CHN,0,1,0,,63.71,0,Y
76086,364,10,42,16,0,2,2,0,0,2,PRT,1,1,0,,101.5,0,Y
98960,34,10,41,5,0,2,2,0,0,2,HUN,0,5,0,,144,0,N
62662,54,1,3,18,0,3,2,0,0,2,PRT,0,1,0,,65,0,Y
115615,167,7,27,7,0,2,2,0,0,2,DNK,0,1,0,,89.1,2,N
71374,465,7,27,4,0,1,2,0,0,2,PRT,0,1,0,,90,0,Y
47943,74,3,11,10,0,3,2,0,0,2,DEU,0,4,0,,89.3,1,N
95814,104,8,35,21,2,1,2,0,0,2,ESP,0,1,0,,119.7,0,N
95178,136,8,33,11,2,3,1,1,0,2,FRA,0,1,2,,86.36,1,N
102982,61,12,50,8,0,3,2,0,0,2,ESP,0,1,0,,93.6,1,N
111059,61,5,18,2,0,4,1,0,0,1,GBR,0,4,0,,112.86,0,N
88159,63,4,18,29,1,2,3,0,0,3,ESP,0,1,0,,159.3,0,N
105830,36,2,6,11,2,3,2,1,0,3,DEU,0,1,0,,101.66,3,N
101987,63,11,47,17,1,3,2,0,0,2,GBR,0,1,2,,88.4,2,N
83473,1,2,6,3,0,1,1,0,0,1,PRT,0,1,0,40,66,1,N
51641,141,5,22,23,1,2,2,0,0,2,TUN,0,4,0,,114.3,1,Y
89158,49,5,20,13,2,3,2,0,0,2,PRT,0,4,0,,140.4,1,N
59930,304,11,45,3,0,3,2,0,0,2,PRT,0,1,0,,89,0,Y
64157,28,3,9,2,0,3,2,0,0,2,PRT,0,1,0,,95,0,Y
47867,21,3,11,7,1,0,2,0,0,2,CHN,0,1,0,,91,0,Y
46194,0,12,52,24,0,1,2,0,0,2,PRT,0,1,0,,85,0,N
54207,22,7,28,8,1,2,3,0,0,3,GBR,0,4,0,,187,2,Y
97763,0,9,39,20,0,0,2,0,0,2,GBR,0,4,0,,0,1,N
87399,33,4,16,16,2,1,1,1,0,2,CHE,0,4,0,,91.48,1,N
91992,41,6,27,27,1,1,2,2,0,4,TMP,0,6,1,,189.9,3,N
93174,161,7,29,15,1,2,3,0,0,3,DEU,0,1,0,,96.9,1,N
99462,22,10,42,10,1,3,3,0,0,3,CHE,0,4,0,,213,0,N
82208,97,12,53,29,0,3,2,0,0,2,PRT,1,1,0,,70,1,Y
45081,102,10,42,16,0,2,2,0,0,2,PRT,0,1,0,,101.5,0,Y
108728,35,3,13,30,0,2,2,1,1,4,PRT,0,5,0,,140,0,N
58373,182,10,42,12,0,1,2,0,0,2,FRA,0,1,0,,98.1,0,Y
81882,178,4,18,28,0,3,1,0,0,1,PRT,1,1,0,,0,0,Y
81502,6,12,50,10,0,2,1,0,0,1,DEU,0,1,0,,116,0,N
115382,405,7,27,4,0,2,2,0,0,2,DEU,0,1,0,,114.4,0,N
109366,83,4,14,6,1,3,2,0,0,2,GBR,0,4,0,,127.8,3,N
60689,301,11,47,18,0,2,2,0,0,2,PRT,0,1,0,,52,0,Y
116091,414,7,28,13,0,2,2,0,0,2,DEU,0,1,0,,122.4,1,N
106944,203,3,9,2,0,3,2,0,0,2,GBR,0,1,0,,57.93,2,N
71114,368,6,26,28,0,3,2,0,0,2,PRT,0,1,0,,90,0,Y
101198,0,11,46,8,0,0,1,0,0,1,PRT,0,5,0,,0,2,N
93641,153,7,30,22,0,2,2,0,0,2,FRA,0,1,0,,109.8,1,N
108639,132,3,13,26,2,3,1,0,0,1,BRA,0,1,0,,61.52,1,N
55455,143,8,33,13,1,1,2,0,0,2,USA,0,1,0,,114.3,0,Y
48473,32,3,13,24,0,3,3,0,0,3,ESP,0,4,0,,159.3,0,Y
66595,393,4,16,22,2,1,2,0,0,2,PRT,0,1,0,,90,0,Y
110159,133,4,16,19,0,4,2,0,0,2,LTU,0,1,0,,124,0,N
75523,355,10,41,7,0,2,2,0,0,2,PRT,1,1,0,,62,0,Y
64633,97,3,11,14,0,2,2,0,0,2,PRT,0,1,0,,85,0,Y
99995,86,10,43,20,0,3,4,0,0,4,CHE,0,7,1,,192.86,1,N
74748,329,9,37,11,2,3,1,0,0,1,PRT,1,1,0,,80,0,Y
103746,24,12,53,30,0,1,2,2,0,4,BRA,0,6,0,,206,0,N
114488,42,6,25,19,1,3,2,0,0,2,SWE,0,1,0,,150,0,N
115705,181,7,27,8,1,1,2,0,0,2,BEL,0,1,0,,89.1,0,N
73930,265,7,28,9,0,2,2,0,0,2,PRT,1,1,0,,62,0,Y
112554,21,5,21,21,2,2,2,0,0,2,CHE,0,1,0,,157.5,1,N
80904,16,11,48,27,0,2,2,0,0,2,PRT,0,1,0,,55,0,Y
57799,268,10,40,1,1,1,2,0,0,2,IRL,0,1,0,,95.4,0,Y
45462,65,10,44,29,1,3,2,0,0,2,ESP,0,1,0,,93.08,2,N
53005,188,6,25,15,0,2,1,0,0,1,PRT,0,1,0,,130,0,Y
112297,15,5,20,19,2,2,2,0,0,2,DEU,0,1,0,,145,1,N
40618,28,8,32,3,1,3,2,0,0,2,PRT,0,1,0,,62,0,Y
54659,178,7,30,22,1,2,2,0,0,2,MAC,0,1,0,,88.5,0,Y
77213,8,9,39,22,0,2,2,0,0,2,PRT,1,4,1,,136,1,Y
78787,0,10,42,14,0,2,1,0,0,1,PRT,0,1,0,,109,0,N
44432,97,10,41,5,1,3,1,0,0,1,PRT,0,1,0,,140,0,Y
48548,161,3,13,25,1,2,2,0,0,2,PRT,0,1,0,,130,0,Y
82366,108,3,12,18,0,2,2,0,0,2,PRT,1,1,0,,80,0,Y
88901,122,5,20,12,0,2,2,0,0,2,DEU,0,1,1,,105.3,1,N
65180,170,3,13,26,2,4,2,0,0,2,FRA,0,4,0,,96.9,0,Y
81180,313,8,34,18,2,5,2,0,0,2,PRT,1,1,0,,95.4,0,Y
95472,320,8,34,18,0,2,1,0,0,1,DEU,0,1,1,,90,0,N
107011,6,3,9,4,1,1,2,0,0,2,PRT,0,1,1,,98,1,N
42851,48,9,37,11,1,2,2,0,0,2,PRT,0,1,0,,60,0,N
106167,153,2,8,19,2,1,2,0,0,2,ITA,0,1,0,,75,0,N
93226,188,7,29,16,2,1,2,2,0,4,BEL,0,6,1,,186.3,1,N
61007,42,11,49,29,0,3,2,0,0,2,PRT,0,1,0,348,90,0,Y
87064,138,4,16,13,0,1,2,0,0,2,PRT,0,1,0,,90,1,N
54317,204,7,29,12,0,4,2,0,0,2,NLD,0,2,1,,81.81,0,N
58691,162,10,42,14,2,2,1,0,0,1,PRT,0,1,0,,115,0,Y
83439,4,1,5,30,2,1,2,0,0,2,PRT,0,1,0,,66,0,N
76803,0,8,33,11,0,1,2,0,0,2,PRT,0,1,0,,75,0,N
71244,135,6,26,30,0,1,1,0,0,1,PRT,0,1,0,,120,0,Y
93650,148,7,30,19,0,5,2,0,0,2,SWE,0,1,0,,79.2,1,N
97895,0,9,39,21,0,1,2,0,0,2,PRT,0,1,0,,175,2,N
107171,174,3,10,5,2,2,2,0,0,2,FRA,0,1,0,,90,0,N
57320,271,9,39,23,0,2,2,0,0,2,GBR,0,1,0,,95.4,0,N
91838,192,6,26,24,0,2,1,0,0,1,GBR,0,1,0,,95,0,N
93845,61,7,31,24,2,2,1,0,0,1,PRT,0,1,1,72,40,1,N
110422,93,4,16,22,2,3,2,0,0,2,FRA,0,1,2,,105,2,N
95645,0,8,35,21,1,0,2,1,0,3,FRA,0,1,2,,164,0,N
114188,156,6,24,15,0,3,2,0,0,2,NLD,0,4,2,,148.5,1,N
68554,151,5,20,19,0,1,2,0,0,2,USA,0,1,0,,140,1,Y
112281,181,5,20,20,1,1,2,0,0,2,CHE,0,4,0,,139.5,2,N
106946,203,3,9,2,0,3,2,0,0,2,GBR,0,1,0,,57.93,2,N
102020,72,11,47,18,2,2,2,0,0,2,BRA,0,1,0,,70.72,0,N
59376,235,10,44,27,1,3,2,1,0,3,CZE,0,1,0,,106.25,0,Y
118151,140,8,33,15,0,1,2,0,0,2,ITA,0,1,0,,71.1,0,N
99677,3,10,42,12,0,4,2,0,0,2,CHE,0,4,0,,175,3,N
81030,86,1,4,22,0,1,2,0,0,2,PRT,1,1,0,,85,0,Y
68086,150,5,19,12,1,2,2,0,0,2,ESP,0,1,0,,120,1,Y
90319,49,6,23,3,0,2,2,0,0,2,ESP,0,1,2,,80.75,0,N
88110,9,4,18,29,0,2,1,0,0,1,PRT,0,1,0,,100,0,N
65811,109,4,14,8,2,5,2,0,0,2,DEU,0,4,0,,169.07,0,Y
92243,177,6,27,30,0,3,2,0,0,2,NLD,0,1,0,,72.25,1,N
67329,157,5,18,1,1,3,2,0,0,2,PRT,0,1,0,,130,0,Y
84616,5,2,9,27,2,1,2,0,0,2,FRA,0,4,0,,108,1,N
81495,12,5,22,29,1,0,1,0,0,1,PRT,0,5,0,45,0,2,N
99654,377,10,42,14,0,2,2,0,0,2,DEU,0,1,0,,115,1,N
105562,21,2,6,7,0,5,2,1,1,4,ESP,0,4,2,,98.26,2,N
96484,2,8,36,31,0,3,2,0,0,2,GBR,0,1,1,,139,1,N
46673,13,1,3,15,0,2,2,0,0,2,PRT,0,1,0,,89,2,N
53675,35,6,27,27,1,2,3,0,0,3,CHN,0,4,0,,129.87,0,Y
45873,98,11,48,23,1,4,1,0,0,1,COL,0,1,1,,70,0,N
69172,168,5,21,26,1,2,2,0,0,2,PRT,0,1,0,43,140,0,Y
63391,78,2,6,10,2,3,2,0,0,2,HUN,0,4,0,,96.9,0,Y
98857,17,10,41,3,1,2,2,0,0,2,BEL,0,1,0,,85,0,N
67165,187,4,17,29,1,1,2,1,0,3,PRT,0,4,0,,140.3,1,Y
69884,37,6,23,8,0,2,2,2,0,4,OMN,0,6,0,,230,0,Y
52421,118,6,24,6,1,1,2,0,0,2,PRT,0,1,1,,120,0,Y
51435,198,5,21,20,0,1,2,0,0,2,PRT,0,1,1,,65,0,Y
77868,16,9,39,25,2,2,1,0,0,1,GBR,0,1,0,,170,0,N
50019,63,4,17,22,1,2,2,0,0,2,ITA,0,1,0,,105.3,1,Y
42199,63,9,36,2,0,3,2,0,0,2,BRA,0,1,0,,60,0,N
119091,518,8,34,26,2,1,2,0,0,2,GBR,0,1,0,,112.67,1,N
113756,212,6,23,9,0,2,2,0,0,2,GBR,0,1,0,,99,1,N
91949,33,6,27,27,1,0,2,0,0,2,FRA,0,1,0,,89.1,1,N
109978,58,4,15,15,2,3,3,0,0,3,FRA,0,4,0,,174.6,0,N
73488,149,8,34,24,0,2,2,2,0,4,GBR,0,6,0,,235,0,Y
68656,173,5,20,19,1,2,2,0,0,2,DEU,0,4,0,,139.5,2,Y
49813,95,4,17,20,0,2,2,0,0,2,PRT,0,1,0,,98,0,Y
41186,39,8,33,14,0,2,2,0,0,2,PRT,0,1,0,,101.5,0,Y
106777,42,2,9,27,1,3,2,0,0,2,PRT,0,1,0,,75,0,N
72007,163,7,29,17,1,3,2,0,0,2,GBR,0,4,0,,116.1,0,Y
113801,50,6,23,8,1,3,2,0,0,2,AUT,0,1,0,,140,2,N
88223,3,5,19,2,1,0,1,0,0,1,NLD,0,1,0,,104.72,1,N
62351,15,1,2,10,0,3,2,0,0,2,FRA,0,1,0,,79.5,0,Y
44757,174,10,41,10,1,1,2,0,0,2,PRT,0,1,0,,70,0,Y
99630,335,10,42,13,0,3,1,0,0,1,FRA,0,1,0,,80,0,N
117235,468,7,30,29,2,1,2,0,0,2,ZAF,0,1,0,,112.67,1,N
44226,164,10,40,2,0,2,1,0,0,1,PRT,0,1,0,,100,0,N
83221,14,1,4,23,1,1,2,0,0,2,KOR,0,1,0,,69.5,1,N
96220,5,8,36,29,1,0,2,0,0,2,GBR,0,1,0,,75,0,N
110855,20,4,17,28,2,2,2,0,0,2,FRA,0,1,1,,148.5,1,N
80650,67,11,47,20,0,2,2,0,0,2,ITA,0,4,0,,81.9,2,N
62068,187,1,1,1,1,0,2,0,0,2,RUS,0,4,0,,137.7,3,Y
91839,192,6,26,24,0,2,1,0,0,1,SRB,0,1,0,,95,0,N
58993,468,10,43,20,0,2,2,0,0,2,PRT,0,1,0,,62,0,Y
61519,28,12,51,15,1,3,3,0,0,3,FRA,0,4,0,,130.9,2,Y
71439,214,7,27,5,1,4,2,0,0,2,IRL,0,1,0,,89.1,2,Y
49908,270,4,17,20,0,4,2,0,0,2,PRT,0,1,0,,62.8,0,Y
101189,23,11,46,12,1,1,2,0,0,2,PRT,0,4,2,,0,1,N
69341,25,5,22,30,0,1,2,0,0,2,PRT,0,1,0,,90,0,Y
89458,189,5,21,19,0,3,2,0,0,2,FRA,0,1,0,,65,1,N
104229,11,1,1,7,0,1,2,2,0,4,PRT,0,6,0,,236,0,N
111502,70,5,18,6,2,4,2,0,0,2,FRA,0,1,0,,126,0,N
112055,395,5,20,17,0,3,1,0,0,1,PRT,0,1,0,,0,0,N
115946,153,7,28,10,1,2,2,0,0,2,IRL,0,1,0,,89.1,0,N
81728,109,2,9,21,2,1,2,0,0,2,PRT,1,1,0,,75,0,Y
95510,320,8,34,18,0,2,2,0,0,2,DEU,0,1,0,,115,1,N
95470,320,8,34,18,0,2,2,0,0,2,DEU,0,1,0,,115,1,N
49634,14,4,16,16,2,1,2,1,0,3,PRT,0,1,0,,127.67,0,Y
93909,149,7,30,23,2,4,2,0,0,2,FRA,0,1,0,,99.45,1,N
51679,158,5,22,24,0,2,1,0,0,1,PRT,0,1,0,,130,0,Y
83318,59,1,5,28,0,1,1,0,0,1,PRT,0,1,1,,80,0,N
62371,552,1,2,12,0,2,2,0,0,2,PRT,0,1,0,,62,0,Y
75132,276,7,30,20,1,1,2,0,0,2,PRT,1,1,0,,62,0,Y
58313,33,10,42,10,1,3,3,0,0,3,ITA,0,4,0,,186,1,Y
87770,168,4,17,21,2,3,2,0,0,2,USA,0,1,1,,81.2,1,N
99304,3,10,42,11,0,1,1,0,0,1,FRA,0,6,1,,240,0,N
115631,88,7,27,6,0,3,2,0,0,2,GBR,0,4,0,,150,1,N
99492,1,10,42,13,0,1,1,0,0,1,PRT,0,1,0,,90,0,N
100824,239,10,44,29,2,2,2,0,0,2,IRL,0,4,0,,101.58,3,N
66237,87,4,15,15,2,2,2,0,0,2,PRT,0,1,0,,95,0,Y
91517,85,6,26,21,0,2,2,0,0,2,NZL,0,1,0,,116.1,1,N
66401,133,4,16,19,0,4,2,0,0,2,PRT,0,1,0,,100,0,Y
105822,68,2,7,13,1,2,3,0,0,3,FRA,0,4,0,,138.6,2,N
103088,50,12,50,8,1,3,2,0,0,2,FRA,0,1,1,,68,0,N
79694,10,2,6,4,0,1,1,0,0,1,PRT,0,1,1,40,66,0,N
53360,23,6,25,18,2,1,2,1,0,3,NOR,0,1,0,,149,0,Y
88383,3,5,19,2,1,2,1,0,0,1,PRT,0,1,0,,92.7,0,N
86954,70,4,15,8,2,2,3,1,0,4,ITA,0,5,0,,173.35,0,N
92267,142,7,27,1,0,2,2,0,0,2,GBR,0,1,0,,85.5,1,N
50997,59,5,20,13,0,2,2,0,0,2,DEU,0,1,0,,126.9,0,Y
102138,65,11,47,19,2,2,2,0,0,2,FRA,0,1,0,,63.58,0,N
76264,147,7,30,21,0,2,2,0,0,2,PRT,1,1,0,,75,0,Y
73925,265,7,28,9,0,2,2,0,0,2,PRT,1,1,0,,62,0,Y
68561,105,5,20,19,0,2,1,0,0,1,PRT,0,1,0,,160,0,Y
108145,1,3,12,22,0,1,2,0,0,2,PRT,0,1,0,,109,1,N
51059,68,5,20,13,1,2,2,1,0,3,FRA,0,4,0,,140.4,0,Y
43385,74,9,38,18,0,2,2,0,0,2,PRT,0,1,0,,109,0,N
89998,102,6,24,5,1,0,2,0,0,2,ISR,0,1,0,,65,1,N
100915,58,10,45,31,1,3,2,0,0,2,BEL,0,1,0,,90.68,2,N
95956,48,8,35,22,1,3,2,1,0,3,ESP,0,1,0,,122.22,0,N
50694,259,5,19,5,0,3,2,0,0,2,PRT,0,1,0,,90,0,Y
114387,129,6,24,16,2,3,2,0,0,2,DEU,0,1,0,,99,0,N
116466,128,7,29,17,1,3,2,0,0,2,SWE,0,1,0,,126,0,N
83192,5,1,4,23,0,1,2,0,0,2,PRT,0,1,0,,98,0,N
92553,55,7,28,7,0,1,1,0,0,1,PRT,0,1,0,219,79,0,N
42577,18,9,37,7,1,3,1,0,0,1,ESP,0,1,0,,123.5,0,N
54053,164,7,28,6,2,4,2,0,0,2,ROU,0,1,0,,99.45,0,Y
80042,4,1,3,15,0,1,2,0,0,2,FRA,11,1,0,,77,1,N
108095,12,3,12,20,1,1,2,0,0,2,FRA,0,4,0,,110.7,0,N
103528,3,12,52,23,2,2,2,0,0,2,PRT,0,4,0,,93.63,2,N
110500,102,4,17,24,1,3,1,0,0,1,PRT,0,1,1,424,90,0,N
91079,256,6,25,15,0,2,2,0,0,2,DEU,0,1,0,,112,1,N
87659,0,4,17,23,0,1,2,0,0,2,PRT,0,1,1,,97.32,0,N
86725,29,4,15,5,0,3,1,0,0,1,PRT,0,1,0,40,67,0,N
41914,55,8,35,26,0,2,2,0,0,2,PRT,0,1,0,,62,0,Y
41571,8,8,34,18,0,5,2,0,0,2,ESP,0,1,0,,93,1,N
63526,74,2,7,13,1,2,2,0,0,2,GBR,0,1,0,,79.2,3,Y
77697,0,9,39,23,0,1,2,0,0,2,PRT,0,1,0,,152,2,N
116711,423,7,29,22,1,1,2,0,0,2,DEU,0,1,0,,122.4,1,N
113952,38,6,24,12,1,2,2,0,0,2,FRA,0,1,0,,99,0,N
90274,2,6,23,2,0,2,2,0,0,2,PRT,0,1,1,263,120,0,N
54604,379,7,30,21,0,2,2,0,0,2,PRT,0,1,0,,62,0,Y
105573,4,2,6,10,0,2,2,0,0,2,PRT,0,1,1,,108,0,N
111536,115,5,18,6,2,4,2,0,0,2,DEU,0,1,0,,89.1,0,N
93380,1,7,30,20,0,1,2,0,0,2,PRT,0,1,0,,111,0,N
108454,79,3,12,25,2,1,2,0,0,2,GBR,0,1,0,,72,1,N
76653,175,8,32,5,0,1,2,0,0,2,POL,0,1,0,,76.5,0,N
63745,32,2,8,20,1,1,1,0,0,1,PRT,0,1,0,,75,0,Y
58210,134,10,41,8,1,1,2,0,0,2,FRA,0,1,4,,118.8,0,Y
117070,329,7,30,27,0,2,2,0,0,2,GBR,0,1,0,,89.1,1,N
83916,4,2,7,12,1,2,2,0,0,2,NLD,0,4,0,,97,2,N
76295,264,7,28,8,0,2,2,0,0,2,PRT,0,1,0,,62,0,N
98609,328,9,40,30,0,2,2,0,0,2,FRA,0,1,0,,65,1,N
90423,191,6,23,3,1,2,2,0,0,2,PRT,0,1,0,,132,0,N
113028,60,5,22,29,1,2,2,0,0,2,POL,0,1,0,,89.1,1,N
102300,14,11,48,25,0,1,2,0,0,2,PRT,0,1,0,369,76,0,N
106911,44,3,9,1,0,4,2,0,0,2,ITA,0,4,0,,100.3,2,N
52373,275,6,23,4,1,1,2,0,0,2,PRT,0,1,0,,62.8,0,Y
86706,1,4,15,6,0,2,1,0,0,1,PRT,0,1,0,153,95,0,N
62038,18,12,53,30,2,2,3,0,0,3,ESP,0,4,0,,166.85,2,Y
92523,55,7,28,7,0,1,1,0,0,1,PRT,0,1,0,219,79,0,N
105018,68,1,4,26,0,2,2,0,0,2,BRA,0,4,0,,111.6,0,N
114652,126,6,25,23,0,2,2,0,0,2,DEU,0,1,0,,117,0,N
82496,7,12,53,29,0,3,1,0,0,1,AUT,0,1,0,,65,0,N
115093,145,6,26,30,0,2,3,0,0,3,BRA,0,5,0,,182.25,0,N
112430,47,5,21,22,1,1,2,0,0,2,FRA,0,1,0,,160,3,N
67823,88,5,19,8,1,1,1,0,0,1,PRT,0,1,0,,120,0,Y
105470,2,2,6,5,2,2,2,0,0,2,FRA,0,1,0,,116.75,1,N
50927,286,5,20,11,0,4,2,0,0,2,PRT,0,1,0,,101,0,Y
83142,0,1,4,20,0,1,1,0,0,1,CHN,0,1,0,,90,0,N
57371,30,9,39,24,2,2,2,2,0,4,POL,0,6,0,,195.53,0,Y
43552,72,9,38,19,2,4,2,0,1,3,ESP,0,1,0,,71.4,1,N
61760,294,12,53,26,1,0,2,0,0,2,ESP,0,1,0,,112.5,0,Y
106044,1,2,7,17,0,2,2,0,0,2,ESP,0,1,2,,163,0,N
111805,13,5,20,14,2,0,1,0,0,1,AUT,0,4,1,,142.5,1,N
74303,330,9,37,12,2,1,2,0,0,2,PRT,1,1,0,,62.8,0,Y
100900,82,10,45,30,2,2,2,0,0,2,BRA,0,1,1,,59.85,1,N
61253,77,12,50,6,0,2,2,0,0,2,ESP,0,1,1,,79.2,2,Y
53266,350,6,25,17,0,2,2,0,0,2,PRT,0,1,0,,140,0,Y
98167,26,9,39,24,1,1,2,0,0,2,BRA,0,5,0,,157.94,0,N
58944,198,10,43,18,0,3,1,0,0,1,FIN,0,1,0,,90.9,0,Y
70641,46,6,25,20,0,1,2,0,0,2,PRT,0,1,0,,90,0,Y
49142,93,4,15,6,0,3,2,0,0,2,FRA,0,1,0,,79.5,0,Y
97202,20,9,38,12,1,0,1,0,0,1,DEU,0,1,0,,89,2,N
99406,32,10,41,7,2,4,2,0,0,2,FRA,0,4,0,,185.67,0,N
55377,170,8,33,11,2,3,2,0,0,2,ITA,0,4,3,,112.2,1,Y
116328,476,7,28,15,2,1,2,0,0,2,GBR,0,1,0,,112.67,1,N
57024,302,9,38,16,1,2,2,0,0,2,PRT,0,1,0,,100,0,Y
108168,23,3,12,22,0,2,1,0,0,1,PRT,0,1,0,,62.4,0,N
68651,175,5,20,19,1,2,2,0,0,2,PRT,0,1,0,,110,0,Y
104415,53,1,2,8,2,3,2,0,0,2,FRA,0,1,2,,88.4,1,N
57242,440,9,39,22,0,2,2,0,0,2,PRT,0,1,0,,62,0,Y
79012,0,5,22,25,0,1,1,0,0,1,PRT,2,1,0,45,0,3,N
71128,368,6,26,28,0,3,2,0,0,2,PRT,0,1,0,,90,0,Y
100638,35,10,44,28,0,2,2,0,0,2,PRT,0,1,0,,104.13,0,N
77086,8,9,36,1,0,4,2,2,0,4,ITA,0,7,0,,159.75,2,N
112563,13,5,21,25,0,1,1,0,0,1,LBN,0,1,0,,170,0,N
115750,231,7,27,6,1,3,2,0,0,2,GBR,0,1,0,,65.18,1,N
104458,342,1,2,12,0,2,1,2,0,3,AUS,0,4,0,,108.58,1,N
44261,164,10,40,2,0,2,1,0,0,1,PRT,0,1,0,,100,0,N
97594,38,9,38,16,0,2,2,0,0,2,DEU,0,5,0,,137.52,0,N
118069,130,8,32,9,1,4,2,0,0,2,GBR,0,1,0,,80.1,0,N
115003,119,6,26,25,2,3,2,0,0,2,GBR,0,4,0,,126,0,N
110891,5,5,18,1,1,1,3,0,0,3,ECU,0,4,0,,220,2,N
69289,18,5,22,29,1,0,2,0,0,2,PRT,0,1,0,,89,1,Y
77292,256,9,38,14,1,2,1,0,0,1,SWE,0,1,1,,0,0,N
90436,75,6,23,4,1,1,2,0,0,2,IRL,0,1,0,,89.28,0,N
80780,180,4,16,13,0,1,2,0,0,2,PRT,1,1,0,,125,0,Y
111373,109,5,18,6,2,2,2,0,0,2,RUS,0,1,0,,117,1,N
101432,19,11,46,10,0,2,2,0,0,2,PRT,0,4,0,,165,1,N
93762,158,7,30,23,2,2,3,2,0,5,PRT,0,7,1,,294.35,0,N
69048,225,5,21,24,0,4,2,0,0,2,DEU,0,1,0,,107.1,0,Y
71511,315,7,27,7,0,1,0,2,0,2,USA,0,2,0,,91.85,2,Y
74185,356,10,41,8,0,2,2,0,0,2,PRT,1,1,0,,62,0,Y
45235,50,10,43,24,0,1,2,0,0,2,PRT,0,1,0,,146,0,Y
106332,19,2,8,23,0,1,2,0,0,2,GBR,0,1,0,,88,0,N
106224,270,2,8,21,0,2,1,0,0,1,IRL,0,1,0,,71.1,2,N
70219,139,6,24,12,1,1,2,0,0,2,PRT,0,1,0,,110,0,Y
43922,87,9,39,25,2,3,2,0,0,2,PRT,0,1,0,,170,0,Y
115481,8,7,27,4,0,2,2,0,0,2,FRA,0,1,1,,170,1,N
100213,386,10,44,23,2,0,2,0,0,2,DEU,0,1,0,,115,1,N
60802,106,11,48,21,1,3,2,0,0,2,FRA,0,1,0,,117.3,2,Y
41499,4,8,34,17,1,2,1,0,0,1,CHE,0,1,0,,67,0,N
68694,165,5,20,19,2,2,2,0,0,2,PRT,0,1,0,,225,0,Y
119282,158,8,35,31,0,2,2,0,0,2,NLD,0,4,2,,126,0,N
117752,142,8,31,5,2,2,2,0,0,2,FRA,0,1,0,,137.75,1,N
80157,226,6,25,15,0,4,2,0,0,2,PRT,1,1,0,,139,1,Y
83346,11,1,5,27,0,2,2,0,0,2,ESP,0,1,0,,102,1,N
64600,52,3,11,13,1,1,1,0,0,1,PRT,0,1,0,,80,0,Y
109943,11,4,15,14,2,3,2,0,0,2,BRA,0,1,0,,129,2,N
101149,44,11,45,4,1,2,2,0,0,2,FRA,0,4,0,,110.13,2,N
63154,56,2,5,1,0,3,2,0,0,2,PRT,0,1,0,,60,0,Y
65575,373,4,14,5,0,3,2,0,0,2,PRT,0,1,0,,90,0,Y
42648,7,9,37,8,2,5,2,0,0,2,FRA,0,1,0,,111.71,2,N
55021,126,8,32,3,0,1,2,0,0,2,ISR,0,1,0,,139.5,0,Y
98993,51,10,41,4,0,3,2,0,0,2,BRA,0,1,0,,118.8,1,N
91272,119,6,25,15,0,4,2,0,0,2,GBR,0,1,0,,128.85,0,N
84322,60,4,18,25,1,0,1,0,0,1,PRT,0,1,0,40,65,0,N
82251,97,3,13,20,2,5,1,0,0,1,PRT,1,1,0,,79.43,0,Y
117694,100,8,31,1,2,5,2,0,0,2,NOR,0,1,0,,125,0,N
65448,3,4,14,3,1,3,1,0,0,1,PRT,0,1,0,153,126,0,Y
58902,52,10,43,17,1,2,2,0,0,2,DEU,0,1,0,,108,0,Y
108127,63,3,12,20,1,2,2,0,0,2,FRA,0,1,0,,75,0,N
50820,35,5,20,9,1,2,2,0,0,2,DEU,0,1,0,,126.9,0,Y
51567,39,5,21,21,2,1,2,0,0,2,NLD,0,1,0,,126.9,0,Y
90853,137,6,24,10,1,2,2,0,1,3,PRT,0,1,0,,103.68,3,N
61252,88,12,50,6,0,1,2,0,0,2,GBR,0,1,0,,88,0,Y
78956,1,1,5,26,0,1,1,0,0,1,PRT,0,1,0,40,66,0,N
77757,1,9,39,22,0,4,1,0,0,1,GBR,0,1,0,,170,0,N
60922,25,11,48,25,2,2,2,0,0,2,ESP,0,4,0,,96.9,0,Y
93103,162,7,29,14,0,3,2,0,0,2,FRA,0,1,0,,112,0,N
78071,282,10,41,10,2,1,2,0,0,2,PRT,1,1,0,,96,0,Y
77108,219,9,36,4,1,2,1,0,0,1,SWE,0,1,0,,76.67,0,N
90159,141,5,23,29,2,3,2,0,0,2,NLD,0,4,0,,108.29,2,N
45187,70,10,43,22,0,1,2,0,0,2,FRA,0,1,0,,85,0,N
103294,87,12,51,16,0,2,3,0,0,3,FRA,0,4,0,,126,2,N
110404,204,4,17,23,2,2,2,0,0,2,CHE,0,2,1,,114.5,4,N
104799,2,1,3,21,1,1,2,0,0,2,POL,0,1,0,,75,0,N
101974,5,11,48,20,1,0,1,1,0,2,PRT,0,1,0,45,47.5,1,N
108534,158,3,13,27,1,1,2,0,0,2,ISR,0,1,0,,95,1,N
52077,56,5,23,30,1,0,1,0,0,1,PRT,0,1,0,,120,0,Y
57178,123,9,39,20,1,5,2,0,0,2,GBR,0,4,0,,143.1,1,Y
54267,49,7,29,11,1,0,2,0,0,2,CHN,0,1,0,,93.15,0,Y
83069,50,1,3,14,0,3,1,0,0,1,FRA,0,1,1,,1,2,N
77709,0,9,39,23,0,2,1,0,0,1,PRT,0,1,0,,158,2,N
96026,158,8,35,25,0,3,2,0,0,2,FRA,0,1,0,,94.5,0,N
91402,30,6,26,20,1,0,2,2,0,4,PRT,0,6,0,,162.35,1,N
51580,59,5,21,21,2,3,2,0,0,2,BRA,0,1,0,,116.1,1,Y
45818,98,11,48,23,1,2,1,0,0,1,PRT,0,1,0,,84,0,Y
79743,40,10,44,31,2,1,2,0,0,2,FRA,0,4,0,,65,0,N
65762,105,4,14,7,2,5,2,0,0,2,DNK,0,1,0,,118.29,1,Y
82483,38,12,53,27,2,3,2,0,0,2,FRA,0,1,0,,119,1,N
46158,6,12,51,18,1,2,2,0,0,2,FRA,0,1,0,,87,0,Y
117471,229,8,31,2,0,2,1,0,0,1,CHE,0,1,0,,123.3,1,N
113643,41,6,23,8,0,2,2,0,0,2,BEL,0,1,1,,140,1,N
51849,316,5,22,26,0,3,2,0,0,2,AUT,0,1,0,,110,0,N
53971,70,7,28,3,2,4,3,0,0,3,CN,0,4,0,,150.3,0,Y
73364,212,8,33,19,2,1,2,2,0,4,ITA,0,6,2,,216.33,0,Y
71191,135,6,26,29,0,2,2,0,0,2,SAU,0,4,0,,126,0,Y
62146,15,1,1,2,1,4,2,0,0,2,PRT,0,4,0,,97.92,0,Y
99537,0,10,42,13,0,1,1,0,0,1,KOR,0,1,0,,120,1,N
61045,88,12,49,1,0,2,2,0,0,2,FRA,0,1,0,,93.6,0,Y
92147,2,6,27,29,0,2,2,0,0,2,ISR,0,4,0,,104.79,0,N
90806,113,6,24,9,0,3,2,0,0,2,FRA,0,1,0,,116.1,1,N
105139,19,1,5,30,1,0,1,0,0,1,ITA,0,1,1,,60.06,1,N
76485,414,12,49,5,2,1,2,0,0,2,PRT,1,1,0,,62,0,Y
96232,186,8,35,26,2,2,2,1,0,3,GBR,0,2,2,,167.66,0,N
50534,21,5,19,3,0,3,1,0,0,1,FRA,0,4,0,,156,0,Y
84082,12,2,8,14,2,3,2,0,0,2,FRA,0,1,0,,129,1,N
87017,170,4,15,8,2,3,2,0,0,2,DEU,0,1,0,,78,0,N
109055,61,4,14,2,2,2,2,0,0,2,BEL,0,1,0,,96.25,3,N
78182,17,10,40,2,1,2,2,0,0,2,CHE,0,1,0,,113.33,1,N
104068,18,1,1,1,2,2,2,0,0,2,BEL,0,1,0,,111.78,1,N
62853,56,1,4,23,1,1,2,0,0,2,FRA,0,1,0,,79.2,0,Y
89349,69,5,21,17,0,3,2,0,0,2,FRA,0,1,0,,126.9,2,N
110211,19,4,16,19,1,4,2,0,0,2,FRA,0,4,1,,176,0,N
111657,66,5,19,11,0,3,2,0,0,2,ISL,0,7,0,,295,0,N
66406,133,4,16,19,0,4,1,0,0,1,PRT,0,1,1,,90,0,Y
99130,349,10,41,4,1,5,2,0,0,2,DEU,0,1,0,,123.33,0,N
76426,358,10,41,10,1,1,2,0,0,2,PRT,1,1,0,,62,0,Y
78778,102,1,4,22,1,2,2,0,0,2,PRT,1,4,0,,99,2,Y
55511,38,8,34,15,1,0,2,0,0,2,ITA,0,1,0,,135.9,0,Y
63438,67,2,7,12,2,0,2,0,0,2,PRT,0,1,0,,80,0,Y
83997,4,2,8,15,1,1,1,0,0,1,PRT,0,1,0,46,0,1,N
65058,146,3,12,23,0,3,2,0,0,2,DEU,0,1,0,,93.6,1,Y
41241,39,8,33,14,0,2,2,0,0,2,DEU,0,1,0,,109,0,N
46553,24,1,2,6,0,2,2,0,0,2,BRA,0,1,0,,89,0,N
104144,31,1,1,2,1,3,2,0,0,2,ITA,0,1,0,,74.8,1,N
71641,226,7,28,9,2,1,2,0,0,2,PRT,0,1,0,,110,0,Y
97018,34,9,37,9,0,2,2,0,0,2,CHN,0,1,0,,135.9,1,N
64445,63,3,10,9,1,3,2,0,0,2,DEU,0,5,0,,117.3,2,Y
45284,69,10,44,25,2,1,2,0,0,2,PRT,0,1,0,,85.67,0,N
57268,198,9,39,22,0,3,3,0,0,3,FRA,0,4,0,,159.3,3,Y
115689,175,7,27,5,1,4,2,0,0,2,GBR,0,1,0,,107.1,0,N
103783,17,12,53,31,0,1,2,0,0,2,DEU,0,1,0,132,80,0,N
65893,76,4,15,9,2,3,2,0,0,2,NOR,0,1,0,,100.8,0,Y
102410,256,11,49,27,1,0,2,0,0,2,CN,0,1,0,,67.5,2,N
62142,335,1,1,2,1,4,2,0,0,2,ESP,0,1,1,,109.65,0,Y
77115,219,9,36,4,1,2,1,0,0,1,SWE,0,1,0,,76.67,0,N
62355,50,1,2,10,4,11,2,0,0,2,AGO,0,4,0,,96.9,0,Y
42246,21,9,36,3,2,3,2,0,0,2,PRT,0,1,0,,105,0,N
87758,150,4,17,22,1,2,2,0,0,2,GBR,0,5,0,,135,0,N
68801,113,5,20,20,2,1,1,0,0,1,PRT,0,1,0,,190,0,Y
83177,9,1,4,18,1,4,1,0,0,1,BRA,0,1,0,,54.9,0,N
114237,173,6,24,17,1,1,2,2,0,4,FRA,0,6,2,,216,0,N
41197,39,8,33,14,0,2,2,0,0,2,PRT,0,1,0,,101.5,0,Y
67899,5,5,19,9,0,1,2,0,0,2,PRT,0,1,0,,90,0,Y
89089,129,5,20,13,2,2,2,0,0,2,DEU,0,1,0,,80.75,0,N
114239,141,6,24,16,1,2,2,0,0,2,DEU,0,1,0,,89.1,0,N
44245,164,10,40,2,0,2,1,0,0,1,PRT,0,1,0,,100,0,N
61914,289,12,53,28,2,4,2,0,0,2,FRA,0,1,0,,70.55,2,Y
50423,54,4,18,30,1,1,1,0,0,1,GBR,0,1,5,,121.5,0,Y
89824,27,5,22,22,2,2,2,0,0,2,IRN,0,1,0,,90.84,2,N
83857,35,2,7,12,0,2,2,0,0,2,POL,0,1,0,,80.3,1,N
69668,348,6,22,3,2,1,2,0,0,2,PRT,0,1,0,,90,0,Y
73468,57,8,34,23,0,2,2,0,0,2,CHN,0,1,0,,149,1,Y
89551,86,5,21,20,1,2,2,0,0,2,PRT,0,1,0,,65,1,N
92803,7,7,29,11,1,0,2,1,0,3,BEL,0,1,0,,169,2,N
46358,160,12,53,30,0,3,2,0,0,2,ITA,0,1,0,,70.67,0,N
106212,12,2,8,21,0,2,1,0,0,1,PRT,0,1,1,,80,1,N
54413,18,7,29,15,0,2,2,0,0,2,ESP,0,1,0,,139,1,Y
60700,50,11,47,18,1,2,1,0,0,1,LUX,0,1,0,,86.4,2,Y
88246,10,4,18,29,2,2,3,0,0,3,ESP,0,4,0,,172,2,N
69403,186,5,22,30,0,2,2,0,0,2,PRT,0,1,0,,130,0,Y
118213,278,8,33,13,2,2,2,0,0,2,GBR,0,1,0,,89.1,1,N
82045,22,12,51,18,0,1,1,0,0,1,PRT,0,1,0,40,65,0,N
71359,151,7,27,3,1,3,2,1,1,4,PRT,0,1,0,,104,0,Y
61340,203,12,50,8,0,3,2,0,0,2,ITA,0,1,0,,112.5,0,Y
95233,118,8,34,14,2,1,2,1,0,3,ESP,0,1,0,,139.5,1,N
83646,23,2,7,7,2,1,2,0,0,2,BRA,0,1,0,,66,0,N
114769,130,6,25,24,2,1,2,0,0,2,USA,0,4,0,,130.5,4,N
110950,93,5,18,1,1,2,2,0,0,2,GBR,0,1,0,,126,2,N
97274,7,9,38,12,1,2,1,0,0,1,ESP,0,5,0,,65,1,N
91425,92,6,25,14,2,5,2,0,0,2,IRL,0,1,0,,120.58,0,N
95997,171,8,35,26,0,1,3,0,0,3,DEU,0,4,0,,128.7,2,N
64060,69,2,9,27,1,3,2,0,0,2,BRA,0,4,0,,99.45,2,Y
71588,157,7,27,8,1,1,2,0,0,2,PRT,0,1,0,,86.63,0,Y
45763,98,11,48,23,1,2,1,0,0,1,EGY,0,1,0,,70,0,N
44082,92,9,40,30,0,1,2,0,0,2,PRT,0,1,0,,170,0,Y
112104,0,5,20,19,0,1,1,0,0,1,PRT,0,1,1,,110,0,N
111905,92,5,20,14,2,1,2,0,0,2,CN,0,1,0,,120,2,N
112268,18,5,21,21,1,0,1,0,0,1,BEL,0,1,0,,120,1,N
63997,22,2,8,25,4,11,2,0,0,2,AGO,0,6,0,,193,0,Y
95389,145,8,34,17,0,2,3,0,0,3,ITA,0,4,0,,151.2,0,N
77315,4,9,38,15,0,2,1,0,0,1,PRT,0,1,0,,115,0,N
100746,160,10,45,30,2,0,2,0,0,2,PRT,0,4,0,,113.4,2,N
61445,16,12,50,10,4,7,2,0,0,2,CHN,0,1,0,,67.81,0,Y
107086,137,3,10,6,1,1,2,0,0,2,ISR,0,1,0,,80,1,N
84445,10,2,9,22,1,3,1,0,0,1,PRT,0,1,0,,87,0,N
80905,3,11,48,27,0,1,2,0,0,2,PRT,0,1,1,,87,1,Y
59320,475,10,44,27,0,1,1,0,0,1,PRT,0,1,0,,59,0,Y
104676,22,1,3,16,1,3,2,0,0,2,FRA,0,4,0,,99.24,0,N
67240,284,4,17,29,2,4,2,1,0,3,MNE,0,1,0,,168.75,2,Y
48924,66,4,14,2,2,1,1,0,0,1,ITA,0,1,0,,89.1,0,Y
84624,21,2,10,29,1,0,1,0,0,1,ESP,0,5,1,,142,0,N
115853,65,7,28,10,1,1,2,2,0,4,FRA,0,5,0,,185,0,N
47242,46,2,7,13,0,1,2,0,0,2,PRT,0,1,0,,48.6,0,Y
96920,58,9,37,8,0,2,2,0,0,2,GBR,0,4,0,,149.4,1,N
77063,1,9,36,3,0,2,1,0,0,1,AGO,0,1,0,,123.5,0,N
114015,101,6,24,14,0,2,2,0,0,2,PRT,0,1,0,,100.8,1,N
81283,24,12,49,4,2,2,2,0,0,2,PRT,0,1,0,,123.5,1,N
107079,42,3,9,2,2,4,2,0,0,2,CHE,0,4,0,,100.3,0,N
77414,19,10,41,6,0,3,1,0,0,1,TUR,0,1,0,,80,0,N
69419,236,5,22,30,0,3,2,0,0,2,FRA,0,1,0,,125.1,1,Y
89731,2,5,22,25,0,1,2,0,0,2,PRT,0,1,1,,139,0,N
68422,69,5,20,17,0,2,2,0,0,2,IND,0,1,0,,144,0,Y
44989,102,10,42,16,0,2,1,0,0,1,PRT,0,1,0,,80,0,Y
104685,2,1,3,18,0,2,1,0,0,1,AUT,0,1,0,,65,0,N
100343,34,10,44,25,0,2,1,0,0,1,GBR,0,1,0,,109,1,N
109024,70,4,14,2,2,1,2,0,0,2,GBR,0,1,0,,99,0,N
93767,40,7,31,26,0,1,2,0,0,2,PRT,0,1,0,,125,1,N
82437,20,12,53,27,2,1,2,0,0,2,FRA,0,1,2,,58,0,N
96115,204,8,35,26,1,2,2,0,0,2,ROU,0,1,0,,73.65,0,N
95065,31,8,33,12,0,2,2,1,0,3,PRT,0,4,2,,160.5,2,N
99473,1,10,42,13,0,1,1,0,0,1,GBR,0,1,1,,90,0,N
109628,138,4,15,9,2,3,3,0,0,3,DNK,0,4,0,,168.3,3,N
73013,504,8,32,12,2,1,1,0,0,1,PRT,0,1,0,,80,0,Y
104075,76,1,1,1,2,2,2,0,0,2,PRT,0,4,0,,75.86,1,N
41332,39,8,33,14,0,2,2,0,0,2,PRT,0,1,0,,101.5,0,Y
108249,33,3,12,19,2,4,2,0,0,2,FRA,0,4,0,,101.72,0,N
62616,107,1,3,18,0,1,3,0,0,3,FRA,0,4,0,,126,1,Y
90071,1,6,23,1,0,1,2,0,0,2,PRT,0,1,0,,119,0,N
75576,257,7,27,1,0,2,2,0,0,2,PRT,0,1,0,,101.5,0,N
116840,60,7,30,24,1,1,2,0,0,2,CHN,0,1,0,,80.1,1,N
75014,268,7,29,12,2,1,2,0,0,2,PRT,1,1,0,,82,0,Y
76930,342,9,39,24,2,4,2,0,0,2,PRT,1,1,0,,170,0,Y
55462,136,8,33,13,2,1,3,0,0,3,PRT,0,4,0,,163.2,2,Y
88519,116,5,19,4,0,4,2,0,0,2,FRA,0,1,0,,76,1,N
47862,90,3,11,6,2,3,1,0,0,1,ITA,0,1,1,,74.95,0,N
46370,11,12,53,30,0,4,2,1,0,3,PRT,0,4,0,,113.2,0,N
109437,44,4,14,7,2,3,2,0,0,2,DEU,0,1,0,,110.4,1,N
48058,42,3,12,14,1,4,2,0,0,2,DEU,0,4,1,,129.95,0,Y
104860,10,1,4,23,1,0,1,0,0,1,ESP,0,1,0,,98,2,N
42834,87,9,37,11,0,2,2,0,0,2,FRA,0,1,0,,100,0,Y
109268,75,4,14,5,0,4,1,0,0,1,NLD,0,1,0,,85,0,N
64893,71,3,12,19,2,3,2,0,0,2,SWE,0,4,0,,100.3,0,Y
56429,107,9,37,5,1,3,2,0,0,2,VEN,0,1,0,,118.8,1,Y
99981,28,10,43,18,0,3,2,0,0,2,FRA,0,1,0,,91.63,1,N
57609,447,9,40,29,0,2,2,0,0,2,PRT,0,1,0,,62,0,Y
50465,118,5,19,1,2,3,2,0,0,2,FRA,0,4,0,,107.95,0,N
60025,305,11,45,4,1,2,2,0,0,2,PRT,0,1,0,,89,0,Y
93498,292,7,30,21,0,2,2,0,0,2,DEU,0,1,0,,115,0,N
77866,17,9,39,26,2,1,1,0,0,1,FRA,0,1,2,,170,2,N
62820,59,1,4,23,1,1,2,0,0,2,PRT,0,1,0,,80,0,Y
93690,65,7,30,23,1,1,3,0,0,3,PRT,0,4,0,,137.7,2,N
103825,19,12,53,28,0,4,2,0,0,2,FRA,0,4,0,,131.35,1,N
88567,49,5,19,6,0,2,2,0,0,2,ESP,0,4,0,,139.5,0,N
114012,147,6,24,12,1,3,2,0,0,2,GBR,0,1,0,,89.1,0,N
74733,329,9,37,11,2,3,2,0,0,2,PRT,1,1,0,,90,0,Y
106842,94,3,9,1,0,3,2,2,0,4,BRA,0,6,0,,163.2,1,N
90016,38,5,22,27,2,2,3,0,0,3,CN,0,7,0,,196.46,2,N
56213,208,9,36,1,0,1,2,0,0,2,FRA,0,1,0,,96.3,1,Y
108290,116,3,12,24,0,2,2,0,0,2,FRA,0,1,0,,100,1,N
46418,28,12,53,31,0,3,2,0,0,2,FRA,0,4,0,,130.33,0,Y
49119,105,4,15,6,0,1,2,0,0,2,PRT,0,1,0,,75,0,Y
92863,176,7,28,5,2,6,2,0,0,2,NLD,0,1,0,,80.75,1,N
81911,181,5,19,5,2,4,2,0,0,2,PRT,1,1,0,,90,0,Y
43956,88,9,39,26,2,2,2,0,0,2,PRT,0,1,0,,170,0,Y
57606,29,9,40,29,0,1,2,0,0,2,FRA,0,1,0,,139,1,Y
48410,251,3,13,22,0,3,1,0,0,1,PRT,0,1,0,,90,0,Y
89823,33,5,22,24,0,2,2,1,0,3,FRA,0,1,0,,125.1,2,N
46116,110,12,50,9,0,4,2,0,0,2,FRA,0,1,0,,70,1,N
57081,21,9,39,18,2,1,2,0,0,2,MYS,0,1,0,,129,1,Y
61872,41,12,53,27,2,5,2,0,0,2,PRT,0,1,0,,69.29,0,Y
48009,36,3,11,12,1,1,3,0,0,3,ITA,0,4,0,,114.3,1,Y
54428,118,7,29,15,2,3,2,0,0,2,GBR,0,1,0,,99.45,0,Y
100120,1,10,43,22,0,1,2,0,0,2,PRT,0,1,0,,129,1,N
90199,71,5,23,30,1,3,2,0,0,2,DEU,0,1,0,,119.85,1,N
82412,0,6,24,8,0,1,1,0,0,1,PRT,0,1,0,148,92.5,0,Y
106838,0,3,9,3,0,1,1,0,0,1,SWE,0,1,0,,98,0,N
91110,28,6,25,14,0,3,1,0,0,1,NLD,0,4,0,,108.42,0,N
73935,272,7,29,16,0,2,2,0,0,2,PRT,1,1,0,,62,0,Y
58596,37,10,42,13,0,3,2,0,0,2,PRT,0,1,0,,105,0,Y
41506,3,8,34,17,1,2,2,0,0,2,PRT,0,1,0,38,120,0,Y
45358,35,10,44,26,1,1,2,0,0,2,PRT,0,1,0,,76.5,1,N
88520,7,5,19,5,0,3,1,0,0,1,DEU,0,1,0,,112,0,N
119177,5,8,35,29,0,2,1,0,0,1,PRT,0,1,4,,104,0,N
50089,120,4,17,23,1,1,2,0,0,2,CHE,0,1,0,,95.2,0,N
51081,273,5,20,13,1,2,2,0,0,2,PRT,0,1,0,,95,0,Y
54043,245,7,28,6,2,4,1,0,0,1,PRT,0,1,0,,110,0,Y
60960,17,11,49,27,2,3,2,1,0,3,PRT,0,1,0,,83.2,0,Y
112138,175,5,20,17,0,3,3,0,0,3,NLD,0,6,0,,168.89,0,N
69547,41,6,22,1,1,3,2,0,0,2,SWE,0,1,0,,140,0,Y
54909,301,7,31,30,1,1,2,0,0,2,PRT,0,1,0,,109,0,Y
75546,168,8,34,18,0,1,2,0,0,2,PRT,1,1,0,,76.5,0,Y
117173,102,7,30,28,1,2,2,0,0,2,GBR,0,4,0,,155,2,N
114290,114,6,24,17,2,1,3,0,0,3,NOR,0,4,0,,162,0,N
66211,87,4,15,15,2,2,2,0,0,2,PRT,0,1,0,,95,0,Y
41575,4,8,34,18,2,10,2,0,0,2,AGO,0,1,0,,99.33,0,N
109883,49,4,16,16,2,0,2,0,0,2,PRY,0,1,0,,108,0,N
54823,391,7,31,27,0,2,2,0,0,2,PRT,0,1,0,,65,0,Y
50929,30,5,20,11,0,4,2,0,0,2,ESP,0,4,0,,149.4,0,Y
67637,165,5,18,5,1,2,2,0,0,2,PRT,0,1,0,,89.1,0,Y
57397,89,9,40,25,2,1,3,0,0,3,PRT,0,1,0,,127.33,0,Y
42671,8,9,37,9,0,1,2,0,0,2,PRT,0,1,0,,105,2,N
42438,3,9,36,5,2,2,2,0,0,2,PRT,0,1,0,,62,0,N
42832,168,9,37,11,0,2,2,0,0,2,PRT,0,1,0,,60,0,N
119190,113,8,35,27,2,3,2,0,0,2,GBR,0,5,1,,185,2,N
44674,66,10,41,9,1,2,2,0,0,2,PRT,0,1,0,,75,0,Y
87233,77,4,16,14,0,3,3,0,0,3,ITA,0,4,0,,128.7,2,N
71925,175,7,28,15,2,1,2,0,0,2,CN,0,1,0,,107.1,1,Y
68835,123,5,21,21,2,1,2,0,0,2,IRL,0,1,0,,108,0,Y
113158,77,5,22,31,0,3,2,0,0,2,CHE,0,4,0,,159,2,N
106407,0,2,8,25,0,0,2,0,0,2,PRT,0,1,1,,0,0,N
64808,187,3,11,16,1,3,2,0,0,2,DEU,0,1,0,,104,0,Y
80963,1,11,48,28,1,1,2,0,0,2,NLD,0,4,1,,121,0,N
90464,220,6,23,4,2,1,1,0,0,1,USA,0,1,0,,0,0,N
110659,21,4,17,29,0,1,2,0,0,2,USA,0,1,0,,115,2,N
68699,165,5,20,19,2,2,2,0,0,2,PRT,0,1,0,,225,0,Y
82946,58,1,5,27,0,2,1,0,0,1,PRT,1,1,0,,80,0,Y
71388,214,7,27,4,0,3,2,1,0,3,BRA,0,1,0,,125.1,0,Y
109054,4,4,14,5,0,1,1,0,0,1,GBR,0,1,0,,150,1,N
84863,1,3,10,4,0,1,2,0,0,2,PRT,0,4,0,,70,2,N
107860,24,3,11,15,0,4,3,0,0,3,CHE,0,5,0,,134.3,0,N
95647,120,8,34,16,1,5,0,3,0,3,FRA,0,4,3,,53.4,3,N
64632,97,3,11,14,0,2,2,0,0,2,PRT,0,1,0,,85,0,Y
86540,77,3,14,30,2,4,2,2,0,4,LUX,0,6,1,,203.4,0,N
63627,587,2,7,16,0,2,2,0,0,2,PRT,0,1,0,,62,0,Y
112864,204,5,21,26,1,2,2,0,0,2,GBR,0,1,0,,107.1,3,N
112739,7,5,21,26,0,2,1,0,0,1,DEU,0,4,0,,165,0,N
62801,59,1,4,23,1,1,2,0,0,2,PRT,0,1,0,,80,0,Y
74290,309,8,34,22,2,1,2,0,0,2,PRT,1,1,0,,62.8,0,Y
101191,2,5,18,3,0,1,1,0,0,1,PRT,0,1,1,,94,0,N
55947,161,8,35,25,0,2,2,0,0,2,CHE,0,4,0,,109.8,1,Y
118788,181,8,34,21,1,3,2,0,0,2,ROU,0,1,0,,108,1,N
62018,207,12,53,30,1,2,2,0,0,2,FRA,0,1,0,,161.67,0,Y
66135,125,4,15,14,2,2,2,0,0,2,ITA,0,1,0,,103.5,0,Y
54652,101,7,30,22,0,2,2,0,0,2,ITA,0,4,0,,123.3,0,Y
99556,2,10,42,13,0,1,1,0,0,1,CPV,0,1,0,,109.65,0,N
107891,61,3,11,18,1,1,2,0,0,2,PRT,0,1,0,,57.93,1,N
101601,73,11,46,12,2,1,2,0,0,2,NLD,0,1,0,,93.6,1,N
47556,18,2,9,26,4,9,1,0,0,1,BRA,0,4,0,,129.1,0,Y
72814,78,8,32,7,1,2,2,0,0,2,FRA,0,1,2,,136.67,0,Y
81046,86,1,4,22,0,1,1,0,0,1,PRT,1,1,0,,75,0,Y
60878,308,11,48,25,0,2,2,0,0,2,PRT,0,1,0,,52,0,Y
109986,57,4,16,16,2,2,2,0,1,3,CHE,0,1,1,,108,2,N
116052,414,7,28,13,0,2,1,0,0,1,DEU,0,1,1,,95.5,0,N
103580,0,12,53,27,0,1,2,0,0,2,ITA,0,1,0,,106.25,1,N
85655,36,3,12,16,0,3,3,0,0,3,TWN,0,4,0,,120,2,N
65984,153,4,15,12,0,3,2,1,0,3,ISR,0,1,0,,141,1,Y
78139,12,10,41,4,1,0,1,0,0,1,FRA,0,1,1,,72,0,N
118162,167,8,33,14,1,1,3,0,0,3,GBR,0,4,1,,184.5,1,N
117834,169,8,32,8,0,3,3,0,0,3,GBR,0,4,2,,175.5,1,N
94293,3,11,48,24,0,1,1,0,0,1,PRT,1,1,0,40,67,1,N
113674,16,6,23,8,0,3,2,0,0,2,ITA,0,1,1,,156.67,1,N
97915,159,9,39,19,1,2,2,0,0,2,BRA,0,1,0,,144,0,N
112341,75,5,20,20,2,1,2,0,0,2,GBR,0,1,0,,112.67,2,N
85360,62,3,11,11,1,2,2,0,0,2,GBR,0,,0,,60.29,1,N
75959,301,8,33,14,0,2,2,0,0,2,PRT,1,,0,,101.5,0,Y
82347,94,3,10,4,0,2,2,0,0,2,PRT,1,,0,,80,0,Y
64990,56,3,12,21,0,3,2,0,0,2,PRT,0,,0,,85,0,Y
59561,23,10,44,29,2,1,2,0,0,2,ESP,0,,0,,140,0,Y
45263,69,10,44,25,2,1,2,0,0,2,PRT,0,,0,,85.67,0,N
119098,289,8,34,26,2,1,2,0,0,2,DEU,0,,0,,107.1,2,N
69640,39,6,22,3,1,1,1,2,0,3,CHN,0,,0,,225,0,Y
113248,1,6,22,3,0,1,2,2,0,4,PRT,0,,0,,0,0,N
82110,4,2,8,16,0,3,1,0,0,1,PRT,0,,0,40,65,1,N
108859,0,4,13,1,1,1,2,0,1,3,PRT,0,,1,,115,0,N
51649,141,5,22,23,1,4,2,0,0,2,TUN,0,,0,,116.11,0,Y
79088,5,10,43,19,1,2,2,0,0,2,POL,0,1,0,,90,0,N
43031,68,9,37,12,2,5,2,0,0,2,BEL,0,1,0,,96.17,2,N
83538,8,2,6,6,0,1,1,0,0,1,PRT,0,7,2,183,101,0,N
44093,30,9,40,30,0,2,2,0,0,2,PRT,0,1,0,,121,0,Y
46456,150,1,1,2,2,1,2,0,0,2,PRT,0,1,0,,101,0,Y
44981,102,10,42,16,0,2,2,0,0,2,PRT,0,1,0,,109,0,N
65897,76,4,15,9,2,3,2,0,0,2,NOR,0,1,0,,100.8,0,Y
117305,154,7,31,30,2,1,2,0,0,2,DEU,0,1,0,,104.4,0,N
61646,36,12,52,21,1,4,2,0,0,2,ESP,0,1,0,,88.4,2,Y
87772,169,4,17,22,2,2,2,0,0,2,CN,0,1,0,,77,1,N
56390,41,9,37,4,2,3,2,2,0,4,DEU,0,2,3,,208.93,0,Y
46563,6,1,2,7,0,3,2,0,0,2,ESP,0,1,0,,89,0,N
79805,5,11,46,8,2,0,1,0,0,1,PRT,1,1,0,,84,1,Y
47623,116,2,10,28,2,1,1,0,0,1,PRT,0,1,0,,60,0,Y
98862,38,10,41,3,1,2,1,0,0,1,NLD,0,1,0,,117,1,N
87225,1,4,16,14,0,2,1,0,0,1,AUT,0,1,0,153,95,0,N
75200,292,8,32,5,0,2,1,0,0,1,PRT,1,1,0,,60,0,Y
93735,136,7,30,23,2,1,2,0,0,2,BEL,0,2,0,,75,0,N
52935,71,6,25,14,0,3,1,0,0,1,PRT,0,1,0,,120,0,Y
47801,71,3,10,4,0,2,2,0,0,2,RUS,0,1,0,,78.3,1,Y
50145,146,4,18,24,2,0,2,0,0,2,PRT,0,1,0,,95,0,Y
61506,524,12,51,15,0,2,2,0,0,2,PRT,0,1,0,,62.8,0,Y
114904,31,6,26,27,0,1,1,0,0,1,JPN,0,1,0,,99,2,N
117774,82,8,31,3,2,4,2,0,0,2,IRL,0,1,0,,112.5,3,N
47979,74,3,11,11,1,2,2,0,0,2,NLD,0,1,0,,78.3,1,N
106075,17,2,7,17,1,2,2,0,0,2,FRA,0,4,0,,110.33,0,N
42430,4,9,36,5,2,2,2,0,0,2,ESP,0,1,1,,62,0,N
112992,113,5,22,30,0,2,2,0,0,2,BEL,0,1,0,,103.95,1,N
68704,36,5,20,19,2,3,1,0,0,1,PRT,0,4,0,,155.8,0,Y
41246,39,8,33,14,0,2,2,0,0,2,PRT,0,1,0,,101.5,0,Y
42989,26,9,37,12,2,1,2,0,0,2,FRA,0,1,0,,124,3,N
57316,110,9,39,23,0,2,3,0,0,3,ESP,0,4,0,,168.3,0,Y
48917,43,4,14,2,1,1,1,0,0,1,GBR,0,1,0,,107.1,0,Y
65141,278,3,12,25,2,1,2,0,0,2,PRT,0,1,0,,90,0,Y
60832,30,11,48,23,0,4,0,2,0,2,MAR,0,2,0,,77.86,1,Y
104444,28,1,2,12,0,2,2,0,0,2,FRA,0,1,0,,106,2,N
110337,69,4,16,21,2,3,2,0,0,2,FRA,0,1,0,,108,0,N
76598,224,9,37,11,1,2,2,0,0,2,PRT,1,1,0,,90,0,Y
118215,87,8,33,13,2,2,3,0,0,3,BRA,0,4,0,,200,2,N
90316,8,6,23,4,0,1,2,0,0,2,GBR,0,1,0,,129.2,3,N
45075,102,10,42,16,0,2,2,0,0,2,DEU,0,1,0,,109,0,N
89411,198,5,21,20,0,1,2,0,0,2,PRT,0,1,0,,65,0,N
74751,159,7,30,25,1,1,2,0,0,2,PRT,1,1,0,,76.5,1,Y
72016,171,7,29,17,1,4,2,0,0,2,BEL,0,1,0,,107.1,2,Y
103115,5,12,50,10,1,1,2,0,0,2,AUT,0,1,0,,107.5,1,N
110669,15,4,17,28,0,2,2,0,0,2,GBR,0,1,0,,123,0,N
113724,45,6,23,7,0,4,2,0,0,2,POL,0,1,0,,160,1,N
86104,4,3,13,24,0,3,2,0,0,2,ESP,0,1,0,,156.67,1,N
45458,59,10,44,29,0,2,2,0,0,2,PRT,0,1,0,,85,0,N
74344,269,7,29,13,1,1,2,0,0,2,PRT,1,1,0,,62,0,Y
49107,105,4,15,6,0,1,2,0,0,2,PRT,0,1,0,,75,0,Y
59900,304,11,45,3,0,3,2,0,0,2,PRT,0,1,0,,89,0,Y
86094,77,3,13,25,0,2,2,0,0,2,ESP,0,1,0,,109.8,0,N
90694,34,6,24,9,0,1,2,0,0,2,PRT,0,1,0,,98,0,N
107274,28,3,10,7,0,3,2,0,0,2,GBR,0,1,0,,80,0,N
89265,60,5,21,16,1,2,2,0,0,2,DEU,0,1,0,,128.85,0,N
73484,217,8,34,23,2,5,2,1,0,3,ESP,0,1,0,,135,3,Y
110721,96,4,17,26,1,4,2,0,0,2,IDN,0,1,0,,118.8,0,N
54707,10,7,31,24,1,0,2,0,1,3,FRA,0,1,1,,160,1,Y
76682,0,3,12,14,1,2,1,0,0,1,PRT,2,1,0,40,65,0,N
54836,212,7,31,27,4,10,2,0,0,2,GBR,0,1,0,,90.95,2,Y
111644,120,5,19,11,0,3,2,0,0,2,FRA,0,1,0,,89.1,0,N
78081,16,10,40,1,0,2,2,0,0,2,PRT,0,1,0,,117,2,N
101352,66,11,46,7,1,3,2,0,0,2,POL,0,1,0,,179.1,2,N
57935,219,10,41,3,1,3,2,0,0,2,MKD,0,1,0,,102.85,1,Y
92600,93,7,28,5,0,4,2,0,0,2,NOR,0,1,0,,78.85,0,N
112644,112,5,21,26,0,1,2,0,0,2,USA,0,1,0,,126,0,N
86019,4,3,13,24,0,2,2,0,0,2,DNK,0,1,0,,146,1,N
85073,48,3,11,6,2,1,2,0,0,2,PRT,0,1,0,,40.67,1,N
90535,118,6,24,6,1,1,1,0,0,1,GBR,0,1,1,,110,0,N
59359,475,10,44,27,0,2,2,0,0,2,PRT,0,1,0,,62,0,Y
115707,171,7,27,7,1,2,2,0,0,2,GBR,0,4,0,,111.6,0,N
116028,414,7,28,13,0,2,2,0,0,2,AUT,0,1,0,,122.4,1,N
101126,52,10,45,31,1,5,3,0,0,3,GBR,0,4,0,,115.09,1,N
51804,85,5,22,26,0,2,2,0,0,2,BEL,0,4,0,,140.4,0,Y
107165,174,3,10,5,2,2,2,0,0,2,FRA,0,1,0,,90,1,N
114228,10,6,25,18,1,0,1,0,0,1,ISR,0,1,0,,136,0,N
111541,115,5,18,6,2,4,2,0,0,2,DEU,0,1,0,,89.1,0,N
96053,77,8,35,23,0,5,1,0,0,1,PRT,0,1,1,,108.65,2,N
80406,34,12,50,8,0,2,1,0,0,1,PRT,1,1,0,,90,0,Y
99222,32,10,41,4,2,5,3,0,0,3,RUS,0,4,0,,171.13,2,N
73734,258,7,27,2,0,2,2,0,0,2,PRT,1,1,0,,62.8,0,Y
117581,170,8,31,5,0,1,2,0,0,2,NLD,0,1,0,,130.5,1,N
118632,78,8,34,23,0,0,1,0,0,1,PRT,0,1,7,,0,0,N
82013,115,3,13,20,2,0,1,0,0,1,PRT,1,1,0,,70,0,Y
42717,86,9,37,9,0,2,2,0,0,2,FRA,0,1,0,,110,0,Y
67473,143,5,18,4,0,2,2,0,0,2,PRT,0,1,0,,120,0,Y
67854,102,5,19,8,1,2,2,0,0,2,RUS,0,1,0,,117,2,Y
113933,32,6,24,12,1,1,2,0,0,2,USA,0,4,8,,190,1,N
118109,87,8,32,12,2,1,2,0,0,2,DEU,0,4,0,,160,2,N
87906,100,4,18,25,1,2,1,0,0,1,DEU,0,1,0,,80.1,0,N
77925,16,9,39,25,2,3,1,0,0,1,CHE,0,1,0,,170,0,N
97549,57,9,38,16,0,2,1,0,0,1,ITA,0,1,0,,91,0,N
81406,36,12,52,20,2,0,2,0,0,2,PRT,1,1,0,,87.3,1,Y
40317,22,7,30,22,0,2,2,0,0,2,PRT,0,1,0,,62,0,Y
76395,273,7,29,17,0,2,1,0,0,1,PRT,0,1,1,,87,0,N
100183,14,10,43,22,1,1,2,1,0,3,NLD,0,6,0,,168.25,1,N
102704,67,12,49,2,1,2,2,0,0,2,FRA,0,1,0,,75,0,N
55827,194,8,35,22,1,2,2,0,0,2,PRT,0,1,0,,102.25,1,Y
76096,364,10,42,16,0,2,2,0,0,2,PRT,1,1,0,,101.5,0,Y
85794,64,3,12,18,2,2,1,0,0,1,USA,0,1,0,,93.5,0,N
75843,337,9,38,19,2,2,2,0,0,2,PRT,1,1,0,,62,0,Y
87440,3,4,17,18,1,1,1,0,0,1,DEU,0,1,0,,70,0,N
65543,98,4,14,5,0,2,3,0,0,3,CHN,0,4,4,,121.5,2,Y
50409,184,4,18,30,0,1,2,0,0,2,PRT,0,1,0,,118,1,Y
52269,188,6,23,2,0,3,2,0,0,2,PRT,0,1,1,,80.75,0,Y
70990,31,6,26,26,3,7,2,2,0,4,BRA,0,7,0,,273.7,0,Y
46477,3,1,1,2,2,3,2,0,0,2,ESP,0,1,0,,102,1,N
90254,112,6,23,2,0,2,2,0,0,2,FRA,0,1,0,,100,0,N
89348,67,5,21,16,1,3,2,0,0,2,GBR,0,1,0,,109.65,0,N
70622,162,6,25,19,1,3,2,0,0,2,SWE,0,4,0,,130.5,0,Y
115753,96,7,27,7,1,2,2,0,0,2,FRA,0,1,0,,116,1,N
109858,206,4,16,16,2,0,2,0,0,2,DEU,0,1,0,,99,1,N
67301,157,5,18,1,1,3,2,0,0,2,PRT,0,1,0,,130,0,Y
52898,71,6,25,14,0,3,1,0,0,1,PRT,0,1,0,,120,0,Y
62516,38,1,2,14,0,1,1,0,0,1,PRT,0,1,0,67,75,0,Y
57305,193,9,39,23,0,2,2,0,0,2,FRA,0,1,0,,126.9,0,Y
79853,34,12,50,8,0,2,1,0,0,1,PRT,1,1,0,,90,0,Y
45846,98,11,48,23,1,2,1,0,0,1,HUN,0,1,0,,70,0,N
71675,125,7,28,10,1,0,3,0,0,3,PRT,0,4,0,,170.5,1,Y
98284,20,9,40,25,2,0,2,0,0,2,GBR,0,1,0,,85.5,1,N
47170,24,2,7,11,1,3,2,0,0,2,GBR,0,1,0,,91,0,Y
82896,68,2,8,17,0,2,2,0,0,2,PRT,1,1,0,,75,0,Y
96258,109,8,36,29,1,1,2,0,0,2,DEU,0,1,0,,72.25,0,N
90722,63,6,24,9,0,1,2,0,0,2,USA,0,1,2,,109,1,N
98143,17,9,39,22,0,3,2,0,0,2,GBR,0,1,0,,123.62,1,N
108651,12,3,13,28,0,3,2,0,0,2,ITA,0,1,0,,98,3,N
102222,78,11,48,23,0,1,1,0,0,1,CYP,0,1,4,,86.4,2,N
41662,22,8,34,21,0,1,2,0,0,2,ITA,0,1,1,,75,0,N
70134,317,6,23,10,2,2,2,2,0,4,SVN,0,6,0,,181.8,1,Y
100760,242,10,44,28,2,2,2,1,0,3,FRA,0,4,0,,95.13,1,N
87824,101,4,18,26,0,1,2,0,0,2,PRT,0,1,0,,98,0,N
85367,6,3,11,11,1,2,2,0,0,2,AUT,0,1,0,,97,1,N
77028,0,8,35,25,2,7,1,0,0,1,PRT,0,1,2,46,0,0,N
112046,12,5,19,7,4,8,2,0,0,2,GRC,0,4,0,,146,1,N
54864,386,7,31,28,0,2,2,0,0,2,PRT,0,1,0,,62,0,Y
92444,20,7,28,6,0,1,2,2,0,4,NOR,0,6,0,,231,3,N
44839,60,10,42,12,1,3,2,0,0,2,PRT,0,1,0,,65,1,N
99141,85,10,41,6,1,3,2,0,0,2,DEU,0,1,0,,85,1,N
42867,168,9,37,11,0,2,2,0,0,2,PRT,0,1,0,,60,0,N
81858,178,4,18,28,0,3,1,0,0,1,PRT,1,1,0,,110,0,Y
91230,2,6,25,13,1,5,2,0,0,2,IRL,0,4,0,,90.95,0,N
106306,48,2,8,22,0,2,1,0,0,1,ESP,0,1,0,,65,1,N
77004,0,8,35,27,0,1,0,0,0,0,PRT,0,6,0,,0,2,N
116173,184,7,28,15,0,1,2,0,0,2,BEL,0,1,0,,89.1,1,N
96756,64,9,36,1,2,5,2,0,0,2,IRL,0,1,0,,98.1,3,N
63540,35,2,7,13,1,3,2,1,0,3,FRA,0,1,0,,103.7,0,Y
59544,222,10,44,29,0,1,2,2,0,4,GBR,0,6,0,,219.6,0,Y
88578,19,5,19,7,0,1,1,0,0,1,CYP,0,1,0,,135,0,N
104552,1,1,2,14,2,1,1,0,0,1,USA,0,1,1,,69.7,1,N
50862,8,5,20,10,0,2,1,0,0,1,PRT,0,4,2,,108.57,1,Y
63906,134,2,8,25,0,1,1,0,0,1,PRT,0,1,0,,75,0,Y
105255,1,1,5,29,2,4,2,1,0,3,TUR,0,1,0,,108.8,2,N
68980,357,5,21,24,0,2,2,0,0,2,GBR,0,1,0,,99,0,Y
43262,56,9,38,17,0,2,2,0,0,2,PRT,0,1,0,,82,0,N
45837,98,11,48,23,1,2,1,0,0,1,FRA,0,1,1,,70,0,N
44458,97,10,41,5,1,3,1,0,0,1,PRT,0,1,0,,140,0,Y
52719,282,6,24,9,0,3,2,0,0,2,FRA,0,1,0,,73.33,1,N
59266,1,10,44,25,0,1,2,0,0,2,BRA,0,1,0,,120,2,Y
92140,6,6,27,30,0,1,2,0,0,2,PRT,0,1,0,,139,1,N
67199,22,4,17,29,2,1,2,0,0,2,RUS,0,1,0,,133,1,Y
47459,50,2,9,22,1,4,3,0,0,3,FIN,0,1,0,,78.85,1,N
78491,0,10,41,9,0,1,1,0,0,1,PRT,0,1,0,,152,0,N
103985,304,12,53,29,2,3,1,0,0,1,SWE,0,1,1,,70,1,N
74077,321,9,36,3,0,2,2,0,0,2,PRT,1,1,0,,62,0,Y
110989,1,5,18,3,0,2,2,0,0,2,IRL,0,1,0,,150,0,N
49716,7,4,17,18,1,0,1,0,0,1,ITA,0,1,0,,104,0,Y
83329,53,1,5,24,2,3,2,0,0,2,FRA,0,1,0,,60,0,N
117604,0,8,32,6,1,0,2,0,0,2,FRA,0,1,0,,160,2,N
70947,213,6,26,26,1,1,2,0,0,2,PRT,0,1,0,,115,0,Y
53002,70,6,25,15,0,2,2,0,0,2,NLD,0,1,0,,109,0,Y
40109,61,7,28,7,0,4,2,0,0,2,PRT,0,1,0,,76.5,1,Y
106816,14,2,9,27,1,3,2,0,0,2,GBR,0,1,0,,74.8,2,N
111380,111,5,18,6,2,2,2,0,0,2,DEU,0,1,0,,92.17,1,N
44336,69,10,41,4,1,0,2,0,0,2,DEU,0,1,0,,68.72,1,N
94575,178,8,32,3,0,4,2,0,0,2,FRA,0,1,0,,99.45,1,N
117904,479,8,32,9,0,3,2,0,0,2,GBR,0,1,0,,112.67,1,N
92954,28,7,29,14,0,1,1,0,0,1,PRT,0,1,0,40,67,0,N
117763,45,8,32,7,1,1,2,0,0,2,CHE,0,1,0,,140,1,N
82249,97,3,13,20,2,5,1,0,0,1,PRT,1,1,0,,79.43,0,Y
85186,4,3,11,7,1,3,2,0,0,2,DZA,0,1,0,,106,0,N
88057,94,4,18,28,0,2,3,0,0,3,AUT,0,4,0,,144,1,N
64958,56,3,12,21,0,3,2,0,0,2,PRT,0,1,0,,85,0,Y
97293,346,9,38,13,0,2,2,0,0,2,DEU,0,1,0,,115,1,N
83756,0,2,7,10,0,1,1,0,0,1,HRV,0,1,0,,79,0,N
76571,207,9,40,29,0,2,2,0,0,2,PRT,1,1,0,,48,0,Y
65695,93,4,14,6,0,3,2,0,0,2,PRT,0,1,0,,95,0,Y
43321,72,9,38,18,0,1,2,0,0,2,PRT,0,1,0,,108,0,N
67503,148,5,18,4,0,2,2,0,0,2,PRT,0,1,0,,95,0,Y
103670,1,12,53,27,0,2,2,0,0,2,PRT,0,4,1,,108,0,N
106039,14,2,7,16,0,3,2,0,0,2,BEL,0,1,0,,98,1,N
63039,57,1,4,27,0,2,2,0,0,2,GBR,0,1,0,,79.2,0,Y
85881,9,3,13,20,2,1,3,0,0,3,DEU,0,4,0,,186,1,N
117787,8,8,32,9,0,1,1,0,0,1,ESP,0,1,0,91,80,0,N
55322,237,8,33,10,0,4,2,0,0,2,CHN,0,1,0,,80.75,0,N
119088,518,8,34,26,2,1,2,0,0,2,GBR,0,1,0,,112.67,1,N
78264,14,10,42,15,0,1,1,0,0,1,PRT,1,1,0,,100,0,Y
101760,13,11,47,16,0,2,1,0,0,1,GBR,0,1,0,,73.15,1,N
69678,28,6,22,3,2,2,2,0,0,2,BEL,0,1,0,,149.5,1,Y
67474,143,5,18,4,0,2,1,0,0,1,PRT,0,1,0,,110,0,Y
79457,137,1,5,27,0,2,1,0,0,1,PRT,1,1,0,,70,0,Y
52167,120,5,23,31,2,7,2,0,0,2,FRA,0,1,0,,109.65,1,Y
116917,200,7,30,26,0,1,3,0,0,3,BEL,0,4,2,,175.5,1,N
66265,53,4,16,16,1,0,2,0,0,2,BRA,0,1,0,,108,0,Y
94123,198,7,31,30,1,1,2,0,0,2,ITA,0,1,0,,96,1,N
108288,12,3,12,23,0,3,2,0,0,2,GBR,0,6,1,,208,0,N
67614,189,5,18,5,1,2,2,0,0,2,PRT,0,1,0,,100,0,Y
98341,28,9,40,27,0,1,2,0,0,2,POL,0,1,0,,75,2,N
115133,221,6,25,23,2,7,2,0,0,2,IRL,0,4,0,,129.4,1,N
86959,82,4,15,8,2,2,2,0,0,2,NLD,0,4,0,,99.45,1,N
71499,17,7,27,6,1,3,2,1,0,3,PRT,0,1,0,,127.1,0,Y
58815,36,10,43,16,1,0,1,0,0,1,CHN,0,1,0,,107.1,1,Y
97312,346,9,38,13,0,2,2,0,0,2,DEU,0,1,0,,115,1,N
70690,105,6,25,21,0,2,2,0,0,2,ISR,0,1,0,,126,0,Y
62040,322,12,53,30,2,3,2,0,0,2,DEU,0,1,0,,82.79,0,Y
51241,79,5,21,16,1,3,3,0,0,3,DEU,0,1,0,,150.45,0,Y
60206,277,11,46,7,1,2,2,0,0,2,PRT,0,1,0,,100,0,Y
93320,3,7,30,19,0,1,2,2,0,4,SWE,0,7,0,,235.45,2,N
67058,29,4,17,28,0,2,3,0,0,3,POL,0,5,0,,215,1,Y
44800,34,10,42,12,1,2,2,0,0,2,FRA,0,1,0,,103.5,1,N
80604,7,7,29,19,0,1,1,0,0,1,PRT,3,1,0,40,65,0,N
107526,4,3,11,13,1,0,2,0,0,2,EST,0,4,0,,128,1,N
79983,0,11,45,4,1,4,2,0,0,2,FRA,0,1,0,,95,1,N
69020,262,5,21,24,0,4,2,0,0,2,CHE,0,1,0,,133.2,2,Y
49278,20,4,15,9,1,1,2,0,0,2,ITA,0,4,0,,139,0,Y
112026,19,5,20,15,1,3,2,0,0,2,GBR,0,4,0,,170,0,N
68141,151,5,19,13,2,2,2,0,0,2,PRT,0,1,0,,95,0,Y
42282,11,9,36,4,0,2,2,0,0,2,FRA,0,1,0,,124,2,N
84546,1,2,9,27,0,1,2,0,0,2,GBR,0,1,0,,103,1,N
46968,26,1,5,30,1,1,2,0,0,2,FRA,0,1,0,,91,1,N
118796,110,8,34,20,2,4,2,0,0,2,COL,0,2,3,,146.25,1,N
47515,30,2,9,25,0,3,2,0,0,2,FRA,0,1,0,,69.9,0,Y
63862,9,2,8,23,0,3,3,0,0,3,ITA,0,4,0,,161.33,1,Y
79772,21,11,46,13,2,2,2,0,0,2,PRT,1,4,0,,82.45,1,Y
65168,74,3,13,26,2,1,2,0,0,2,PRT,0,4,0,,81,1,Y
102358,67,11,48,25,0,2,2,0,0,2,ITA,0,1,0,,75,0,N
106817,0,3,9,1,0,2,2,1,0,3,POL,0,4,0,,107.88,0,N
97020,16,9,37,10,0,1,2,0,0,2,RUS,0,1,0,,95,1,N
71796,229,7,28,12,1,4,2,0,0,2,PRT,0,1,0,,110,0,Y
100614,0,3,9,2,0,1,1,0,0,1,PRT,0,1,0,,65,0,N
92909,69,7,29,11,1,2,2,1,1,4,PRT,0,5,1,,140,3,N
48127,75,3,12,17,1,3,2,0,0,2,PRT,0,1,0,,80,0,Y
113391,60,6,22,3,2,2,2,0,0,2,FRA,0,4,0,,170,1,N
107626,28,3,11,14,0,2,1,0,0,1,NLD,0,1,0,,65,0,N
66525,135,4,16,21,1,2,2,0,0,2,PRT,0,1,0,,90,0,Y
102473,31,11,49,27,2,0,2,0,0,2,FRA,0,1,0,,88,1,N
58435,127,10,42,12,0,3,2,0,0,2,BEL,0,4,0,,132.3,2,Y
100107,30,10,43,21,0,2,2,0,0,2,FRA,0,1,0,,139,4,N
82626,18,1,1,2,0,1,2,0,0,2,CHE,0,1,0,,54,0,N
84981,78,3,10,3,1,3,2,1,0,3,POL,0,1,0,,60,2,N
97611,120,9,38,11,2,5,2,0,0,2,PRT,0,1,0,,94.81,1,N
102967,62,12,50,8,0,2,2,0,0,2,ESP,0,2,2,,100.6,0,N
90015,0,5,23,30,1,0,2,0,0,2,PRT,0,1,0,,140,0,N
110768,26,4,17,26,1,4,2,0,0,2,GBR,0,1,0,,92,0,N
69322,408,5,22,30,0,1,2,0,0,2,PRT,0,1,0,,90,0,Y
104468,0,1,2,12,0,2,1,0,0,1,RUS,0,1,0,,79.2,1,N
81704,109,2,9,21,2,1,2,0,0,2,PRT,1,1,0,,75,0,Y
109690,9,4,15,14,0,1,2,0,0,2,FRA,0,5,0,,210,1,N
85526,10,3,12,14,1,2,2,0,0,2,FRA,0,1,0,,80,0,N
97316,346,9,38,13,0,2,2,0,0,2,DEU,0,1,0,,115,1,N
100910,51,11,45,1,0,3,2,1,0,3,BEL,0,1,0,,129,1,N
64963,56,3,12,21,0,3,2,0,0,2,PRT,0,1,0,,85,0,Y
108744,141,3,13,30,0,2,2,0,0,2,GBR,0,4,0,,105.34,2,N
90636,12,6,24,8,0,1,1,0,0,1,ESP,0,1,0,,109,1,N
69731,62,6,23,5,1,1,2,0,0,2,CHN,0,1,0,,126,2,Y
71412,282,7,27,5,0,2,2,0,0,2,ITA,0,1,0,,141.3,1,Y
64889,42,3,12,19,2,2,3,0,0,3,ESP,0,5,0,,125.8,0,Y
114543,42,6,25,21,0,3,2,1,0,3,ITA,0,1,0,,180,2,N
86475,0,4,15,3,1,0,1,0,0,1,USA,0,1,0,,89,0,N
88147,5,5,19,1,1,0,2,0,0,2,BRA,0,4,2,,155,1,N
49026,79,4,15,4,1,5,2,0,0,2,BRA,0,4,0,,96.62,1,Y
82971,28,9,40,27,0,1,2,0,0,2,POL,0,1,0,,75,2,N
85143,40,3,10,5,2,3,2,0,0,2,ITA,0,1,0,,83.9,1,N
43683,83,9,39,23,0,2,2,0,0,2,ESP,0,1,0,,62,0,N
43192,33,9,38,16,0,2,1,0,0,1,FRA,0,1,0,,85.5,2,N
83881,4,2,7,13,0,1,2,0,0,2,PRT,0,4,0,,115,1,N
62187,328,1,1,3,2,5,3,0,0,3,BRA,0,4,0,,107.95,1,Y
117448,269,8,31,3,0,1,2,1,0,3,DEU,0,1,0,,125.1,1,N
80202,32,12,50,8,4,10,2,0,0,2,PRT,1,2,0,,90.35,1,Y
51916,316,5,22,26,0,3,2,0,0,2,AUT,0,1,0,,110,0,N
94337,3,8,32,1,1,1,2,0,0,2,ISR,0,1,0,,109,1,N
65372,149,4,13,1,2,1,2,0,0,2,IRL,0,1,0,,99,0,Y
41890,55,8,35,26,0,2,2,0,0,2,ESP,0,1,0,,62,0,N
102949,79,12,50,7,0,3,3,0,0,3,FRA,0,1,0,,105,0,N
69025,243,5,21,24,0,4,2,0,0,2,ESP,0,4,2,,138.77,2,Y
117865,197,8,31,5,2,4,2,0,0,2,FRA,0,1,0,,85,0,N
100837,86,10,44,29,2,2,2,1,0,3,ITA,0,1,0,,83.3,0,N
104683,55,1,3,16,1,3,2,0,0,2,ESP,0,1,0,,72,1,N
46266,124,12,53,28,1,3,2,0,0,2,DEU,0,1,1,,72.25,2,N
77422,19,10,41,6,0,3,1,0,0,1,PRT,0,1,0,,80,0,N
105842,27,2,7,13,1,2,2,0,0,2,FRA,0,1,0,,75,3,N
77667,6,9,39,23,0,1,1,0,0,1,ESP,0,4,0,,0,1,N
107576,21,3,11,14,0,1,1,0,0,1,ESP,0,1,2,,251,0,N
48757,112,3,14,30,0,2,2,0,0,2,PRT,0,1,0,,64,0,Y
108185,54,3,12,19,2,3,2,0,0,2,BEL,0,1,0,,91.8,1,N
62174,20,1,1,3,0,4,3,0,0,3,ITA,0,4,0,,132.6,1,Y
102295,107,11,48,24,0,2,2,0,0,2,DEU,0,1,0,,90,0,N
49618,1,4,16,16,0,1,2,0,0,2,PRT,0,1,0,,147,1,Y
54758,206,7,31,25,1,4,2,0,0,2,DEU,0,1,0,,90.95,0,N
64529,25,3,11,12,1,0,2,0,0,2,PRT,0,1,0,,100,0,Y
74198,363,10,42,15,0,2,2,0,0,2,PRT,1,1,0,,62,0,Y
55356,398,8,33,11,0,2,2,0,0,2,PRT,0,1,0,,62,0,Y
76732,0,8,34,22,0,1,1,0,0,1,PRT,6,1,0,40,67,2,N
48655,72,3,13,26,1,1,2,0,0,2,PRT,0,1,0,,96,0,Y
53820,358,6,27,30,0,2,2,0,0,2,PRT,0,1,0,,62,0,Y
89815,35,5,22,22,2,2,2,0,0,2,PRT,0,1,0,,108.9,0,N
78994,17,10,42,17,2,1,2,0,0,2,IRL,0,1,0,,106.77,1,N
101363,62,11,46,6,2,3,1,0,0,1,CHE,0,1,0,,155.52,1,N
105083,14,1,4,28,0,1,2,0,0,2,PRT,0,1,0,,108,0,N
49155,97,4,15,6,2,5,2,0,0,2,ITA,0,1,0,,75.89,0,N
78887,5,10,43,19,1,2,1,0,0,1,PRT,1,4,0,,136,2,Y
80443,34,12,50,8,0,2,1,0,0,1,PRT,1,1,0,,90,0,Y
44840,43,10,42,13,0,1,1,0,0,1,PRT,0,1,1,,75,0,N
67885,5,5,19,9,0,1,2,0,0,2,PRT,0,1,0,,90,0,Y
56086,222,8,36,28,2,4,2,0,0,2,LBN,0,1,2,,100.58,1,Y
109571,93,4,15,11,0,3,2,0,0,2,BEL,0,1,0,,120,1,N
71534,240,7,27,7,0,2,2,0,0,2,ITA,0,1,0,,141.3,1,Y
96853,37,9,37,5,1,3,1,1,0,2,FRA,0,1,0,,72.91,1,N
51160,297,5,20,14,1,1,2,0,0,2,FRA,0,1,0,,65,0,N
105820,16,2,7,12,2,2,2,1,0,3,DNK,0,6,0,,198,1,N
69247,14,5,22,28,2,1,3,0,0,3,GBR,0,4,0,,196.67,1,Y
105370,15,2,5,4,1,1,2,0,0,2,BEL,0,1,1,,98,0,N
40389,2,7,30,23,1,3,1,0,0,1,PRT,0,1,0,,17.6,0,Y
40838,124,8,32,8,2,1,2,0,0,2,ITA,0,1,0,,94.5,0,Y
104310,4,1,1,4,2,5,1,0,0,1,FRA,0,1,1,,71.71,0,N
102973,259,12,50,7,0,4,3,0,0,3,AUT,0,4,1,,104.55,1,N
60308,277,11,46,7,1,2,2,0,0,2,PRT,0,1,0,,100,0,Y
56703,13,9,38,11,1,0,2,0,0,2,BRA,0,1,0,,99,1,Y
84195,17,2,8,19,0,2,2,0,0,2,JPN,0,1,0,,91,0,N
74885,231,9,37,10,1,3,2,0,0,2,GBR,1,1,0,,89.25,0,Y
112400,11,5,21,23,0,1,1,0,0,1,PRT,0,1,0,,104,0,N
49067,105,4,15,6,0,1,2,0,0,2,PRT,0,1,0,,75,0,Y
86003,64,3,13,22,0,4,2,1,0,3,AUT,0,1,0,,71.83,1,N
81852,178,4,18,28,0,3,1,0,0,1,PRT,1,1,0,,110,0,Y
79766,4,10,44,31,2,2,2,0,0,2,DEU,0,1,0,,60,1,N
51729,158,5,22,24,0,2,1,0,0,1,PRT,0,1,0,,130,0,Y
101663,47,11,46,12,2,2,2,0,0,2,SGP,0,1,1,,85.75,1,N
115733,168,7,27,5,1,4,2,0,0,2,DEU,0,1,0,,80.1,1,N
93050,36,7,29,15,0,1,3,0,0,3,AUT,0,4,0,,168.3,1,N
100618,181,10,44,28,0,2,2,0,0,2,FRA,0,1,0,,90.9,2,N
77740,1,9,39,22,0,3,1,0,0,1,NLD,0,1,1,,111.65,1,N
106686,8,2,9,27,1,1,2,0,0,2,NLD,0,1,0,,108,0,N
56270,120,9,36,2,1,2,1,0,0,1,PRT,0,1,0,,115,0,Y
40719,12,8,32,5,0,3,2,0,0,2,RUS,0,1,0,38,65,0,N
58289,111,10,42,10,1,0,1,0,0,1,PRT,0,1,0,,120,0,Y
91982,3,6,27,27,1,1,1,0,0,1,ESP,0,1,0,,124,0,N
56228,419,9,36,1,0,2,2,0,0,2,PRT,0,1,0,,62,0,Y
106732,10,2,9,27,1,2,2,0,0,2,FRA,0,4,0,,89.33,0,N
40670,34,8,32,5,0,2,2,0,0,2,ESP,0,1,0,,62,0,N
74481,318,8,36,31,1,1,2,0,0,2,PRT,1,1,0,,62,0,Y
109994,70,4,16,16,2,2,2,0,0,2,GBR,0,1,0,,108,0,N
61704,60,12,52,23,2,2,3,0,0,3,ESP,0,4,0,,130.9,0,Y
75034,219,9,36,4,1,2,2,0,0,2,PRT,1,1,0,,80,0,Y
40366,132,7,30,23,0,1,2,0,0,2,PRT,0,1,0,,90,0,N
112638,68,5,21,22,1,3,2,0,0,2,BRA,0,1,2,,144,0,N
111567,10,5,19,10,0,3,2,0,0,2,FRA,0,1,0,,141,0,N
114103,423,6,24,14,0,3,2,0,0,2,GBR,0,1,0,,112.67,1,N
72855,478,8,32,8,0,1,2,0,0,2,PRT,0,1,0,,90,0,Y
70612,210,6,25,19,1,3,2,0,0,2,PRT,0,1,0,,130,0,Y
58198,338,10,41,7,1,2,2,0,0,2,PRT,0,1,0,,80,0,Y
82609,75,12,53,27,2,5,2,1,0,3,DEU,0,4,0,,113.81,1,N
58876,52,10,43,17,1,1,3,0,0,3,DEU,0,4,0,,158.4,1,Y
45291,69,10,44,25,2,1,2,0,0,2,PRT,0,1,0,,85.67,0,N
116641,9,7,29,21,0,2,2,0,0,2,USA,0,1,0,,95.2,1,N
63409,139,2,6,11,1,1,2,0,0,2,ARG,0,1,0,,79.2,0,Y
89673,1,5,22,24,0,1,1,0,0,1,PRT,0,1,0,,114,0,N
119295,243,8,35,30,0,3,2,0,0,2,DEU,0,1,0,,117,1,N
108829,1,3,13,29,0,4,2,0,0,2,FRA,0,7,1,450,200,0,N
87621,134,4,17,19,0,4,2,0,0,2,FRA,0,1,0,,71,1,N
55933,412,8,35,25,0,2,2,0,0,2,PRT,0,1,0,,62,0,Y
100166,37,10,43,22,1,1,2,0,0,2,ESP,0,1,0,,115,0,N
88674,46,5,19,7,2,1,2,0,0,2,GBR,0,1,0,,126.9,2,N
93358,56,7,30,19,0,2,2,2,0,4,SWE,0,6,0,,177.3,2,N
68203,22,5,20,15,1,2,2,0,0,2,DEU,0,4,0,,163.33,0,Y
88669,0,5,20,9,1,0,1,0,0,1,PRT,0,1,0,,93,0,N
49294,23,4,15,9,2,3,1,0,0,1,RUS,0,4,0,,129.2,0,Y
115656,181,7,27,3,1,5,2,0,0,2,FRA,0,1,0,,80.1,0,N
62511,74,1,2,14,0,1,3,0,0,3,PRT,0,4,0,,138.6,0,Y
105307,173,2,5,2,0,3,2,0,0,2,GBR,0,1,0,,79.2,2,N
75046,264,7,28,8,0,2,2,0,0,2,PRT,1,1,0,,62,0,Y
41107,41,8,33,12,0,2,2,0,0,2,PRT,0,1,0,,62,0,N
50440,114,4,18,30,2,5,2,0,0,2,FRA,0,4,0,,106.74,1,Y
45751,98,11,48,23,1,2,1,0,0,1,FRA,0,1,0,,70,0,N
102022,58,11,47,19,2,1,2,0,0,2,ESP,0,1,0,,75,1,N
112844,229,5,21,25,1,3,2,0,0,2,GBR,0,1,0,,125.1,2,N
66795,96,4,17,26,0,2,2,0,0,2,PRT,0,1,0,,130,0,Y
107445,3,3,11,13,1,1,1,0,0,1,ITA,0,1,1,153,85.85,0,N
45091,102,10,42,16,0,2,1,0,0,1,PRT,0,1,0,,80,0,Y
84814,0,3,10,2,0,2,1,0,0,1,PRT,0,1,0,,55,1,N
47696,116,2,10,28,2,1,1,0,0,1,PRT,0,1,0,,61,0,Y
91108,256,6,25,15,0,2,1,0,0,1,DEU,0,1,1,,90,0,N
74901,326,9,37,8,0,1,2,0,0,2,PRT,1,1,0,,60,0,Y
90109,24,5,23,29,2,2,2,0,0,2,GBR,0,1,0,,104.55,2,N
103685,151,12,53,26,1,3,3,0,0,3,FRA,0,4,0,,164.05,2,N
63247,6,2,5,3,0,2,2,0,0,2,PRT,0,1,0,,88,0,Y
110529,69,4,17,23,2,3,2,0,0,2,FRA,0,4,1,,136.8,0,N
99538,77,10,42,10,1,3,2,0,0,2,FRA,0,4,0,,99.96,0,N
101371,43,11,46,8,0,3,2,0,0,2,FRA,0,1,0,,75,0,N
49461,281,4,16,14,0,2,2,0,0,2,PRT,0,1,0,,62,0,Y
48902,111,4,14,1,2,4,2,0,0,2,POL,0,2,1,,73.74,1,N
89451,22,5,21,21,0,1,2,0,0,2,IRL,0,4,0,,165,1,N
75703,302,8,33,15,2,2,2,0,0,2,PRT,1,1,0,,62,0,Y
66308,89,4,16,16,2,2,2,0,0,2,GBR,0,5,0,,162,0,Y
57248,0,9,39,22,0,1,2,0,0,2,PRT,0,1,0,,89,0,Y
65535,54,4,14,5,0,2,2,0,0,2,PRT,0,1,0,,110,0,Y
89306,85,5,21,16,1,3,2,0,0,2,FRA,0,1,0,,119.85,1,N
100741,190,10,44,29,2,1,2,0,0,2,BRA,0,1,0,,105.3,1,N
72182,240,7,30,23,2,1,2,0,0,2,PRT,0,1,0,,110,0,Y
117477,144,7,30,27,2,6,3,0,0,3,MOZ,0,4,0,,175.5,1,N
65913,83,4,15,10,1,0,2,1,0,3,PRT,0,1,0,,177.75,3,Y
90081,6,5,23,31,0,2,1,0,0,1,ESP,0,1,0,91,95,0,N
72520,185,7,30,29,2,6,2,1,0,3,PRT,0,1,0,,117.9,0,Y
63867,58,2,8,23,1,3,2,0,0,2,PRT,0,1,0,,78,0,Y
82316,71,12,52,24,1,3,2,0,0,2,ECU,0,1,0,,105.3,1,N
43862,192,9,39,25,2,3,2,0,0,2,PRT,0,1,0,,102,0,N
62001,45,12,53,30,0,1,3,0,0,3,BRA,0,4,0,,167.4,0,Y
92594,126,7,28,8,0,1,2,0,0,2,GBR,0,1,0,,123.3,1,N
90891,140,6,24,9,1,3,2,0,0,2,DEU,0,4,0,,113.48,0,N
64212,28,3,9,2,0,3,2,0,0,2,PRT,0,1,0,,95,0,Y
92602,35,7,28,8,0,1,2,0,0,2,ESP,0,1,0,,135.9,0,N
111623,93,5,19,13,0,1,2,0,0,2,USA,0,4,0,,148.5,1,N
61457,284,12,51,12,1,0,2,0,0,2,DEU,0,1,0,,67.5,0,Y
69244,13,5,22,28,2,1,2,0,0,2,DEU,0,1,0,,126.67,1,Y
102391,2,11,48,25,0,2,2,0,0,2,PRT,0,1,0,,95,0,N
73573,50,8,34,26,2,3,2,0,0,2,GBR,0,5,0,,200,1,Y
84545,1,2,9,27,0,1,2,0,0,2,GBR,0,1,0,,102,1,N
97863,27,9,39,20,0,1,2,0,0,2,PRT,0,1,0,,95,0,N
43882,192,9,39,25,2,3,2,0,0,2,PRT,0,1,0,,102,0,N
70833,233,6,25,23,1,2,2,0,0,2,PRT,0,1,0,,105,0,Y
118627,1,8,34,22,0,1,2,0,0,2,PRT,0,5,0,,199,1,N
70201,27,6,24,12,1,0,2,0,0,2,PRT,0,1,0,,0,0,Y
105917,56,2,7,12,2,4,2,0,0,2,FRA,0,1,0,,90.1,2,N
88849,0,5,20,13,0,1,2,0,0,2,FRA,0,1,0,,139,0,N
96902,23,9,37,8,0,2,2,0,0,2,USA,0,1,0,,130,1,N
61190,17,12,49,3,2,4,2,0,0,2,ESP,0,1,0,,98.39,0,Y
108871,75,3,13,31,1,2,2,0,0,2,ESP,0,1,0,,89.83,0,N
73946,272,7,29,16,0,2,2,0,0,2,PRT,1,1,0,,62,0,Y
60890,79,11,48,25,0,2,2,0,0,2,GBR,0,1,0,,88,1,Y
63864,58,2,8,23,1,3,2,0,0,2,PRT,0,1,0,,78,0,Y
109414,80,4,14,8,2,1,2,0,0,2,FRA,0,1,0,,115,0,N
62536,38,1,2,14,0,1,1,0,0,1,PRT,0,1,0,67,75,0,Y
41399,40,8,33,15,2,2,2,0,0,2,PRT,0,1,0,,62,0,Y
116750,9,7,30,23,1,0,2,0,0,2,ISR,0,1,0,,140,1,N
111301,169,5,18,6,2,1,1,0,0,1,FRA,0,1,0,,80,0,N
99678,377,10,42,14,0,2,2,0,0,2,DEU,0,1,0,,115,1,N
102685,34,11,49,27,2,5,2,0,0,2,NLD,0,1,1,,68.45,1,N
44862,36,10,42,13,0,3,2,0,0,2,PRT,0,1,0,,112,0,N
42978,26,9,37,12,1,1,2,0,0,2,HUN,0,1,0,,133.5,2,N
108050,151,3,12,20,1,1,2,0,0,2,PRT,0,1,0,,95,0,N
104058,50,1,1,3,0,2,1,0,0,1,PRT,0,1,0,,54.05,2,N
63635,70,2,7,16,0,3,2,0,0,2,GBR,0,1,0,,95.4,2,Y
108556,142,3,12,25,2,2,2,0,0,2,FRA,0,4,0,,136.8,0,N
48290,42,3,13,20,2,2,2,1,0,3,ESP,0,1,0,,113.6,0,Y
71881,2,7,28,15,0,1,2,0,0,2,PRT,0,1,0,,160,1,Y
50334,443,4,18,29,0,1,2,0,0,2,PRT,0,1,0,,65,0,Y
89416,28,5,21,19,0,2,2,0,0,2,PRT,0,1,0,174,100,0,N
97046,0,9,38,11,1,0,1,0,0,1,USA,0,1,1,,85.03,0,N
86327,116,3,13,25,2,5,2,0,0,2,SWE,0,1,0,,104.14,1,N
98276,8,9,40,25,2,0,2,0,0,2,PRT,0,1,0,,95,0,N
73825,300,8,33,13,0,2,2,0,0,2,PRT,1,1,0,,62.8,0,Y
103153,9,12,50,9,2,2,2,0,0,2,LUX,0,4,0,,99.88,2,N
69210,106,5,21,27,2,1,2,0,0,2,PRT,0,1,0,,89.1,0,Y
113057,71,5,22,28,2,3,2,0,0,2,GBR,0,4,0,,124.65,0,N
62669,54,1,3,18,0,3,2,0,0,2,PRT,0,1,0,,65,0,Y
79264,5,10,43,19,1,3,1,0,0,1,BEL,0,1,0,,135,0,N
64954,56,3,12,21,0,3,2,0,0,2,PRT,0,1,0,,85,0,Y
112545,1,5,21,24,0,1,1,0,0,1,ESP,0,1,1,,160,0,N
95088,91,8,34,14,1,0,2,1,0,3,CHN,0,1,0,,120.69,1,N
100477,41,10,44,24,1,3,2,1,0,3,FRA,0,1,0,,100,0,N
118921,131,8,34,25,0,2,2,2,0,4,GBR,0,6,0,,244,0,N
81914,181,5,19,5,2,4,2,0,0,2,PRT,1,1,0,,90,0,Y
107836,66,3,11,15,0,4,3,0,0,3,DEU,0,4,0,,134.3,1,N
82039,305,10,40,1,1,1,2,0,0,2,PRT,1,1,0,,100,0,Y
77270,5,9,39,20,2,0,2,0,0,2,PRT,1,1,0,,100,0,Y
96719,84,9,37,4,2,1,2,0,0,2,DEU,0,1,0,,125.1,2,N
57477,38,9,40,26,1,1,2,0,0,2,CHN,0,1,0,,112.59,0,Y
105558,140,2,6,6,1,5,2,0,0,2,BRA,0,1,3,,94.8,1,N
102139,215,11,48,21,1,1,1,0,0,1,ITA,0,1,2,233,75,0,N
42311,21,9,36,4,2,2,2,0,0,2,PRT,0,1,0,,105,2,N
111611,122,5,19,11,0,2,1,0,0,1,CHE,0,1,0,,117,0,N
42382,65,9,36,5,1,1,2,0,0,2,PRT,0,1,0,,62,0,Y
47812,62,3,10,4,1,2,2,0,0,2,DEU,0,1,0,,80.3,0,Y
86056,42,3,13,24,0,3,2,0,0,2,ESP,0,1,0,,115.8,1,N
62620,55,1,3,18,0,2,1,0,0,1,PRT,0,1,0,,79,0,Y
75781,323,9,36,5,2,2,2,0,0,2,PRT,1,1,0,,62,0,Y
52631,71,6,24,9,0,1,2,0,0,2,JPN,0,1,0,,116.1,0,Y
61892,37,12,53,28,0,3,2,0,0,2,FRA,0,1,0,,120,0,Y
68424,79,5,20,17,0,2,2,0,0,2,IND,0,1,0,,112.5,0,Y
54319,201,7,29,12,0,4,2,0,0,2,PRT,0,2,0,,81.82,0,N
92119,63,6,27,26,2,3,2,0,0,2,FIN,0,1,0,,110.7,1,N
106815,0,2,9,27,1,3,2,0,0,2,PRT,0,1,0,,74.8,0,N
69913,183,6,23,8,0,2,1,0,0,1,PRT,0,1,0,,120,0,Y
103647,117,12,53,26,1,2,2,0,0,2,ITA,0,1,0,,93.6,2,N
98215,234,9,39,23,1,2,3,0,0,3,GBR,0,4,0,,159.3,2,N
81963,272,8,32,5,0,1,2,0,0,2,PRT,1,1,0,,65,0,Y
88269,180,5,19,2,1,1,2,0,0,2,ITA,0,1,0,,100,1,N
93720,165,7,30,21,2,3,2,0,0,2,DEU,0,1,0,,99.45,2,N
102748,271,12,49,3,2,1,2,0,0,2,ESP,0,1,0,,62.64,0,N
89335,98,5,21,19,0,1,2,0,0,2,PRT,0,1,1,,126.9,1,N
78265,14,10,42,15,0,1,1,0,0,1,PRT,1,1,0,,100,0,Y
46657,43,1,3,14,0,3,2,0,0,2,ESP,0,2,0,,86.75,1,Y
77396,19,10,41,6,0,3,2,0,0,2,TUR,0,1,0,,90,1,N
43045,39,9,38,13,2,2,2,0,0,2,BRA,0,1,0,,94.5,2,N
55391,221,8,33,12,0,1,2,0,0,2,PRT,0,1,0,,80,0,Y
115183,169,7,27,2,1,0,2,0,0,2,HUN,0,1,3,,98.1,0,N
58799,286,10,43,16,1,0,2,0,0,2,PRT,0,1,0,,90,0,Y
79951,16,11,45,6,0,2,1,0,0,1,DEU,0,1,0,,81,1,N
80979,68,11,48,28,2,1,2,0,0,2,FRA,0,4,0,,60,0,N
96810,63,9,37,4,2,2,2,0,0,2,GBR,0,1,0,,103.95,2,N
65781,60,4,14,8,2,1,2,0,0,2,ESP,0,1,0,,126,1,Y
92585,146,7,28,8,0,1,3,0,0,3,CHE,0,4,0,,146.7,2,N
91696,265,6,26,24,0,2,1,0,0,1,PRT,0,1,1,,90,0,N
61530,246,12,51,16,0,1,2,0,0,2,SGP,0,1,0,,63.75,0,Y
89325,64,5,21,17,0,3,1,0,0,1,PRT,0,1,1,218,130,0,N
88959,47,5,20,11,0,4,2,0,0,2,BEL,0,1,0,,92.28,1,N
59668,49,10,45,30,2,3,2,0,0,2,HUN,0,4,0,,124.4,1,Y
96978,183,9,37,8,0,3,2,0,0,2,FRA,0,1,0,,110,1,N
87826,101,4,18,26,0,1,1,0,0,1,PRT,0,1,0,,74,0,N
87244,92,4,16,14,0,3,2,0,0,2,ITA,0,1,0,,96.3,1,N
42721,107,9,37,9,0,2,2,0,0,2,NLD,0,1,0,,89.25,1,N
69484,174,6,22,1,0,2,2,0,0,2,PRT,0,1,0,,100,0,Y
52208,330,6,23,2,0,2,2,0,0,2,PRT,0,1,0,,62,0,Y
92244,177,6,27,30,0,3,2,0,0,2,NLD,0,1,0,,72.25,1,N
56551,163,9,37,8,0,3,2,0,0,2,PRT,0,1,0,,110,0,Y
41717,4,8,34,22,0,1,2,0,0,2,PRT,0,4,0,,79,1,N
87261,122,4,16,15,0,2,2,0,0,2,PRT,0,1,0,,85,0,N
85023,105,3,10,5,2,1,2,0,0,2,DEU,0,1,0,,89.3,0,N
58194,214,10,41,7,1,2,1,0,0,1,DEU,0,1,0,,108.9,0,Y
114113,145,6,24,15,0,2,1,0,0,1,NOR,0,1,1,,113.88,2,N
76619,138,7,30,25,0,1,2,0,0,2,PRT,0,1,0,,60,0,N
51538,23,5,21,21,0,1,2,0,0,2,CHN,0,4,0,,140.4,0,Y
53764,136,6,27,29,0,3,2,0,0,2,ITA,0,1,0,,85.5,0,Y
60479,20,11,46,11,2,5,2,0,0,2,USA,0,1,0,,77.71,0,Y
89790,201,5,22,24,0,2,2,0,0,2,BEL,0,1,0,,127,1,N
51446,198,5,21,20,0,1,1,0,0,1,PRT,0,1,1,,57.5,0,Y
51514,111,5,21,20,0,2,3,0,0,3,DEU,0,4,0,,159.3,1,Y
42541,1,9,37,7,1,0,1,0,0,1,MEX,0,1,0,,133,1,N
73694,222,8,35,31,0,3,2,0,0,2,IRL,0,1,0,,117,3,Y
45980,134,12,49,4,2,2,2,0,0,2,PRT,0,1,0,,65,0,Y
78070,16,10,40,1,0,2,3,0,0,3,GBR,0,1,1,,142,4,N
86254,1,3,14,30,0,1,1,0,0,1,PRT,0,1,0,174,89,0,N
106447,10,2,8,22,0,4,3,0,0,3,LBN,0,4,0,,143.18,2,N
50030,59,4,17,22,2,2,2,0,0,2,ITA,0,4,0,,112.2,0,Y
49880,270,4,17,20,0,4,2,0,0,2,ISL,0,1,0,,80,0,N
57678,10,9,40,30,0,1,1,0,0,1,PRT,0,4,0,153,110,0,Y
65942,78,4,15,10,1,3,2,0,0,2,FRA,0,1,2,,101.25,0,Y
105752,82,2,7,12,2,1,2,0,0,2,FRA,0,1,0,,68.47,0,N
114247,141,6,24,16,1,2,1,0,0,1,DEU,0,4,1,,93.6,0,N
85030,37,3,10,4,2,2,2,0,0,2,FRA,0,1,0,,73.1,0,N
113568,32,6,23,8,0,1,2,0,0,2,NLD,0,1,0,,120,0,N
68757,113,5,20,20,2,1,1,0,0,1,PRT,0,1,0,,190,0,Y
42041,104,8,36,30,2,1,2,0,0,2,ESP,0,1,0,,90,0,Y
58045,33,10,41,5,0,4,1,0,0,1,DEU,0,4,0,,157.5,1,Y
83671,20,2,7,8,1,1,2,0,0,2,FRA,0,1,0,,83.8,1,N
48460,50,3,13,24,0,1,2,1,0,3,ESP,0,1,0,,115.2,2,Y
91174,31,6,25,12,2,3,2,1,0,3,HUN,0,1,0,,126.9,2,N
87511,69,4,17,17,2,2,2,0,0,2,FRA,0,4,0,,110.08,0,N
90204,192,5,22,28,2,5,2,0,0,2,GBR,0,1,0,,66.71,0,N
52832,18,6,25,12,2,0,2,0,0,2,BRA,0,1,0,,99,0,Y
88843,1,3,12,25,0,1,2,0,0,2,PRT,0,1,0,,98,1,N
100028,179,10,43,19,0,3,2,0,0,2,HUN,0,1,0,,85.5,2,N
100751,11,10,44,29,2,1,2,0,0,2,ITA,0,1,0,,140,2,N
57828,275,10,40,1,2,1,2,0,0,2,FRA,0,1,0,,106.2,0,Y
110243,94,4,16,19,1,4,2,0,0,2,HUN,0,4,0,,136.8,0,N
41549,0,8,34,18,0,1,2,0,0,2,PRT,0,1,0,,129,0,N
55706,50,8,34,19,1,2,2,2,0,4,PRT,0,6,0,,242.9,0,Y
86538,36,4,15,4,1,0,3,0,0,3,PRT,0,1,0,,150.3,2,N
101607,19,11,47,14,1,0,1,0,0,1,PRT,0,1,0,,65,0,N
115752,157,7,27,8,1,1,2,0,0,2,BRA,0,1,0,,86.63,0,N
103539,158,12,52,23,2,2,2,0,0,2,ARG,0,1,0,,89.5,2,N
92265,142,7,27,1,0,2,2,0,0,2,PRT,0,1,0,,85.5,1,N
103136,52,12,50,9,2,2,2,0,0,2,NLD,0,4,0,,96.9,1,N
67667,9,5,18,5,2,2,2,0,0,2,BRA,0,1,0,,150,1,Y
47727,54,3,10,1,0,4,2,0,0,2,PRT,0,1,0,,47.43,0,Y
109481,86,4,15,9,2,1,3,0,0,3,AUT,0,4,0,,163.8,0,N
55166,30,8,32,6,2,3,2,0,0,2,GBR,0,1,0,,103.5,1,Y
44462,97,10,41,5,1,3,1,0,0,1,PRT,0,1,0,,140,0,Y
100788,179,10,44,28,2,3,2,1,0,3,FRA,0,1,0,,107.1,2,N
52735,120,6,24,10,1,2,2,0,0,2,NZL,0,1,0,,126.9,0,Y
84202,14,2,8,14,2,5,3,0,0,3,DEU,0,4,0,,139,1,N
71896,53,7,28,15,1,1,2,0,0,2,ESP,0,1,0,,135,1,Y
50092,100,4,17,23,1,1,2,0,0,2,PRT,0,1,0,,96,0,Y
73015,143,8,32,12,2,1,2,0,0,2,BEL,0,1,0,,130.5,0,Y
81765,113,2,9,25,0,3,2,0,0,2,PRT,1,1,0,,75,0,Y
42236,0,9,36,3,0,3,2,0,0,2,PRT,0,4,0,,121.33,0,N
92011,155,6,27,26,2,1,2,0,0,2,PRT,0,1,0,,96.3,1,N
106728,50,2,9,27,1,2,3,1,0,4,BRA,0,7,0,,188.01,2,N
109956,47,4,16,19,0,1,1,0,0,1,BEL,0,1,0,,108,0,N
50712,47,5,19,6,0,2,2,2,0,4,IRL,0,6,0,,198.9,0,Y
47747,8,3,10,2,0,2,1,0,0,1,PRT,0,1,0,,56,0,Y
68848,84,5,21,21,2,2,2,0,0,2,DEU,0,1,2,,109.25,0,Y
118742,3,8,34,24,0,1,1,1,0,2,FRA,0,1,1,,119,1,N
56745,99,9,38,12,1,2,2,0,0,2,DEU,0,1,0,,125.1,0,Y
90073,0,5,23,31,0,2,2,0,0,2,FRA,0,1,1,,105.75,1,N
67289,61,5,18,1,1,2,2,0,0,2,USA,0,1,0,,126,0,Y
100539,247,10,44,25,0,4,2,0,0,2,ROU,0,1,0,,90.95,0,N
87776,68,4,18,24,2,0,3,0,0,3,PRT,0,4,0,,133.2,2,N
71575,306,7,27,8,0,1,2,0,0,2,CN,0,1,0,,107.1,1,Y
57952,31,10,41,3,1,5,3,0,0,3,NOR,0,4,0,,173.25,1,Y
100677,5,10,44,28,1,2,2,0,0,2,ESP,0,1,0,,200.33,2,N
99076,4,10,41,7,0,2,2,1,0,3,ESP,0,1,1,,151.5,0,N
105497,17,2,6,6,1,3,2,0,0,2,FRA,0,1,0,,105,0,N
69100,149,5,21,25,0,3,2,0,0,2,DEU,0,5,0,,162,2,Y
84610,100,2,9,25,1,3,2,0,0,2,GBR,0,4,0,,65.49,3,N
65124,119,3,12,25,0,1,2,0,0,2,GBR,0,1,0,,79.2,1,Y
78185,14,10,41,5,1,0,1,0,0,1,USA,0,1,0,,120,1,N
110733,17,4,17,29,1,1,2,0,0,2,POL,0,1,1,,149,1,N
45045,102,10,42,16,0,2,2,0,0,2,DEU,0,1,0,,109,0,N
47798,29,3,10,4,0,2,2,0,0,2,IRL,0,1,2,,81.55,2,Y
114238,38,6,24,16,1,2,2,0,0,2,SWE,0,1,0,,112,1,N
85578,35,3,12,16,0,2,2,0,0,2,CHE,0,1,0,,71.1,1,N
51518,94,5,21,20,1,2,2,0,0,2,PRT,0,4,0,,121.5,0,Y
96005,0,8,35,27,0,1,2,2,1,5,FRA,0,6,1,,168.3,2,N
84924,0,3,10,4,0,2,1,0,0,1,GBR,0,4,0,,116,0,N
90624,20,6,24,8,0,1,1,0,0,1,BEL,0,1,0,,109,1,N
47860,42,3,11,6,2,2,2,0,0,2,GBR,0,1,0,,80.76,1,Y
43562,141,9,39,20,1,0,2,0,0,2,CN,0,1,0,,90,0,N
49004,101,4,15,4,1,2,2,0,0,2,PRT,0,1,0,,80,0,Y
115011,205,6,26,27,0,3,2,0,0,2,NLD,0,1,0,,117,1,N
48830,267,3,14,31,0,2,2,0,0,2,PRT,0,1,0,,62,0,Y
40478,27,7,31,27,1,1,2,0,0,2,PRT,0,1,0,,62,0,Y
87264,72,4,16,14,0,3,2,0,0,2,POL,0,1,0,,105.3,3,N
66315,14,4,16,16,2,4,1,0,0,1,AGO,0,1,0,,115,1,Y
81401,75,12,50,9,0,1,1,0,0,1,PRT,0,1,2,40,65,1,N
52799,69,6,25,12,2,4,1,0,0,1,PRT,0,1,0,,120,0,Y
115290,186,7,27,3,1,0,3,0,0,3,BEL,0,4,0,,156.6,0,N
88571,185,5,19,6,0,2,2,0,0,2,GBR,0,1,0,,81.77,2,N
71701,219,7,28,10,1,3,1,0,0,1,GBR,0,1,0,,89.1,1,Y
81484,4,5,20,13,0,1,4,0,0,4,PRT,0,7,2,45,0,4,N
106912,13,3,9,1,0,4,2,0,0,2,NLD,0,1,0,,91.8,3,N
81700,3,12,51,18,0,1,2,0,0,2,FRA,0,1,1,,75,1,N
53167,166,6,25,16,2,5,2,0,0,2,DEU,0,4,0,,117.18,0,Y
59549,0,10,44,29,0,1,2,0,0,2,PRT,0,1,0,,150,0,Y
67627,81,5,18,5,1,2,2,0,0,2,FRA,0,5,0,,162,0,Y
44899,193,10,42,15,0,3,2,0,0,2,,0,1,0,,65,0,Y
73760,272,7,29,16,0,2,2,0,0,2,PRT,1,1,0,,62.8,0,Y
108317,116,3,12,24,0,2,1,0,0,1,FRA,0,1,1,,90,0,N
113616,30,6,23,5,1,4,3,0,0,3,POL,0,4,0,,194,1,N
76603,138,7,30,25,0,1,2,0,0,2,PRT,0,1,0,,60,0,N
47028,6,2,6,4,1,3,2,1,0,3,ITA,0,1,0,,109,1,Y
88321,12,4,18,29,2,3,1,0,0,1,NLD,0,4,0,,152,1,N
58749,93,10,42,15,2,1,1,0,0,1,PRT,0,1,0,,115,0,Y
55359,398,8,33,11,0,2,2,0,0,2,PRT,0,1,0,,62,0,Y
75425,327,9,37,9,0,2,2,0,0,2,PRT,1,1,0,,62,0,Y
86487,72,4,14,2,1,1,2,0,0,2,ITA,0,4,0,,96.3,1,N
53059,188,6,25,15,0,2,1,0,0,1,PRT,0,1,0,,130,0,Y
97019,46,9,37,9,0,2,2,0,0,2,PRT,0,1,0,,108.72,0,N
67402,82,5,18,3,0,2,2,0,0,2,PRT,0,1,0,,130,0,Y
46889,20,1,5,24,2,2,1,0,0,1,BRA,0,1,0,,67.5,0,Y
70034,148,6,23,8,1,3,3,0,0,3,AUT,0,4,2,,189,1,Y
47787,62,3,10,3,2,3,2,0,0,2,PRT,0,1,0,,71.6,0,N
50546,94,5,19,3,2,5,2,0,0,2,FRA,0,4,1,,164.9,1,Y
92563,0,7,28,8,0,0,1,0,0,1,PRT,0,1,0,153,0,0,N
100938,43,11,45,3,0,1,1,0,0,1,GBR,0,1,1,,88,3,N
48621,90,3,13,25,2,2,2,0,0,2,AUT,0,2,1,,79.8,1,N
44610,210,10,41,8,1,3,2,0,0,2,PRT,0,1,0,,86,0,Y
96816,150,9,37,6,0,3,2,0,0,2,JPN,0,1,0,,80.75,1,N
45603,79,11,46,13,0,2,1,0,0,1,PRT,0,1,0,,70,0,Y
106693,6,2,9,27,1,1,2,0,0,2,GBR,0,1,0,,88,3,N
68623,69,5,20,19,0,2,2,0,0,2,PRT,0,1,0,,99,0,Y
84105,99,2,8,19,0,1,1,0,0,1,PRT,0,1,0,67,81,0,N
53941,136,7,27,2,2,2,2,0,0,2,CHE,0,1,0,,93.08,0,Y
75847,337,9,38,19,2,2,2,0,0,2,PRT,1,1,0,,62,0,Y
52046,148,5,23,29,2,2,2,0,0,2,GBR,0,4,0,,108.16,1,N
91396,0,6,26,20,1,0,1,0,0,1,ESP,0,1,0,62,95,0,N
106884,54,2,9,28,0,5,3,0,0,3,DEU,0,5,0,,116.96,1,N
90272,54,6,23,3,0,1,2,0,0,2,PRT,0,4,0,,149.4,0,N
107161,174,3,10,5,2,2,2,0,0,2,FRA,0,1,0,,90,1,N
98134,141,9,39,23,0,2,2,0,0,2,GBR,0,1,5,,128.8,1,N
82565,93,12,53,30,0,3,2,0,0,2,CHE,0,1,0,,118.19,0,N
51651,41,5,22,24,0,1,1,0,0,1,PRT,0,1,2,179,89,0,Y
55825,27,8,35,22,1,2,2,0,0,2,ESP,0,1,0,,151,1,Y
75833,337,9,38,19,2,2,2,0,0,2,PRT,1,1,0,,62,0,Y
85206,122,6,27,27,1,3,1,0,0,1,PRT,0,5,2,51,106,0,N
59375,25,10,44,27,1,3,2,0,0,2,FRA,0,1,0,,130,0,Y
111188,153,5,18,5,0,2,2,0,0,2,DEU,0,4,0,,139.5,1,N
40394,85,7,30,24,2,3,2,0,0,2,PRT,0,1,0,,76.5,0,Y
65557,373,4,14,5,0,3,2,0,0,2,PRT,0,1,0,,90,0,Y
63631,587,2,7,16,0,1,1,0,0,1,PRT,0,1,0,,59,0,Y
98649,261,10,40,1,1,1,2,0,0,2,ITA,0,1,0,,96,0,N
78250,11,10,40,3,2,2,2,0,0,2,RUS,0,1,0,,145,1,N
40805,36,8,32,7,0,2,2,0,0,2,ESP,0,1,0,,62,0,N
59250,109,10,44,24,1,2,2,0,0,2,ITA,0,1,0,,89.4,0,Y
69369,186,5,22,30,0,2,2,0,0,2,PRT,0,1,0,,130,0,Y
117997,182,8,32,11,0,2,3,0,0,3,PRT,0,4,0,,128.38,2,N
64290,144,3,9,4,2,1,0,2,0,2,BRA,0,2,0,,91.6,1,Y
84399,5,2,9,23,0,2,1,0,0,1,GBR,0,1,0,,70.84,0,N
91601,6,6,26,23,0,1,1,0,0,1,CHN,0,1,0,,91,2,N
86664,55,4,15,6,0,1,2,0,0,2,PRT,0,1,0,,104,0,N
48555,161,3,13,25,1,2,2,0,0,2,PRT,0,1,0,,130,0,Y
109030,77,4,13,1,2,2,2,1,0,3,GBR,0,4,1,,111.6,0,N
117160,56,7,30,24,1,5,2,0,0,2,DEU,0,1,0,,144.67,1,N
88459,97,4,18,30,2,5,2,0,0,2,PRT,0,1,0,,109.81,1,N
103687,140,12,53,27,0,3,2,2,0,4,BRA,0,6,0,,140.98,2,N
53672,105,6,27,27,1,1,2,0,0,2,ISR,0,1,0,,105.3,0,Y
73578,9,8,34,26,2,5,3,0,0,3,ESP,0,5,0,,232.57,1,Y
79780,17,11,49,28,1,1,1,0,0,1,FRA,0,4,0,91,94,2,N
80724,67,11,47,21,1,1,2,0,0,2,FRA,0,1,0,,79.2,1,N
96326,10,8,35,27,2,3,2,0,0,2,ESP,0,1,2,,140.8,1,N
102617,125,12,49,2,0,1,2,0,0,2,DEU,0,1,0,,90,0,N
74463,311,8,35,24,1,1,2,0,0,2,PRT,1,1,0,,62,0,Y
104519,4,1,2,8,2,5,1,0,0,1,NLD,0,1,0,,52.35,1,N
65583,117,4,14,5,0,4,2,0,0,2,PRT,0,1,0,,93.5,0,Y
65963,80,4,15,11,0,3,3,0,0,3,ESP,0,4,0,,228,1,Y
99230,17,10,41,7,2,2,2,0,0,2,USA,0,1,1,,117.04,1,N
59880,304,11,45,3,0,3,2,0,0,2,PRT,0,1,0,,89,0,Y
43615,19,9,39,21,1,1,2,0,0,2,PRT,0,1,0,,48,0,Y
44940,100,10,42,16,0,1,2,0,0,2,PRT,0,1,0,,108,0,Y
71333,343,7,27,2,2,2,2,0,0,2,DEU,0,1,0,,89.1,0,Y
88323,72,5,19,2,1,1,2,0,0,2,FRA,0,4,1,,149.4,2,N
85236,7,3,11,9,0,2,2,0,0,2,PRT,0,1,2,174,80,0,N
82075,0,2,7,16,0,1,1,0,0,1,PRT,0,1,0,45,0,1,N
106930,84,3,9,3,0,2,2,0,0,2,FRA,0,1,0,,79.2,2,N
85746,13,3,13,20,1,0,1,0,0,1,BRA,0,1,0,,75,0,N
78776,0,10,42,15,0,1,1,0,0,1,ISR,0,1,0,,75,0,N
73728,258,7,27,2,0,2,2,0,0,2,PRT,1,1,0,,62.8,0,Y
54262,49,7,29,11,1,0,2,0,0,2,CHN,0,1,0,,93.15,0,Y
116805,175,7,29,22,2,1,2,0,0,2,FIN,0,4,2,,139.5,0,N
64596,52,3,11,13,1,1,1,0,0,1,PRT,0,1,0,,80,0,Y
107781,137,3,11,13,1,4,2,0,0,2,FRA,0,1,0,,88.4,1,N
78065,0,10,40,1,0,1,2,0,0,2,FRA,0,1,0,,126,2,N
55259,101,8,33,9,0,2,2,0,0,2,RUS,0,4,0,,165.6,0,Y
79277,8,10,43,20,0,4,2,0,0,2,FRA,0,1,0,,97.02,0,N
112075,395,5,20,17,0,3,2,0,0,2,AUS,0,1,0,,112.67,2,N
49275,268,4,15,8,2,3,2,0,0,2,PRT,0,1,0,,78,0,N
64556,11,3,11,13,1,0,2,0,0,2,PRT,0,1,1,,105,0,Y
107118,111,4,14,3,1,1,1,0,0,1,ISR,0,1,3,,85,0,N
73308,173,8,33,18,1,2,2,0,0,2,DEU,0,1,0,,118.2,0,Y
86839,61,4,15,7,0,3,2,0,0,2,BEL,0,4,0,,118.8,0,N
102969,4,12,50,9,0,1,1,0,0,1,PRT,0,1,0,,105,0,N
50735,124,5,19,6,1,2,2,0,0,2,DEU,0,4,0,,114.3,1,N
110322,85,4,17,23,2,1,2,0,0,2,CHE,0,1,0,,108,0,N
84726,7,2,10,29,1,2,3,0,0,3,FRA,0,4,0,,193,2,N
101186,40,11,46,6,2,0,2,1,0,3,RUS,0,1,0,,134,0,N
89773,5,5,22,24,0,2,1,0,0,1,PRT,0,1,1,78,0,0,N
95331,0,8,34,17,0,1,2,1,0,3,FRA,0,1,1,,146,2,N
80723,15,11,48,22,8,19,2,0,0,2,PRT,0,1,0,,93.01,0,Y
110559,76,4,17,24,1,4,2,0,0,2,GBR,0,1,0,,160.2,1,N
77015,176,8,35,25,0,4,2,0,0,2,NLD,0,1,0,,49.58,0,N
118331,198,8,32,12,2,5,2,1,0,3,DEU,0,4,0,,105.91,0,N
62156,29,1,1,3,0,2,2,0,0,2,CHN,0,1,0,,79.2,1,Y
98911,107,10,41,3,1,3,2,0,0,2,DEU,0,1,0,,80.75,0,N
103820,3,12,53,28,0,4,2,0,0,2,HUN,0,1,0,,95.2,0,N
103639,0,12,53,28,0,1,2,0,0,2,PRT,0,1,0,,88,0,N
71278,12,7,26,1,1,1,3,0,0,3,IRL,0,4,0,,210,0,Y
74291,309,8,34,22,2,1,2,0,0,2,PRT,1,1,0,,62.8,0,Y
102927,119,12,50,4,2,3,1,0,0,1,BEL,0,1,1,,79.2,1,N
60383,16,11,46,7,1,5,1,0,0,1,AGO,0,1,0,,156.92,0,Y
41108,41,8,33,12,0,2,2,0,0,2,PRT,0,1,0,,62,0,N
119236,189,8,35,29,0,3,2,0,0,2,DEU,0,1,1,,80.1,1,N
64240,16,3,9,2,2,3,2,0,0,2,TUR,0,1,0,,91.8,0,Y
74973,257,7,27,1,0,2,2,0,0,2,PRT,1,1,0,,101.5,0,Y
91416,212,6,26,19,2,0,2,0,0,2,NLD,0,1,0,,81.77,0,N
81611,61,12,52,24,0,3,2,0,0,2,PRT,1,1,2,,107.2,1,Y
82842,68,2,8,17,0,2,2,0,0,2,PRT,1,1,0,,75,0,Y
64200,28,3,9,2,0,3,2,0,0,2,PRT,0,1,0,,95,0,Y
49805,104,4,17,19,0,3,2,0,0,2,AUT,0,1,1,,68.42,0,N
57066,5,9,38,17,2,2,2,0,0,2,FRA,0,1,0,,166.5,1,Y
75175,292,8,32,5,0,2,2,0,0,2,PRT,1,1,0,,62,0,Y
56855,433,9,38,15,0,2,2,0,0,2,PRT,0,1,0,,62,0,Y
49839,265,4,17,20,0,4,2,0,0,2,PRT,0,1,0,,101,0,Y
86278,9,3,14,30,0,1,1,0,0,1,CHN,0,1,0,,82.92,0,N
58697,162,10,42,14,2,2,1,0,0,1,PRT,0,1,0,,115,0,Y
116109,414,7,28,13,0,2,2,0,0,2,DEU,0,1,0,,122.4,1,N
108294,116,3,12,24,0,2,1,0,0,1,FRA,0,1,1,,90,0,N
41273,39,8,33,14,0,2,2,0,0,2,PRT,0,1,0,,101.5,0,Y
102065,215,11,48,21,1,1,2,0,0,2,ESP,0,1,2,233,85,0,N
65252,629,3,13,30,0,2,2,0,0,2,PRT,0,1,0,,62,0,Y
50804,98,5,20,8,2,3,2,0,0,2,SWE,0,1,0,,109.65,1,Y
100093,96,10,43,19,0,4,2,0,0,2,HUN,0,1,0,,118.8,2,N
81376,22,12,50,9,1,4,0,2,1,3,PRT,0,2,1,,80.75,1,Y
109445,104,4,15,9,2,1,2,0,0,2,FRA,0,1,0,,117,3,N
116010,98,7,28,10,1,3,2,0,0,2,AUT,0,1,0,,120,1,N
62670,54,1,3,18,0,3,2,0,0,2,PRT,0,1,0,,65,0,Y
76814,6,11,47,16,0,1,1,0,0,1,PRT,0,1,0,40,67,1,N
72739,210,8,31,4,2,3,2,0,0,2,GBR,0,1,0,,130.5,1,Y
73832,300,8,33,13,0,2,2,0,0,2,PRT,1,1,0,,62.8,0,Y
63124,56,2,5,1,0,3,2,0,0,2,PRT,0,1,0,,60,0,Y
73246,207,8,33,17,0,3,3,0,0,3,USA,0,4,1,,167.7,0,Y
79616,33,10,44,31,0,0,2,0,0,2,PRT,0,1,0,,0,1,N
79089,5,10,43,19,1,2,2,0,0,2,POL,0,1,0,,90,0,N
61602,103,12,52,18,2,2,2,0,0,2,FRA,0,1,0,,88.4,0,Y
111615,51,5,18,6,2,5,2,0,1,3,FRA,0,1,0,,142.07,2,N
82615,50,12,53,31,0,3,2,0,1,3,ITA,0,1,1,,71.33,0,N
48801,267,3,14,31,0,1,1,0,0,1,PRT,0,1,0,,6,0,Y
74571,346,9,40,28,1,1,2,0,0,2,PRT,1,1,0,,62,0,Y
48665,9,3,13,26,2,1,2,0,0,2,ITA,0,1,0,,144.33,0,Y
74710,0,1,3,13,0,2,1,0,0,1,PRT,0,1,2,45,0,2,N
91449,79,6,25,16,2,4,2,0,0,2,AUT,0,1,1,,120.6,0,N
103777,19,12,53,30,0,2,2,0,0,2,FRA,0,4,0,,148,1,N
44465,97,10,41,5,1,3,1,0,0,1,PRT,0,1,0,,140,0,Y
78805,14,10,42,15,0,2,1,0,0,1,SVN,0,1,0,,100,0,N
102820,3,12,50,5,1,1,1,0,0,1,IRL,0,1,1,,88,0,N
56608,178,9,37,9,0,2,1,0,0,1,PRT,0,1,0,,135,0,Y
82696,44,1,1,2,2,1,2,0,0,2,ITA,0,1,0,,98,0,N
46865,16,1,4,22,0,2,2,0,0,2,ITA,0,1,0,,80.3,1,N
93237,66,7,30,18,1,0,1,0,0,1,ESP,0,1,0,,69.3,1,N
118161,214,8,32,12,2,2,2,0,0,2,PRT,0,1,0,,89,0,N
62574,6,1,3,15,2,3,1,0,0,1,CHE,0,1,0,,76.3,0,Y
103592,67,12,53,25,2,1,3,0,0,3,BEL,0,5,0,,142,0,N
61313,124,12,50,7,1,4,2,0,0,2,ITA,0,1,2,,74.8,0,Y
58326,129,10,42,10,1,5,2,0,0,2,NOR,0,4,0,,132.3,0,Y
41331,39,8,33,14,0,2,2,0,0,2,PRT,0,1,0,,101.5,0,Y
91674,92,6,26,20,1,3,1,1,0,2,FIN,0,1,1,,81.95,1,N
110070,20,4,16,20,0,1,2,0,0,2,BRA,0,1,0,,115,0,N
43420,74,9,38,18,0,2,1,0,0,1,PRT,0,1,0,,87,0,N
75374,313,8,35,26,0,2,2,0,0,2,PRT,1,1,0,,62,0,Y
115566,276,7,27,4,0,4,2,0,0,2,BRA,0,1,0,,107.1,0,N
110775,6,4,17,29,2,1,2,0,0,2,CHE,0,1,0,,163.33,0,N
58378,184,10,42,12,0,1,2,0,0,2,FRA,0,1,1,,98.1,0,Y
56326,420,9,36,3,2,2,2,0,0,2,PRT,0,1,0,,75,0,Y
66239,87,4,15,15,2,2,2,0,0,2,PRT,0,1,0,,95,0,Y
76987,1,8,35,23,1,0,1,0,0,1,PRT,0,1,0,,67,0,N
70434,67,6,24,16,2,2,2,2,0,4,ITA,0,6,0,,250,0,Y
60670,84,11,47,18,0,2,2,0,0,2,CHE,0,1,0,,93.6,1,Y
72492,490,7,30,29,2,1,2,0,0,2,PRT,0,1,0,,90,0,Y
60825,56,11,48,23,0,3,2,0,0,2,NLD,0,1,0,,93.6,1,Y
104080,8,1,1,1,2,2,2,0,0,2,ITA,0,4,0,,112.2,1,N
82332,24,12,52,24,2,3,2,0,0,2,FRA,0,1,0,,58,1,N
81523,27,12,50,9,1,4,2,0,0,2,DEU,0,1,0,,69,0,N
68672,134,5,20,19,1,2,3,0,0,3,GBR,0,5,0,,198,0,Y
52512,56,6,24,8,0,1,2,0,0,2,PRT,0,1,0,,120,0,Y
84374,18,2,9,22,1,2,2,1,0,3,FRA,0,1,0,,120,2,N
90230,51,6,23,2,0,2,3,0,0,3,FRA,0,4,0,,123.11,1,N
57356,254,9,39,24,1,1,2,0,0,2,PRT,0,1,0,,96,0,Y
77820,17,9,39,26,2,1,1,0,0,1,ITA,0,1,2,,170,0,N
101908,61,11,47,17,0,3,2,0,0,2,FRA,0,1,0,,79.2,1,N
90206,3,5,23,29,2,4,2,0,0,2,PRT,0,1,0,,113.46,2,N
101622,117,11,47,13,2,0,2,0,0,2,CHE,0,1,0,,79.2,0,N
65099,77,3,12,24,0,2,2,0,0,2,FRA,0,4,0,,106.2,0,Y
42683,69,9,37,9,0,2,2,0,0,2,PRT,0,1,0,,62,0,Y
77831,4,2,8,14,2,1,1,0,0,1,PRT,0,1,1,40,68,0,N
60125,8,11,45,5,0,1,2,0,0,2,PRT,0,1,0,,89,0,Y
99267,176,10,41,7,2,2,2,0,0,2,CHE,0,1,1,,94.12,0,N
71215,123,6,26,29,2,3,2,0,0,2,BEL,0,4,0,,120.06,0,Y
94285,145,7,31,30,2,2,3,0,0,3,ITA,0,1,1,,134.3,2,N
108073,151,3,12,20,1,1,2,0,0,2,PRT,0,1,0,,95,1,N
70145,2,6,24,11,1,0,2,0,0,2,PRT,0,1,0,,100,0,Y
49076,105,4,15,6,0,1,2,0,0,2,PRT,0,1,0,,75,0,Y
119096,200,8,34,25,2,2,2,0,0,2,DEU,0,1,0,,117,0,N
79481,25,10,44,27,0,1,1,0,0,1,ESP,0,1,0,,109,0,N
44979,102,10,42,16,0,2,2,0,0,2,DEU,0,1,0,,109,0,N
117746,291,8,31,2,2,5,2,0,0,2,FRA,0,2,0,,101.08,1,N
81432,25,12,49,4,2,5,2,0,0,2,CHE,0,1,0,,72.93,0,N
58861,285,10,43,16,2,3,2,0,0,2,FIN,0,2,1,,81.81,0,Y
60265,277,11,46,7,1,2,2,0,0,2,PRT,0,1,0,,100,0,Y
116368,27,7,28,14,2,3,2,1,0,3,BEL,0,1,1,,211,4,N
77419,19,10,41,6,0,3,1,0,0,1,PRT,0,1,0,,80,0,N
83109,1,1,2,10,0,1,1,0,0,1,PRT,0,1,0,238,65,0,N
105726,16,2,6,10,2,3,2,0,0,2,GBR,0,1,0,,74.8,1,N
49304,80,4,16,10,2,1,1,0,0,1,PRT,0,1,0,,100,0,Y
91907,53,6,26,24,1,2,2,0,0,2,PRT,0,1,0,,65,1,N
85213,0,3,11,10,0,1,1,0,0,1,PRT,0,1,0,163,50,1,N
50825,114,5,20,9,1,3,2,0,0,2,NLD,0,4,0,,107.95,0,Y
86555,58,4,15,3,2,1,3,0,0,3,FRA,0,1,0,,105,1,N
97029,45,9,37,9,1,2,2,0,0,2,BEL,0,1,0,,118.15,1,N
107028,2,3,10,6,0,0,0,0,0,0,PRT,0,4,0,,0,0,N
99580,105,10,42,12,0,3,2,0,0,2,PRT,0,1,0,,75,0,N
118193,50,8,33,14,1,1,2,0,0,2,CHE,0,1,0,,160,1,N
62743,65,1,3,20,2,6,3,0,0,3,BRA,0,4,0,,130.9,1,Y
66610,393,4,16,22,2,1,2,0,0,2,PRT,0,1,0,,90,0,Y
103404,1,12,52,19,1,2,2,1,0,3,IRN,0,1,0,,117.5,2,N
100080,192,10,43,21,0,2,2,0,0,2,FRA,0,1,0,,95,1,N
64328,27,3,10,6,1,0,1,0,0,1,PRT,0,1,0,,75,0,Y
77914,16,9,39,25,2,3,1,0,0,1,GBR,0,1,0,,170,0,N
93983,102,7,30,23,2,5,2,0,0,2,FRA,0,1,0,,114.3,1,N
98345,54,10,42,15,1,1,2,0,0,2,GBR,0,4,0,,107.41,1,N
96370,26,8,36,28,2,3,3,0,0,3,USA,0,5,0,,165.83,0,N
98991,29,10,41,5,0,2,2,0,0,2,FRA,0,1,0,,152,2,N
92256,8,6,27,30,0,3,2,0,0,2,ISR,0,1,0,,116.27,2,N
63469,67,2,7,12,2,0,2,0,0,2,PRT,0,1,0,,80,0,Y
99138,220,10,41,5,1,4,2,0,0,2,DEU,0,1,1,,112.65,1,N
100639,26,10,44,29,0,1,2,0,0,2,FIN,0,1,0,,130,1,N
56949,64,9,38,16,0,1,2,0,0,2,RUS,0,4,0,,149.4,0,Y
59803,28,11,45,2,0,1,1,0,0,1,POL,0,1,0,,110,0,Y
85058,7,3,11,8,0,1,1,0,0,1,PRT,0,1,0,,97,0,N
105760,109,2,7,12,2,1,2,0,0,2,DEU,0,1,1,,79.2,0,N
87366,97,4,16,16,2,1,2,0,0,2,FRA,0,4,0,,102.3,0,N
47931,36,3,11,10,0,1,2,0,0,2,PRT,0,1,0,,81.9,2,Y
86549,80,3,14,31,2,3,2,0,0,2,GBR,0,1,0,,55.63,1,N
52124,113,5,23,31,0,3,1,0,0,1,PRT,0,1,0,202,100,0,Y
111525,307,5,19,11,0,1,2,0,0,2,MOZ,0,1,1,,89.1,0,N
85437,40,3,12,13,2,1,2,0,0,2,FRA,0,1,0,,85,0,N
95226,75,8,33,12,2,3,2,0,0,2,NLD,0,4,0,,149.4,1,N
84944,54,3,10,5,0,1,2,0,0,2,PRT,0,1,0,,69.5,1,N
49559,65,4,16,14,2,5,2,0,0,2,DEU,0,4,0,,110.99,1,Y
46575,7,1,2,8,2,3,2,0,0,2,MAR,0,1,0,,71.6,0,N
73641,521,8,35,29,0,1,2,0,0,2,PRT,0,1,0,,90,0,Y
82840,68,2,8,17,0,2,2,0,0,2,PRT,1,1,0,,75,0,Y
87787,148,4,17,23,2,1,2,0,0,2,NLD,0,1,0,,69.33,0,N
83739,92,2,7,9,0,2,2,0,0,2,PRT,0,1,0,,69.5,1,N
65337,105,3,13,31,2,2,2,0,0,2,POL,0,1,0,,110.7,1,Y
40989,39,8,33,10,1,1,1,0,0,1,PRT,0,1,0,,0,0,N
89579,100,5,21,19,1,3,2,0,0,2,FRA,0,1,0,,136,1,N
117776,130,8,32,7,1,2,2,0,0,2,GBR,0,4,0,,89.1,2,N
113382,158,6,23,6,0,1,2,0,0,2,CN,0,1,0,,126,2,N
60676,301,11,47,18,0,2,2,0,0,2,PRT,0,1,0,,52,0,Y
81368,11,10,41,4,0,2,1,0,0,1,PRT,1,1,1,45,0,0,N
93112,86,7,29,14,0,3,3,0,0,3,FRA,0,4,0,,137.7,1,N
104287,75,1,2,8,2,1,1,0,0,1,USA,0,4,0,,67,2,N
53463,80,6,26,21,0,1,2,0,0,2,CHN,0,1,0,,104.49,0,Y
116160,57,7,28,14,0,2,2,0,0,2,DEU,0,4,0,,116.1,0,N
88647,16,5,19,6,2,2,2,0,0,2,ITA,0,7,0,,194.58,2,N
51388,28,5,21,19,0,2,1,0,0,1,PRT,0,1,0,174,95,0,Y
47606,1,2,10,28,2,1,1,0,0,1,PRT,0,1,0,,60,0,Y
93343,187,7,30,19,0,2,2,0,0,2,GBR,0,4,0,,105.3,0,N
108653,112,3,13,27,1,3,2,0,0,2,FRA,0,1,0,,91.8,1,N
79172,29,10,43,20,0,3,2,0,0,2,FRA,0,4,0,,75,0,N
59737,166,11,45,1,0,3,1,0,0,1,PRT,0,1,0,,110,0,Y
77009,0,10,44,27,0,2,1,0,0,1,PRT,0,1,1,,65,0,N
102789,35,12,49,2,2,2,2,0,0,2,ESP,0,1,0,,88.4,1,N
44263,164,10,40,2,0,2,1,0,0,1,PRT,0,1,0,,100,0,N
71047,141,6,26,27,2,5,1,0,0,1,PRT,0,1,0,,130,0,Y
81991,115,3,13,20,2,0,1,0,0,1,PRT,1,1,0,,70,0,Y
102988,74,12,50,9,0,2,2,0,0,2,PRT,0,1,0,,75,0,N
84570,5,2,9,26,0,2,2,0,0,2,PRT,0,1,0,,81,1,N
112809,227,5,21,25,1,3,2,0,0,2,BEL,0,1,0,,125.1,0,N
80387,34,12,50,8,0,2,1,0,0,1,PRT,1,1,0,,90,0,Y
48933,91,4,14,2,2,2,2,0,0,2,CHE,0,1,0,,59.37,0,N
114177,196,6,24,15,0,3,2,0,0,2,AUT,0,4,0,,139.5,1,N
47174,35,2,7,11,1,3,2,0,0,2,LTU,0,1,0,,61.16,0,N
42615,0,9,37,8,0,2,2,0,0,2,PRT,0,1,0,,110.4,0,N
56606,266,9,37,9,0,2,2,0,0,2,PRT,0,1,0,,105,0,Y
102145,215,11,48,21,1,1,1,0,0,1,DEU,0,1,1,233,75,1,N
117817,251,8,31,5,2,3,3,0,0,3,ITA,0,4,0,,156.6,2,N
62340,23,1,2,9,1,5,2,0,0,2,UKR,0,1,0,,67.58,1,Y
79811,19,10,44,29,2,5,2,0,0,2,NLD,0,4,0,,115.11,1,N
103714,66,12,52,23,2,5,1,0,0,1,PRT,0,1,0,,63.75,1,N
103465,100,12,52,23,0,2,3,0,0,3,FRA,0,1,0,,105,0,N
103658,74,12,53,26,1,2,2,0,0,2,BGR,0,4,0,,102.6,1,N
61850,213,12,53,27,0,4,2,0,0,2,LUX,0,1,0,,79.48,1,Y
53038,188,6,25,15,0,2,1,0,0,1,PRT,0,1,0,,130,0,Y
52616,41,6,24,8,0,4,3,0,0,3,ISR,0,4,0,,150.3,0,Y
68724,420,5,20,20,2,1,2,0,0,2,PRT,0,1,0,,90,0,Y
107712,6,3,11,13,1,3,2,0,0,2,DEU,0,1,0,,66.64,1,N
60117,11,11,45,5,0,1,2,1,0,3,GBR,0,1,0,,150,1,Y
80761,176,4,15,9,1,1,2,0,0,2,PRT,1,1,0,,125,0,Y
86507,67,4,14,1,1,2,2,0,0,2,DEU,0,1,0,,75.65,0,N
100599,36,10,44,28,0,2,2,0,0,2,ITA,0,1,0,,109,2,N
117826,174,8,32,7,1,2,2,0,0,2,NLD,0,4,0,,139.5,1,N
98628,182,9,40,30,0,2,2,0,0,2,GBR,0,1,0,,117.9,2,N
52913,11,6,25,14,0,3,2,0,0,2,PRT,0,4,0,51,90,0,Y
106258,1,3,9,2,0,1,1,0,0,1,DEU,0,1,0,,85,1,N
109104,56,4,14,6,0,1,2,0,0,2,SWE,0,1,1,,127.5,0,N
50401,54,4,18,29,2,4,2,2,0,4,FRA,0,6,2,,187.85,0,Y
60343,277,11,46,7,1,2,2,0,0,2,PRT,0,1,0,,100,0,Y
87137,18,4,16,13,0,2,3,0,0,3,ESP,0,4,0,,165,1,N
64802,96,3,11,16,0,3,2,0,0,2,ESP,0,1,0,,79.2,2,Y
93550,115,7,30,18,1,4,3,0,0,3,DEU,0,4,0,,141.3,0,N
75780,323,9,36,5,2,2,2,0,0,2,PRT,1,1,0,,62,0,Y
70891,129,6,25,24,2,1,2,0,0,2,PRT,0,1,0,,130,0,Y
53774,144,6,27,29,1,4,1,0,0,1,ITA,0,1,0,,80.75,0,Y
91571,92,6,26,20,1,3,2,0,0,2,FIN,0,1,1,,81.95,0,N
78087,6,10,41,4,2,3,2,0,0,2,PRT,1,1,0,,57.92,0,Y
48006,69,3,11,12,1,1,2,2,0,4,USA,0,6,1,,150.3,1,Y
56420,226,9,37,5,1,2,3,0,0,3,BRA,0,6,0,,172.8,0,Y
106794,5,2,9,27,1,3,2,0,0,2,FRA,0,1,0,,73.44,0,N
82073,15,12,51,17,0,2,2,2,1,5,PRT,0,7,1,,0,0,N
61911,16,12,53,28,2,4,2,0,0,2,PRT,0,1,0,,76.67,0,Y
68225,164,5,20,15,1,2,1,0,0,1,PRT,0,1,0,,160,0,Y
43701,83,9,39,23,0,2,2,0,0,2,ESP,0,1,0,,62,0,N
78497,24,10,41,8,0,3,2,0,0,2,SWE,0,1,0,,114,2,N
68049,106,5,19,11,2,3,2,0,0,2,GBR,0,4,0,,141.3,0,Y
81919,181,5,19,5,2,4,2,0,0,2,PRT,1,1,0,,90,0,Y
82864,68,2,8,17,0,2,2,0,0,2,PRT,1,1,0,,75,0,Y
108803,59,3,13,30,0,3,2,0,0,2,ITA,0,1,0,,89.1,0,N
65185,200,3,13,26,2,5,2,0,0,2,BRA,0,1,0,,91.14,1,Y
102763,13,12,50,5,1,0,1,0,0,1,NLD,0,1,0,,96,0,N
105019,0,1,4,25,0,3,2,0,0,2,AGO,0,1,1,,98,0,N
81273,67,12,49,5,2,1,1,0,0,1,PRT,0,1,0,,95.4,1,N
61339,517,12,50,8,0,2,2,0,0,2,PRT,0,1,0,,62.8,0,Y
105662,25,2,6,11,1,1,2,0,0,2,FRA,0,1,0,,75,0,N
55016,210,8,32,2,0,4,2,2,0,4,NLD,0,6,0,,167.95,0,N
99374,181,10,42,11,0,2,1,0,0,1,FRA,0,1,0,,120,0,N
44007,68,9,40,29,0,2,2,0,0,2,FRA,0,1,0,,65,0,N
57865,52,10,41,2,2,0,1,0,0,1,BRA,0,1,0,,108,1,Y
97463,15,9,38,15,0,2,2,0,0,2,USA,0,4,0,,141.68,1,N
104790,34,1,3,20,0,2,2,0,0,2,GBR,0,1,1,,77,1,N
71949,162,7,28,15,2,5,1,0,0,1,LUX,0,1,0,,98.1,0,Y
89387,198,5,21,20,0,1,2,0,0,2,PRT,0,1,0,,65,0,N
41836,50,8,35,25,0,4,2,0,0,2,PRT,0,1,0,,62,0,Y
104247,9,1,1,6,1,2,2,0,0,2,FRA,0,1,0,,87.69,0,N
51285,64,5,21,17,0,2,2,0,0,2,PRT,0,1,0,218,140,0,Y
78225,19,10,40,3,2,2,2,0,0,2,BRA,0,1,0,,111.75,2,N
69536,71,6,22,1,0,3,2,2,0,4,ITA,0,6,0,,250,0,Y
111207,26,5,19,7,1,0,1,0,0,1,NLD,0,1,0,,149,0,N
48246,18,3,12,19,2,1,2,0,0,2,ESP,0,1,0,,113.67,0,Y
64801,131,3,11,16,0,3,2,0,0,2,FRA,0,4,0,,102.6,3,Y
103273,5,12,51,14,0,4,2,0,0,2,SRB,0,1,0,,66.3,2,N
99021,95,10,41,6,0,2,2,0,0,2,FRA,0,4,0,,132.3,3,N
58471,97,10,42,12,1,4,2,0,0,2,USA,0,6,3,,176.8,0,Y
117734,190,8,31,5,2,2,2,1,0,3,FRA,0,4,0,,170,4,N
105338,1,2,5,2,0,3,2,1,0,3,PRT,0,4,0,,90.86,3,N
106441,1,2,8,24,0,1,1,0,0,1,PRT,0,1,0,,83,1,N
98187,336,9,39,21,1,4,2,0,0,2,DEU,0,1,0,,78,0,N
63363,23,2,6,9,2,3,2,1,0,3,PRT,0,1,0,,80.76,0,Y
118975,89,8,34,26,1,1,2,0,0,2,BRA,0,4,0,,115.2,1,N
99574,105,10,42,12,0,3,2,0,0,2,PRT,0,1,0,,75,0,N
111090,14,5,18,2,0,4,2,0,0,2,ITA,0,1,0,,127.5,1,N
109106,56,4,14,6,0,1,2,0,0,2,SWE,0,1,1,,127.5,0,N
61570,185,12,51,16,1,2,2,0,0,2,DEU,0,1,0,,79.2,0,Y
113733,241,6,23,9,0,2,3,0,0,3,GBR,0,1,0,,116.1,1,N
80310,33,12,50,9,0,2,2,0,0,2,PRT,1,1,0,,110,0,Y
43255,56,9,38,17,0,2,2,0,0,2,FRA,0,1,0,,82,0,N
83718,59,2,6,6,2,2,1,0,0,1,AUT,0,1,0,,51,0,N
75492,341,9,39,23,0,2,2,0,0,2,PRT,1,1,0,,62,0,Y
109259,12,4,14,8,0,1,2,0,0,2,PRT,0,7,0,,0,2,N
70856,174,6,25,23,1,2,3,0,0,3,FRA,0,5,0,,189,2,Y
102612,0,12,49,3,0,0,0,0,0,0,PRT,0,1,0,,0,0,N
84369,6,2,9,22,1,2,1,0,0,1,FRA,0,1,0,,92,0,N
40272,12,7,29,18,2,2,2,0,0,2,PRT,0,1,0,,62,0,N
46585,4,1,2,8,0,2,2,0,0,2,FRA,0,1,0,,87,1,N
118066,144,8,32,10,1,3,2,0,0,2,GBR,0,1,0,,130.5,2,N
79972,26,11,45,3,1,5,2,0,0,2,PAN,0,1,0,,99.45,0,N
114907,31,6,26,27,0,1,1,0,0,1,JPN,0,4,0,,119,2,N
68413,1,5,20,17,0,1,1,0,0,1,PRT,0,1,0,,0,0,Y
69072,181,5,21,25,0,2,2,0,0,2,PRT,0,1,0,,130,0,Y
75310,304,8,34,17,1,1,2,0,0,2,PRT,1,1,0,,62,0,Y
61724,113,12,52,24,1,1,2,0,0,2,ESP,0,1,0,,121.75,1,Y
69177,204,5,21,26,1,2,2,0,0,2,GBR,0,1,0,,107.1,2,Y
94490,83,8,32,1,1,3,3,0,0,3,ITA,0,1,2,,154.7,1,N
119332,104,8,35,31,0,3,1,0,0,1,JPN,0,1,0,,129.33,0,N
113715,212,6,23,9,0,2,2,0,0,2,GBR,0,1,0,,99,1,N
111602,58,5,19,7,2,4,2,0,0,2,FRA,0,1,0,,120,0,N
77125,0,9,37,7,1,0,2,0,0,2,PRT,0,1,0,,0,0,N
67310,157,5,18,1,1,3,2,0,0,2,PRT,0,1,0,,130,0,Y
114563,23,6,25,21,0,3,2,0,0,2,CHE,0,1,0,,141,2,N
82042,305,10,40,1,1,1,2,0,0,2,PRT,1,1,0,,100,0,Y
79181,10,10,43,20,0,3,1,0,0,1,GRC,0,1,0,,109,0,N
92463,46,7,28,4,1,2,2,0,0,2,CZE,0,1,0,,117.9,1,N
76665,8,11,45,5,2,4,1,0,0,1,PRT,2,1,2,40,65,0,N
117874,1,8,32,9,0,2,3,0,0,3,FRA,0,4,0,,229,1,N
100524,31,10,44,26,0,3,2,0,0,2,FRA,0,1,0,,129,2,N
109877,172,4,15,14,2,2,2,0,0,2,ESP,0,1,0,,112.1,1,N
66961,110,4,17,26,1,4,2,1,0,3,NOR,0,1,0,,100.8,0,Y
71774,451,7,28,12,0,3,2,0,0,2,PRT,0,1,0,,90,0,Y
111371,116,5,19,7,2,1,2,0,0,2,GBR,0,1,0,,89.1,0,N
63507,28,2,7,12,2,2,2,0,0,2,ESP,0,1,0,,74.8,0,Y
91544,37,6,26,22,0,1,2,0,0,2,DEU,0,1,2,,103.35,2,N
40167,96,7,28,11,2,1,2,0,0,2,PRT,0,1,0,,94.5,0,N
80767,180,4,16,13,0,1,2,0,0,2,PRT,1,1,0,,125,0,Y
91803,192,6,26,24,0,2,1,0,0,1,GBR,0,1,0,,95,0,N
43678,34,9,39,23,0,1,2,0,0,2,PRT,0,1,0,,206,0,N
79532,16,11,45,4,0,2,1,0,0,1,PRT,1,1,0,122,95,0,Y
114994,204,6,26,27,0,3,2,0,0,2,DEU,0,1,0,,117,1,N
85085,31,3,11,6,2,1,2,0,0,2,ITA,0,1,1,,109.1,0,N
95497,153,8,34,19,0,1,2,2,0,4,FRA,0,6,0,,186.3,0,N
99874,54,10,43,16,2,2,1,0,0,1,DEU,0,1,2,,66.5,0,N
65260,56,3,13,30,0,3,2,0,0,2,AUT,0,1,0,,103.8,1,Y
79931,14,11,45,6,0,1,2,0,0,2,PRT,0,1,0,,75,0,Y
75018,268,7,29,12,2,1,2,0,0,2,PRT,1,1,0,,82,0,Y
91326,1,6,25,17,1,2,2,0,0,2,DNK,0,1,0,,75,1,N
96130,49,8,36,28,1,0,2,0,0,2,FRA,0,1,0,,109.8,0,N
47734,6,3,10,2,0,1,2,0,0,2,GBR,0,1,0,,93,1,Y
95915,44,8,35,24,0,2,2,0,0,2,CHE,0,1,0,,85.5,0,N
69671,348,6,22,3,2,1,2,0,0,2,PRT,0,1,0,,90,0,Y
110003,78,4,16,17,1,3,3,0,0,3,FRA,0,5,0,,198,1,N
64966,99,3,12,21,0,3,2,0,0,2,PRT,0,1,0,,85,0,Y
77551,18,10,41,7,0,2,2,0,1,3,PRT,1,1,0,,85,0,Y
117913,183,8,31,5,2,5,2,0,0,2,ITA,0,1,0,,95.46,1,N
98210,39,9,40,25,1,0,1,0,0,1,DEU,0,1,0,,129.7,0,N
108951,6,4,14,3,1,0,1,0,0,1,PRT,0,1,0,,119,0,N
77571,5,9,40,27,2,3,2,0,0,2,PRT,1,1,1,,127.51,1,Y
41614,7,8,34,19,0,2,2,2,0,4,PRT,0,6,0,,97,1,N
50469,3,5,19,1,4,6,1,0,0,1,PRT,0,4,0,153,110,0,Y
45582,233,11,45,7,1,1,2,0,0,2,FRA,0,1,0,,60,0,N
119171,186,8,35,31,0,3,2,0,0,2,DEU,0,4,1,,12,2,N
53862,44,7,27,1,0,2,3,0,0,3,BEL,0,4,0,,150.3,0,Y
88219,9,6,25,21,0,1,1,0,0,1,PRT,0,1,0,219,104,1,N
52544,56,6,24,8,0,1,2,0,0,2,PRT,0,1,0,,120,0,Y
89114,0,5,21,17,0,0,2,0,0,2,PRT,0,1,0,,0,0,N
59735,166,11,45,1,0,3,1,0,0,1,PRT,0,1,0,,110,0,Y
76149,273,7,29,17,0,2,2,0,0,2,PRT,1,1,0,,101.5,0,Y
56383,62,9,37,4,2,2,1,0,0,1,GBR,0,1,0,,98.55,1,Y
61636,279,12,52,21,0,4,2,0,0,2,ISR,0,1,1,,73.95,0,Y
113976,67,6,24,12,1,2,2,0,0,2,NLD,0,1,0,,95.76,1,N
116297,11,7,29,16,2,0,1,0,0,1,KOR,0,1,0,,129,1,N
97929,146,9,39,21,0,1,2,0,0,2,DEU,0,1,0,,89.75,0,N
47256,5,2,7,13,2,1,2,0,0,2,IND,0,1,0,,79,0,Y
44413,97,10,41,5,1,3,1,0,0,1,PRT,0,1,0,,140,0,Y
100702,5,10,44,27,1,3,1,0,0,1,SWE,0,1,0,,159,2,N
89190,64,5,21,17,0,2,1,0,0,1,DNK,0,1,0,218,130,0,N
83769,7,2,7,11,0,1,1,0,0,1,NLD,0,1,0,,66.22,1,N
112487,0,5,21,23,0,2,2,0,0,2,ESP,0,4,0,,190,1,N
50692,116,5,19,5,0,3,2,0,0,2,IMN,0,1,0,,105.3,0,Y
118928,457,8,34,25,0,2,2,0,0,2,DEU,0,1,1,,122.4,1,N
77531,263,9,39,21,1,0,2,0,0,2,PRT,0,1,0,,67,0,N
56908,317,9,38,15,0,2,2,0,0,2,PRT,0,1,0,,120,0,Y
50681,204,5,19,5,0,3,1,0,0,1,PRT,0,1,0,,90,0,Y
117136,159,7,30,29,0,1,2,2,0,4,DEU,0,5,1,,200.5,2,N
72845,120,8,32,8,0,1,2,0,0,2,PRT,0,1,0,,114.75,2,Y
64687,37,3,11,15,0,2,2,0,0,2,PRT,0,1,0,,110,0,Y
111509,112,5,19,11,0,1,2,0,0,2,USA,0,1,0,,126,0,N
96314,216,8,36,30,0,2,2,0,0,2,GBR,0,1,0,,96.3,1,N
46424,0,1,1,1,0,1,2,0,0,2,ITA,0,1,0,,86,0,N
72349,167,7,30,26,1,4,2,0,0,2,ITA,0,1,0,,115,0,Y
112239,10,5,21,21,1,0,2,0,0,2,FRA,0,1,2,,140,1,N
55688,291,8,34,19,0,2,2,0,0,2,PRT,0,1,0,,115,0,Y
53729,119,6,27,28,0,1,2,0,0,2,FRA,0,1,0,,85.5,0,Y
53075,188,6,25,15,0,2,1,0,0,1,PRT,0,1,0,,130,0,Y
88920,86,5,20,10,0,4,2,0,0,2,DEU,0,4,0,,132.6,0,N
88800,109,5,20,8,2,3,2,0,0,2,DEU,0,4,0,,90.96,1,N
59641,75,10,45,30,2,0,2,0,0,2,PRT,0,1,0,,105,0,Y
92144,125,6,27,30,0,1,2,0,0,2,ESP,0,1,0,,85.5,1,N
107801,3,3,10,11,2,6,2,0,0,2,IRL,0,1,3,,90,1,N
64759,140,3,11,15,2,5,2,0,0,2,ESP,0,1,0,,74.8,1,Y
50974,52,5,20,12,0,3,2,0,0,2,BEL,0,1,0,,126.9,0,Y
43105,61,9,38,15,0,1,2,0,0,2,RUS,0,1,0,,98.25,1,N
56838,433,9,38,15,0,2,2,0,0,2,PRT,0,1,0,,62,0,Y
69475,298,5,22,31,2,5,2,0,0,2,CN,0,4,0,,123.3,0,Y
98535,0,9,40,30,0,1,2,0,0,2,BEL,0,1,0,,145,0,N
59093,263,10,43,21,0,2,2,0,0,2,PRT,0,1,0,,110,0,Y
102502,0,11,49,29,0,1,1,0,0,1,NLD,0,4,1,,80,0,N
110026,0,4,16,17,1,3,2,0,0,2,ESP,0,1,0,,117,2,N
94504,37,8,32,3,0,2,2,0,0,2,GBR,0,1,0,,135.9,1,N
104322,43,1,1,7,2,2,2,0,0,2,GBR,0,1,0,,68.07,0,N
66480,126,4,16,21,0,1,2,1,0,3,NLD,0,1,0,,144,3,Y
115350,217,6,26,30,2,3,2,0,0,2,ESP,0,1,0,,109.08,0,N
84237,16,2,8,20,0,1,2,0,0,2,BRA,0,1,0,,79,1,N
91616,65,6,26,21,0,3,2,0,0,2,PRT,0,1,1,,102.9,0,N
73983,286,7,31,30,0,2,2,0,0,2,PRT,1,1,0,,62,0,Y
107540,1,3,11,13,1,0,2,0,0,2,IND,0,1,0,,98,0,N
114279,53,6,24,14,1,4,2,0,0,2,GBR,0,1,0,,126,1,N
79867,34,12,50,8,0,2,1,0,0,1,PRT,1,1,0,,90,0,Y
46471,150,1,1,2,2,1,2,0,0,2,PRT,0,1,0,,101,0,Y
59042,55,10,43,20,0,3,2,0,0,2,IRL,0,4,0,,139.5,2,Y
98559,328,9,40,30,0,2,1,0,0,1,FRA,0,1,1,,0,0,N
113484,99,6,23,5,1,2,2,1,0,3,POL,0,1,0,,162,2,N
112473,54,5,21,21,2,2,1,0,0,1,FRA,0,4,1,,228,1,N
107550,107,3,11,12,2,1,2,0,0,2,GBR,0,5,0,,99.36,0,N
76087,364,10,42,16,0,2,2,0,0,2,PRT,1,1,0,,101.5,0,Y
97404,47,9,38,13,0,3,1,0,0,1,FRA,0,4,0,,120,0,N
108808,56,3,13,31,0,2,2,0,0,2,GBR,0,1,1,,93.6,1,N
52292,147,6,23,2,0,3,3,0,0,3,PRT,0,1,0,,124,0,Y
107792,149,3,11,15,0,4,2,0,0,2,FRA,0,1,0,,74.8,2,N
87738,2,4,18,24,1,0,2,0,0,2,PRT,0,1,0,,108,1,N
46077,4,12,50,8,0,2,1,0,0,1,FRA,0,1,0,,62.37,0,N
79994,361,11,45,4,0,1,1,0,0,1,PRT,1,1,0,,91,0,Y
59249,101,10,44,23,2,5,2,2,0,4,FRA,0,6,0,,222.17,0,Y
102994,46,12,50,10,0,1,2,0,0,2,AUT,0,1,0,,102.6,1,N
86912,159,4,15,9,1,1,2,0,0,2,FRA,0,1,0,,70,1,N
97574,88,9,38,16,0,2,2,0,0,2,ISR,0,4,0,,158.4,1,N
91039,0,6,25,14,0,1,2,0,0,2,HRV,0,1,0,,111,1,N
93220,135,7,29,15,2,2,3,0,0,3,CHE,0,1,0,,92.28,2,N
49692,32,4,17,17,2,1,1,0,0,1,RUS,0,1,0,,85.5,0,Y
61491,524,12,51,15,0,1,1,0,0,1,PRT,0,1,0,,51.4,0,Y
77019,0,8,35,27,0,3,2,2,0,4,ESP,0,6,2,,161.33,0,N
56193,36,9,36,1,0,1,2,1,0,3,CHE,0,1,1,,126,1,Y
77415,19,10,41,6,0,3,1,0,0,1,PRT,0,1,1,,80,0,N
113184,132,5,22,29,1,5,2,2,0,4,GBR,0,6,1,,213,2,N
54032,157,7,28,6,0,4,2,0,0,2,GBR,0,1,0,,107.95,0,Y
45086,102,10,42,16,0,2,2,0,0,2,PRT,0,1,0,,101.5,0,Y
70019,169,6,23,8,0,3,2,0,0,2,PRT,0,1,0,,170,0,Y
83190,9,1,3,16,2,6,2,0,0,2,SWE,0,4,0,,61.5,0,N
116018,85,7,28,12,0,2,2,0,0,2,FRA,0,1,0,,80.1,0,N
87286,122,4,16,15,0,2,2,0,0,2,PRT,0,1,0,,85,0,N
66100,16,4,15,14,0,2,2,0,0,2,DNK,0,1,0,,150,0,Y
88070,84,4,18,27,0,4,2,0,0,2,NOR,0,1,0,,105.4,1,N
56308,40,9,36,3,1,1,2,0,0,2,PRT,0,1,0,,96,0,Y
86896,159,4,15,9,1,1,2,0,0,2,FRA,0,1,0,,70,1,N
118523,32,8,33,17,1,3,2,0,0,2,FRA,0,4,0,,185,2,N
66361,386,4,16,18,0,1,2,0,0,2,PRT,0,1,0,,90,0,Y
114926,24,6,26,26,1,2,2,0,0,2,FRA,0,1,0,280,100,0,N
57218,136,9,39,21,1,4,2,0,0,2,GBR,0,4,0,,144.9,1,Y
100607,23,10,44,28,0,2,2,0,0,2,FRA,0,4,0,,145,2,N
56546,433,9,37,8,0,3,2,0,0,2,PRT,0,1,0,,70,0,Y
113920,32,6,23,10,2,2,2,0,0,2,DEU,0,1,0,,89,0,N
82162,99,2,8,19,0,1,2,0,0,2,PRT,1,1,0,67,80,0,Y
78862,17,10,42,16,0,2,2,0,0,2,FRA,0,1,0,,48,0,N
64696,92,3,11,15,0,3,2,0,0,2,PRT,0,1,0,,85,0,Y
111617,104,5,19,9,0,4,2,0,0,2,FRA,0,1,0,,85,2,N
42579,0,9,37,7,1,3,2,0,0,2,PRT,0,1,1,,115.8,0,N
40106,76,7,28,7,0,3,2,0,0,2,PRT,0,1,0,,76.5,2,Y
76297,264,7,28,8,0,2,2,0,0,2,PRT,0,1,0,,62,0,N
56158,171,8,36,30,2,5,2,0,0,2,DEU,0,1,0,,111.59,0,Y
43180,7,9,38,16,0,2,1,0,0,1,ESP,0,1,0,,113.6,0,N
72628,300,8,31,1,0,4,1,0,0,1,FRA,0,1,0,,89.1,1,Y
57318,429,9,39,23,0,2,2,0,0,2,FRA,0,1,0,,65,0,N
117615,132,7,30,29,3,6,2,0,0,2,FRA,0,1,0,,141.78,2,N
73482,175,8,34,23,2,5,2,1,0,3,FRA,0,4,0,,155,1,Y
104886,4,1,3,19,2,4,3,0,0,3,FRA,0,4,0,,108.8,0,N
97760,0,9,39,19,1,0,2,0,0,2,PRT,0,6,0,,270,0,N
102560,0,11,49,30,0,1,2,0,0,2,PRT,0,1,0,383,73,1,N
75458,334,9,38,16,0,2,2,0,0,2,PRT,1,1,0,,62,0,Y
117047,54,7,30,27,0,2,2,1,0,3,AUT,0,1,0,,180,2,N
71999,128,7,29,17,1,3,1,0,0,1,SWE,0,1,0,,117,0,Y
117588,300,8,31,4,1,2,3,0,0,3,PRT,0,1,1,,98.28,2,N
84585,28,2,9,26,1,2,2,0,0,2,ESP,0,1,0,,57,0,N
117460,46,7,31,31,1,3,2,0,0,2,FRA,0,1,0,,145,1,N
114192,130,6,24,15,0,3,2,0,0,2,DEU,0,1,0,,108,0,N
61249,103,12,50,6,0,1,3,0,0,3,ITA,0,4,0,,126,0,Y
86295,79,3,14,28,1,2,2,0,0,2,PRT,0,1,0,,87.3,1,N
111365,0,5,19,8,1,1,1,0,0,1,FRA,0,1,0,,120,0,N
46281,0,12,53,29,0,1,2,0,0,2,PRT,0,1,0,,115,0,N
62162,221,1,1,3,0,2,2,1,0,3,ITA,0,1,0,,140.85,0,Y
42015,145,8,35,29,2,1,2,0,0,2,ITA,0,1,0,,94.5,0,N
41838,4,8,35,25,0,4,2,0,0,2,PRT,0,1,0,,62,0,N
99884,54,10,43,16,2,2,1,0,0,1,DEU,0,1,2,,66.5,0,N
70096,219,6,23,9,1,2,2,0,0,2,PRT,0,1,0,,105,0,Y
83487,1,2,8,18,0,2,1,0,0,1,ESP,0,1,1,,80,0,Y
58874,67,10,43,17,1,0,1,0,0,1,PRT,0,1,0,,115,0,Y
86797,83,4,15,5,0,4,2,0,0,2,FRA,0,1,0,,84.58,1,N
64502,127,3,10,11,1,1,2,0,0,2,PRT,0,1,0,,80,0,Y
54904,164,7,31,29,2,5,2,0,0,2,ITA,0,1,0,,89.25,1,Y
108267,52,3,12,20,1,4,2,0,0,2,PRT,0,1,0,,79.2,0,N
116283,15,7,28,15,1,1,2,0,0,2,CHN,0,4,0,,149,2,N
59198,145,10,43,22,1,1,3,0,0,3,ITA,0,4,0,,202.5,0,Y
98219,115,9,39,23,1,2,2,0,0,2,GBR,0,1,0,,96.33,1,N
95568,79,8,34,18,0,3,3,0,0,3,SWE,0,5,0,,198.3,1,N
61991,17,12,53,29,2,3,2,0,0,2,ITA,0,4,0,,125.8,1,Y
53975,2,7,28,4,1,0,2,0,0,2,USA,0,1,1,,116.45,0,Y
51993,135,5,22,28,1,1,2,0,0,2,PRT,0,1,0,,96,0,Y
73428,102,8,34,21,1,3,1,0,0,1,PRT,0,4,0,,89.1,0,Y
45753,89,11,48,23,1,2,2,0,0,2,PRT,0,1,0,,72.25,2,Y
78510,2,10,41,4,3,5,1,0,0,1,JPN,0,4,1,,145,1,N
117371,263,8,31,1,0,2,2,0,0,2,ESP,0,1,2,,86.63,0,N
84644,116,2,10,28,2,1,1,0,0,1,ESP,0,1,0,,76,0,N
54008,185,7,28,5,0,4,2,0,0,2,DEU,0,1,0,,90.95,1,Y
82379,108,3,12,18,0,2,2,0,0,2,PRT,1,1,0,,80,0,Y
80569,2,11,46,14,2,3,2,0,0,2,DEU,0,1,1,,103,1,N
106317,48,2,8,22,0,2,1,0,0,1,ESP,0,1,0,,65,1,N
91972,0,6,27,27,1,0,1,0,0,1,PRT,0,1,0,,95,0,N
97902,11,9,39,20,0,2,2,0,2,4,PRT,0,6,1,,248,2,N
99540,36,10,42,13,0,1,1,0,0,1,PRT,0,1,0,,102.6,2,N
113339,434,6,22,3,2,1,2,0,0,2,GBR,0,1,0,,112.67,1,N
67036,111,4,17,27,1,3,2,0,0,2,PRT,0,1,0,,120,0,Y
94868,201,8,32,6,2,3,2,0,0,2,FRA,0,4,0,,82.45,0,N
49127,105,4,15,6,0,1,2,0,0,2,PRT,0,1,0,,75,0,Y
64489,72,3,10,11,1,1,2,0,0,2,GBR,0,1,0,,97.2,0,Y
109160,69,4,14,6,0,1,1,0,0,1,GBR,0,1,1,418,100,0,N
76303,264,7,28,8,0,2,2,0,0,2,PRT,0,1,0,,62,0,N
101312,15,11,46,7,1,2,2,0,0,2,SVN,0,1,0,,200,2,N
115329,151,6,26,28,2,4,2,1,0,3,BRA,0,4,0,,143.41,1,N
109285,75,4,14,5,0,4,2,0,0,2,NLD,0,1,1,,95,0,N
42228,22,9,36,3,0,2,1,0,0,1,SWE,0,1,0,,95,2,N
103498,18,12,52,23,1,2,3,0,0,3,ESP,0,4,0,,191,1,N
94534,164,8,32,4,0,2,2,0,0,2,GBR,0,1,0,,94.5,1,N
89906,133,5,22,22,2,5,2,0,0,2,DEU,0,4,0,,111.59,0,N
93010,0,7,29,14,0,1,2,2,0,4,URY,0,5,0,,176.8,2,N
48557,161,3,13,25,1,2,2,0,0,2,PRT,0,1,0,,130,0,Y
53936,45,7,27,2,2,1,2,1,0,3,PRT,0,1,0,,124.6,1,Y
96723,204,9,36,3,2,2,2,0,0,2,NLD,0,1,0,,80.75,2,N
86236,122,3,14,27,2,1,2,0,0,2,PRT,0,1,0,,107,1,N
103287,29,12,51,17,0,1,2,0,0,2,PRT,0,1,1,,144,0,N
117692,146,8,31,4,2,2,2,0,0,2,BRA,0,1,0,,80.1,1,N
79399,14,10,43,22,2,3,2,2,0,4,FRA,0,6,0,,199.8,1,N
46830,27,1,4,19,1,5,1,0,0,1,GBR,0,5,0,,122,0,N
56191,51,8,36,31,1,4,2,0,0,2,NOR,0,4,0,,123.3,0,Y
49145,17,4,15,6,0,4,2,0,0,2,CHN,0,4,0,,133.5,0,Y
92177,174,6,27,29,0,3,2,0,0,2,DEU,0,1,0,,85.5,1,N
67412,266,5,18,3,0,3,2,0,0,2,PRT,0,1,0,,100,0,Y
50504,437,5,19,2,1,2,2,0,0,2,PRT,0,1,0,,60,0,Y
93096,76,7,29,16,0,1,2,0,0,2,PRT,0,4,0,,108.8,1,N
67222,313,4,17,29,2,1,2,0,0,2,PRT,0,1,0,,90,0,Y
65360,212,4,13,1,2,1,2,0,0,2,PRT,0,1,0,,98,0,Y
68903,233,5,21,22,1,2,2,0,0,2,FRA,0,1,0,,136.5,0,Y
42396,61,9,36,5,2,2,2,0,0,2,PRT,0,1,0,,62,0,Y
51147,121,5,20,14,1,1,2,0,0,2,PRT,0,1,0,,96,0,Y
47321,44,2,8,17,0,3,2,0,0,2,PRT,0,1,0,,75,0,Y
72200,240,7,30,23,2,1,2,0,0,2,PRT,0,1,0,,110,0,Y
115207,233,6,26,28,1,4,2,1,0,3,FRA,0,1,0,,84.56,4,N
65318,80,3,13,31,0,2,2,0,0,2,PRT,0,1,0,,90,0,Y
68474,115,5,20,18,0,3,2,0,0,2,PRT,0,1,0,,190,0,Y
107568,26,3,11,13,1,1,2,0,0,2,BEL,0,1,0,,108,2,N
109089,120,4,14,3,1,2,1,0,0,1,BEL,0,1,2,,109.8,1,N
61314,36,12,50,7,2,4,2,0,0,2,ITA,0,1,2,,104,2,Y
115129,162,6,26,28,0,4,2,0,0,2,FRA,0,1,0,,117.85,3,N
65383,9,4,13,1,2,4,2,2,0,4,FRA,0,6,0,,224,0,Y
63981,44,2,8,25,2,1,3,0,0,3,ESP,0,4,0,,149.33,0,Y
71978,30,7,29,16,2,3,2,1,0,3,BRA,0,1,0,,176,1,Y
43086,6,9,38,14,1,3,2,0,0,2,GBR,0,4,0,,103.84,1,N
86638,55,4,15,6,0,1,1,0,0,1,PRT,0,1,1,,87,0,N
67335,118,5,18,1,1,4,2,0,0,2,CN,0,1,0,,126,1,Y
82532,72,12,53,27,2,4,2,0,0,2,FRA,0,4,0,,128.22,2,N
58006,56,10,41,5,0,1,2,0,0,2,CHN,0,1,0,,97.2,0,Y
64355,109,3,10,7,0,2,1,0,0,1,GBR,0,1,0,,54.05,0,Y
58477,461,10,42,13,0,1,1,0,0,1,PRT,0,1,0,,59,0,Y
54079,245,7,28,6,2,4,1,0,0,1,PRT,0,1,0,,110,0,Y
88043,100,4,18,25,1,4,2,0,0,2,NLD,0,1,2,,92.65,2,N
52143,15,5,23,31,0,3,2,0,0,2,GBR,0,1,0,,109,0,Y
97277,346,9,38,13,0,2,2,0,0,2,DEU,0,1,0,,115,1,N
83842,76,2,7,7,2,5,1,0,0,1,DEU,0,1,0,,41,0,N
62731,80,1,3,20,0,2,2,0,0,2,ESP,0,1,0,,93.6,0,Y
56986,80,9,38,16,0,2,2,0,0,2,ITA,0,4,0,,149.4,2,Y
101309,99,11,46,7,1,2,1,0,0,1,CHE,0,1,0,,171.9,2,N
84426,36,2,9,22,1,3,2,0,0,2,BGR,0,1,0,,71.3,1,N
115894,172,7,27,6,2,5,2,0,0,2,DNK,0,1,0,,89.1,1,N
73485,0,8,34,24,0,1,2,0,0,2,PRT,0,1,0,,12,0,Y
117202,28,7,30,29,1,1,1,0,0,1,CHN,0,1,0,,134,1,N
58110,454,10,41,6,0,2,2,0,0,2,PRT,0,1,0,,62,0,Y
116389,15,7,29,18,0,1,1,0,0,1,NLD,0,1,0,,145,1,N
84102,15,2,8,19,0,1,1,0,0,1,PRT,0,1,0,67,81,0,N
86181,1,3,14,28,1,0,2,1,0,3,ITA,0,1,0,,119,0,N
70584,66,6,25,19,1,2,2,0,0,2,AUS,0,1,0,,140,0,Y
95672,54,8,34,19,1,2,2,0,0,2,BEL,0,4,0,,149.4,2,N
45848,98,11,48,23,1,1,1,0,0,1,KNA,0,1,1,,70,0,N
107633,8,3,11,15,0,1,1,0,0,1,GBR,0,1,0,,70.4,0,N
87955,108,4,18,28,0,1,2,0,0,2,PRT,0,4,0,,77.03,0,N
107125,7,3,10,7,0,1,1,0,0,1,GBR,0,1,1,435,80,0,N
60619,496,11,47,17,0,2,2,0,0,2,PRT,0,1,0,,62.8,0,Y
119243,211,8,35,28,1,3,3,0,0,3,GBR,0,4,0,,161.5,1,N
57731,136,9,40,30,1,2,3,0,0,3,ITA,0,4,0,,154.8,0,Y
61240,41,12,50,5,1,4,2,0,0,2,AGO,0,1,0,,88,0,Y
42930,87,9,37,11,0,1,2,0,0,2,FRA,0,1,0,68,100,0,Y
42443,16,9,36,5,2,4,3,0,0,3,ESP,0,1,0,,117.6,1,N
99269,17,10,41,7,2,2,2,0,0,2,FRA,0,1,1,,117.04,1,N
64716,92,3,11,15,0,3,2,0,0,2,PRT,0,1,0,,85,0,Y
60109,95,11,45,5,0,1,1,0,0,1,PRT,0,1,0,,75,0,Y
91220,33,6,25,15,0,3,2,0,0,2,FRA,0,1,0,,126.9,1,N
97752,23,5,21,25,0,3,1,0,0,1,PRT,0,1,1,,0,2,N
86040,23,3,13,25,0,1,2,1,0,3,USA,0,7,0,,285,0,N
83803,1,2,7,12,0,1,2,1,0,3,FRA,0,1,0,,109,1,N
117542,124,8,31,3,0,3,2,0,0,2,GBR,0,1,0,,71.1,1,N
57138,280,9,39,19,1,2,2,0,0,2,PRT,0,1,0,,110,0,Y
59924,304,11,45,3,0,3,2,0,0,2,PRT,0,1,0,,89,0,Y
86368,1,4,14,1,0,1,1,0,0,1,PRT,0,1,0,40,65,0,N
106015,28,2,7,15,0,4,2,0,0,2,ITA,0,1,0,,75,0,N
110863,111,4,18,30,2,0,2,0,0,2,ESP,0,1,0,,121.5,0,N
88803,71,5,20,10,0,3,2,0,0,2,DEU,0,1,0,,126,1,N
109340,179,4,14,7,1,2,2,0,0,2,DEU,0,1,0,,117,2,N
79330,40,10,43,21,0,4,1,0,0,1,GBR,0,1,0,,90.27,0,N
43579,179,9,39,20,1,0,2,0,0,2,PRT,0,1,0,,93.5,0,N
67339,136,5,18,1,1,4,2,0,0,2,BRA,0,1,0,,108,0,Y
80210,8,11,46,11,0,3,2,0,0,2,BRA,0,4,1,,107,1,N
56627,266,9,37,9,0,2,2,0,0,2,PRT,0,1,0,,105,0,Y
84733,115,2,9,27,2,3,1,0,0,1,MAR,0,1,1,,76,0,N
93082,257,7,29,16,0,1,2,0,0,2,GBR,0,2,0,,90.5,0,N
112729,180,5,21,25,0,3,2,0,0,2,CHE,0,1,0,,126,1,N
82868,68,2,8,17,0,2,2,0,0,2,PRT,1,1,0,,75,0,Y
52983,188,6,25,15,0,2,1,0,0,1,PRT,0,1,0,,130,0,Y
102294,1,11,48,25,0,1,2,2,0,4,PRT,0,6,0,,181,2,N
72663,96,8,31,2,1,4,2,0,0,2,ESP,0,4,0,,155,1,Y
95018,157,8,33,10,0,3,2,0,0,2,NLD,0,1,0,,123.3,2,N
61965,193,12,53,29,0,3,2,2,0,4,BRA,0,4,0,,110.7,0,Y
49771,103,4,17,19,0,2,1,0,0,1,PRT,0,1,0,,115,0,Y
68594,105,5,20,19,0,2,1,0,0,1,PRT,0,1,0,,160,0,Y
102682,50,12,49,1,0,3,2,0,0,2,ITA,0,4,2,,101.1,3,N
75515,355,10,41,7,0,2,2,0,0,2,PRT,1,1,0,,62,0,Y
57802,267,10,40,1,1,1,2,0,0,2,IRL,0,4,0,,115.2,0,Y
55704,291,8,34,19,0,2,2,0,0,2,PRT,0,1,0,,115,0,Y
94765,45,8,33,7,2,0,2,0,0,2,NLD,0,1,0,,135.9,1,N
81599,3,12,51,14,1,0,1,0,0,1,PRT,0,1,0,40,65,0,N
111481,6,5,19,9,0,2,1,0,0,1,FRA,0,4,1,,157,0,N
111967,47,5,20,15,1,2,2,0,0,2,PRT,0,1,0,,164,2,N
62158,29,1,1,3,0,2,2,0,0,2,CHN,0,1,0,,79.2,1,Y
40184,60,7,29,13,1,0,2,1,0,3,PRT,0,1,0,,91.33,0,Y
72819,0,8,32,7,1,2,2,0,0,2,PRT,0,4,0,,150,0,Y
46230,8,12,52,26,2,3,2,0,0,2,PRT,0,1,0,,77.35,1,N
85243,8,3,11,9,0,3,2,0,0,2,FRA,0,1,0,,100,0,N
75262,297,8,33,10,1,1,1,0,0,1,PRT,1,1,0,,60,0,Y
95837,4,8,35,24,0,1,2,0,0,2,AUT,0,1,0,,119,1,N
53766,36,6,27,29,0,3,1,0,0,1,PRT,0,5,0,,110.8,0,Y
83250,33,1,5,25,1,1,2,0,0,2,BRA,0,1,0,,64,0,N
84896,0,3,10,4,0,2,1,0,0,1,PRT,0,4,0,,116,0,N
92319,137,7,27,2,1,1,2,2,0,4,USA,0,2,0,,88.77,1,N
57736,267,9,40,30,1,2,2,0,0,2,PRT,0,1,0,,95,0,Y
109264,4,4,14,6,0,3,2,2,0,4,PRT,0,6,0,,269,0,N
102497,13,11,49,29,0,1,1,0,0,1,PRT,0,1,0,40,65,0,N
88489,2,5,19,6,0,1,2,0,0,2,ESP,0,4,0,,167,0,N
88101,38,4,18,27,0,4,3,0,0,3,POL,0,4,0,,148.95,2,N
85390,47,3,11,11,1,2,2,0,0,2,PRT,0,1,0,,71.1,1,N
108510,158,3,13,27,1,1,1,0,0,1,ISR,0,1,1,,95,0,N
97613,37,9,38,15,0,3,2,0,0,2,GBR,0,5,0,,168.3,0,N
93347,124,7,30,17,2,2,3,0,0,3,FRA,0,4,2,,130.05,2,N
66728,162,4,17,23,2,5,2,0,0,2,ISR,0,4,0,,164.7,2,Y
98636,196,10,40,1,0,1,1,0,0,1,ESP,0,1,0,,93.6,1,N
88129,0,4,18,30,0,1,2,1,0,3,PRT,0,1,0,,149,0,N
46805,151,1,4,19,0,3,1,0,0,1,PRT,0,1,0,,80,0,Y
46723,10,1,4,17,0,0,2,0,0,2,GBR,0,1,0,,0,1,N
88068,84,4,18,27,0,4,2,0,0,2,NOR,0,4,0,,118.15,1,N
58773,258,10,43,16,1,0,2,0,0,2,PRT,0,1,0,,110,0,Y
107813,54,3,11,15,0,4,2,0,0,2,DEU,0,1,0,,68,0,N
102753,32,12,50,4,2,0,1,0,0,1,CHE,0,1,0,,96,0,N
93866,91,7,30,23,2,3,2,0,0,2,BEL,0,1,0,,105.3,1,N
119300,26,8,35,29,0,4,3,0,0,3,GBR,0,4,0,,207.25,0,N
72547,59,7,31,30,2,3,2,0,0,2,PRT,0,1,0,,114.88,1,Y
104610,34,1,3,18,0,1,1,0,0,1,ESP,0,1,0,,75,0,N
95190,84,8,34,15,1,0,2,0,0,2,FRA,0,1,0,,117.9,1,N
112509,3,5,22,28,2,2,2,0,0,2,PRT,0,1,0,485,75,1,N
95160,41,8,33,13,2,1,3,0,0,3,FRA,0,4,2,,168.3,2,N
72664,190,8,31,2,1,4,2,1,0,3,MAR,0,1,2,,151.8,1,Y
110837,140,4,17,28,2,2,2,0,0,2,FRA,0,1,0,,130,1,N
69867,183,6,23,8,0,2,1,0,0,1,PRT,0,1,0,,120,0,Y
109836,52,4,15,14,2,2,3,0,0,3,CHN,0,4,0,,175.5,1,N
115090,0,6,26,29,0,2,2,0,0,2,NLD,0,1,0,,148,1,N
94803,99,8,33,8,1,1,3,0,0,3,CN,0,4,0,,150.3,2,N
92638,91,7,28,3,2,5,2,0,0,2,GBR,0,4,0,,127.8,0,N
100511,2,10,44,25,0,4,2,0,0,2,FRA,0,1,0,,109.38,1,N
76514,195,9,38,17,0,2,2,0,0,2,PRT,1,1,0,,48,0,Y
53497,98,6,26,23,0,1,2,0,0,2,DEU,0,1,0,,85.5,1,Y
50858,298,5,20,10,0,2,1,0,0,1,NZL,0,1,1,,76,0,N
73745,265,7,28,9,0,2,2,0,0,2,PRT,1,1,0,,62.8,0,Y
81225,0,12,49,5,1,1,2,0,0,2,IRQ,0,4,1,,95,0,N
73766,272,7,29,16,0,2,2,0,0,2,PRT,1,1,0,,62.8,0,Y
43016,68,9,37,12,2,2,2,0,0,2,PRT,0,1,0,,62,0,N
116411,189,7,29,18,0,2,2,0,0,2,GBR,0,1,0,,86.63,1,N
109252,119,4,14,4,0,5,1,0,0,1,ARG,0,1,0,,109.8,0,N
72773,173,8,31,5,2,5,1,0,0,1,FRA,0,1,0,,121.5,0,Y
45502,100,10,44,31,1,1,2,0,0,2,PRT,0,1,0,,62,0,Y
76225,165,8,32,8,2,1,2,0,0,2,PRT,1,1,0,,86,0,Y
61187,9,12,49,3,2,2,2,0,0,2,FRA,0,1,0,,89.89,0,Y
57917,285,10,41,3,1,3,2,0,0,2,PRT,0,1,0,,100,0,Y
106394,0,2,8,24,0,1,2,0,0,2,PRT,0,1,1,,88,0,N
118115,34,8,33,14,1,0,3,0,0,3,FRA,0,4,1,,219,2,N
91487,49,6,25,17,2,3,2,0,0,2,GBR,0,1,0,,72.25,2,N
116574,157,7,27,8,4,10,2,0,0,2,ITA,0,4,0,,152.1,1,N
65559,373,4,14,5,0,3,2,0,0,2,PRT,0,1,0,,90,0,Y
53363,29,6,25,18,2,2,1,0,0,1,NOR,0,4,0,,130.8,0,Y
55177,151,8,32,6,3,6,2,0,0,2,MOZ,0,1,0,,97.75,0,Y
118963,12,8,34,26,0,1,3,0,0,3,USA,0,5,0,,240,1,N
85579,35,3,12,16,0,2,2,0,0,2,PRT,0,1,2,,125,1,N
94103,188,7,31,28,0,3,2,0,0,2,FRA,0,1,0,,80.75,0,N
97724,74,9,39,18,2,0,2,0,0,2,DEU,0,1,0,,102.68,0,N
46111,110,12,50,9,0,4,2,0,0,2,FRA,0,1,0,,70,0,N
76873,239,10,42,17,0,1,2,0,0,2,PRT,1,1,0,,60,0,Y
55362,398,8,33,11,0,2,2,0,0,2,PRT,0,1,0,,62,0,Y
49795,103,4,17,19,0,2,1,0,0,1,PRT,0,1,0,,115,0,Y
71503,199,7,27,6,2,3,2,0,0,2,GBR,0,1,0,,89.1,1,Y
48475,35,3,13,24,0,3,2,0,0,2,ESP,0,1,0,,125.1,0,Y
114548,224,6,25,18,2,4,2,0,0,2,DEU,0,4,0,,164.7,2,N
69401,186,5,22,30,0,2,2,0,0,2,PRT,0,1,0,,130,0,Y
68291,104,5,20,15,1,2,2,0,0,2,PRT,0,1,0,,170,0,Y
117315,208,7,30,25,2,6,3,0,0,3,PRT,0,1,0,,107.1,0,N
113692,73,6,23,8,0,3,1,0,0,1,CHE,0,4,0,,170,0,N
72412,467,7,30,28,0,1,2,0,0,2,PRT,0,1,0,,90,0,Y
49458,281,4,16,14,0,2,2,0,0,2,PRT,0,1,0,,62,0,Y
104887,26,1,4,25,1,4,2,1,0,3,BRA,0,1,0,,99.88,2,N
91880,192,6,26,24,0,2,1,0,0,1,PRT,0,1,0,,95,0,N
112816,165,5,21,26,1,2,2,0,0,2,ESP,0,4,0,,139.5,1,N
105599,105,2,6,10,0,2,2,0,0,2,FRA,0,1,3,,93.6,1,N
57283,19,9,39,22,1,3,2,0,0,2,PRT,0,1,0,,141.5,0,Y
64037,70,2,9,26,2,5,2,1,0,3,BRA,0,1,0,,108.07,3,Y
49653,32,4,17,17,1,0,3,0,0,3,PRT,0,1,1,,115.1,0,Y
58399,279,10,42,12,0,3,2,0,0,2,PRT,0,1,0,,110,0,Y
83232,0,3,13,21,1,1,1,0,0,1,PRT,0,1,1,186,79,0,N
73658,171,8,35,29,0,4,2,0,0,2,FRA,0,1,0,,168.08,0,Y
77786,16,9,39,25,1,2,1,0,0,1,GBR,0,1,1,,170,0,N
44768,174,10,41,10,1,1,2,0,0,2,PRT,0,1,0,,70,0,Y
99608,5,10,42,13,0,2,2,0,0,2,USA,0,7,0,,215.6,1,N
79003,221,10,42,17,2,1,2,0,0,2,FRA,0,1,0,,65,0,N
75704,302,8,33,15,2,2,2,0,0,2,PRT,1,1,0,,62,0,Y
98036,271,9,39,21,0,3,1,0,0,1,BEL,0,1,1,,85.67,0,N
40747,0,8,32,6,0,1,2,0,0,2,PRT,0,1,0,,81,2,N
91630,8,6,26,20,1,3,2,0,0,2,FRA,0,1,0,,128.5,2,N
85876,43,3,13,20,2,1,2,0,0,2,CHN,0,1,0,,88.2,1,N
82828,68,2,8,17,0,2,2,0,0,2,PRT,1,1,0,,75,0,Y
95118,40,8,33,13,1,1,2,0,0,2,FRA,0,4,0,,149.4,1,N
55083,391,8,32,4,0,2,2,0,0,2,PRT,0,1,0,,62,0,Y
61153,57,12,49,2,2,2,2,0,0,2,ESP,0,1,0,,88.4,1,Y
82302,35,12,52,26,0,1,2,0,0,2,ESP,0,4,0,,97,1,N
64544,18,3,11,12,2,2,2,0,0,2,MAR,0,4,0,,102.43,0,Y
62257,52,1,1,6,1,2,3,0,0,3,NLD,0,4,0,,138.6,1,Y
103439,0,12,52,23,0,1,2,0,0,2,PRT,0,1,0,,80,0,N
95661,101,8,34,20,1,1,2,1,0,3,NLD,0,1,0,,134.1,1,N
103615,1,12,53,27,0,1,1,0,0,1,ITA,0,1,1,,65.6,0,N
103162,0,1,3,17,0,1,1,0,0,1,PRT,0,1,0,408,89,0,N
45747,94,11,48,23,1,2,2,0,0,2,GBR,0,4,0,,65.45,2,N
70335,128,6,24,15,0,3,2,0,0,2,HKG,0,1,0,,108,0,Y
105797,16,2,7,13,1,1,2,0,0,2,CHE,0,1,0,,108,2,N
80454,34,12,50,8,0,2,1,0,0,1,PRT,1,1,0,,90,0,Y
88277,180,5,19,2,1,1,2,0,0,2,ITA,0,1,0,,100,1,N
98967,163,10,41,2,2,3,2,0,0,2,GBR,0,1,1,,80.75,0,N
71275,144,6,26,30,2,5,2,0,0,2,BRA,0,4,0,,117.51,0,Y
113204,135,6,22,1,0,3,2,0,0,2,PRT,0,1,0,,85,0,N
63858,158,2,8,23,0,3,3,0,0,3,NLD,0,4,0,,126,1,Y
109944,68,4,15,15,2,2,2,0,0,2,ESP,0,1,0,,112.5,2,N
73431,218,8,34,21,1,4,2,1,0,3,PRT,0,1,0,,134.5,4,Y
53819,358,6,27,30,0,2,2,0,0,2,PRT,0,1,0,,62,0,Y
43242,56,9,38,17,0,2,1,0,0,1,PRT,0,1,1,,58,0,N
104974,0,1,4,25,0,2,1,0,0,1,PRT,0,1,0,365,85,0,N
110945,26,5,18,1,1,2,2,0,0,2,DEU,0,1,0,,99,0,N
112921,183,5,22,28,2,0,2,0,0,2,USA,0,1,2,,108,1,N
114503,44,6,25,20,0,3,2,0,0,2,BEL,0,1,0,,146.67,1,N
98627,182,9,40,30,0,2,2,0,0,2,GBR,0,1,0,,117.9,2,N
80703,32,11,47,20,0,2,1,0,0,1,FRA,0,1,0,,73,0,N
40062,88,7,27,1,0,4,2,0,0,2,PRT,0,1,0,,76.5,1,Y
68207,164,5,20,15,1,2,1,0,0,1,PRT,0,1,0,,160,0,Y
103033,22,12,50,7,0,4,2,2,0,4,ESP,0,5,0,,146.5,0,N
41117,41,8,33,12,0,2,2,0,0,2,PRT,0,1,0,,62,0,N
81940,278,8,33,11,0,1,2,0,0,2,PRT,1,1,0,,65,0,Y
55187,134,8,33,7,1,0,3,0,0,3,CN,0,4,0,,146.7,0,Y
70759,51,6,25,22,0,2,2,0,0,2,CHN,0,1,0,,126,0,Y
86915,159,4,15,9,1,1,2,0,0,2,FRA,0,1,0,,70,1,N
112918,135,5,21,26,2,2,2,0,0,2,LUX,0,1,0,,111,1,N
80341,19,12,49,5,2,1,2,0,0,2,PRT,1,1,0,,69,0,Y
84103,15,2,8,19,0,1,1,0,0,1,PRT,0,1,0,67,81,0,N
110230,150,4,16,19,1,4,2,1,0,3,FRA,0,1,0,,152.1,0,N
96919,0,9,37,9,0,1,2,0,0,2,CN,0,1,0,,96.67,0,N
75449,334,9,38,16,0,2,2,0,0,2,PRT,1,1,0,,62,0,Y
72729,151,8,31,4,1,2,3,0,0,3,IRL,0,4,0,,175.5,0,Y
86281,3,3,14,27,2,2,2,0,0,2,BEL,0,1,0,,55,0,N
104245,1,1,2,8,1,0,2,0,0,2,PRT,0,1,0,,97.5,0,N
99679,335,10,42,13,0,3,1,0,0,1,FRA,0,1,0,,80,0,N
86962,71,4,15,8,2,2,2,0,0,2,ITA,0,4,0,,107.95,0,N
71156,91,6,26,28,0,4,2,0,0,2,GBR,0,1,0,,120,0,Y
86263,5,6,26,22,0,1,1,0,0,1,PRT,0,1,0,219,89,0,N
66585,186,4,16,22,1,1,2,0,0,2,BRA,0,1,0,,99,0,Y
72964,54,8,32,10,2,6,1,0,0,1,GBR,0,4,2,,170,1,Y
54269,49,7,29,11,1,0,2,0,0,2,CHN,0,1,0,,93.15,0,Y
51464,211,5,21,20,0,2,2,0,0,2,PRT,0,1,0,,100,0,Y
77942,5,9,39,26,2,2,1,0,0,1,NLD,0,1,0,,206,1,N
99438,111,10,42,10,1,2,1,0,0,1,USA,0,1,2,,120,1,N
60394,52,11,46,9,0,3,1,0,0,1,CHN,0,1,0,,125.99,1,Y
75291,299,8,33,12,0,2,2,0,0,2,PRT,1,1,0,,62,0,Y
118438,0,8,33,19,0,1,2,0,1,3,ESP,0,4,0,,169,0,N
48423,34,3,13,23,0,1,1,0,0,1,CHN,0,4,0,,112.5,0,Y
76849,204,8,33,12,0,4,2,0,0,2,BEL,0,1,0,,76.5,3,N
114605,144,6,25,20,0,5,1,0,0,1,DEU,0,4,0,,93.55,1,N
54205,52,7,28,8,1,2,2,1,0,3,BRA,0,1,0,,132.9,0,Y
74422,297,8,33,10,1,1,2,0,0,2,PRT,1,1,0,,62,0,Y
112394,260,5,21,21,2,1,2,0,0,2,FRA,0,1,0,,147.9,1,N
77316,0,9,38,15,0,2,1,0,0,1,DEU,0,4,2,,93.6,0,N
116415,14,7,29,18,0,2,1,0,0,1,GBR,0,1,0,,150,1,N
108181,1,3,12,22,0,2,1,0,0,1,PRT,0,1,1,,80,0,N
67088,168,4,17,28,1,2,2,0,0,2,GBR,0,4,0,,130.5,0,Y
113023,82,5,22,28,2,2,2,0,0,2,PRT,0,1,0,,89.1,1,N
93842,72,7,31,27,0,1,0,2,0,2,BRA,0,2,0,,97.54,0,N
45060,102,10,42,16,0,2,1,0,0,1,PRT,0,1,0,,80,0,Y
43196,76,9,38,16,0,2,2,0,0,2,ESP,0,1,0,,62,0,N
81134,146,3,14,30,0,3,1,0,0,1,PRT,1,1,0,,80,0,Y
115256,139,7,26,1,2,1,1,0,0,1,PRT,0,1,0,,80.1,0,N
116880,3,7,30,23,2,1,1,0,0,1,IRL,0,4,1,,149.67,1,N
75706,302,8,33,15,2,2,2,0,0,2,PRT,1,1,0,,62,0,Y
91605,46,6,26,22,0,2,2,0,0,2,ARG,0,1,0,,89.1,1,N
105228,73,1,5,30,1,3,2,0,0,2,FRA,0,1,0,,67.3,0,N
103245,4,12,51,16,0,1,1,0,0,1,PRT,0,1,0,,70,0,N
97344,346,9,38,13,0,2,2,0,0,2,PRT,0,1,0,,115,1,N
65614,62,4,14,6,0,3,1,0,0,1,PRT,0,1,0,,135,0,Y
48465,46,3,13,24,0,1,2,0,0,2,ESP,0,1,0,,99,0,Y
50889,129,5,20,10,0,4,2,0,0,2,DEU,0,1,1,,99.45,0,N
110286,236,4,16,18,2,5,2,0,0,2,FIN,0,1,0,,99,1,N
72706,62,8,31,3,2,3,2,0,0,2,PRT,0,5,0,,152,0,Y
52637,27,6,24,9,0,1,2,0,0,2,PRT,0,1,0,,120,0,Y
71992,155,7,29,17,1,1,2,1,0,3,USA,0,1,0,,125.1,1,Y
80509,221,6,24,10,1,2,2,0,0,2,PRT,1,1,0,,80,0,Y
92733,177,7,28,4,2,5,2,0,0,2,GBR,0,1,0,,80.75,0,N
56426,232,9,37,5,1,3,2,0,0,2,BEL,0,1,0,,100.3,0,Y
74934,211,8,34,22,2,5,2,0,0,2,PRT,1,1,0,,55.96,0,Y
41965,11,8,35,28,2,2,2,0,0,2,FRA,0,1,0,,85,0,N
46446,150,1,1,2,2,1,2,0,0,2,PRT,0,1,0,,101,0,Y
53310,290,6,25,17,1,2,2,0,0,2,PRT,0,1,0,,72,0,Y
93730,118,7,31,24,2,0,2,2,0,4,GBR,0,6,0,,186.3,1,N
57662,209,9,40,29,1,3,1,0,0,1,AUS,0,1,0,,111.35,0,Y
79227,444,12,49,1,0,3,1,0,0,1,PRT,1,1,0,,75,0,Y
77084,219,9,36,4,0,1,1,0,0,1,PRT,0,1,1,,84,0,N
46888,16,1,5,24,2,1,2,0,0,2,BRA,0,1,0,,87.3,0,Y
53887,179,7,27,1,0,2,2,0,0,2,PRT,0,1,0,,65,0,Y
98713,198,9,40,27,2,5,2,0,0,2,ITA,0,1,0,,112.56,1,N
92664,28,7,28,7,0,3,2,0,0,2,AUT,0,1,0,,134.37,1,N
96685,11,9,37,5,1,0,1,0,0,1,DEU,0,1,0,292,112.88,0,N
116254,203,7,28,10,2,5,2,0,0,2,DNK,0,1,0,,107.1,1,N
52392,174,6,24,5,2,0,2,0,0,2,JPN,0,4,0,,115.2,0,N
48745,85,3,14,29,0,4,2,0,0,2,DEU,0,1,0,,82.45,1,N
103338,2,12,52,18,2,0,2,0,0,2,ITA,0,1,0,,106.5,1,N
46441,0,1,1,2,1,1,1,0,0,1,DEU,0,1,0,,86,0,N
73005,197,8,32,12,2,1,2,0,0,2,USA,0,1,0,,112.5,0,Y
110623,170,4,17,27,0,3,2,0,0,2,DEU,0,4,0,,130.5,0,N
108172,16,3,12,23,0,1,1,0,0,1,ESP,0,1,0,,93,0,N
66553,135,4,16,21,1,2,2,0,0,2,PRT,0,1,0,,90,0,Y
49970,63,4,17,21,0,3,2,0,0,2,IRL,0,1,0,,94.5,0,Y
70177,22,6,24,11,2,2,2,0,0,2,IND,0,1,0,,109,1,Y
66868,156,4,17,26,0,3,2,0,0,2,PRT,0,1,0,,100,0,Y
50661,259,5,19,5,0,3,2,0,0,2,PRT,0,1,0,,90,0,Y
44723,79,10,41,10,1,1,2,0,0,2,ESP,0,1,0,,62,0,N
109230,9,4,14,8,0,1,2,0,0,2,PRT,0,1,0,,112.5,3,N
88922,37,5,20,13,0,1,1,0,0,1,PRT,0,1,0,,116.1,0,N
94740,31,8,33,8,1,0,2,0,0,2,CUB,0,1,1,,149,0,N
80295,33,12,50,9,0,2,2,0,0,2,PRT,1,1,0,,110,0,Y
110897,7,5,18,2,0,2,2,0,0,2,DNK,0,1,0,,150,2,N
55817,7,8,35,22,1,1,2,0,0,2,FRA,0,1,0,,140,1,Y
54661,205,7,30,22,2,3,2,0,0,2,GBR,0,1,0,,90.95,0,Y
109418,80,4,14,8,2,1,2,0,0,2,FRA,0,1,0,,115,0,N
95161,10,8,34,15,1,0,2,2,1,5,PRT,0,7,0,,276,2,N
106439,3,2,8,24,0,1,3,0,0,3,PRT,0,1,0,216,114.4,0,N
88942,122,5,20,12,0,3,2,0,0,2,DEU,0,4,0,,121.5,1,N
98525,236,9,40,27,0,4,2,0,0,2,GBR,0,1,1,,84.43,1,N
91443,64,6,26,19,2,1,2,0,0,2,GBR,0,1,0,,117.9,1,N
78177,224,10,40,2,1,2,2,0,0,2,PRT,0,1,0,,65,0,N
109344,49,4,14,7,1,2,2,0,0,2,POL,0,1,2,,126,4,N
95674,14,8,34,20,1,1,1,2,0,3,NLD,0,1,0,,135.65,2,N
74397,290,8,32,3,1,1,2,0,0,2,PRT,1,1,0,,62,0,Y
92268,142,7,27,1,0,2,2,0,0,2,PRT,0,1,0,,85.5,1,N
60566,30,11,47,15,0,4,2,0,0,2,MAR,0,4,0,,96.9,1,Y
83404,7,1,5,29,0,2,2,0,0,2,PRT,0,4,1,45,0,1,N
70755,34,6,25,22,0,1,1,0,0,1,PRT,0,1,0,,89,0,Y
101197,6,11,46,7,1,0,1,0,0,1,GBR,0,1,0,,197,0,N
59671,54,10,45,30,2,4,2,0,0,2,ITA,0,4,0,,111,1,Y
98043,44,9,39,20,0,4,2,0,0,2,IRN,0,1,2,,101.52,0,N
51760,11,5,22,24,0,3,2,0,0,2,PRT,0,1,0,,160,0,Y
102953,15,12,50,7,0,3,2,0,0,2,FRA,0,1,0,,106.33,0,N
106440,13,2,8,22,0,3,2,0,0,2,GBR,0,1,1,,105.33,1,N
73340,162,8,33,19,1,1,2,0,0,2,PRT,0,1,0,,140,0,Y
96465,222,8,36,31,0,3,2,0,0,2,DEU,0,1,0,,96.3,1,N
40474,0,7,31,26,1,0,2,0,0,2,PRT,0,1,0,,0,0,N
88627,48,5,20,8,1,0,2,0,0,2,PRT,0,5,0,,93,0,N
98632,2,9,40,30,0,2,2,0,0,2,KAZ,0,4,1,,209.5,2,N
78127,12,10,41,4,1,0,2,0,0,2,FRA,0,1,0,,72,0,N
86950,89,4,15,9,2,1,2,0,0,2,ITA,0,1,0,,79.5,1,N
50584,259,5,19,5,0,3,2,0,0,2,PRT,0,1,0,,90,0,Y
118336,84,8,33,15,0,4,3,0,0,3,GBR,0,4,0,,152,1,N
76777,395,3,13,21,1,2,2,0,0,2,PRT,1,1,0,,62.8,0,Y
107131,83,3,9,4,2,2,2,0,0,2,CHE,0,1,0,,54.71,1,N
102600,31,11,49,27,2,3,2,0,0,2,GBR,0,1,1,,66.71,1,N
79267,28,10,44,29,0,1,1,0,0,1,PRT,1,1,0,,130,0,Y
74803,142,7,31,30,0,1,1,0,0,1,PRT,1,1,0,,68,0,Y
62215,545,1,1,5,0,2,2,0,0,2,PRT,0,1,0,,62,0,Y
78466,2,10,41,9,0,1,1,0,0,1,PRT,0,1,0,,91,0,N
79014,2,7,29,11,1,2,1,0,0,1,PRT,2,1,0,45,0,1,N
79937,8,11,46,10,0,1,1,0,0,1,PRT,1,1,0,,85,2,Y
40514,25,7,31,27,1,1,3,0,0,3,ESP,0,1,1,,84,0,N
93206,105,7,29,15,1,2,2,0,0,2,FRA,0,4,0,,118.8,1,N
114420,34,6,25,19,1,2,2,0,0,2,BRA,0,1,0,,120,1,N
76899,8,8,34,16,2,2,2,0,0,2,ESP,0,1,0,,90,0,N
45349,35,10,44,26,1,1,2,0,0,2,PRT,0,1,0,,76.5,1,N
101412,74,11,46,9,0,3,1,0,0,1,JPN,0,1,0,,133.8,2,N
75624,281,7,30,25,2,2,2,0,0,2,PRT,1,1,0,,62,0,Y
113896,11,6,24,12,1,1,1,0,0,1,PRT,0,1,1,,95,0,N
64547,37,3,11,12,2,2,2,0,0,2,MAC,0,1,0,,76.93,1,Y
101959,83,11,47,19,1,1,1,0,0,1,CHE,0,1,0,,79.2,1,N
74513,325,9,37,7,1,1,2,0,0,2,PRT,1,1,0,,62,0,Y
106589,145,2,8,24,2,2,2,0,0,2,NLD,0,1,0,,120.7,0,N
118672,201,8,33,16,2,6,2,0,0,2,GBR,0,1,0,,80.1,0,N
46660,10,1,3,14,1,3,1,0,0,1,ZAF,0,1,0,,79.3,0,Y
75929,301,8,33,14,0,2,2,0,0,2,PRT,1,1,0,,101.5,0,Y
94688,0,8,33,7,1,0,3,0,0,3,RUS,0,1,2,,98,1,N
51057,91,5,20,13,1,2,2,0,0,2,FRA,0,6,0,,198.9,0,Y
118958,112,8,34,25,0,2,2,2,0,4,GBR,0,6,0,,235,0,N
57409,18,9,40,26,1,0,2,0,0,2,KOR,0,1,0,,129,1,Y
90482,119,6,24,7,0,3,2,0,0,2,TUR,0,1,2,,120,0,N
67630,99,5,18,5,1,2,3,0,0,3,ITA,0,4,0,,171,0,Y
84265,41,2,8,19,1,2,1,0,0,1,DNK,0,1,0,,76.9,0,N
79442,137,1,5,27,0,2,1,0,0,1,PRT,1,1,0,,70,0,Y
55986,180,8,35,26,0,2,2,0,0,2,CHE,0,1,0,,85.5,0,Y
46538,1,1,2,5,4,13,2,0,0,2,PRT,0,1,6,,70.67,0,N
83179,2,1,4,23,0,1,1,0,0,1,PRT,0,4,1,,0,0,N
64646,28,3,11,14,0,3,1,0,0,1,PRT,0,1,0,,65,0,Y
99795,27,10,43,16,2,0,2,0,0,2,FRA,0,1,0,,85,0,N
112577,208,5,21,24,0,2,2,0,0,2,DEU,0,1,0,,114.4,0,N
91833,192,6,26,24,0,2,1,0,0,1,SRB,0,1,0,,95,0,N
73249,72,8,33,17,0,3,2,1,0,3,FRA,0,2,0,,138.02,2,Y
61464,26,12,51,12,2,5,2,0,0,2,PRT,0,1,0,,75,0,Y
100259,386,10,44,23,2,0,2,0,0,2,DEU,0,1,0,,115,1,N
58140,32,10,41,6,1,3,3,0,0,3,IRL,0,4,0,,176.4,0,Y
109339,132,4,14,7,1,2,2,0,0,2,CHN,0,1,0,,89.1,1,N
67018,111,4,17,27,1,3,2,0,0,2,PRT,0,1,0,,120,0,Y
79598,296,10,43,24,2,4,2,0,0,2,GBR,0,2,0,,56.01,0,N
83185,0,1,4,23,0,1,2,0,0,2,DEU,0,2,0,,100,0,N
51611,126,5,22,22,2,2,2,0,0,2,IRL,0,1,0,,89.25,0,Y
99153,2,10,41,8,1,1,1,0,0,1,BEL,0,1,0,,160,2,N
73354,248,8,33,19,1,1,2,0,0,2,AGO,0,1,0,,94.05,1,Y
119216,2,8,35,31,0,1,1,0,0,1,LBN,0,1,0,,140,2,N
89679,7,5,22,22,2,1,3,0,0,3,CHE,0,4,0,,177,2,N
76073,364,10,42,16,0,2,2,0,0,2,PRT,1,1,0,,101.5,0,Y
82127,99,2,8,19,0,1,2,0,0,2,PRT,1,1,0,67,80,0,Y
51874,316,5,22,26,0,3,2,0,0,2,AUT,0,1,0,,110,0,N
58845,229,10,43,16,2,1,2,0,0,2,HUN,0,1,0,,96.3,0,Y
110459,5,4,17,26,0,2,1,0,0,1,ESP,0,4,0,,148,0,N
113574,31,6,23,7,0,2,2,0,0,2,BEL,0,1,0,,108,0,N
101615,1,11,47,14,1,0,2,0,0,2,PRT,0,1,0,,121,2,N
67771,99,5,18,6,2,6,1,0,0,1,DEU,0,4,0,,139.5,0,Y
100844,0,11,45,3,0,0,1,0,0,1,PRT,0,1,1,219,0,1,N
61494,121,12,51,15,0,2,2,0,0,2,GBR,0,1,0,,79.2,1,Y
85409,117,3,11,12,2,1,2,0,0,2,GBR,0,1,0,,55,0,N
52347,275,6,23,4,1,1,2,0,0,2,PRT,0,1,0,,62.8,0,Y
58756,163,10,42,15,2,1,1,0,0,1,PRT,0,1,0,,115,0,Y
71040,131,6,26,27,0,5,2,0,0,2,NLD,0,1,0,,97.02,1,Y
82026,305,10,40,1,1,1,2,0,0,2,PRT,1,1,0,,100,0,Y
47608,1,2,10,28,2,1,1,0,0,1,PRT,0,1,0,,60,0,Y
48430,3,3,13,23,0,2,2,1,0,3,FRA,0,1,0,,139,0,Y
111699,106,5,19,11,0,3,2,0,0,2,DEU,0,4,0,,183,1,N
106775,0,3,9,2,0,1,1,0,0,1,SWE,0,1,0,,107,0,N
88421,88,5,19,3,0,3,2,0,0,2,PRT,0,1,0,,117,1,N
76404,273,7,29,17,0,2,1,0,0,1,PRT,0,1,1,,87,0,N
69414,186,5,22,30,0,2,2,0,0,2,PRT,0,1,0,,130,0,Y
64013,17,2,9,26,2,1,1,0,0,1,PRT,0,4,0,,75,0,Y
90726,118,6,24,6,1,3,1,0,0,1,TUR,0,1,1,,110,0,N
83169,0,1,4,21,0,2,1,0,0,1,SAU,0,1,3,,71,0,N
63079,14,1,5,29,6,12,2,0,0,2,AGO,0,1,0,,74.8,0,Y
87037,76,4,16,10,2,2,2,0,0,2,GBR,0,1,1,,90.95,1,N
90827,133,6,24,9,0,3,1,0,0,1,NOR,0,1,0,,121.5,1,N
44365,27,10,41,4,2,1,1,0,0,1,NOR,0,1,0,,91.83,2,N
72951,112,8,32,10,1,3,2,0,0,2,DNK,0,4,0,,195,0,Y
51709,158,5,22,24,0,2,1,0,0,1,PRT,0,1,0,,130,0,Y
63355,30,2,6,9,1,3,1,0,0,1,IRL,0,1,0,,90.1,1,Y
86461,41,3,14,31,0,3,2,0,0,2,FRA,0,1,0,,117.9,1,N
107736,30,3,11,13,1,3,2,0,0,2,FRA,0,1,0,,70.26,0,N
47874,11,3,11,7,1,2,1,0,0,1,PRT,0,1,0,,54.8,0,Y
52896,71,6,25,14,0,3,1,0,0,1,PRT,0,1,0,,120,0,Y
49582,122,4,16,15,0,2,2,0,0,2,PRT,0,1,0,,85,0,Y
112051,28,5,20,16,0,3,2,0,0,2,IRL,0,4,0,,141.33,3,N
91743,235,6,26,24,0,2,2,0,0,2,FRA,0,1,0,,65,1,N
94347,150,7,32,31,2,1,3,0,0,3,BEL,0,1,0,,140.7,1,N
94788,0,8,33,9,0,1,2,0,0,2,FRA,0,1,0,,158,0,N
48104,17,3,12,17,0,2,2,0,0,2,PRT,0,1,0,,80,0,Y
84641,116,2,10,28,2,1,1,0,0,1,PRT,0,1,0,,85,0,N
88123,9,4,18,29,0,2,2,0,0,2,PRT,0,1,0,,110,0,N
110903,206,5,18,1,1,2,2,0,0,2,BEL,0,1,0,,117,0,N
88902,8,5,20,12,0,2,2,0,0,2,PRT,0,1,0,,95,0,N
80744,4,11,48,24,1,5,1,0,0,1,AGO,1,1,1,,6,1,Y
73261,163,8,33,17,1,3,2,1,0,3,DEU,0,1,0,,148.5,0,Y
114313,123,6,24,17,2,1,2,0,0,2,CHN,0,1,0,,105.3,0,N
70103,219,6,23,9,1,2,2,0,0,2,PRT,0,1,0,,105,0,Y
82589,49,12,53,30,0,4,2,0,0,2,ITA,0,1,0,,71,0,N
87075,138,4,16,13,0,1,2,0,0,2,PRT,0,1,0,,90,1,N
72445,191,7,30,28,2,2,2,0,0,2,FRA,0,1,0,,112.5,0,Y
111420,52,5,18,6,2,3,2,0,0,2,GBR,0,1,0,,121.68,0,N
84517,10,2,9,24,0,4,2,0,0,2,NLD,0,1,0,,93,1,N
57391,12,9,40,25,2,0,2,0,0,2,CHN,0,4,0,,164,0,Y
41231,39,8,33,14,0,2,2,0,0,2,PRT,0,1,0,,101.5,0,Y
60682,71,11,47,18,0,2,2,0,0,2,ITA,0,1,0,,88,0,Y
86788,33,4,15,3,2,4,2,0,0,2,PRT,0,4,0,,135.9,1,N
54754,99,7,31,25,1,3,2,0,0,2,ITA,0,1,0,,94.5,0,Y
61266,133,12,50,6,0,4,2,1,0,3,ESP,0,1,1,,100.3,1,Y
71223,135,6,26,30,0,1,2,0,0,2,PRT,0,1,0,,130,0,Y
60408,10,11,46,10,0,1,1,0,0,1,PRT,0,1,0,,120,0,Y
42807,2,9,37,10,2,4,1,0,0,1,ITA,0,1,4,,115,1,N
96812,176,9,37,8,0,0,1,0,0,1,PRT,0,1,0,,0,0,N
75619,281,7,30,25,2,2,2,0,0,2,PRT,1,1,0,,62,0,Y
119012,42,8,35,27,1,0,2,0,0,2,MEX,0,1,1,,95,0,N
111832,114,5,20,14,2,1,2,0,0,2,ITA,0,1,0,,85,0,N
101626,43,11,46,12,2,1,2,0,0,2,ITA,0,1,0,,92.4,1,N
46755,151,1,4,19,0,2,1,0,0,1,ESP,0,1,2,,71,0,N
52201,30,6,23,2,0,2,2,0,0,2,PRT,0,1,0,,140,0,Y
93996,145,7,31,28,0,2,2,0,0,2,GBR,0,4,0,,118.8,0,N
45786,98,11,48,23,1,2,1,0,0,1,FRA,0,1,0,,70,0,N
106986,11,3,9,3,1,2,2,0,0,2,BRA,0,1,0,,88.2,0,N
117267,245,7,30,29,2,1,2,0,0,2,GBR,0,1,0,,80.1,0,N
63476,67,2,7,12,2,0,2,0,0,2,PRT,0,1,0,,80,0,Y
103171,12,12,50,10,2,2,3,0,0,3,TUR,0,4,0,,132.39,1,N
68372,394,5,20,16,0,1,2,0,0,2,PRT,0,1,0,,90,0,Y
100696,1,10,44,28,1,2,2,2,0,4,DZA,0,6,0,,211.76,1,N
55914,112,8,35,24,0,4,2,0,0,2,PRT,0,5,0,,116.28,0,Y
101655,39,11,46,11,2,3,1,0,0,1,GBR,0,1,0,,73.81,1,N
71509,315,7,27,7,0,1,2,0,0,2,USA,0,2,1,,91.85,3,Y
116540,172,7,29,18,0,4,2,3,0,5,ITA,0,7,0,,215.27,2,N
48812,267,3,14,31,0,2,2,0,0,2,PRT,0,1,0,,62,0,Y
118882,457,8,34,25,0,2,1,0,0,1,DEU,0,1,2,,95.5,1,N
82487,11,12,53,29,0,3,2,0,0,2,FRA,0,5,0,,157.67,0,N
93314,155,7,30,17,2,1,3,0,0,3,DEU,0,4,0,,137.7,2,N
98042,188,9,39,22,0,2,2,0,0,2,FIN,0,1,0,,135.9,2,N
59475,247,10,44,28,1,2,2,0,0,2,PRT,0,1,0,,110,0,Y
67261,111,4,18,30,2,2,2,0,0,2,ITA,0,1,0,,123.75,0,Y
97397,0,9,38,15,0,1,1,0,0,1,PRT,0,1,0,,159,0,N
79165,9,7,28,8,0,1,2,0,0,2,PRT,0,4,0,45,0,2,N
87026,43,4,16,11,1,1,2,0,0,2,FRA,0,1,0,,94.5,1,N
95679,7,8,34,19,1,2,2,0,0,2,LUX,0,4,0,,145,2,N
81201,18,12,49,4,1,2,1,0,0,1,ESP,0,1,0,,118.67,0,N
82052,13,11,49,29,0,2,2,0,0,2,PRT,0,1,1,40,75,1,N
88365,95,4,18,30,2,3,2,0,0,2,FRA,0,1,0,,119.85,1,N
79415,137,1,5,27,0,2,1,0,0,1,PRT,1,1,0,,70,0,Y
88928,0,5,20,13,0,2,2,0,0,2,DEU,0,1,0,,90,0,N
110770,155,4,17,28,2,2,1,0,0,1,DEU,0,1,1,,99,1,N
46128,100,12,50,12,2,1,2,0,0,2,PRT,0,1,0,,72.25,2,N
71037,141,6,26,27,0,4,2,0,0,2,FRA,0,1,0,,99,0,Y
116695,423,7,29,22,1,1,2,0,0,2,DEU,0,1,0,,122.4,1,N
97974,108,9,39,22,0,1,2,0,0,2,PRT,0,4,0,,115.04,1,N
81278,40,12,49,5,2,1,2,0,1,3,ESP,0,4,1,,73.8,1,N
102408,22,11,48,25,1,2,2,0,0,2,PRT,0,1,0,,79.2,0,N
53495,24,6,26,22,0,2,3,0,0,3,KOR,0,4,0,,157,0,Y
101293,34,11,46,7,1,2,1,0,0,1,SWE,0,1,1,,138.7,0,N
64331,5,3,10,6,1,1,2,0,0,2,PRT,0,1,0,,95,0,Y
110535,317,4,17,25,0,3,2,0,0,2,USA,0,1,0,,118.8,2,N
47125,33,2,7,8,1,4,2,1,0,3,FRA,0,4,0,,75.23,2,N
90923,0,6,25,12,1,0,1,0,0,1,PRT,0,1,0,,135,1,N
58540,37,10,42,13,0,3,2,0,0,2,PRT,0,1,0,,105,0,Y
47741,35,3,10,2,0,2,2,1,0,3,FRA,0,1,0,,100.1,1,Y
114473,8,6,25,21,0,2,1,0,0,1,DEU,0,1,1,,104.5,0,N
97524,74,9,38,14,0,4,3,0,0,3,SWE,0,4,0,,168.3,0,N
52645,43,6,24,9,0,1,2,0,0,2,PRT,0,1,0,,75.54,1,Y
67367,124,5,18,2,0,4,2,0,0,2,ITA,0,1,0,,108,1,Y
81778,113,2,9,25,0,3,2,0,0,2,PRT,1,1,0,,75,0,Y
44906,193,10,42,15,0,3,2,0,0,2,,0,1,0,,65,0,Y
54363,64,7,29,14,0,2,2,0,0,2,DEU,0,4,0,,153,0,Y
109438,1,4,15,10,1,1,1,0,0,1,DEU,0,1,0,,150,1,N
62622,55,1,3,18,0,2,1,0,0,1,PRT,0,1,0,,79,0,Y
56262,89,9,36,2,0,2,2,0,0,2,ESP,0,1,0,,135.9,0,Y
52160,21,5,23,31,0,3,2,1,0,3,NIC,0,1,2,,139,0,Y
112289,6,5,21,21,1,0,1,0,0,1,FRA,0,1,1,,140,1,N
75413,323,9,36,5,1,1,2,0,0,2,PRT,1,1,0,,62,0,Y
65532,54,4,14,5,0,2,2,0,0,2,PRT,0,1,0,,110,0,Y
79346,32,10,43,24,1,1,1,0,0,1,GBR,0,1,0,,120,1,N
111978,10,5,20,15,1,2,1,0,0,1,GRC,0,4,0,,170,2,N
107539,1,3,10,10,2,2,1,0,0,1,GBR,0,1,1,,58.45,0,N
44756,79,10,41,10,1,1,1,0,0,1,PRT,0,1,0,,0,0,N
115122,125,6,26,29,0,3,2,0,0,2,GBR,0,1,0,,96.53,0,N
94161,301,7,31,30,1,1,2,0,0,2,DEU,0,1,0,,115,1,N
100010,256,10,43,16,2,3,2,0,0,2,DEU,0,1,2,333,100.75,0,N
76493,414,12,49,5,2,1,2,0,0,2,PRT,1,1,0,,62,0,Y
94011,191,7,31,25,1,4,1,0,0,1,FRA,0,1,1,,86.75,0,N
70071,219,6,23,9,1,2,2,0,0,2,PRT,0,1,0,,105,0,Y
65492,112,4,14,4,0,2,2,0,0,2,PRT,0,1,0,385,95,0,Y
43014,68,9,37,12,2,2,2,0,0,2,PRT,0,1,0,,62,0,Y
49849,270,4,17,20,0,4,1,0,0,1,ISL,0,1,1,,70,0,N
85530,58,3,12,14,1,2,2,0,0,2,FRA,0,1,0,,78.3,1,N
55227,33,8,33,8,1,2,2,0,0,2,FRA,0,1,0,,135.9,1,Y
92339,49,6,27,29,2,4,2,1,0,3,ITA,0,1,0,,134.1,1,N
116352,19,7,29,17,1,0,3,0,0,3,SAU,0,4,0,,210,1,N
58722,40,10,42,15,0,1,3,0,0,3,BRA,0,4,0,,176.4,2,Y
88424,88,5,19,3,0,3,2,0,0,2,PRT,0,1,0,,117,1,N
113284,43,6,22,3,1,1,3,0,0,3,FRA,0,5,0,,240,2,N
49495,126,4,16,14,0,3,1,0,0,1,PRT,0,1,0,,57.5,0,Y
42787,44,9,37,10,0,2,2,0,0,2,PRT,0,1,0,,126,0,Y
102460,60,11,48,25,2,2,2,0,0,2,FRA,0,1,0,,75,0,N
81366,11,12,49,5,2,2,3,0,0,3,PRT,0,1,1,,122,0,N
65861,66,4,15,9,2,0,2,0,0,2,PRT,0,1,0,,100,0,Y
82413,1,6,25,14,0,1,1,0,0,1,PRT,1,1,0,148,95,0,N
73270,173,8,33,17,2,8,2,0,0,2,GBR,0,4,0,,127.71,0,Y
87984,186,4,18,24,2,3,1,0,0,1,GBR,0,1,0,,68.55,0,N
46131,100,12,50,12,2,1,2,0,0,2,FRA,0,1,0,,72.25,2,N
108874,81,3,13,31,1,2,2,0,0,2,GBR,0,1,0,,92.4,0,N
61059,510,12,49,1,0,2,2,0,0,2,PRT,0,1,0,,62.8,0,Y
92176,58,6,27,28,0,4,2,0,0,2,FRA,0,4,0,,131.4,1,N
101040,8,11,45,3,0,3,2,0,0,2,IND,0,1,0,,116.67,1,N
76341,271,7,29,15,0,2,2,0,0,2,PRT,0,1,0,,62,0,N
100199,386,10,44,23,2,0,2,0,0,2,DEU,0,1,0,,115,1,N
59556,53,10,44,29,1,1,2,0,0,2,ITA,0,1,0,,107.1,1,Y
59121,457,10,43,21,0,2,2,0,0,2,PRT,0,1,0,,65,0,Y
92328,18,7,28,3,1,0,2,0,0,2,FRA,0,1,0,,151,1,N
99034,32,10,41,6,0,2,2,0,0,2,POL,0,4,0,,157.5,2,N
81387,18,9,40,27,0,1,1,0,0,1,FRA,1,1,0,91,95,0,Y
72149,423,7,29,22,1,1,2,0,0,2,PRT,0,1,0,,80,0,Y
48233,5,3,12,19,2,1,2,0,0,2,PRT,0,1,0,,90,0,Y
92308,7,6,27,28,1,5,3,0,0,3,ITA,0,4,0,,182,0,N
52137,151,5,23,31,0,3,2,0,0,2,GBR,0,2,1,,95.82,0,N
95893,4,11,45,1,0,3,1,0,0,1,PRT,1,1,0,40,65,1,N
68691,165,5,20,19,2,2,2,0,0,2,PRT,0,1,0,,225,0,Y
61139,46,12,49,2,1,2,2,0,1,3,BRA,0,4,1,,102.6,1,Y
79539,16,11,45,4,0,2,1,0,0,1,PRT,1,1,0,122,95,0,Y
77569,5,9,39,22,0,1,1,0,0,1,PRT,0,1,0,40,65,0,N
46848,1,1,4,21,0,1,2,0,0,2,NLD,0,1,0,,91,1,Y
71495,131,7,27,6,1,3,3,0,0,3,GBR,0,5,0,,179.1,0,Y
89671,34,5,22,22,2,1,1,0,0,1,CHE,0,4,0,,118.8,0,N
114788,396,6,26,25,2,0,2,0,0,2,DEU,0,1,0,,122.4,1,N
115644,70,7,27,6,0,3,2,0,0,2,GBR,0,4,4,,150,2,N
97435,13,9,38,15,0,1,2,0,0,2,DEU,0,1,0,233,100,1,N
64354,33,3,10,7,0,2,2,0,0,2,PRT,0,1,0,,79,0,Y
107382,57,3,10,11,0,1,2,0,0,2,USA,0,1,0,,108,0,N
78369,1,11,47,19,0,1,1,0,0,1,PRT,1,1,0,40,65,0,N
75154,278,7,30,22,0,2,2,0,0,2,PRT,1,1,0,,62,0,Y
115135,152,6,26,27,0,5,2,0,0,2,GBR,0,1,0,,80.1,0,N
45381,72,10,44,28,0,3,2,0,0,2,ISR,0,1,0,,85.67,0,N
82146,99,2,8,19,0,1,2,0,0,2,PRT,1,1,0,67,80,0,Y
46676,12,1,3,15,0,2,2,0,0,2,PRT,0,2,1,,85.25,1,N
63718,74,2,7,18,2,1,2,0,0,2,GBR,0,4,0,,102.6,1,Y
101613,30,11,47,14,1,0,2,0,0,2,PRT,0,1,0,,88,1,N
76392,273,7,29,17,0,2,1,0,0,1,PRT,0,1,1,,87,0,N
55911,112,8,35,24,0,4,2,0,0,2,PRT,0,5,0,,116.28,0,Y
73227,185,8,33,16,2,7,2,0,0,2,ITA,0,1,0,,120.4,0,Y
103760,19,12,53,29,0,2,2,0,1,3,PRT,0,6,0,,0,2,N
62266,10,1,1,6,2,2,2,0,0,2,ITA,0,1,0,,71.19,0,Y
66130,61,4,15,14,1,2,3,0,0,3,ITA,0,4,0,,177,0,Y
54513,195,7,30,18,1,3,2,2,0,4,ESP,0,6,0,,158.95,0,Y
62293,129,1,2,8,2,1,1,0,0,1,PRT,0,4,0,,67,0,Y
67886,273,5,19,9,0,1,1,0,0,1,PRT,0,1,0,,84.6,0,Y
40199,125,7,29,15,2,4,2,0,0,2,PRT,0,1,0,,76.5,0,Y
91124,256,6,25,15,0,2,2,0,0,2,DEU,0,1,0,,115,1,N
48336,46,3,13,21,1,2,2,0,0,2,PRT,0,1,0,,85,0,Y
107108,137,3,10,6,1,1,2,0,0,2,ISR,0,1,0,,80,1,N
45413,72,10,44,28,0,3,2,0,0,2,ISR,0,1,0,,85.67,0,N
93042,169,7,29,13,0,3,2,0,0,2,CHE,0,1,1,,94.5,1,N
115582,174,7,27,5,0,3,3,0,0,3,BEL,0,4,0,,153.9,1,N
69106,172,5,21,25,0,3,2,0,0,2,FRA,0,4,0,,139.5,2,Y
79448,137,1,5,27,0,2,1,0,0,1,PRT,1,1,0,,70,0,Y
104238,0,1,1,7,1,1,2,0,0,2,PRT,0,1,0,,83.75,0,N
62105,123,1,1,2,1,1,2,0,0,2,GBR,0,4,0,,102.6,1,Y
68940,8,5,21,23,0,2,2,0,0,2,PRT,0,4,0,,190,1,Y
114179,278,6,24,14,0,4,2,0,0,2,DEU,0,1,1,,110,2,N
95931,178,8,35,22,1,3,3,0,0,3,DEU,0,1,0,,127.93,2,N
114863,22,6,26,27,0,1,2,0,0,2,USA,0,1,0,,89,0,N
114143,0,6,24,17,0,1,1,0,0,1,PRT,0,1,0,153,95,0,N
106149,1,2,8,21,0,1,2,0,0,2,PRT,0,1,0,,108,0,N
117841,13,8,32,8,0,3,1,0,0,1,PRT,0,1,1,40,65,2,N
40354,132,7,30,23,0,1,2,0,0,2,PRT,0,1,0,,90,0,N
80600,6,5,21,18,0,1,1,0,0,1,PRT,2,1,0,40,65,0,Y
112378,18,5,21,22,1,1,2,0,0,2,ECU,0,1,0,,120,1,N
61135,74,12,49,2,1,2,2,0,0,2,HKG,0,1,0,,88.2,2,Y
116041,414,7,28,13,0,2,1,0,0,1,DEU,0,1,1,,95.5,0,N
109770,298,4,15,14,1,2,2,0,0,2,DEU,0,1,1,,90,0,N
76452,379,10,44,31,1,1,2,0,0,2,PRT,1,1,0,,62,0,Y
112187,110,5,20,19,0,2,1,0,0,1,BEL,0,5,2,,180,0,N
72528,16,7,31,30,2,1,3,0,0,3,AUT,0,4,0,,212.67,0,Y
96660,208,9,36,3,2,1,2,0,0,2,ITA,0,1,1,,161.1,1,N
56918,433,9,38,15,0,2,2,0,0,2,PRT,0,1,0,,62,0,Y
97057,240,9,37,10,1,1,2,0,0,2,ITA,0,1,0,,96,1,N
50502,437,5,19,2,1,2,2,0,0,2,PRT,0,1,0,,60,0,Y
41780,53,8,35,24,1,1,2,0,0,2,ESP,0,1,0,,62,0,N
87611,34,4,17,22,0,1,2,0,0,2,USA,0,1,0,,105.3,1,N
72534,305,7,31,30,2,1,3,0,0,3,POL,0,4,0,,139.5,2,Y
63822,594,2,8,23,0,1,1,0,0,1,PRT,0,1,0,,59,0,Y
107873,21,3,11,16,1,3,2,0,0,2,DEU,0,1,0,,78,0,N
56185,256,8,36,31,0,4,2,0,0,2,DEU,0,1,0,,90.95,0,N
70984,131,6,26,26,1,3,1,0,0,1,FRA,0,1,0,,108,0,Y
68159,224,5,20,14,1,0,2,0,0,2,USA,0,1,0,,107.1,1,Y
47278,2,2,8,14,2,1,1,0,0,1,AGO,0,1,0,,79,0,Y
112793,300,5,21,25,0,3,2,0,0,2,CHE,0,1,0,,99,1,N
91755,235,6,26,24,0,2,2,0,0,2,PRT,0,1,0,,65,1,N
116916,200,7,30,26,0,1,3,0,0,3,BEL,0,4,2,,175.5,1,N
63233,91,2,5,3,0,1,2,0,0,2,CN,0,1,0,,79.2,1,Y
111677,128,5,19,13,0,1,3,0,0,3,IRL,0,1,0,,144,1,N
68008,319,5,19,11,0,3,3,0,0,3,DEU,0,4,0,,193.5,2,Y
63672,31,2,7,17,0,2,2,0,0,2,PRT,0,1,0,,95,0,Y
109046,64,4,14,2,2,2,2,0,0,2,GBR,0,1,0,,117,1,N
103348,32,12,51,17,2,2,2,0,0,2,USA,0,1,0,,66.59,1,N
82623,43,12,53,31,0,3,2,0,0,2,FRA,0,1,0,,137.33,0,N
87811,27,4,18,25,1,0,1,0,0,1,PRT,0,1,0,,111,1,N
118920,122,8,34,20,2,5,2,0,0,2,FRA,0,1,2,,125,0,N
81044,86,1,4,22,0,1,2,0,0,2,PRT,1,1,0,,85,0,Y
64500,59,3,10,11,1,1,2,0,0,2,CN,0,1,1,,98,0,Y
104870,0,1,4,23,1,0,2,0,0,2,DNK,0,1,0,,58.31,0,N
103138,7,12,50,9,2,2,2,0,0,2,PRT,0,1,0,,86.78,1,N
80177,41,11,46,8,2,3,2,0,0,2,FRA,0,4,0,,60,1,N
54279,151,7,29,11,1,1,2,0,0,2,PRT,0,1,0,,63.75,1,Y
59404,464,10,44,28,0,2,2,0,0,2,PRT,0,1,0,,65,0,Y
65684,178,4,14,6,0,3,2,0,0,2,CHE,0,1,0,,117,0,Y
68727,25,5,20,20,2,1,2,0,0,2,PRT,0,1,0,,90,0,Y
82293,57,12,53,29,2,6,2,0,0,2,PRT,1,4,1,,99.45,1,Y
51208,451,5,21,16,1,2,2,0,0,2,PRT,0,1,0,,60,0,Y
107730,45,3,11,12,2,3,2,0,0,2,GBR,0,1,0,,74.8,0,N
109007,111,4,14,3,1,1,2,0,0,2,ISR,0,1,0,,95,1,N
88639,10,5,19,6,2,2,2,0,0,2,GBR,0,4,0,,141,1,N
91082,11,6,25,14,0,3,1,0,0,1,PRT,0,4,0,51,90,0,N
71849,25,7,28,13,1,3,2,0,0,2,FRA,0,1,2,,135,2,Y
110899,72,5,18,1,1,2,1,0,0,1,USA,0,1,0,,79.2,0,N
56754,144,9,38,12,1,3,2,0,0,2,GBR,0,1,0,,126.9,3,Y
59990,305,11,45,4,1,2,2,0,0,2,PRT,0,1,0,,89,0,Y
60855,503,11,48,24,0,2,2,0,0,2,PRT,0,1,0,,62.8,0,Y
57490,418,9,40,26,1,2,2,0,0,2,DEU,0,1,0,,107,0,N
57385,19,9,40,25,1,0,2,0,0,2,GBR,0,1,0,,129,0,Y
42425,3,9,36,5,2,2,1,0,0,1,PRT,0,1,1,,0,0,N
58585,37,10,42,13,0,3,1,0,0,1,PRT,0,1,0,,95,0,Y
85873,5,3,13,21,1,1,2,0,0,2,FRA,0,1,0,,68.53,1,N
117082,126,7,30,27,0,2,2,0,0,2,SWE,0,4,0,,139.5,1,N
70174,167,6,24,11,2,2,2,0,0,2,DEU,0,1,0,,144,0,Y
60211,277,11,46,7,1,2,2,0,0,2,PRT,0,1,0,,100,0,Y
65277,55,3,13,30,1,3,2,0,0,2,IRL,0,1,0,,91.15,1,Y
54970,21,8,32,1,1,3,2,0,0,2,ESP,0,1,1,,138,0,Y
85354,133,3,11,11,1,2,2,0,0,2,USA,0,1,0,,84.33,1,N
60449,54,11,46,11,0,2,2,0,0,2,GBR,0,1,0,,79.2,0,Y
109833,47,4,15,14,1,2,3,0,0,3,GBR,0,4,0,,177,3,N
61400,322,12,50,9,0,2,2,0,0,2,PRT,0,1,0,,52,0,Y
71852,0,7,28,14,0,1,2,2,0,4,PRT,0,5,0,,215,0,Y
54307,187,7,29,11,2,5,3,0,0,3,SWE,0,4,1,,134.45,2,N
117937,1,8,32,11,0,1,2,2,0,4,USA,0,7,0,,290,0,N
46523,1,1,2,4,1,1,2,0,0,2,PRT,0,1,0,,86,1,N
70312,201,6,24,14,0,4,2,0,0,2,PRT,0,1,0,,110,0,Y
71043,141,6,26,27,2,5,1,0,0,1,PRT,0,1,0,,130,0,Y
83699,59,2,6,6,2,2,2,0,0,2,AUT,0,1,0,,62,0,N
102489,5,3,10,8,0,1,1,0,0,1,PRT,0,1,0,219,80,2,N
92402,134,7,28,4,1,1,2,0,0,2,GBR,0,1,0,,109.8,0,N
92427,54,7,28,3,2,1,2,0,0,2,PRT,0,1,0,,85.5,0,N
43091,14,9,38,14,1,3,1,0,0,1,PRT,0,1,1,40,65,0,N
65384,76,4,13,1,2,5,3,0,0,3,BEL,0,4,0,,163.8,0,Y
59651,154,10,45,30,2,1,2,0,0,2,BEL,0,4,0,,104.1,2,Y
45346,61,10,44,26,1,1,2,0,0,2,PRT,0,1,0,,72.24,1,Y
73300,213,8,33,18,0,2,2,0,0,2,GBR,0,5,1,,154.8,1,Y
109324,89,4,14,3,2,5,1,0,0,1,PRT,0,1,0,,83.16,1,N
46267,118,12,53,28,1,4,2,0,0,2,PRT,0,1,0,,110.8,2,N
63613,19,2,7,15,3,9,2,0,0,2,PRT,0,4,0,,110.33,0,Y
62214,545,1,1,5,0,1,1,0,0,1,PRT,0,1,0,,59,0,Y
51546,39,5,21,21,0,1,1,0,0,1,BRA,0,1,0,,121.5,0,Y
114131,179,6,23,10,2,5,2,0,0,2,PRT,0,1,0,,99,2,N
86570,6,4,15,4,1,1,2,0,0,2,PRT,0,1,1,,61,1,N
74520,332,9,38,14,1,1,2,0,0,2,PRT,1,1,0,,62,0,Y
103925,0,12,53,29,1,3,2,0,0,2,BRA,0,1,1,,12,0,N
97988,53,9,39,20,0,3,2,0,0,2,GBR,0,4,0,,115.04,1,N
54218,108,7,28,9,0,1,2,0,0,2,BEL,0,1,0,,103.5,0,Y
93425,22,7,30,20,0,1,1,0,0,1,NLD,0,1,0,,126,0,N
107746,29,3,11,14,0,4,2,0,0,2,FRA,0,1,0,,68,0,N
87954,13,4,18,26,0,3,1,0,0,1,DEU,0,1,0,,73,0,N
69061,213,5,21,25,0,2,2,0,0,2,PRT,0,1,0,,130,0,Y
96046,256,8,35,26,0,2,2,0,0,2,PRT,0,1,0,,72.25,1,N
67825,166,5,19,8,1,1,2,0,0,2,GBR,0,1,0,,99,1,Y
55881,137,8,35,23,0,4,3,0,0,3,ITA,0,4,0,,133.2,0,Y
85013,33,3,10,5,2,1,2,0,0,2,GBR,0,1,2,,78.5,2,N
48317,60,3,13,20,2,2,2,0,0,2,PRT,0,1,0,,75,0,Y
86479,59,3,14,31,1,3,2,0,0,2,DEU,0,1,1,,80.75,0,N
100782,165,10,44,28,2,2,1,0,0,1,GBR,0,4,2,,104.4,3,N
42404,21,9,36,5,2,2,2,0,0,2,TUN,0,1,0,,105,3,N
111727,80,5,19,11,1,3,2,0,0,2,SWE,0,1,0,,121.5,0,N
112308,75,5,20,20,2,1,2,0,0,2,GBR,0,1,0,,112.67,1,N
73069,140,8,33,13,2,4,2,0,0,2,PRT,0,4,0,,147.25,0,Y
114205,141,6,24,15,0,3,2,0,0,2,CHE,0,1,0,,126,0,N
107067,75,3,9,1,2,4,2,0,0,2,DEU,0,1,0,,91.8,1,N
87732,6,4,18,24,1,0,3,0,0,3,FRA,0,4,0,,146,2,N
106819,8,2,9,27,1,3,2,0,0,2,PRT,0,1,0,,74.8,3,N
106923,21,3,9,4,0,1,2,0,0,2,CHN,0,1,0,,88,1,N
116446,59,7,29,17,1,2,2,0,0,2,BEL,0,1,0,,130,1,N
73407,217,8,34,20,2,5,2,0,0,2,ITA,0,1,0,,153,0,Y
77135,40,3,12,13,2,1,1,0,0,1,PRT,0,1,1,40,67,0,N
51966,134,5,22,26,0,3,2,2,0,4,CHE,0,6,0,,198.9,0,Y
97670,315,9,38,17,1,1,2,0,0,2,FRA,0,1,0,,65,1,N
89323,101,5,21,19,0,1,2,0,0,2,ITA,0,1,0,,126.9,0,N
68800,75,5,20,20,2,1,1,0,0,1,PRT,0,1,0,,80,0,Y
48291,60,3,13,20,2,2,2,0,0,2,PRT,0,1,0,,75,0,Y
90381,134,6,23,2,1,3,2,0,0,2,ITA,0,2,0,,114.96,1,N
109808,58,4,15,15,1,1,3,0,0,3,PRT,0,4,0,,179.5,1,N
40988,39,8,33,10,1,1,2,0,0,2,ESP,0,1,0,,62,1,N
107041,1,3,10,6,1,0,2,0,0,2,PRT,0,1,0,,91.08,0,N
98690,91,9,40,30,1,2,2,0,0,2,FRA,0,1,0,,80,0,N
78435,0,10,41,7,0,2,2,0,0,2,PRT,0,1,0,,138,0,N
65022,73,3,12,22,0,4,1,0,0,1,DEU,0,5,0,,117.3,0,Y
74632,367,10,43,19,1,1,2,0,0,2,PRT,1,1,0,,62,0,Y
74430,297,8,33,10,1,1,2,0,0,2,PRT,1,1,0,,62,0,Y
89472,14,5,21,18,0,4,1,0,0,1,FRA,0,1,1,,72,1,N
83501,1,2,6,3,0,2,3,0,0,3,PRT,0,4,0,,133,1,N
40372,132,7,30,23,0,1,2,0,0,2,PRT,0,1,0,,90,0,N
43417,74,9,38,18,0,2,2,0,0,2,PRT,0,1,0,,109,0,N
75033,219,9,36,4,1,2,2,0,0,2,PRT,1,1,0,,80,0,Y
81752,113,2,9,25,0,3,2,0,0,2,PRT,1,1,0,,75,0,Y
109740,7,4,15,14,0,2,2,0,0,2,CHN,0,1,0,,144,2,N
59598,282,10,44,29,2,2,2,0,0,2,DEU,0,1,2,,88.83,1,Y
106131,72,2,7,17,2,2,2,0,0,2,CHE,0,1,0,,90.1,2,N
113973,119,6,24,11,2,2,2,0,0,2,AUS,0,1,0,,126,0,N
108708,8,3,13,30,0,1,2,0,0,2,FRA,0,1,0,,98,3,N
93851,126,7,31,25,1,2,2,0,0,2,PRT,0,1,0,,77.03,1,N
69036,297,5,21,24,0,4,2,0,0,2,FIN,0,1,0,,109.8,1,Y
113099,151,5,22,28,2,3,2,0,0,2,DEU,0,1,0,,89.1,0,N
89289,6,6,23,7,0,1,1,0,0,1,ESP,0,6,0,,160,0,N
57661,134,9,40,29,1,3,2,0,0,2,ITA,0,4,0,,137.7,2,Y
114332,448,6,24,17,2,1,2,0,0,2,GBR,0,1,0,,112.67,1,N
110838,192,4,18,30,2,0,2,0,0,2,BEL,0,1,1,,117,0,N
82873,68,2,8,17,0,2,2,0,0,2,PRT,1,1,0,,75,0,Y
54573,384,7,30,20,0,2,2,0,0,2,PRT,0,1,0,,65,0,Y
55310,405,8,33,10,0,2,2,0,0,2,PRT,0,1,0,,65,0,Y
76484,414,12,49,5,2,1,2,0,0,2,PRT,1,1,0,,62,0,Y
68331,164,5,20,15,1,2,1,0,0,1,PRT,0,1,0,,160,0,Y
78959,1,3,10,2,0,1,1,0,0,1,PRT,0,1,0,40,65,1,N
117311,26,8,31,1,0,1,2,0,0,2,USA,0,1,0,,128,0,N
85810,7,3,13,21,1,0,1,0,0,1,PRT,0,1,0,153,88,0,N
92505,90,7,28,5,0,3,2,1,0,3,CN,0,1,0,,130.5,1,N
73088,186,8,33,14,1,2,2,0,0,2,ESP,0,1,0,,130.5,0,Y
49416,138,4,16,13,0,1,2,0,0,2,PRT,0,1,0,,90,0,Y
87070,138,4,16,13,0,1,2,0,0,2,PRT,0,1,0,,90,1,N
57412,4,9,40,26,1,0,1,0,0,1,PRT,0,1,0,,98.1,0,Y
71871,334,7,28,14,2,2,2,1,0,3,AUS,0,1,0,,116.1,0,Y
67860,85,5,19,8,1,3,2,0,0,2,FRA,0,1,0,,126,0,Y
94323,131,8,32,1,1,1,2,0,0,2,PRT,0,4,0,,162,3,N
62760,59,1,3,21,2,1,2,0,0,2,FRA,0,4,0,,102.6,0,Y
70273,17,6,24,13,0,2,2,0,0,2,PRT,0,1,0,,109,1,Y
101265,81,11,46,6,2,2,1,0,0,1,RUS,0,4,0,,146.6,1,N
58634,37,10,42,13,0,3,2,0,0,2,PRT,0,1,0,,105,0,Y
102817,102,12,50,6,0,1,3,0,0,3,ITA,0,4,0,,126,0,N
61305,81,12,50,7,0,4,2,1,0,3,ESP,0,1,0,,152.55,1,Y
46605,7,1,3,10,2,1,2,0,0,2,ITA,0,1,0,,89,1,N
91655,19,6,26,22,0,2,2,0,0,2,PRT,0,1,1,,100,0,N
42356,65,9,36,5,1,1,2,0,0,2,PRT,0,1,0,,62,0,Y
106451,134,2,8,25,0,1,1,0,0,1,PRT,0,1,0,,75,0,N
102793,5,12,49,3,2,1,2,0,0,2,ESP,0,1,0,,100.33,0,N
59693,72,10,45,31,2,5,3,0,0,3,ITA,0,4,0,,126.64,0,Y
110742,22,4,18,30,1,0,2,0,0,2,ITA,0,1,0,,115,1,N
66044,315,4,15,13,0,3,2,0,0,2,PRT,0,1,0,,109.8,0,Y
47912,70,3,11,9,0,2,2,0,0,2,USA,0,1,0,,67.5,1,Y
117108,35,7,30,28,0,2,2,0,0,2,DEU,0,1,0,,160,2,N
78061,6,9,40,28,1,3,2,0,0,2,LUX,0,1,0,,169,1,N
47729,55,3,10,1,0,4,2,0,0,2,FRA,0,1,0,,78.08,1,N
103429,127,12,52,22,0,2,2,0,0,2,IND,0,1,0,,90,3,N
64064,19,2,9,27,2,5,2,0,0,2,GNB,0,1,0,,74.8,0,Y
109919,68,4,15,15,2,2,2,0,0,2,ESP,0,1,0,,112.5,2,N
71900,24,7,28,15,1,1,1,0,0,1,DNK,0,1,0,,130,0,Y
110041,83,4,16,18,0,3,2,0,0,2,FRA,0,1,0,,115,0,N
69380,40,5,22,30,0,2,2,0,0,2,PRT,0,1,0,,130,0,Y
105484,0,2,6,9,0,1,1,0,0,1,PRT,0,1,0,,93,0,N
43384,74,9,38,18,0,2,2,0,0,2,PRT,0,1,0,,109,0,N
95856,42,8,35,22,1,2,2,2,0,4,ESP,0,5,0,,192.3,2,N
102867,192,12,50,4,2,2,2,0,0,2,ESP,0,1,2,,72.75,2,N
45975,3,12,49,4,0,1,2,0,0,2,ESP,0,1,0,,75,0,N
77626,11,9,39,22,0,2,2,0,0,2,DNK,0,1,0,,98,0,N
74123,335,9,38,17,0,2,2,0,0,2,PRT,1,1,0,,62,0,Y
78013,2,9,40,30,0,1,2,0,0,2,ITA,0,1,0,,109,0,N
66247,34,4,15,15,2,3,2,0,0,2,GBR,0,1,0,,140,2,Y
78934,16,10,42,15,1,3,1,0,0,1,PRT,0,1,0,,65,0,N
75342,311,8,35,24,1,1,2,0,0,2,PRT,1,1,0,,62,0,Y
78622,0,10,42,11,2,0,1,0,0,1,PRT,0,1,2,,88.94,0,N
94732,40,8,32,5,2,2,2,0,0,2,FRA,0,1,2,,125.1,1,N
61629,10,12,52,20,0,4,2,0,0,2,ROU,0,1,0,,83.73,1,Y
98720,14,10,41,3,1,0,1,0,0,1,ESP,0,1,0,150,95,0,N
84741,39,2,10,29,1,2,2,0,0,2,GBR,0,1,0,,60.1,0,N
51301,323,5,21,17,0,4,2,0,0,2,PRT,0,1,0,,112,1,N
115367,188,6,26,28,2,5,2,0,0,2,DEU,0,1,0,,83.96,1,N
50327,59,4,18,28,2,3,2,0,0,2,IRL,0,4,0,,128.69,0,Y
49046,8,4,15,5,0,1,1,0,0,1,ESP,0,1,0,,95,0,Y
43503,74,9,38,18,0,2,2,0,0,2,PRT,0,1,0,,109,0,N
109859,176,4,15,14,2,2,2,0,0,2,CN,0,1,0,,113,0,N
60624,496,11,47,17,0,2,2,0,0,2,PRT,0,1,0,,62.8,0,Y
84145,99,2,8,19,0,1,1,0,0,1,PRT,0,1,0,67,81,0,N
99761,53,10,42,15,1,1,2,0,0,2,PRT,0,4,1,,183.5,1,N
60611,2,11,47,17,0,2,1,0,0,1,NLD,0,1,0,,103,1,Y
103904,64,1,1,1,1,0,2,2,0,4,DEU,0,6,0,,185.4,0,N
65451,3,4,14,3,1,3,1,0,0,1,PRT,0,1,0,153,126,0,Y
87397,1,4,17,18,1,0,2,0,0,2,USA,0,1,0,,111,0,N
50075,142,4,17,22,2,3,2,0,0,2,POL,0,1,0,,103,0,Y
90751,104,6,24,7,0,4,1,0,0,1,DEU,0,1,0,,84.56,2,N
78797,14,10,42,15,0,2,1,0,0,1,DZA,0,1,0,,100,0,N
102769,80,12,49,3,2,1,2,0,0,2,FRA,0,1,0,,75,0,N
77421,19,10,41,6,0,3,1,0,0,1,PRT,0,1,0,,80,0,N
41194,39,8,33,14,0,2,2,0,0,2,PRT,0,1,0,,101.5,0,Y
97825,15,9,39,20,0,1,2,0,0,2,BEL,0,1,1,,148,1,N
102476,60,11,48,25,2,2,2,0,0,2,FRA,0,1,0,,75,0,N
85228,29,3,11,8,0,3,2,0,0,2,GBR,0,1,0,,86.93,1,N
50808,106,5,20,8,2,5,2,0,0,2,ITA,0,1,0,,105.28,0,Y
57922,285,10,41,3,1,3,2,0,0,2,PRT,0,1,0,,100,0,Y
100925,43,11,45,3,0,1,2,0,0,2,DNK,0,1,0,,108,2,N
56498,58,9,37,8,0,1,2,0,0,2,NLD,0,1,0,,125.1,0,Y
65520,59,4,14,4,0,5,2,0,0,2,FRA,0,1,0,,99,0,Y
104694,29,1,3,18,0,3,1,0,0,1,POL,0,1,0,,65,0,N
95533,9,8,34,19,0,1,2,0,0,2,FRA,0,1,0,,140,2,N
94364,23,8,32,3,0,1,2,0,0,2,FRA,0,4,0,,166,1,N
70513,150,6,24,17,2,3,1,0,0,1,PRT,0,1,0,,120,0,Y
77563,1,9,39,22,0,1,1,0,0,1,SWE,0,1,0,,158,0,N
109112,68,4,14,5,0,2,1,0,0,1,NLD,0,1,0,418,100,0,N
43158,76,9,38,16,0,2,2,0,0,2,ESP,0,1,0,,62,0,N
110655,158,4,17,26,0,4,2,2,0,4,SVN,0,6,0,,189,0,N
62707,559,1,3,19,0,2,2,0,0,2,PRT,0,1,0,,62,0,Y
97801,27,9,39,20,0,1,3,0,0,3,BRA,0,1,2,,125,0,N
85330,2,3,11,11,0,2,2,0,0,2,PRT,0,4,0,,127,0,N
92989,7,7,29,11,1,3,2,0,0,2,PRT,0,1,0,,118.15,0,N
53325,290,6,25,17,1,2,2,0,0,2,PRT,0,1,0,,72,0,Y
78903,16,10,42,15,1,3,2,0,0,2,PRT,0,1,0,,90,0,N
90734,45,6,24,8,0,3,2,0,0,2,FRA,0,4,0,,128.4,1,N
52085,55,5,23,30,1,2,1,0,0,1,CHN,0,1,0,,109.35,0,Y
110769,29,4,17,29,1,1,2,0,0,2,ESP,0,1,1,,115,1,N
106201,57,2,8,19,2,2,2,0,0,2,ESP,0,1,0,,74.8,1,N
42519,55,9,37,6,2,0,2,0,0,2,ESP,0,1,0,,75,0,N
110382,7,4,17,26,0,1,2,0,0,2,PRT,0,4,0,219,110,0,N
65156,166,3,12,25,2,2,2,0,0,2,AUT,0,1,0,,88.4,1,Y
50259,160,4,18,27,2,4,2,0,0,2,PRT,0,1,0,,90,0,Y
70055,206,6,23,9,0,2,2,0,0,2,PRT,0,1,0,,130,0,Y
112792,159,5,21,24,0,4,2,0,0,2,FRA,0,1,5,,150.3,1,N
57556,274,9,40,27,0,2,2,0,0,2,USA,0,4,0,,115.2,1,N
61159,24,12,49,2,2,2,1,0,0,1,CHE,0,1,0,,88,0,Y
57869,26,10,41,2,2,1,1,0,0,1,USA,0,1,0,,147,0,Y
48984,92,4,15,4,1,1,1,0,0,1,FRA,0,1,0,,81.9,1,Y
95806,41,8,34,20,2,2,2,0,0,2,ESP,0,1,0,,140.4,1,N
92743,138,7,28,5,1,5,2,0,0,2,AUT,0,1,0,,102.25,0,N
75493,341,9,39,23,0,2,2,0,0,2,PRT,1,1,0,,62,0,Y
54130,365,7,28,7,0,2,2,0,0,2,PRT,0,1,0,,62,0,Y
49272,268,4,15,8,2,3,2,0,0,2,PRT,0,1,1,,78,0,N
49345,64,4,16,11,1,1,2,0,0,2,USA,0,1,0,,94.5,1,Y
83767,2,2,7,10,0,2,1,0,0,1,ITA,0,1,0,,80,1,N
63241,61,2,5,3,0,2,2,0,0,2,ITA,0,1,0,,79.2,1,Y
80692,32,11,47,20,0,2,1,0,0,1,PRT,0,1,0,,73,0,N
52048,202,5,23,29,2,1,2,0,0,2,PRT,0,1,0,,90,0,Y
85082,3,3,11,8,0,1,1,0,0,1,ESP,0,1,0,,90,1,N
96865,35,9,37,5,1,3,3,0,0,3,IRN,0,1,0,,118.8,0,N
75494,341,9,39,23,0,2,2,0,0,2,PRT,1,1,0,,62,0,Y
72420,95,7,30,28,0,2,2,0,0,2,GBR,0,1,0,,125,1,Y
63387,31,2,6,10,2,2,2,0,0,2,FRA,0,1,0,,74.8,1,Y
118245,48,8,33,15,0,2,2,1,0,3,ECU,0,1,0,,180,3,N
89009,40,5,20,13,1,2,2,0,0,2,DEU,0,7,0,,203.73,2,N
117073,329,7,30,27,0,2,2,0,0,2,GBR,0,1,0,,89.1,1,N
114303,19,6,25,19,1,0,1,0,0,1,FRA,0,4,0,,137.75,1,N
69181,235,5,21,26,1,2,2,0,0,2,GBR,0,1,0,,107.1,1,Y
41306,39,8,33,14,0,2,2,0,0,2,PRT,0,1,0,,101.5,0,Y
112948,6,5,22,29,1,1,1,0,0,1,GRC,0,1,0,153,95,0,N
43777,86,9,39,24,0,2,2,0,0,2,FRA,0,1,0,,105,0,N
58704,162,10,42,14,2,2,1,0,0,1,PRT,0,1,0,,115,0,Y
117240,0,7,31,31,1,0,2,0,0,2,USA,0,4,0,,69.7,0,N
115478,177,7,27,2,2,2,2,0,0,2,DEU,0,1,0,,89,1,N
70904,129,6,25,24,2,1,2,0,0,2,PRT,0,1,0,,130,0,Y
41099,41,8,33,12,0,2,2,0,0,2,PRT,0,1,0,,62,0,N
72651,69,8,31,2,0,3,2,0,0,2,CHN,0,1,0,,117,1,Y
88679,10,5,20,9,1,1,2,0,0,2,FRA,0,4,0,,126,1,N
105103,55,1,5,29,1,0,1,0,0,1,JPN,0,1,0,,54.05,1,N
100542,76,10,43,22,2,5,2,0,0,2,DEU,0,4,0,,116.36,1,N
46680,18,1,3,15,0,2,3,0,0,3,FRA,0,1,0,,118,2,N
118853,215,8,34,25,0,1,2,3,0,5,GBR,0,7,0,,245,1,N
89505,5,5,21,19,0,3,2,2,0,4,PRT,0,6,0,,230,2,N
92131,152,6,27,27,1,3,2,0,0,2,FIN,0,1,0,,90.95,1,N
42077,13,8,36,30,2,3,2,0,0,2,BEL,0,1,0,,99,2,N
80184,21,1,5,30,1,0,1,0,0,1,FRA,0,1,1,91,80,1,N
42170,0,9,36,1,0,3,2,2,0,4,ESP,0,1,1,,165,0,N
57719,269,9,40,30,1,2,3,0,0,3,DEU,0,1,0,,121.4,1,N
53372,34,6,26,19,2,1,1,0,0,1,PRT,0,1,0,,81,0,Y
111443,30,5,19,10,0,1,2,0,0,2,NLD,0,1,1,,140,0,N
117500,1,8,31,3,0,2,2,1,0,3,NLD,0,4,1,,185,0,N
72259,192,7,30,24,3,6,2,0,0,2,BEL,0,1,0,,166.5,1,Y
104315,11,5,19,8,1,1,1,0,0,1,PRT,0,1,1,408,99.5,0,N
80389,34,12,50,8,0,2,1,0,0,1,PRT,1,1,0,,90,0,Y
108990,111,4,14,3,1,1,2,0,0,2,ISR,0,1,0,,95,1,N
54677,9,7,30,23,0,1,2,1,0,3,SWE,0,1,0,,169,0,Y
53403,31,6,26,20,1,1,2,0,0,2,KOR,0,4,0,,107.1,0,Y
40965,39,8,33,10,1,1,2,0,0,2,ESP,0,1,0,,62,1,N
116218,3,7,28,15,0,1,2,0,0,2,FRA,0,1,0,,123.2,1,N
101882,149,11,47,16,0,4,2,0,0,2,ITA,0,1,0,,65.45,1,N
63872,184,2,8,23,0,3,2,0,0,2,ITA,0,1,0,,93.6,0,Y
82183,99,2,8,19,0,1,2,0,0,2,PRT,1,1,0,67,80,0,Y
65374,162,4,13,1,2,1,2,0,0,2,PRT,0,1,0,,98,0,Y
97532,75,9,38,14,0,4,2,0,0,2,FRA,0,4,0,,149.4,3,N
61429,12,12,50,10,0,1,3,0,0,3,GBR,0,4,0,,161,0,Y
44155,47,10,40,1,1,3,2,0,0,2,NLD,0,1,0,,103.05,2,N
84768,115,2,9,27,2,3,1,0,0,1,PRT,0,1,1,,75,0,N
85026,3,3,11,7,1,0,2,0,0,2,PRT,0,1,0,,103,1,N
113726,212,6,23,9,0,2,2,0,0,2,GBR,0,1,0,,99,1,N
94240,163,8,32,1,1,0,2,0,0,2,PRT,0,1,0,,105.3,2,N
95142,156,8,33,8,2,5,2,0,0,2,FRA,0,1,0,,72.25,0,N
87898,133,4,18,25,1,2,2,0,0,2,DEU,0,1,0,,80.75,1,N
43169,76,9,38,16,0,2,2,0,0,2,ESP,0,1,0,,62,0,N
97500,33,9,38,15,0,2,2,0,0,2,DEU,0,1,0,,117.33,2,N
53613,77,6,27,26,1,0,2,0,0,2,DEU,0,1,0,,105.3,1,Y
72749,191,8,31,5,1,1,2,0,0,2,USA,0,4,5,,139.5,0,Y
107313,170,3,10,7,0,4,2,0,0,2,PRT,0,1,1,,115.2,0,N
67406,152,5,18,3,0,3,2,0,0,2,PRT,0,1,0,,100,0,Y
95471,320,8,34,18,0,2,2,0,0,2,DEU,0,1,0,,115,1,N
99208,0,10,42,9,1,0,3,0,0,3,PRT,0,1,1,,77,0,N
47804,58,3,10,4,0,2,2,0,0,2,BEL,0,1,0,,80.3,1,N
100066,0,10,43,22,0,1,2,0,0,2,USA,0,1,0,,120,0,N
80875,73,11,48,24,0,3,2,0,0,2,FRA,0,1,0,,85.67,0,N
71810,207,7,28,12,2,5,2,0,0,2,NLD,0,1,0,,107.1,1,Y
75341,311,8,35,24,1,1,2,0,0,2,PRT,1,1,0,,62,0,Y
54246,113,7,29,10,1,0,2,0,0,2,USA,0,1,0,,103.5,0,Y
57133,206,9,39,19,1,2,1,0,0,1,PRT,0,5,0,51,106,0,Y
46908,15,1,5,25,4,10,1,0,0,1,DZA,0,1,0,,75.5,1,Y
71964,193,7,29,16,2,1,2,0,0,2,GBR,0,1,0,,89.1,2,Y
103075,5,12,50,8,0,3,2,0,0,2,TUR,0,4,0,,121,1,N
91896,53,6,26,24,1,2,2,0,0,2,PRT,0,1,0,,65,1,N
97372,4,9,38,15,0,1,1,0,0,1,ESP,0,1,0,,159,0,N
73134,267,8,33,15,0,3,2,0,0,2,PRT,0,1,0,,90,0,Y
58377,184,10,42,12,0,1,2,0,0,2,FRA,0,1,0,,98.1,0,Y
61796,109,12,53,26,1,3,2,0,0,2,ITA,0,1,0,,114.25,0,Y
99497,0,10,42,14,0,0,1,0,0,1,PRT,0,1,0,40,0,1,N
89157,115,5,21,16,1,1,2,0,0,2,NLD,0,1,0,,114.3,1,N
57732,315,9,40,30,1,2,2,0,0,2,PRT,0,1,0,,160,0,Y
111872,96,5,20,14,2,1,2,0,0,2,FRA,0,1,0,,138,0,N
108322,116,3,12,24,0,2,1,0,0,1,FRA,0,1,0,,90,0,N
96230,109,8,35,26,2,2,2,0,0,2,GBR,0,1,0,,72.25,0,N
78255,16,10,41,7,0,1,1,0,0,1,PRT,0,1,0,,85.5,1,Y
85133,1,2,6,8,0,1,1,0,0,1,PRT,1,1,0,219,80,0,N
105230,32,1,5,30,1,3,2,0,0,2,FRA,0,1,0,,90.1,0,N
101284,146,11,46,6,2,2,2,0,0,2,GBR,0,4,0,,161.33,1,N
82625,40,12,53,31,0,3,2,0,0,2,FRA,0,1,0,,118,0,N
72289,61,7,30,25,0,3,2,1,0,3,CHN,0,1,0,,153,0,Y
58185,94,10,41,7,1,2,2,0,0,2,GBR,0,1,0,,118.8,0,Y
85831,81,3,12,18,2,2,2,0,0,2,FRA,0,1,1,,59.5,0,N
69956,218,6,23,8,0,3,2,0,0,2,GBR,0,1,0,,99,0,Y
119059,301,8,35,27,2,0,2,2,0,4,GBR,0,6,0,,179.1,0,N
118862,457,8,34,25,0,2,1,0,0,1,DEU,0,1,1,,23,1,N
93743,33,7,30,23,2,1,2,0,0,2,FRA,0,1,0,,125.1,1,N
111557,4,5,19,11,0,1,2,0,0,2,FRA,0,1,0,,150,0,N
76331,271,7,29,15,0,2,2,0,0,2,PRT,0,1,0,,62,0,N
44608,210,10,41,8,1,3,2,0,0,2,FRA,0,1,0,,72.75,0,N
84255,39,2,8,19,0,2,2,0,0,2,ESP,0,1,0,,75.8,1,N
43467,74,9,38,18,0,2,2,0,0,2,PRT,0,1,0,,101.5,0,Y
71201,170,6,26,29,0,3,2,0,0,2,DEU,0,1,0,,95.7,1,Y
53551,17,6,26,24,0,1,2,2,0,4,ZAF,0,6,0,,171.9,2,Y
98989,29,10,41,5,0,2,2,0,0,2,FRA,0,1,0,,152,2,N
72509,69,7,30,29,2,2,2,2,0,4,ITA,0,6,0,,289,0,Y
45491,99,10,44,30,2,2,2,0,0,2,PRT,0,1,0,,65,0,Y
68224,164,5,20,15,1,2,1,0,0,1,PRT,0,1,0,,160,0,Y
56307,60,9,36,3,1,1,2,0,0,2,SWE,0,4,0,,123.3,1,Y
44312,89,10,40,3,2,2,2,0,0,2,PRT,0,1,0,,62,0,Y
43317,72,9,38,18,0,1,2,0,0,2,PRT,0,1,0,,108,0,Y
113186,2,5,22,31,0,4,2,1,0,3,IRL,0,4,1,,187,4,N
117300,83,7,31,31,1,1,2,2,0,4,GBR,0,6,0,,232.5,0,N
80670,32,11,47,20,0,2,1,0,0,1,PRT,0,1,0,,73,0,N
56683,38,9,37,9,2,2,2,0,0,2,FRA,0,4,0,,137.7,0,Y
106662,93,2,9,26,2,1,2,0,0,2,NLD,0,1,0,,93.6,0,N
114882,25,6,26,27,0,1,2,0,0,2,IND,0,1,1,280,100,0,N
91169,256,6,25,15,0,2,2,0,0,2,DEU,0,1,0,,115,1,N
69042,270,5,21,24,0,4,2,0,0,2,PRT,0,4,0,,127.75,0,Y
74951,153,8,32,3,1,2,2,0,0,2,PRT,1,1,0,,60,0,Y
115327,99,6,26,27,2,5,2,0,0,2,DNK,0,1,0,,126,0,N
99957,67,10,43,17,1,3,3,0,0,3,PRT,0,4,0,,151.2,2,N
57087,6,9,39,18,2,1,2,0,0,2,BEL,0,1,0,,162.33,0,Y
106330,47,2,7,18,2,4,2,0,0,2,PRT,0,1,0,,89.54,1,N
118075,295,8,32,10,1,3,3,0,0,3,DNK,0,4,0,,156.6,0,N
94778,166,8,32,6,2,1,2,0,0,2,ESP,0,1,0,,94.5,1,N
113292,104,6,22,2,1,2,2,0,0,2,FRA,0,1,0,,144,0,N
83036,0,1,3,14,0,1,2,0,0,2,PRT,0,1,0,,72.8,0,N
103494,20,12,52,21,1,4,2,0,0,2,BEL,0,4,0,,96.9,2,N
44479,32,10,41,5,1,4,2,0,0,2,PRT,0,1,0,,97.92,2,N
77679,17,10,40,3,2,2,1,0,0,1,PRT,1,1,0,,110,0,Y
85146,33,3,11,8,0,2,1,0,0,1,CHN,0,1,0,,62.2,0,N
55333,36,8,33,11,0,1,2,0,0,2,FRA,0,1,0,,135.9,1,Y
111522,307,5,19,11,0,1,2,0,0,2,MOZ,0,1,1,,89.1,0,N
46832,4,1,4,20,0,1,1,0,0,1,FRA,0,1,0,,80,1,N
52851,10,6,25,12,4,6,2,0,0,2,SAU,0,4,0,,148,0,Y
100300,1,10,44,25,0,1,2,0,0,2,GBR,0,1,2,,123.33,0,N
45791,98,11,48,23,1,2,1,0,0,1,PRT,0,1,0,,84,0,Y
49542,126,4,16,14,0,3,2,0,0,2,PRT,0,1,0,,65,0,Y
83694,59,2,6,6,2,2,2,0,0,2,AUT,0,1,0,,62,0,N
99022,137,10,41,3,1,4,2,0,0,2,BRA,0,4,0,,132.3,2,N
44475,97,10,41,5,1,3,1,0,0,1,PRT,0,1,0,,140,0,Y
46095,106,12,50,9,0,2,2,0,0,2,PRT,0,1,0,,75,0,Y
69788,48,6,23,6,0,4,1,0,0,1,GBR,0,1,0,,150,1,Y
62582,48,1,3,15,4,10,1,0,0,1,AGO,0,1,0,,74.8,1,Y
60091,11,11,45,5,0,1,2,1,0,3,GBR,0,1,0,,150,1,Y
50134,146,4,18,24,2,0,2,0,0,2,PRT,0,1,0,,95,0,Y
82743,325,10,43,17,1,2,2,0,0,2,PRT,1,1,0,,95,0,Y
80680,56,11,47,19,0,3,2,0,0,2,FRA,0,4,0,,60,1,N
115070,200,6,26,29,0,2,2,0,0,2,DEU,0,1,0,,117,1,N
110764,12,4,18,30,1,0,1,0,0,1,FIN,0,7,0,,285,3,N
88342,113,5,19,2,1,2,2,0,0,2,PRT,0,1,0,,105.3,1,N
93207,126,7,29,13,1,4,3,0,0,3,FRA,0,4,0,,178.5,2,N
72324,243,7,30,26,0,4,2,0,0,2,PRT,0,1,0,,110,0,Y
102594,15,11,49,29,0,3,2,0,0,2,CZE,0,1,0,,106.33,2,N
104821,2,1,3,18,1,4,2,0,0,2,CHE,0,5,0,,201,3,N
54870,386,7,31,28,0,2,2,0,0,2,PRT,0,1,0,,62,0,Y
91642,0,6,26,23,0,1,2,1,0,3,SWE,0,1,0,,127,0,N
112651,228,5,21,23,0,4,2,0,0,2,BEL,0,1,0,,107.1,2,N
85683,4,3,12,18,0,2,2,0,0,2,PRT,0,1,0,,87.01,1,N
42243,13,9,36,3,1,3,2,0,0,2,FRA,0,1,0,,84,1,N
45802,89,11,48,23,1,2,2,0,0,2,PRT,0,1,0,,72.25,2,Y
117529,57,8,31,3,0,2,2,0,0,2,ESP,0,1,0,,140,1,N
46126,98,12,50,11,0,2,2,0,0,2,PRT,0,2,0,,72.25,0,N
88806,24,5,20,8,2,3,1,0,0,1,USA,0,1,0,174,95,1,N
64926,56,3,12,21,0,3,2,0,0,2,PRT,0,1,0,,85,0,Y
89415,28,5,21,19,0,2,2,0,0,2,PRT,0,1,0,174,109,0,N
42124,5,8,36,31,1,3,2,0,0,2,PRT,0,1,2,,85,0,N
107580,41,3,10,10,2,3,2,0,0,2,HUN,0,4,0,,100.3,1,N
116115,53,7,28,12,0,3,3,0,0,3,FRA,0,4,0,,165.6,1,N
86098,129,3,13,25,0,2,2,0,0,2,CHN,0,1,0,,72.75,0,N
63590,93,2,7,14,2,6,2,0,0,2,ROU,0,1,0,,74.8,2,Y
70531,132,6,24,17,2,4,2,1,0,3,CHE,0,1,0,,135,0,Y
58529,37,10,42,13,0,3,2,0,0,2,PRT,0,1,0,,105,0,Y
82554,69,12,53,31,0,2,2,0,0,2,ESP,0,1,0,,119.8,2,N
93108,162,7,29,14,0,3,2,0,0,2,FRA,0,1,0,,112,1,N
110710,225,4,17,29,1,1,3,0,0,3,FRA,0,4,0,,207.38,0,N
103320,45,12,51,15,2,3,2,0,0,2,FRA,0,1,0,,72,0,N
107095,137,3,10,6,1,1,2,0,0,2,ISR,0,1,0,,80,1,N
116839,36,7,30,23,2,1,2,0,0,2,GBR,0,5,0,,200,2,N
116276,144,7,29,16,1,0,1,0,0,1,NOR,0,1,0,,80.09,1,N
58990,468,10,43,20,0,2,2,0,0,2,PRT,0,1,0,,62,0,Y
86609,71,4,15,3,2,2,2,0,0,2,GBR,0,1,0,,87.13,1,N
95828,0,8,35,24,0,1,1,0,0,1,ITA,0,1,0,,129,0,N
92235,163,6,27,29,0,4,2,0,0,2,CN,0,4,0,,99.45,1,N
105082,79,1,4,25,0,4,2,0,0,2,ROU,0,1,2,,90.78,1,N
96838,35,9,37,5,1,3,2,0,0,2,IRN,0,1,0,,110.16,0,N
92320,10,6,27,30,1,3,2,0,0,2,PRT,0,1,0,,151,1,N
45775,98,11,48,23,1,2,1,0,0,1,PRT,0,1,0,,84,0,Y
49415,1,4,16,13,0,1,2,0,0,2,RUS,0,1,0,,89,0,Y
63293,148,2,6,5,2,5,0,2,0,2,FRA,0,2,0,,91.6,2,Y
52866,18,6,25,14,0,1,2,0,0,2,BRA,0,1,0,,111,0,Y
84621,1,2,9,27,2,1,2,0,0,2,FRA,0,4,0,,108,1,N
104454,28,1,2,9,1,4,2,0,0,2,PRT,0,1,0,,97.92,1,N
67180,78,4,17,29,2,1,2,0,0,2,PRT,0,1,0,,90,0,Y
43367,74,9,38,18,0,2,1,0,0,1,PRT,0,1,0,,87,0,N
66244,269,4,15,15,2,3,2,0,0,2,CHE,0,1,0,,109.8,0,Y
44884,41,10,42,14,0,4,2,0,0,2,BRA,0,4,0,,87.54,1,N
59744,166,11,45,1,0,3,1,0,0,1,PRT,0,1,0,,110,0,Y
85343,63,3,11,10,1,3,2,0,0,2,PRT,0,1,0,,63.75,1,N
105141,40,1,5,29,2,0,2,0,0,2,BEL,0,1,0,,101.75,2,N
67079,209,4,17,28,1,2,2,0,0,2,DEU,0,4,0,,130.5,2,Y
82422,24,12,52,26,2,2,2,0,0,2,FRA,0,1,0,,58,1,N
113683,234,6,23,8,0,3,2,0,0,2,GBR,0,1,0,,89.1,0,N
45099,102,10,42,16,0,2,2,0,0,2,PRT,0,1,0,,101.5,0,Y
104765,280,1,3,20,0,2,2,0,0,2,ITA,0,4,0,,129.6,2,N
105742,39,2,7,14,0,1,1,0,0,1,DEU,0,1,0,,88,1,N
114244,141,6,24,16,1,2,2,0,0,2,DEU,0,1,0,,89.1,0,N
65014,9,3,12,22,0,2,2,0,0,2,BEL,0,1,0,,98,0,Y
108149,0,3,12,21,0,3,2,0,0,2,ECU,0,1,1,,114,1,N
90189,97,5,23,29,2,3,2,0,0,2,DEU,0,1,0,,80.75,0,N
110222,69,4,16,20,1,3,1,0,0,1,GBR,0,1,0,,108,2,N
116566,244,7,28,15,2,5,2,0,0,2,BEL,0,1,0,,107.1,1,N
95844,110,8,35,23,0,2,2,0,1,3,DEU,0,4,1,,142.2,1,N
76888,181,8,34,17,1,0,2,0,0,2,PRT,0,1,0,,76.5,2,N
64047,15,2,9,27,1,2,1,0,0,1,FRA,0,1,0,,108,0,Y
83500,5,2,6,1,1,3,2,0,0,2,FRA,0,1,0,,66,0,N
67748,162,5,18,6,2,1,1,0,0,1,PRT,0,1,0,,80,0,Y
58740,93,10,42,15,2,1,1,0,0,1,PRT,0,1,0,,115,0,Y
61554,9,12,51,16,1,2,2,0,0,2,IDN,0,1,0,,78,0,Y
96461,36,9,36,1,0,2,2,0,0,2,IRL,0,1,0,,99,2,N
40733,83,8,32,5,1,4,2,0,0,2,FRA,0,1,0,,76.5,1,N
108260,81,3,12,21,0,4,3,0,0,3,FRA,0,5,0,,117.3,1,N
62648,54,1,3,18,0,3,2,0,0,2,PRT,0,1,0,,65,0,Y
117147,64,7,30,29,0,1,2,0,0,2,DEU,0,1,0,,150,2,N
88606,72,5,19,7,1,1,2,0,0,2,FRA,0,1,0,,116.1,1,N
40922,2,8,33,9,1,0,2,0,0,2,PRT,0,5,0,,67.5,2,N
103189,8,12,51,14,0,1,1,0,0,1,CHE,0,1,0,174,79,0,N
92353,132,7,28,3,2,0,1,0,0,1,GBR,0,1,1,,90.9,1,N
110861,140,4,17,28,2,2,2,0,0,2,FRA,0,1,0,,130,1,N
67274,43,5,18,1,1,1,2,0,0,2,USA,0,1,0,,149,0,Y
51319,323,5,21,17,0,4,2,0,0,2,PRT,0,1,0,,112,1,N
102007,64,11,47,18,1,2,2,1,0,3,ITA,0,6,2,,162.4,1,N
52578,26,6,24,8,0,1,2,0,0,2,PRT,0,1,0,,120,0,Y
88058,0,4,18,29,0,1,2,1,0,3,RUS,0,1,0,,197,0,N
96994,56,9,37,8,0,3,2,2,0,4,ITA,0,6,0,,207.9,1,N
80200,1,11,46,12,0,1,2,0,0,2,PRT,0,1,0,,71.1,0,N
99120,349,10,41,4,1,5,2,0,0,2,DEU,0,1,0,,123.33,0,N
49132,105,4,15,6,0,1,2,0,0,2,PRT,0,1,0,,75,0,Y
89989,95,5,23,29,2,0,2,0,0,2,ISR,0,1,0,,65,1,N
77769,16,9,39,25,0,2,1,0,0,1,CHE,0,1,1,,170,0,N
97407,48,9,38,14,0,2,2,0,0,2,ESP,0,1,0,,130,0,N
114476,227,6,25,20,0,3,2,0,0,2,GBR,0,4,0,,130.5,3,N
111865,8,5,20,14,2,1,2,0,0,2,BRA,0,1,0,,121.6,1,N
47852,12,3,10,5,2,6,1,0,0,1,AGO,0,1,0,,92.63,1,Y
64945,56,3,12,21,0,3,2,0,0,2,PRT,0,1,0,,85,0,Y
85388,4,3,11,11,1,2,2,0,0,2,ESP,0,1,0,,109,2,N
102670,29,12,49,2,0,2,2,0,0,2,PRT,0,1,0,,85,0,N
117291,181,7,31,30,2,1,2,0,0,2,SWE,0,1,0,,80.1,0,N
100964,1,11,45,4,0,1,1,0,0,1,AGO,0,1,0,,140,1,N
73586,195,8,34,26,2,5,3,0,0,3,BEL,0,4,0,,126,0,Y
51648,160,5,22,23,1,4,2,0,0,2,FIN,0,1,0,,107.61,1,Y
113721,80,6,23,10,0,1,2,1,0,3,CN,0,1,0,,162,0,N
69753,76,6,23,5,1,4,2,2,0,4,POL,0,6,0,,250,0,Y
119011,101,8,35,27,1,0,2,0,0,2,USA,0,4,4,,166,2,N
84758,4,3,10,2,0,1,2,0,0,2,PRT,0,1,0,,91,1,N
89101,0,5,21,17,0,0,2,0,0,2,PRT,0,1,0,,0,0,N
67724,169,5,18,6,2,1,2,0,0,2,AUT,0,1,0,,117,0,Y
73047,13,8,33,13,1,0,1,0,0,1,GBR,0,1,0,,170,0,Y
104156,1,1,1,5,0,2,2,0,0,2,GTM,0,1,1,,68,0,N
42789,44,9,37,10,0,2,2,0,0,2,PRT,0,1,0,,126,0,Y
62191,45,1,1,4,0,2,2,0,0,2,BRA,0,1,0,,86.4,0,Y
49483,281,4,16,14,0,1,1,0,0,1,PRT,0,1,0,,59,0,Y
71208,102,6,26,29,1,3,2,0,0,2,GBR,0,1,0,,126,0,Y
92767,0,7,29,10,2,0,2,0,0,2,GBR,0,1,0,,103.18,0,N
92204,21,6,27,28,0,4,3,0,0,3,FRA,0,4,0,,182,3,N
77197,0,9,37,11,0,2,2,0,0,2,PRT,0,5,1,,147,0,N
54865,386,7,31,28,0,2,2,0,0,2,PRT,0,1,0,,62,0,Y
58147,91,10,41,7,0,1,2,0,0,2,CHN,0,1,0,,106.92,1,Y
55574,148,8,34,16,2,5,2,0,0,2,SVN,0,4,0,,119.69,0,Y
84498,0,2,9,27,0,0,1,0,0,1,PRT,0,1,0,203,0,1,N
76325,0,7,29,16,0,0,2,0,0,2,PRT,0,1,0,,0,0,N
79286,0,10,43,22,0,2,2,0,0,2,PRT,0,1,0,,114,0,N
104576,9,1,2,14,2,2,1,1,0,2,MAR,0,1,2,,78,0,N
83279,53,1,5,24,2,1,2,0,1,3,ITA,0,1,0,,60,1,N
89077,95,5,20,12,2,3,2,0,0,2,FRA,0,4,0,,102.1,1,N
62778,17,1,3,21,6,15,2,2,0,4,AGO,0,6,2,,142.8,0,Y
85411,38,3,11,12,2,1,2,0,0,2,FRA,0,1,0,,85,0,N
42827,15,9,37,10,1,3,2,0,0,2,PRT,0,1,0,,116.75,0,Y
67702,407,5,18,6,2,1,2,0,0,2,PRT,0,1,0,,90,0,Y
56455,230,9,37,6,0,5,2,0,0,2,PRT,0,1,0,,137,0,Y
56575,433,9,37,8,0,3,2,0,0,2,PRT,0,1,0,,70,0,Y
90772,70,6,24,10,0,2,2,0,0,2,PRT,0,1,0,,85,1,N
82782,68,2,8,17,0,2,2,0,0,2,PRT,1,1,0,,75,0,Y
91347,45,6,25,18,1,1,3,0,0,3,PRT,0,4,0,,122.4,0,N
80715,32,11,47,20,0,2,1,0,0,1,PRT,0,1,1,,73,0,N
78975,16,10,43,24,0,1,2,2,0,4,PRT,1,6,0,,215,1,Y
115985,50,7,27,8,2,3,2,0,0,2,USA,0,4,0,,116.1,0,N
48370,251,3,13,22,0,3,2,0,0,2,PRT,0,1,0,,125,0,Y
57361,254,9,39,24,1,1,2,0,0,2,PRT,0,1,0,,96,0,Y
73094,100,8,33,14,1,2,2,0,0,2,FRA,0,4,0,,155,1,Y
90394,59,6,23,3,1,2,3,0,0,3,ITA,0,4,0,,156.3,2,N
109778,211,4,15,13,1,3,2,0,0,2,DEU,0,1,1,,141,0,N
56852,433,9,38,15,0,2,2,0,0,2,PRT,0,1,0,,62,0,Y
112646,12,5,21,25,0,2,2,0,0,2,IDN,0,1,0,,160,3,N
77780,0,9,39,26,0,1,2,0,0,2,PRT,0,4,0,,180,0,N
47057,4,2,6,5,2,2,2,0,0,2,AGO,0,1,0,,81,0,Y
72440,315,7,30,28,1,2,2,0,0,2,DEU,0,1,0,,89.1,0,Y
80581,61,11,48,23,1,3,1,0,0,1,PRT,1,1,0,,70,0,Y
88687,6,7,31,26,0,3,1,0,0,1,PRT,0,1,0,40,65,0,N
80988,9,11,48,25,2,5,2,0,1,3,BEL,0,1,1,,89.81,3,N
42773,6,9,37,10,0,1,2,0,0,2,PRT,0,1,0,,111.6,0,Y
60769,265,11,48,20,2,1,2,0,0,2,GBR,0,1,0,,78.3,2,Y
50801,121,5,20,8,2,2,2,0,0,2,BEL,0,1,0,,99.45,0,Y
61176,23,12,49,3,2,1,3,0,0,3,TUR,0,4,0,,154,1,Y
64288,97,3,9,4,2,1,2,0,0,2,BEL,0,1,0,,97.2,1,Y
82031,305,10,40,1,1,1,2,0,0,2,PRT,1,1,0,,100,0,Y
112903,61,5,22,28,2,0,2,0,0,2,GBR,0,1,0,,80.1,1,N
111131,83,5,18,3,0,4,2,0,0,2,USA,0,4,0,,98.76,1,N
82209,0,12,52,23,0,0,2,0,0,2,PRT,0,1,1,,0,0,N
90603,118,6,24,6,1,2,1,0,0,1,USA,0,1,0,,110,0,N
112786,128,5,21,26,0,2,2,0,0,2,NLD,0,1,1,,144,1,N
91507,15,6,26,19,2,2,2,2,0,4,GBR,0,6,0,,278,2,N
87875,169,4,17,23,2,2,2,0,0,2,AUT,0,1,0,,118.25,2,N
118589,142,8,33,18,2,3,2,0,0,2,ITA,0,1,0,,80.1,1,N
77981,45,10,44,29,0,3,2,0,0,2,PRT,1,1,0,,70,0,Y
85074,48,3,11,6,2,1,2,0,0,2,DEU,0,1,0,,40.67,1,N
73437,252,8,34,21,2,5,2,0,0,2,FRA,0,1,0,,117,1,Y
46594,18,1,2,9,2,2,2,0,0,2,POL,0,4,0,,93,1,N
96839,69,9,37,5,1,3,2,0,0,2,DEU,0,1,0,,135.9,1,N
98439,10,9,40,29,0,1,1,0,0,1,PRT,0,1,0,,147.88,2,N
77306,4,9,38,15,0,2,1,0,0,1,PRT,0,1,0,,95,1,N
100753,120,10,45,31,1,0,2,0,0,2,GBR,0,4,0,,104.4,0,N
80432,34,12,50,8,0,2,1,0,0,1,PRT,1,1,0,,90,0,Y
98795,20,10,41,2,2,1,2,0,0,2,USA,0,4,0,,164,0,N
117757,135,8,31,3,2,4,2,0,0,2,FRA,0,1,0,,80.1,1,N
94814,114,8,32,6,2,2,2,0,0,2,DEU,0,1,0,,114.3,0,N
94759,52,8,32,2,2,5,2,0,0,2,HRV,0,1,0,,135.9,1,N
80261,31,12,51,17,0,2,1,0,0,1,PRT,0,1,0,40,65,0,N
97375,61,9,38,11,2,3,2,0,0,2,GBR,0,4,0,,149.4,1,N
74250,377,10,44,29,0,2,2,0,0,2,PRT,1,1,0,,62,0,Y
119099,16,8,34,26,2,1,2,0,1,3,FRA,0,1,1,,126,2,N
92521,25,7,28,4,1,3,2,0,0,2,PRT,0,4,0,,166,1,N
106708,18,2,9,26,2,2,2,0,0,2,FRA,0,1,0,,124.1,0,N
102167,8,11,48,23,0,1,1,0,0,1,GBR,0,1,0,,94,0,N
111774,168,5,19,12,1,2,2,0,0,2,CHE,0,1,0,,120,0,N
113231,118,6,22,1,0,3,3,0,0,3,CHE,0,5,0,,208.2,2,N
75107,344,9,39,26,2,1,2,0,0,2,PRT,1,1,0,,170,0,Y
114436,54,6,25,19,1,2,2,0,0,2,FRA,0,1,2,,146.67,2,N
81224,61,12,53,30,1,4,2,0,0,2,PRT,1,1,0,,111.6,1,Y
51268,286,5,21,17,0,1,2,0,0,2,PRT,0,1,0,,65,0,Y
115444,405,7,27,4,0,2,2,0,0,2,DEU,0,1,0,,114.4,0,N
50799,32,5,20,8,2,1,2,0,0,2,BEL,0,1,0,,126.9,0,Y
48816,267,3,14,31,0,2,2,0,0,2,PRT,0,1,0,,62,0,Y
83024,38,1,3,10,2,3,2,0,0,2,FRA,0,1,0,,60,0,N
71512,315,7,27,7,0,1,2,0,0,2,USA,0,2,1,,91.85,3,Y
44652,80,10,41,9,0,2,2,0,0,2,PRT,0,4,0,,136,0,N
52560,26,6,24,8,0,1,2,0,0,2,PRT,0,1,0,,120,0,Y
93176,63,7,30,17,1,0,3,0,0,3,AUT,0,4,0,,137.7,0,N
82049,0,2,7,10,0,2,2,0,0,2,PRT,0,1,0,40,75,0,N
70899,129,6,25,24,2,1,1,0,0,1,PRT,0,1,0,,120,0,Y
92152,38,6,27,27,1,3,2,0,0,2,DEU,0,1,0,,63.75,0,N
63939,134,2,8,25,0,1,1,0,0,1,PRT,0,1,0,,75,0,Y
118617,163,8,33,19,2,2,2,0,0,2,LUX,0,1,1,,131.5,1,N
76116,260,9,38,18,0,2,1,0,0,1,PRT,1,1,1,,80,0,Y
80440,34,12,50,8,0,2,1,0,0,1,PRT,1,1,0,,90,0,Y
55845,233,8,35,22,1,4,2,2,0,4,GBR,0,6,0,,158.95,0,Y
90968,9,6,25,13,1,0,2,0,0,2,ESP,0,1,0,,89,0,N
67668,102,5,18,5,2,2,2,0,0,2,FRA,0,1,0,,108,0,Y
95306,7,8,34,16,0,2,2,0,0,2,PRT,0,1,1,,150,1,N
109985,21,4,16,18,0,2,1,0,0,1,GBR,0,5,0,,175,0,N
108295,116,3,12,24,0,2,1,0,0,1,FRA,0,1,0,,90,0,N
74196,363,10,42,15,0,2,2,0,0,2,PRT,1,1,0,,62,0,Y
81912,181,5,19,5,2,4,2,0,0,2,PRT,1,1,0,,90,0,Y
51643,48,5,22,23,1,3,1,0,0,1,GBR,0,5,0,,150.45,0,Y
46616,7,1,3,11,2,5,1,0,0,1,ZAF,0,1,0,,73.9,0,Y
103168,12,12,51,12,1,1,1,0,0,1,NLD,0,1,1,179,79,0,N
80605,3,11,47,15,2,3,1,0,0,1,DEU,0,1,0,,44.8,0,N
72692,146,8,31,3,0,3,2,0,0,2,IRL,0,1,0,,125,0,Y
54389,112,7,29,14,0,3,2,0,0,2,DNK,0,1,0,,105.3,0,Y
108236,0,3,12,24,0,0,0,0,0,0,PRT,0,1,0,,0,0,N
43718,34,9,39,23,0,3,2,0,0,2,PRT,0,1,0,,224.67,0,N
75899,274,7,29,18,2,2,2,0,0,2,PRT,1,1,0,,62,0,Y
80293,33,12,50,9,0,2,2,0,0,2,PRT,1,1,0,,110,0,Y
69720,173,6,23,4,2,2,2,0,0,2,PRT,0,1,0,,120,0,Y
98734,26,10,41,2,2,0,1,0,0,1,USA,0,1,0,,134,1,N
91870,192,6,26,24,0,2,1,0,0,1,PRT,0,1,0,,95,0,N
116888,218,7,29,21,2,3,3,0,0,3,BEL,0,4,0,,175.32,2,N
115344,139,7,27,2,2,1,2,0,0,2,CZE,0,4,0,,150.3,0,N
100987,152,11,45,1,0,4,2,0,0,2,DEU,0,1,0,,98,0,N
117105,51,7,30,28,0,2,2,0,0,2,PRT,0,1,0,,140,1,N
107091,137,3,10,6,1,1,1,0,0,1,ISR,0,1,1,,65,0,N
94362,29,8,32,2,0,1,2,1,0,3,FRA,0,1,0,,162,2,N
58800,258,10,43,16,1,0,2,0,0,2,PRT,0,1,0,,110,0,Y
103003,24,12,50,7,0,4,2,0,0,2,FRA,0,4,0,,96.9,2,N
59251,250,10,44,24,1,2,3,0,0,3,GBR,0,4,0,,128.7,1,Y
66287,128,4,16,16,2,1,2,0,0,2,PRT,0,1,0,,100,0,Y
83468,9,2,6,3,0,1,2,0,0,2,USA,0,1,0,,90,0,N
59133,155,10,43,21,0,2,2,0,0,2,PRT,0,1,0,,89.76,0,Y
106758,14,5,21,24,0,1,1,0,0,1,PRT,1,1,0,45,0,1,Y
69096,161,5,21,25,0,3,2,0,0,2,PRT,0,4,0,,102.04,1,Y
83081,6,1,3,16,1,1,2,0,0,2,FRA,0,1,0,,97,1,N
96620,230,9,36,2,1,2,2,0,0,2,DEU,0,1,0,,96.3,1,N
91128,256,6,25,15,0,2,1,0,0,1,DEU,0,1,1,,90,0,N
94755,8,8,33,8,1,0,2,1,0,3,ESP,0,1,0,,171,1,N
53967,125,7,28,3,2,2,2,0,0,2,SGP,0,1,0,,87.13,0,Y
50341,443,4,18,29,0,1,2,0,0,2,PRT,0,1,0,,65,0,Y
62167,40,1,1,3,0,3,2,0,0,2,PRT,0,1,0,,88,0,Y
106893,13,3,9,3,0,2,2,0,0,2,GBR,0,4,0,,89.68,0,N
111753,11,5,19,13,1,1,2,0,0,2,ESP,0,1,0,,129.2,1,N
116404,277,7,29,17,1,2,2,1,0,3,USA,0,1,0,,123.3,1,N
74036,307,8,34,20,0,2,2,0,0,2,PRT,1,1,0,,62,0,Y
49175,274,4,15,7,0,2,2,0,0,2,PRT,0,1,0,,62,0,Y
94050,60,7,31,24,2,4,3,0,0,3,BEL,0,4,1,,142.13,1,N
53534,351,6,26,23,0,2,2,0,0,2,PRT,0,1,0,,62,0,Y
80167,128,3,11,12,2,1,2,0,0,2,PRT,1,1,0,,97,1,Y
55885,43,8,35,23,2,5,2,0,0,2,RUS,0,4,0,,103.84,0,Y
114109,40,6,24,14,0,3,1,0,0,1,PRT,0,1,1,,0,0,N
51969,51,5,22,27,0,1,2,0,0,2,GBR,0,4,4,,158,0,Y
48531,161,3,13,25,1,2,2,0,0,2,PRT,0,2,0,,130,0,Y
82907,141,2,10,28,2,0,2,0,0,2,PRT,1,4,0,,99,1,Y
74143,342,9,39,24,0,2,2,0,0,2,PRT,1,1,0,,62,0,Y
85314,21,3,11,11,0,2,2,1,0,3,PRT,0,4,0,,92.5,3,N
102659,113,11,49,27,2,5,2,0,0,2,DEU,0,1,0,,85,2,N
61937,237,12,53,28,2,5,2,2,0,4,USA,0,6,1,,148.26,0,Y
71131,368,6,26,28,0,3,2,0,0,2,PRT,0,1,0,,90,0,Y
62441,38,1,2,14,0,1,1,0,0,1,PRT,0,1,0,67,75,0,Y
53307,290,6,25,17,1,2,2,0,0,2,FRA,0,1,1,,72,0,N
69054,328,5,21,25,0,1,3,0,0,3,ESP,0,4,0,,142.2,0,Y
68949,240,5,21,23,0,4,2,0,0,2,CN,0,1,0,,107.1,2,Y
50767,19,5,19,7,2,1,2,0,0,2,FRA,0,1,0,,121,0,Y
104410,7,1,3,18,0,3,2,0,0,2,AGO,0,1,1,220,68.33,1,N
108028,49,3,11,18,2,2,2,0,0,2,FRA,0,1,0,,72,0,N
77364,19,10,41,6,0,3,1,0,0,1,PRT,1,1,0,,80,0,Y
43513,24,9,38,19,1,1,2,0,0,2,LTU,0,1,0,,124,2,N
110420,4,4,17,25,0,2,2,0,0,2,FRA,0,4,0,,199,2,N
72155,150,7,29,22,2,1,2,0,0,2,USA,0,5,0,,166.5,0,Y
40648,1,8,32,4,1,5,2,0,0,2,NOR,0,1,0,,80,2,N
113495,364,6,24,16,0,1,1,0,0,1,DEU,0,1,1,,64.5,1,N
76632,1,10,42,13,0,1,1,0,0,1,PRT,0,1,0,45,0,1,N
116638,165,7,29,21,0,2,2,0,0,2,CHE,0,4,0,,127.8,0,N
95083,136,8,33,12,0,2,2,1,0,3,PRT,0,4,0,,145.3,1,N
102115,215,11,48,21,1,1,1,0,0,1,BEL,0,1,1,233,75,0,N
84550,45,2,9,26,0,2,2,0,0,2,ITA,0,4,0,,81.9,2,N
83727,10,2,7,8,1,1,2,0,0,2,PRT,0,1,0,,2,1,N
71781,229,7,28,12,1,4,2,0,0,2,PRT,0,1,0,,110,0,Y
60336,277,11,46,7,1,2,2,0,0,2,PRT,0,1,0,,100,0,Y
80898,0,11,48,23,1,3,1,0,0,1,JOR,0,1,0,,70,0,N
111691,119,5,19,11,0,3,2,0,0,2,GBR,0,1,0,,120,0,N
56256,49,9,36,2,0,1,3,0,0,3,JPN,0,4,0,,142.2,0,Y
90438,85,6,23,4,1,1,1,0,0,1,ITA,0,1,0,,117,1,N
75192,292,8,32,5,0,2,2,0,0,2,PRT,1,1,0,,62,0,Y
99943,8,10,43,19,0,2,1,0,0,1,PRT,0,1,0,,123.2,0,N
43017,92,9,37,12,2,2,2,1,0,3,ESP,0,1,0,,89.55,0,N
52515,56,6,24,8,0,1,2,0,0,2,PRT,0,1,0,,120,0,Y
117243,468,7,30,29,2,1,2,0,0,2,GBR,0,1,0,,112.67,1,N
77296,256,9,38,14,1,2,2,0,0,2,SWE,0,1,0,,76.67,0,N
49230,78,4,15,8,0,2,2,0,0,2,NLD,0,2,2,,85.5,0,Y
97169,19,9,37,6,2,5,2,0,0,2,DNK,0,1,0,,162.29,2,N
77979,45,10,44,29,0,3,2,0,0,2,PRT,1,1,0,,70,0,Y
74251,377,10,44,29,0,2,2,0,0,2,PRT,1,1,0,,62,0,Y
118481,174,8,33,19,1,1,4,0,0,4,GBR,0,6,0,,171.6,0,N
75143,276,7,30,20,1,1,2,0,0,2,PRT,1,1,0,,62,0,Y
70811,322,6,25,23,0,2,2,0,0,2,NOR,0,1,0,,109.8,0,Y
85696,115,3,12,18,0,2,1,0,0,1,PRT,0,1,1,,70,0,N
89743,6,5,22,23,1,2,1,0,0,1,DEU,0,1,0,,97.02,1,N
47970,45,3,11,11,0,2,2,0,0,2,PRT,0,1,0,,71.1,0,Y
67042,151,4,17,27,2,3,2,0,0,2,GBR,0,1,0,,100.8,0,Y
108330,116,3,12,24,0,2,2,0,0,2,FRA,0,1,0,,100,1,N
93385,64,7,30,18,1,2,2,0,0,2,AUT,0,1,0,,81.08,1,N
47165,57,2,7,11,0,3,2,0,0,2,POL,0,1,0,,80.3,0,N
59124,457,10,43,21,0,2,2,0,0,2,PRT,0,1,0,,65,0,Y
76852,221,8,33,11,0,5,2,0,0,2,PRT,0,1,0,,76.5,1,N
72825,194,8,32,7,1,3,2,0,0,2,GBR,0,1,0,,112.5,1,Y
105985,114,2,7,15,0,4,2,0,0,2,ESP,0,1,0,242,78,0,N
48236,393,3,12,19,2,1,2,0,0,2,PRT,0,1,2,,70.53,0,Y
84629,116,2,10,28,2,0,2,0,0,2,PAN,0,1,1,,70,0,N
112854,179,5,21,26,1,2,2,0,0,2,NLD,0,1,0,,126,0,N
76106,364,10,42,16,0,2,2,0,0,2,PRT,1,1,0,,101.5,0,Y
72748,82,8,31,5,0,1,3,0,0,3,FRA,0,4,0,,195,1,Y
113974,46,6,24,13,0,2,2,0,0,2,NLD,0,4,0,,150,2,N
91472,47,6,26,21,0,1,1,0,0,1,ESP,0,1,0,,101.7,1,N
46990,18,2,6,1,1,5,2,2,0,4,CHN,0,2,0,,77.88,0,Y
97054,240,9,37,10,1,1,2,0,0,2,ITA,0,2,1,,96,1,N
81029,86,1,4,22,0,1,2,0,0,2,PRT,1,1,0,,85,0,Y
91913,53,6,26,24,1,2,2,0,0,2,PRT,0,1,0,,65,1,N
63133,56,2,5,1,0,3,2,0,0,2,PRT,0,1,0,,60,0,Y
47939,64,3,11,10,0,3,2,0,0,2,AUT,0,4,0,,87.3,1,N
54848,386,7,31,28,0,2,2,0,0,2,PRT,0,1,0,,62,0,Y
108088,43,3,11,16,2,4,2,0,0,2,DEU,0,1,0,,68,1,N
68457,115,5,20,18,0,3,2,0,0,2,AUT,0,4,0,,135,0,Y
84453,0,2,9,26,0,1,2,0,0,2,SWE,0,1,0,,79,1,N
89844,47,5,22,23,1,3,2,0,0,2,GBR,0,5,0,,159.3,0,N
65727,26,4,14,7,0,1,1,0,0,1,CHN,0,1,0,,117,0,Y
104001,99,12,53,31,2,1,2,0,0,2,FRA,0,1,0,,150.67,1,N
114801,396,6,26,25,2,0,2,0,0,2,PRT,0,1,0,,122.4,1,N
95511,320,8,34,18,0,2,2,0,0,2,DEU,0,1,0,,115,1,N
63487,67,2,7,12,2,0,2,0,0,2,PRT,0,1,0,,80,0,Y
94714,1,8,33,7,1,0,2,0,0,2,PRT,0,1,0,,98,0,N
43213,22,9,38,16,0,4,2,0,0,2,ESP,0,1,0,,114.5,1,N
55070,391,8,32,4,0,2,2,0,0,2,PRT,0,1,0,,62,0,Y
47541,12,2,9,26,0,2,3,0,0,3,JPN,0,4,0,,127,1,Y
91928,273,6,26,24,1,2,2,0,0,2,NLD,0,1,0,,94.5,0,N
118068,295,8,32,10,1,3,3,0,0,3,DNK,0,4,0,,156.6,0,N
46816,151,1,4,19,0,3,1,0,0,1,PRT,0,1,0,,80,0,Y
106251,25,2,8,19,2,3,2,0,0,2,FRA,0,1,0,,63.17,0,N
109092,4,4,14,3,1,2,1,0,0,1,PRT,0,1,0,,84.01,2,N
52600,8,6,24,8,0,3,2,0,0,2,SWE,0,4,0,,142.67,0,Y
76740,160,8,32,5,0,2,2,0,0,2,ESP,0,1,0,,76.5,1,N
97226,4,9,38,12,1,1,2,0,0,2,FRA,0,4,0,,170,2,N
89179,2,5,21,15,2,2,2,0,0,2,DEU,0,1,0,,81.75,0,N
109973,35,4,16,18,0,2,2,2,0,4,GBR,0,6,0,,224,1,N
57101,19,9,39,19,1,0,2,0,0,2,PRT,0,1,0,,118.15,0,Y
118305,157,8,33,14,1,3,2,0,0,2,DEU,0,1,0,,80.1,1,N
111111,8,5,18,4,0,2,2,0,0,2,USA,0,7,0,,290,1,N
76024,336,9,38,18,0,2,2,0,0,2,PRT,1,1,0,,101.5,0,Y
90005,115,5,22,28,2,1,2,0,0,2,FRA,0,1,0,,75,0,N
111583,34,5,19,12,0,1,2,0,0,2,USA,0,1,0,,180,2,N
76841,189,8,33,11,0,4,2,0,0,2,PRT,0,1,0,,76.5,3,N
56695,242,9,37,10,2,2,2,0,0,2,NOR,0,1,0,,100.3,0,Y
48618,43,3,13,25,2,2,2,0,0,2,BEL,0,1,1,,148.13,1,Y
71864,183,7,28,14,1,2,2,0,0,2,FRA,0,4,0,,117.9,0,Y
75572,257,7,27,1,0,2,2,0,0,2,PRT,0,1,0,,101.5,0,N
70415,226,6,24,16,1,2,2,0,0,2,PRT,0,1,0,,105,0,Y
57157,73,9,39,19,1,3,2,0,0,2,MEX,0,4,0,,149.4,1,Y
77884,17,9,39,26,2,2,1,0,0,1,DNK,0,1,1,,170,0,N
76007,336,9,38,18,0,2,2,0,0,2,PRT,1,1,0,,101.5,0,Y
72826,274,8,32,7,1,3,2,0,0,2,FRA,0,1,0,,141.3,1,Y
65562,373,4,14,5,0,3,2,0,0,2,PRT,0,1,0,,90,0,Y
83763,7,2,7,8,1,3,2,0,0,2,PRT,0,1,0,,81,1,N
53892,114,7,27,1,1,2,1,0,0,1,PRT,0,1,0,,75,0,Y
94450,124,8,32,1,1,3,2,0,0,2,DMA,0,1,0,,105.3,1,N
49859,265,4,17,20,0,4,2,0,0,2,PRT,0,1,0,,101,0,Y
92783,193,7,28,8,2,2,2,1,0,3,ESP,0,1,1,,93.58,0,N
80825,8,11,48,27,1,2,2,0,0,2,PRT,1,1,0,,64,0,Y
96700,65,9,37,6,0,1,2,0,0,2,PRT,0,1,1,,98.1,0,N
96655,130,9,36,3,2,1,2,0,0,2,GBR,0,1,0,,80.75,0,N
65391,27,4,14,2,2,1,2,0,0,2,IRL,0,4,0,,150,0,Y
68987,357,5,21,24,0,3,3,0,0,3,GBR,0,4,0,,193.5,0,Y
96163,20,8,36,29,1,0,2,0,0,2,GBR,0,1,0,,85,1,N
91242,150,6,25,16,0,3,2,0,0,2,FRA,0,1,0,,90,1,N
56837,317,9,38,15,0,2,2,0,0,2,PRT,0,1,0,,120,0,Y
62929,61,1,4,25,0,2,2,0,0,2,PRT,0,1,0,,80,0,Y
75977,301,8,33,14,0,2,2,0,0,2,PRT,1,1,0,,101.5,0,Y
115235,0,7,27,3,1,0,1,0,0,1,FRA,0,1,0,,98,0,N
62294,139,1,2,8,2,1,2,0,0,2,ITA,0,1,0,,79.2,1,Y
105727,0,2,7,15,0,0,0,0,0,0,PRT,0,1,0,,0,1,N
99131,349,10,41,4,1,5,2,0,0,2,DEU,0,1,0,,123.33,0,N
51198,81,5,21,15,2,3,2,1,0,3,DEU,0,6,0,,187.85,0,Y
86654,55,4,15,6,0,1,2,0,0,2,PRT,0,1,0,,104,0,N
91371,7,6,26,19,1,0,2,0,0,2,PRT,0,4,0,,165,2,N
42317,22,9,36,4,1,2,2,0,0,2,FRA,0,1,0,,76.81,0,N
102631,53,11,49,29,0,4,0,2,0,2,ROU,0,2,0,,77.86,2,N
103659,90,12,52,24,2,3,2,0,0,2,ITA,0,1,0,,74.8,1,N
58673,110,10,42,14,0,2,2,2,0,4,GBR,0,6,0,,190.8,0,Y
84692,115,2,9,27,2,2,1,0,0,1,PRT,0,1,1,,76,0,N
44468,97,10,41,5,1,3,1,0,0,1,PRT,0,1,0,,140,0,Y
46696,1,1,3,16,0,1,3,0,0,3,PRT,0,1,0,14,108,0,Y
99228,180,10,41,8,2,1,3,0,0,3,AUT,0,4,0,,141.3,3,N
104699,29,1,3,18,0,3,1,0,0,1,GBR,0,1,0,,65,0,N
48046,46,3,12,13,3,5,2,0,0,2,FRA,0,4,0,,96.16,1,Y
108715,84,3,13,29,0,3,2,0,0,2,MUS,0,1,0,,97.2,1,N
74650,374,10,44,26,1,1,2,0,0,2,PRT,1,1,0,,62,0,Y
53703,116,6,27,27,1,5,1,0,0,1,PRT,0,1,0,,140,0,Y
75469,334,9,38,16,0,2,2,0,0,2,PRT,1,1,0,,62,0,Y
40114,54,7,28,7,2,8,2,0,0,2,PRT,0,1,0,,62.37,0,N
91908,53,6,26,24,1,2,3,0,0,3,PRT,0,1,1,,94.25,1,N
49761,103,4,17,19,0,2,1,0,0,1,PRT,0,1,0,,115,0,Y
95479,320,8,34,18,0,2,2,0,0,2,DEU,0,1,0,,115,1,N
109053,91,4,14,2,2,2,2,0,0,2,DEU,0,1,0,,117,4,N
73325,106,8,33,18,2,5,2,0,0,2,PRT,0,4,0,,180,1,Y
86326,140,3,13,26,2,4,2,0,0,2,NZL,0,4,0,,113.5,1,N
103645,35,12,53,28,0,1,2,0,0,2,FRA,0,1,0,,183,1,N
117992,175,8,32,8,0,5,2,0,0,2,ESP,0,1,0,,173.7,0,N
44409,40,10,41,5,1,1,2,0,0,2,ITA,0,1,0,,70,0,N
48100,48,3,12,17,0,1,1,0,0,1,FRA,0,1,0,,76.5,1,Y
88245,0,5,19,2,1,0,2,0,0,2,PRT,0,1,0,,139,0,N
108511,158,3,13,27,1,1,2,0,0,2,ISR,0,1,0,,95,1,N
102137,2,11,48,20,2,1,2,0,0,2,PRT,0,1,0,,92.67,1,N
102326,124,11,48,26,0,1,3,0,0,3,DEU,0,1,0,,92.65,0,N
111351,1,5,19,9,0,1,2,0,0,2,PRT,0,1,0,,150,1,N
57880,102,10,41,2,2,1,2,0,0,2,ITA,0,1,0,,108,0,Y
62028,207,12,53,30,1,2,2,0,0,2,FRA,0,1,0,,95,0,Y
104097,306,1,1,2,1,3,2,1,0,3,ITA,0,1,1,,92.65,0,N
98920,50,10,41,4,0,3,2,0,0,2,BEL,0,1,0,,118.8,1,N
62812,59,1,4,23,1,1,2,0,0,2,PRT,0,1,0,,80,0,Y
83079,46,1,3,15,1,2,2,0,0,2,FRA,0,1,0,,60,1,N
81993,115,3,13,20,2,0,1,0,0,1,PRT,1,1,0,,70,0,Y
41440,12,8,34,16,2,3,3,0,0,3,DEU,0,1,1,,68.8,0,N
81339,11,12,50,8,0,1,1,0,0,1,FRA,0,1,0,,85,0,N
71291,140,7,26,1,2,1,2,1,0,3,JOR,0,1,0,,125.1,0,Y
65750,25,4,14,7,1,2,2,0,0,2,CHN,0,1,2,,108,0,Y
81040,86,1,4,22,0,1,2,0,0,2,PRT,1,1,0,,85,0,Y
52886,71,6,25,14,0,3,1,0,0,1,PRT,0,1,0,,120,0,Y
85025,49,3,10,5,2,1,2,0,0,2,FIN,0,1,0,,69.5,0,N
100389,232,10,44,23,2,3,2,0,0,2,DEU,0,1,0,,66.53,1,N
54889,225,7,31,28,2,4,0,3,0,3,FRA,0,2,0,,79.27,1,Y
116984,86,7,30,24,1,3,2,0,0,2,ESP,0,1,0,,120,0,N
81567,192,5,20,12,0,3,2,0,0,2,PRT,1,1,0,,135,0,Y
95057,139,8,33,9,0,5,2,1,0,3,NLD,0,1,0,,130.5,1,N
96736,91,9,36,3,2,2,2,0,0,2,DEU,0,1,0,,135.9,1,N
81578,222,7,28,6,1,4,2,0,0,2,PRT,1,1,0,,90.95,1,Y
115156,1,6,26,29,0,3,2,0,0,2,USA,0,1,0,,90.33,0,N
106019,2,2,7,16,0,3,2,1,0,3,ESP,0,4,1,,198,2,N
76323,137,7,28,11,2,1,2,0,0,2,PRT,0,1,0,,86,0,N
44692,204,10,41,9,2,2,2,0,0,2,PRT,0,1,0,,72.75,0,N
103051,77,12,50,8,0,3,2,0,0,2,ESP,0,1,0,,75,0,N
41961,11,8,35,28,0,2,2,0,0,2,GBR,0,4,0,,79,0,N
58779,164,10,43,16,1,0,1,0,0,1,PRT,0,1,0,,115,0,Y
73923,265,7,28,9,0,2,2,0,0,2,PRT,1,1,0,,62,0,Y
60195,277,11,46,7,1,2,2,0,0,2,PRT,0,1,0,,100,0,Y
84737,115,2,9,27,2,3,1,0,0,1,MAR,0,1,1,,75,0,N
67279,136,5,18,1,1,1,2,0,0,2,CHE,0,1,0,,108,2,Y
101307,60,11,46,7,1,2,1,0,0,1,FRA,0,5,0,,204,0,N
93740,36,7,31,25,1,0,1,2,0,3,PRT,0,1,2,,161.1,2,N
88724,90,5,20,8,2,1,2,0,0,2,FRA,0,1,0,,75,0,N
114659,31,6,25,19,1,5,2,0,0,2,HRV,0,4,0,,126,1,N
85284,4,3,11,11,0,1,1,0,0,1,PRT,0,1,0,174,99,0,N
54316,176,7,29,12,0,4,2,0,0,2,GBR,0,1,0,,90.95,0,Y
104183,1,1,1,6,0,1,2,0,0,2,DEU,0,1,0,,55.35,0,N
67805,207,5,19,7,2,3,2,0,0,2,AUT,0,1,0,,104.22,0,Y
106025,4,2,7,16,0,3,2,1,0,3,JPN,0,1,0,,139,4,N
42661,86,9,37,9,0,2,2,0,0,2,FRA,0,1,0,68,100,0,N
113222,141,6,22,2,0,2,3,0,0,3,BEL,0,4,0,,190.8,1,N
112221,112,5,20,20,1,1,2,0,0,2,ISR,0,1,0,,126,0,N
102834,98,12,50,5,1,1,2,0,0,2,ITA,0,1,1,,93.6,3,N
90515,247,6,24,6,1,1,2,0,0,2,DEU,0,1,0,,115,0,N
81868,178,4,18,28,0,3,1,0,0,1,PRT,1,1,0,,110,0,Y
88869,9,5,20,11,0,2,1,0,0,1,FRA,0,4,0,,130,0,N
104123,113,1,1,2,1,3,3,0,0,3,ITA,0,4,1,,140,0,N
99894,37,10,43,19,0,1,2,0,0,2,FRA,0,1,0,,76.5,1,N
103915,7,12,53,29,1,3,2,0,0,2,ROU,0,4,0,,125.8,0,N
62135,306,1,1,2,1,3,2,1,0,3,ITA,0,1,0,,92.65,0,Y
67704,162,5,18,6,2,1,1,0,0,1,PRT,0,1,0,,80,0,Y
79722,2,10,44,31,1,1,2,0,0,2,ESP,0,1,0,,62,0,N
51876,316,5,22,26,0,3,1,0,0,1,PRT,0,1,1,,100,0,N
77513,0,9,39,21,1,0,1,0,0,1,NLD,0,1,0,,128,0,N
115196,0,7,27,2,1,0,1,0,0,1,ESP,0,1,1,,98,0,N
95723,153,8,34,20,2,1,2,2,0,4,GBR,0,6,0,,186.3,2,N
80863,0,3,11,16,0,1,1,0,0,1,PRT,1,4,0,148,95,1,N
111659,336,5,19,13,0,1,2,0,0,2,GBR,0,1,0,,108,1,N
116111,179,7,28,13,0,2,2,0,0,2,NLD,0,4,0,,126.9,1,N
43229,15,9,38,17,0,1,2,0,0,2,CHN,0,4,0,,115,3,N
58108,454,10,41,6,0,2,2,0,0,2,PRT,0,1,0,,62,0,Y
108724,1,3,13,30,0,2,2,0,0,2,AUS,0,1,0,,107,1,N
63511,93,2,7,12,2,3,2,0,0,2,ESP,0,1,2,,129.7,1,Y
66983,30,4,17,27,0,2,2,0,0,2,MAR,0,1,0,,114,0,Y
71120,84,6,26,28,0,3,2,0,0,2,BRA,0,1,0,,120,1,Y
110369,310,4,17,23,2,2,1,0,0,1,PRT,0,1,1,,68.88,0,N
112243,51,5,20,19,1,2,2,0,0,2,SWE,0,1,0,,160,1,N
89477,102,5,21,21,0,1,3,0,0,3,PRT,0,4,0,,159.3,1,N
114471,293,6,25,18,2,3,3,0,0,3,USA,0,4,2,,141.36,2,N
43085,135,9,38,14,1,2,2,0,0,2,PRT,0,1,0,,90,0,N
97552,291,9,39,21,0,1,2,0,0,2,ITA,0,1,0,,117,1,N
100777,0,10,45,31,1,0,2,0,0,2,BRA,0,1,0,,120,2,N
45957,104,12,49,3,0,3,2,0,0,2,PRT,0,1,0,,75,0,Y
84191,16,2,8,17,0,4,2,1,0,3,FRA,0,1,0,,109,2,N
54610,379,7,30,21,0,2,2,0,0,2,PRT,0,1,0,,62,0,Y
113825,91,6,23,10,1,1,2,0,0,2,FRA,0,1,0,,133,0,N
69590,129,6,22,2,1,2,2,0,0,2,PRT,0,1,0,,130,0,Y
93350,0,7,30,20,0,1,1,0,0,1,PRT,0,1,0,62,79,0,N
92484,161,6,27,28,2,7,1,0,0,1,PRT,0,1,2,,63.42,1,N
56476,90,9,37,7,0,4,2,0,0,2,GBR,0,4,0,,149.4,0,Y
69573,108,6,22,2,0,2,2,0,0,2,PRT,0,1,0,,126,1,Y
83664,68,2,6,6,2,2,2,0,0,2,MYS,0,1,0,,51.09,0,N
115084,157,6,26,25,2,4,2,0,0,2,FRA,0,1,0,,85,0,N
62755,50,1,3,21,2,2,2,0,0,2,NLD,0,1,0,,88.4,0,Y
47429,23,2,9,21,1,0,2,0,0,2,ESP,0,1,0,,91,1,Y
87442,56,4,17,18,1,1,2,0,0,2,CHE,0,1,0,,85.5,1,N
60982,45,11,49,28,1,1,2,0,0,2,PRT,0,1,0,,75,0,Y
67251,28,4,18,30,2,1,1,0,0,1,MAR,0,1,0,,144.33,1,Y
49476,281,4,16,14,0,2,2,0,0,2,PRT,0,1,0,,62,0,Y
86016,0,3,13,23,0,3,2,0,0,2,ESP,0,1,0,,131,0,N
72644,208,8,31,2,0,1,2,0,0,2,PRT,0,1,0,,125,0,Y
67648,81,5,18,5,1,2,2,0,0,2,FRA,0,5,0,,162,0,Y
93956,188,7,31,25,1,3,2,0,0,2,NLD,0,1,0,,90.95,1,N
114582,13,6,25,22,0,2,2,0,0,2,ITA,0,6,1,,307.8,1,N
53314,61,6,25,17,1,2,2,0,0,2,GBR,0,1,0,,126.9,0,Y
104296,0,1,2,10,0,1,2,0,0,2,ITA,0,1,0,,79.5,0,N
86251,72,3,14,27,2,2,2,0,0,2,FRA,0,1,0,,68,0,N
114399,119,6,25,18,2,2,2,0,0,2,DEU,0,1,1,,89.1,2,N
100947,8,10,45,30,2,3,2,0,0,2,FRA,0,1,0,,127.4,1,N
62010,79,12,53,30,0,2,1,1,0,2,PRT,0,1,0,,160.78,1,Y
53449,118,6,26,20,1,3,2,0,0,2,FRA,0,1,0,,109.86,0,Y
46132,100,12,50,12,2,1,2,0,0,2,FRA,0,1,0,,72.25,2,N
93773,1,7,31,26,0,1,1,0,0,1,PRT,0,1,0,148,84,0,N
93189,140,7,29,15,1,2,2,1,0,3,PRT,0,5,2,,159.9,1,N
58345,183,10,42,11,0,1,1,0,0,1,FRA,0,1,0,,98.1,0,Y
59230,194,10,43,22,2,5,2,0,0,2,EST,0,1,0,,96.3,0,Y
100549,1,10,44,28,0,1,2,0,0,2,PRT,0,5,0,,119,1,N
77360,19,10,41,6,0,3,1,0,0,1,PRT,1,1,0,,80,0,Y
50258,160,4,18,27,2,4,2,0,0,2,PRT,0,1,0,,90,0,Y
100917,6,10,45,31,1,3,1,0,0,1,PRT,0,1,0,,121.75,2,N
54766,150,7,31,25,5,15,2,0,0,2,AGO,0,1,0,,90.1,0,Y
114838,396,6,26,25,2,0,1,0,0,1,DEU,0,1,1,,95.5,1,N
80560,25,11,47,17,0,2,1,0,0,1,ESP,0,1,0,,101,1,N
84222,7,2,8,20,0,1,2,0,0,2,FRA,0,1,0,,93,1,N
79666,9,11,48,28,0,1,2,2,0,4,PRT,0,6,1,,64,0,N
100659,34,10,44,26,1,4,2,0,0,2,FRA,0,1,0,,85,0,N
68910,177,5,21,22,1,3,2,0,0,2,GBR,0,4,0,,139.5,1,Y
74843,335,9,38,17,0,1,1,0,0,1,PRT,1,1,0,,55,0,Y
92825,122,7,28,9,2,2,2,0,0,2,PRT,0,1,0,,105.83,2,N
92561,1,7,28,7,0,1,2,0,0,2,PRT,0,1,0,,110.71,0,N
88656,0,5,20,9,1,0,2,0,0,2,ITA,0,1,0,,89,0,N
74798,364,10,42,16,0,2,2,0,0,2,PRT,1,1,0,,109,0,Y
65061,79,3,12,23,0,3,2,0,0,2,HUN,0,4,0,,106.2,0,Y
62988,61,1,4,25,0,2,2,0,0,2,PRT,0,1,0,,80,0,Y
115925,153,7,28,11,0,2,2,0,0,2,PRT,0,1,0,,141.3,0,N
108528,158,3,13,27,1,1,2,0,0,2,ISR,0,1,0,,95,1,N
108298,116,3,12,24,0,2,2,0,0,2,FRA,0,1,0,,100,1,N
93177,20,7,30,17,1,0,1,0,0,1,FRA,0,1,0,,154,1,N
116153,414,7,28,13,0,2,2,0,0,2,DEU,0,1,0,,122.4,1,N
83264,1,1,5,26,0,1,2,0,0,2,FRA,0,1,0,,93,0,N
42644,0,9,37,8,0,5,2,0,0,2,GBR,0,1,0,,146.4,2,N
77229,327,9,37,9,2,4,2,0,0,2,PRT,0,1,0,,88,0,N
46688,12,1,3,15,2,2,2,0,0,2,OMN,0,1,2,,77,0,Y
57582,36,9,40,28,0,3,2,0,0,2,PRT,0,1,0,,75,0,Y
58682,233,10,42,14,1,2,2,0,0,2,PRT,0,1,0,,90,0,Y
62791,257,1,4,22,2,3,2,0,0,2,BRA,0,1,2,,77.35,0,Y
72215,99,7,30,23,2,4,2,0,0,2,CHE,0,5,0,,185,1,Y
113194,0,6,22,3,0,1,2,0,0,2,PRT,0,4,0,,170,1,N
86414,4,4,14,2,0,1,2,0,0,2,IRL,0,1,0,,99,1,N
56138,53,8,36,30,0,3,2,0,0,2,PRT,0,1,0,,109.8,0,Y
58652,37,10,42,13,0,3,2,0,0,2,PRT,0,1,0,,105,0,Y
89800,106,5,21,21,2,3,2,0,0,2,PRT,0,1,0,,105,0,N
82659,44,1,1,2,2,1,2,0,0,2,PRT,0,1,2,,98,0,N
49605,25,4,16,15,2,3,2,0,0,2,ESP,0,1,0,,149.4,0,Y
89131,56,5,20,14,2,2,2,0,0,2,FRA,0,4,0,,132.6,1,N
105799,11,2,6,11,2,3,2,0,0,2,HRV,0,1,0,,74.8,1,N
81621,130,4,16,13,0,4,2,0,0,2,PRT,1,1,0,,100,0,Y
114346,14,6,25,19,1,0,2,0,0,2,FRA,0,1,0,,140,1,N
99477,41,10,42,11,0,3,2,0,0,2,PRT,0,4,0,,151.5,3,N
72359,94,7,30,27,0,1,2,2,0,4,NLD,0,6,0,,235,0,Y
81620,130,4,16,13,0,4,2,0,0,2,PRT,1,1,0,,100,0,Y
87337,0,4,16,15,1,2,2,0,0,2,ESP,0,1,0,,101,1,N
113970,23,6,24,12,1,2,3,0,0,3,PRT,0,1,0,,129,1,N
53612,61,6,27,26,1,0,2,0,0,2,FRA,0,1,0,,99.9,0,Y
67015,111,4,17,27,1,3,2,0,0,2,PRT,0,1,0,,120,0,Y
72178,138,7,30,23,2,1,2,0,0,2,BRA,0,1,0,,130.5,0,Y
58449,314,10,42,12,0,3,2,0,0,2,PRT,0,1,0,,75,0,Y
43177,13,9,38,16,0,1,1,0,0,1,PRT,0,1,0,,114,1,Y
68489,85,5,20,18,2,5,2,0,0,2,BRA,0,1,0,,140.14,1,Y
54464,152,7,29,16,2,4,2,0,0,2,ITA,0,1,1,,133.17,0,Y
69538,174,6,22,1,0,3,2,0,0,2,PRT,0,1,0,,110,0,Y
106948,17,3,9,3,0,2,1,0,0,1,GBR,0,1,0,,60.06,0,N
56372,0,9,37,4,2,0,3,0,0,3,DEU,0,4,0,,187.5,0,Y
117010,350,7,30,24,1,4,2,0,0,2,FRA,0,1,0,,89.1,2,N
100588,239,10,44,28,0,2,2,0,0,2,DEU,0,1,0,,96.3,1,N
71540,178,7,27,7,0,2,2,0,0,2,ITA,0,1,0,,143.1,0,Y
42513,55,9,37,6,2,0,2,0,0,2,ESP,0,1,0,,75,0,N
102081,11,11,48,21,1,1,1,0,0,1,PRT,0,5,1,,115,0,N
64005,17,2,9,26,2,1,1,0,0,1,PRT,0,4,0,,75,0,Y
113280,28,6,22,2,1,2,2,0,0,2,FRA,0,1,0,,146.67,1,N
111554,8,5,19,11,0,1,2,0,0,2,IRL,0,1,0,,150,1,N
82790,68,2,8,17,0,2,2,0,0,2,PRT,1,1,0,,75,0,Y
85537,64,3,12,13,2,2,2,0,0,2,ITA,0,1,0,,73.95,1,N
115767,0,7,28,10,1,0,2,0,0,2,VEN,0,1,0,,140,1,N
85904,65,3,13,23,0,0,2,0,0,2,ARG,0,1,2,,0,0,Y
86925,9,4,16,10,1,0,1,0,0,1,PRT,0,1,0,,105,0,N
56851,317,9,38,15,0,2,2,0,0,2,PRT,0,1,0,,120,0,Y
97084,55,9,37,10,1,1,3,0,0,3,BEL,0,4,0,,168.3,1,N
51309,323,5,21,17,0,4,2,0,0,2,PRT,0,1,0,,70,0,Y
94019,77,7,31,26,0,4,2,0,0,2,DEU,0,4,0,,118.8,2,N
82700,69,12,53,29,2,5,2,0,0,2,PRT,0,2,0,,92.43,0,N
110599,294,4,17,28,0,1,2,0,0,2,DEU,0,1,0,,99,1,N
97842,29,12,50,6,0,1,2,0,0,2,PRT,0,1,1,,98,2,N
117919,16,8,32,9,0,3,2,0,0,2,CN,0,1,0,,180,1,N
44298,86,10,40,3,2,1,1,0,0,1,ITA,0,1,1,,63,0,N
100460,96,10,44,24,1,3,2,0,0,2,CHE,0,1,0,,100.13,3,N
107729,8,3,11,16,0,1,1,0,0,1,PRT,0,1,0,,65,0,N
85868,2,3,13,22,0,1,2,1,0,3,BRA,0,1,0,,119,1,N
51754,158,5,22,24,0,2,1,0,0,1,PRT,0,1,0,,130,0,Y
61548,185,12,51,16,1,2,2,0,0,2,DEU,0,4,0,,103.5,0,Y
114321,123,6,24,17,2,1,2,0,0,2,CHN,0,1,0,,105.3,0,N
115926,188,7,28,11,0,2,2,0,0,2,GBR,0,1,0,,107.1,2,N
117510,174,7,31,31,1,4,2,0,0,2,AUT,0,4,0,,89.1,0,N
100698,0,10,44,29,1,1,2,0,0,2,FRA,0,1,0,,117.04,0,N
61078,290,12,49,1,1,3,2,0,0,2,SVK,0,1,0,,73.95,0,Y
105780,47,2,7,13,1,1,2,0,0,2,DEU,0,1,0,,79.2,0,N
44126,29,9,40,30,0,2,1,0,0,1,NLD,0,1,0,,90.25,2,N
71907,19,7,28,15,2,1,2,0,0,2,FRA,0,1,0,,126.67,0,Y
47150,23,2,7,10,0,4,2,0,0,2,MAR,0,1,0,,72.8,0,Y
104940,20,1,4,25,0,1,2,0,0,2,ARG,0,1,0,,107,0,N
46219,22,12,52,26,2,1,2,0,0,2,FRA,0,1,0,,59.09,0,N
91432,35,6,25,17,2,3,2,0,0,2,PRT,0,4,0,,96.3,0,N
40661,0,8,32,5,0,1,1,0,0,1,PRT,0,1,0,45,0,0,N
56063,52,8,36,28,1,0,1,0,0,1,POL,0,1,3,,118,1,Y
72401,467,7,30,28,0,1,2,0,0,2,PRT,0,1,0,,90,0,Y
41297,39,8,33,14,0,2,2,0,0,2,PRT,0,1,0,,101.5,0,Y
63440,67,2,7,12,2,0,2,0,0,2,PRT,0,1,0,,80,0,Y
81727,109,2,9,21,2,1,2,0,0,2,PRT,1,1,0,,75,0,Y
65938,180,4,15,10,1,3,1,0,0,1,GBR,0,1,0,,109.8,1,Y
47359,44,2,8,17,0,3,2,0,0,2,PRT,0,1,0,,75,0,Y
102533,30,11,48,26,2,2,2,0,0,2,GBR,0,1,0,,74.8,3,N
72920,41,8,32,9,1,4,1,0,0,1,IND,0,1,0,,142,0,Y
80542,20,11,46,11,2,5,1,0,0,1,SWE,0,1,0,,68.85,1,N
101234,6,11,46,8,0,1,1,0,0,1,FRA,0,4,0,227,94,0,N
84032,11,2,7,13,2,3,2,0,0,2,FRA,0,1,0,,85,0,N
106424,68,2,8,20,1,4,2,0,0,2,BGR,0,1,0,,90.1,2,N
76156,233,9,38,18,0,1,2,0,0,2,PRT,1,1,0,,120,0,Y
70671,27,6,25,20,0,4,3,0,0,3,POL,0,5,0,,240,1,Y
83682,0,2,7,8,1,1,1,0,0,1,PRT,0,1,0,,88,0,N
44802,105,10,42,12,1,2,2,0,0,2,PRT,0,1,0,,110,0,Y
49810,126,4,17,19,1,5,2,0,0,2,FRA,0,1,0,,88.68,1,N
79753,9,11,45,1,2,1,1,0,0,1,TWN,0,1,0,,75,1,N
102962,24,12,50,5,1,4,2,1,0,3,FIN,0,1,0,,78.15,1,N
52348,275,6,23,4,1,1,2,0,0,2,PRT,0,1,0,,62.8,0,Y
54719,64,7,31,24,2,2,2,0,0,2,ISR,0,1,0,,94.5,0,Y
40073,43,7,27,3,0,2,2,0,0,2,PRT,0,1,0,,86,0,N
94282,2,8,32,2,0,1,1,0,0,1,GBR,0,1,1,,102.7,0,N
65793,157,4,14,8,2,2,2,0,0,2,ESP,0,1,0,,117,0,Y
62956,61,1,4,25,0,2,2,0,0,2,PRT,0,1,0,,80,0,Y
57171,55,9,39,20,0,3,3,0,0,3,GBR,0,4,0,,168.3,0,Y
58795,258,10,43,16,1,0,2,0,0,2,PRT,0,1,0,,110,0,Y
81094,7,3,9,2,0,2,2,0,0,2,PRT,0,7,1,,0,3,N
50468,118,5,19,1,2,5,2,0,1,3,ROU,0,4,1,,107.95,3,Y
97109,28,9,38,11,1,0,2,0,0,2,FRA,0,1,0,,139,1,N
59915,304,11,45,3,0,3,2,0,0,2,PRT,0,1,0,,89,0,Y
56440,277,9,37,5,2,5,2,0,0,2,PRT,0,1,0,,80,0,Y
100223,386,10,44,23,2,0,2,0,0,2,DEU,0,1,0,,115,1,N
68633,58,5,20,19,0,2,2,0,0,2,ESP,0,1,0,,144,0,Y
80215,53,11,46,9,1,4,2,0,1,3,ESP,0,1,0,,64.6,3,N
95644,219,8,34,20,1,1,2,0,0,2,ITA,0,1,0,,96,0,N
65700,69,4,14,6,0,3,1,0,0,1,PRT,0,1,0,197,85,0,Y
49017,93,4,15,4,1,3,2,0,0,2,PRT,0,2,3,,73.74,0,N
102193,44,11,48,22,0,2,2,0,0,2,BEL,0,1,0,,98.8,2,N
79324,0,10,43,24,0,1,2,0,0,2,PRT,0,1,0,,102.5,0,N
57607,10,9,40,29,0,1,2,0,0,2,PRT,0,5,0,,105,0,Y
108830,25,5,18,6,2,1,1,0,0,1,FRA,0,5,0,450,125,0,Y
79424,137,1,5,27,0,2,1,0,0,1,PRT,1,1,0,,70,0,Y
73748,265,7,28,9,0,2,2,0,0,2,PRT,1,1,0,,62.8,0,Y
110081,145,4,15,15,2,5,2,0,0,2,DEU,0,1,0,,89.1,0,N
42215,19,9,36,2,0,4,2,0,0,2,FRA,0,5,0,,83.55,1,N
106373,0,2,8,23,0,1,1,0,0,1,USA,0,1,1,,58.31,0,N
40615,28,8,32,3,1,3,2,0,0,2,PRT,0,1,0,,62,0,Y
48695,125,3,14,27,2,2,2,0,0,2,PRT,0,1,0,,55,0,Y
63330,580,2,6,9,0,2,2,0,0,2,PRT,0,1,0,,62,0,Y
99975,108,10,43,17,1,3,2,0,0,2,NLD,0,1,0,,108,2,N
114359,448,6,24,17,2,2,2,0,0,2,AUS,0,1,1,,107,1,N
92569,4,7,28,6,0,3,2,0,0,2,USA,0,1,0,,151,1,N
78413,0,10,41,7,0,2,2,0,0,2,PRT,0,1,0,,138,0,N
73301,38,8,33,18,1,2,2,0,0,2,BRA,0,1,0,,160,1,Y
99488,0,10,42,13,0,1,1,0,0,1,BEL,0,1,0,,170,0,N
78122,6,10,41,10,2,1,2,0,0,2,PRT,1,1,0,,65,0,Y
66662,152,4,16,22,2,2,2,0,0,2,PRT,0,1,0,,105,0,Y
105813,45,2,7,13,1,2,2,0,0,2,GBR,0,1,0,,79.2,0,N
110523,123,4,17,24,1,3,2,0,0,2,FRA,0,1,0,,105.75,1,N
115634,179,7,27,5,0,4,2,0,0,2,FRA,0,1,1,,108.1,1,N
41942,15,8,35,27,0,2,2,0,0,2,ESP,0,1,0,,90,1,N
111952,123,5,20,15,1,2,3,0,0,3,USA,0,4,0,,199.8,1,N
85406,53,3,11,12,2,1,2,0,0,2,PRT,0,1,0,,67.5,1,N
112842,246,5,21,27,1,1,2,0,0,2,PRT,0,1,0,,128,1,N
49446,281,4,16,14,0,2,2,0,0,2,PRT,0,1,0,,62,0,Y
80743,34,11,48,23,1,2,1,0,0,1,PRT,0,1,0,,102.6,0,Y
116205,157,7,28,12,0,4,2,0,0,2,GBR,0,5,0,,143.1,2,N
98514,36,9,40,28,0,3,1,0,0,1,DEU,0,1,2,,76,0,N
114037,51,6,24,12,1,3,2,0,0,2,PRT,0,1,0,,89.1,0,N
63996,23,2,8,25,4,11,2,0,0,2,AGO,0,4,0,,113,0,Y
88141,7,4,18,27,1,4,2,0,0,2,CHN,0,1,0,,121,1,N
72370,155,7,30,27,0,3,2,0,0,2,DEU,0,1,0,,120.83,0,Y
91723,265,6,26,24,0,2,2,0,0,2,DEU,0,1,0,,112,1,N
73765,272,7,29,16,0,2,2,0,0,2,PRT,1,1,0,,62.8,0,Y
43269,56,9,38,17,0,2,2,0,0,2,FRA,0,1,0,,82,0,N
102582,5,11,49,30,0,2,2,0,0,2,FRA,0,1,0,,77,0,N
107484,66,3,10,10,1,2,2,0,0,2,FRA,0,1,0,,80,1,N
41380,40,8,33,15,2,2,2,0,0,2,ESP,0,1,0,,62,0,N
95701,21,8,34,20,2,1,0,2,0,2,GBR,0,2,0,,109.83,2,N
42201,18,9,36,2,0,3,2,0,0,2,ITA,0,1,3,,12,2,N
68979,357,5,21,24,0,2,2,0,0,2,GBR,0,1,0,,109.8,1,Y
44090,30,9,40,30,0,2,2,0,0,2,PRT,0,1,0,,121,0,Y
57254,440,9,39,22,0,2,2,0,0,2,PRT,0,1,0,,62,0,Y
47524,0,2,9,26,0,1,2,0,0,2,PRT,0,1,0,,89,0,Y
115221,7,7,27,2,1,0,2,0,0,2,FRA,0,1,0,,138,1,N
50012,168,4,17,22,1,2,2,0,0,2,PRT,0,1,0,,85,0,Y
40959,39,8,33,10,1,1,2,0,0,2,ESP,0,1,0,,62,1,N
61550,46,12,51,16,1,2,2,0,0,2,ESP,0,1,0,,79.2,1,Y
115447,74,7,27,4,0,2,2,0,0,2,ARG,0,4,0,,150,0,N
48436,39,3,13,23,0,3,2,0,0,2,ESP,0,4,0,,121.8,1,Y
100388,104,10,44,25,0,3,3,0,0,3,PRT,0,4,0,,123.3,2,N
49071,105,4,15,6,0,1,2,0,0,2,PRT,0,1,0,,75,0,Y
119157,183,8,35,28,1,2,2,0,0,2,ITA,0,1,0,,99,0,N
99503,5,7,27,4,0,3,1,0,0,1,PRT,1,1,0,40,65,1,N
54668,171,7,30,22,2,6,2,0,0,2,PRT,0,1,0,,81.25,2,Y
47423,53,2,8,20,2,2,2,0,0,2,PRT,0,1,0,,65.75,0,N
114626,166,6,25,22,0,3,2,0,0,2,FRA,0,4,0,,130.5,0,N
97548,62,9,39,21,0,1,1,0,0,1,ITA,0,1,0,,91,0,N
115218,18,7,27,2,1,0,2,0,0,2,USA,0,1,0,,160,2,N
114974,121,6,26,27,0,3,2,0,0,2,NLD,0,1,0,,100,0,N
47604,1,2,10,28,2,1,1,0,0,1,PRT,0,1,0,,60,0,Y
90054,7,5,23,31,0,1,1,0,0,1,PRT,0,1,0,45,0,0,N
61405,322,12,50,9,0,2,2,0,0,2,PRT,0,1,0,,52,0,Y
53641,60,6,27,26,2,2,2,0,0,2,CHE,0,1,0,,108.9,1,Y
96880,88,9,36,3,2,5,1,0,0,1,USA,0,1,2,,85,1,N
108207,31,3,12,19,2,3,2,0,0,2,AUT,0,1,0,,91.8,0,N
47144,0,2,7,10,0,1,1,0,0,1,PRT,0,1,0,,85,0,Y
65959,31,4,15,11,0,2,2,0,0,2,EST,0,1,0,,140,0,Y
103542,87,12,53,25,2,0,2,0,0,2,USA,0,1,0,,79.2,0,N
67693,162,5,18,6,2,1,1,0,0,1,PRT,0,1,0,,80,0,Y
61505,524,12,51,15,0,2,2,0,0,2,PRT,0,1,0,,62.8,0,Y
78166,224,10,40,2,1,2,2,0,0,2,FRA,0,1,0,,65,0,N
94671,122,8,32,1,2,5,1,0,0,1,DEU,0,1,0,,68,0,N
59586,183,10,44,29,2,1,2,0,0,2,BEL,0,1,0,,80.1,2,Y
70412,226,6,24,16,1,2,2,0,0,2,PRT,0,1,0,,105,0,Y
114343,104,6,24,17,2,1,2,0,0,2,FRA,0,1,0,,108,0,N
76921,342,9,39,24,2,4,2,0,0,2,PRT,1,1,0,,170,0,Y
78842,0,1,3,10,2,5,2,0,0,2,AGO,0,1,1,,41.84,1,N
90342,126,6,23,2,0,3,2,0,0,2,DEU,0,1,0,,80.75,1,N
102270,191,11,48,25,0,1,2,0,0,2,ROU,0,1,0,,71.1,0,N
76232,179,8,34,22,2,1,2,0,0,2,PRT,1,1,0,,86,0,Y
55732,38,8,34,19,2,2,3,0,0,3,CHN,0,4,0,,151.47,0,Y
66999,20,4,17,27,0,3,2,0,0,2,PRT,0,1,0,,115,0,Y
92780,166,7,28,7,2,3,2,0,0,2,GBR,0,1,0,,90.95,2,N
67688,93,5,18,6,2,1,2,0,0,2,BEL,0,4,0,,135,0,Y
49574,17,4,16,15,0,2,2,0,0,2,FRA,0,4,0,,142,0,Y
60586,16,11,47,16,0,3,1,0,0,1,PRT,0,1,0,,75,0,Y
91231,150,6,25,16,0,3,2,0,0,2,FRA,0,1,0,,90,1,N
115524,146,7,27,4,0,3,2,0,0,2,BEL,0,4,0,,111.6,1,N
67501,148,5,18,4,0,2,2,0,0,2,PRT,0,1,0,,95,0,Y
66427,125,4,16,20,0,3,2,0,0,2,PRT,0,1,0,,85,0,Y
58473,3,10,42,13,0,1,2,0,0,2,FRA,0,1,0,,120,0,Y
53600,102,6,26,25,4,10,2,0,0,2,PRT,0,1,0,,79.29,0,Y
43298,22,9,38,17,1,3,2,0,0,2,PRT,0,1,0,,119.25,3,N
116006,158,7,28,12,0,2,3,0,0,3,SWE,0,5,0,,177.3,2,N
75588,257,7,27,1,0,2,2,0,0,2,PRT,0,1,0,,101.5,0,N
43587,13,9,39,20,2,3,2,0,0,2,PRT,0,1,0,,111.6,1,N
111856,68,5,20,14,2,1,1,0,0,1,ESP,0,1,1,169,110,0,N
94763,73,8,32,6,2,1,2,0,0,2,FRA,0,4,0,,140.4,2,N
74760,241,10,43,19,1,2,2,0,0,2,USA,0,1,0,,60,0,N
85211,4,11,47,14,1,0,1,0,0,1,PRT,1,5,0,,106,0,N
51312,323,5,21,17,0,4,2,0,0,2,PRT,0,1,0,,112,1,N
44281,198,10,40,3,1,1,2,0,0,2,PRT,0,1,0,,60,0,Y
63444,67,2,7,12,2,0,2,0,0,2,PRT,0,1,0,,80,0,Y
112523,137,5,21,21,2,2,3,0,0,3,GBR,0,4,0,,165.75,1,N
69751,99,6,23,5,1,3,2,2,0,4,LUX,0,6,0,,250,0,Y
108123,4,3,12,22,0,1,1,0,0,1,GBR,0,1,1,,94,0,N
70338,131,6,24,15,0,3,2,0,0,2,AUT,0,1,1,,126,0,Y
80648,64,11,47,20,0,2,2,0,0,2,DEU,0,1,0,,79.2,2,N
51753,158,5,22,24,0,2,1,0,0,1,PRT,0,1,0,,130,0,Y
62099,260,1,1,1,2,3,2,0,0,2,FRA,0,1,0,,77.35,0,Y
117077,151,7,30,25,0,4,2,0,0,2,PRT,0,4,0,,159,1,N
90918,56,6,24,9,1,3,1,0,0,1,DEU,0,1,2,,74,0,N
118224,111,8,33,14,1,2,3,0,0,3,ITA,0,5,0,,225,2,N
41323,39,8,33,14,0,2,2,0,0,2,PRT,0,1,0,,101.5,0,Y
40582,117,8,31,1,2,1,2,0,0,2,ITA,0,1,0,,94.5,0,N
82863,68,2,8,17,0,2,2,0,0,2,PRT,1,1,0,,75,0,Y
97388,1,9,38,15,0,1,1,0,0,1,CHE,0,1,0,,159,1,N
108378,87,3,12,24,0,2,2,2,0,4,ESP,0,6,0,,169.2,2,N
109395,248,4,15,9,2,0,2,0,0,2,DEU,0,1,2,,80,1,N
94185,301,7,31,30,1,1,2,0,0,2,DEU,0,1,0,,115,1,N
54466,108,7,29,16,2,5,2,0,0,2,NLD,0,4,0,,121.37,0,Y
74347,269,7,29,13,1,1,2,0,0,2,PRT,1,1,0,,62,0,Y
106037,61,2,7,16,0,3,2,1,0,3,GBR,0,1,0,,122.4,2,N
106747,42,2,9,26,2,2,2,0,0,2,BEL,0,4,0,,102,2,N
45141,42,10,43,19,1,1,2,0,0,2,PRT,0,1,0,,94.5,2,Y
99912,59,10,43,16,2,2,2,0,0,2,ITA,0,1,0,,126,1,N
85100,1,3,11,8,0,2,2,0,0,2,ITA,0,1,0,,103,0,N
68103,19,5,19,13,0,1,2,0,0,2,FRA,0,1,0,,180,1,Y
48207,101,3,12,18,1,2,2,0,0,2,PRT,0,1,0,,78.3,0,Y
82707,12,1,1,2,2,1,2,0,0,2,FRA,0,1,0,,82,0,N
100997,275,11,45,3,0,2,2,0,0,2,BEL,0,1,3,,77.62,1,N
103005,76,12,50,7,0,4,2,0,0,2,ITA,0,1,0,,88.4,2,N
47335,44,2,8,17,0,3,2,0,0,2,PRT,0,1,0,,75,0,Y
40761,11,8,32,7,0,1,2,0,0,2,PRT,0,1,0,,75,1,N
43879,192,9,39,25,2,3,2,0,0,2,PRT,0,1,0,,102,0,N
55364,398,8,33,11,0,2,2,0,0,2,PRT,0,1,0,,62,0,Y
72214,99,7,30,23,2,4,2,0,0,2,CHE,0,5,0,,185,1,Y
53865,179,7,27,1,0,2,2,0,0,2,PRT,0,1,0,,65,0,Y
44275,125,10,40,2,2,2,2,0,0,2,PRT,0,1,0,,97.33,0,N
88025,3,4,18,29,0,1,1,0,0,1,DEU,0,4,0,,127.8,0,N
114496,0,6,25,20,0,3,1,0,0,1,DEU,0,1,1,,100,0,N
91395,134,6,25,15,2,4,2,1,0,3,ITA,0,1,0,,135.15,2,N
74349,269,7,29,13,1,1,2,0,0,2,PRT,1,1,0,,62,0,Y
41522,4,8,34,17,1,5,2,1,0,3,PRT,0,1,0,,134.17,2,Y
80773,180,4,16,13,0,1,2,0,0,2,PRT,1,1,0,,125,0,Y
83214,0,3,14,28,1,0,1,0,0,1,PRT,0,1,0,219,88,0,N
94866,0,8,33,10,0,1,2,0,0,2,PRT,0,1,0,,158,1,N
55007,131,8,32,2,0,4,2,0,0,2,DEU,0,1,0,,105.3,0,Y
59392,32,10,44,28,0,2,2,0,0,2,ESP,0,4,0,,144,1,Y
100182,84,10,43,17,2,5,2,0,0,2,RUS,0,4,0,,132.3,1,N
72911,191,8,32,9,0,4,2,0,0,2,RUS,0,1,0,,112.5,1,Y
96340,14,8,36,31,0,1,1,0,0,1,FRA,0,1,0,,124,1,N
113234,21,6,22,1,0,3,2,0,0,2,ESP,0,1,1,,143.33,0,N
63008,43,1,4,26,0,1,2,0,0,2,CHN,0,1,1,,95.4,0,Y
50826,9,5,20,9,1,3,1,0,0,1,DEU,0,4,0,,141,0,Y
80561,35,11,47,18,0,1,2,0,0,2,GBR,0,1,0,,113.4,1,N
87128,45,4,16,13,0,2,2,0,0,2,PRT,0,1,0,,94.5,1,N
45616,79,11,46,13,0,2,1,0,0,1,PRT,0,1,0,,70,0,Y
85490,13,3,12,15,0,1,2,0,0,2,MOZ,0,1,0,,107,0,N
46386,148,12,53,30,1,4,2,0,0,2,PRT,0,1,0,,67,0,Y
96474,35,8,36,30,0,4,2,0,0,2,BEL,0,1,1,,119,1,N
93451,116,7,29,16,2,4,2,0,0,2,IRL,0,1,0,,96,1,N
88654,0,5,20,9,1,0,2,0,0,2,ITA,0,1,0,,89,0,N
103832,16,12,53,29,1,3,2,0,0,2,JPN,0,1,0,,102,2,N
69458,292,5,22,31,0,3,2,0,0,2,PRT,0,1,0,,90,0,Y
56238,107,9,36,1,0,3,2,0,0,2,PRT,0,1,0,,118.8,0,Y
76590,224,9,37,11,1,2,2,0,0,2,PRT,1,1,0,,90,0,Y
113929,116,6,24,12,1,1,2,0,0,2,BRA,0,4,0,,98.1,0,N
102116,215,11,48,21,1,1,2,0,0,2,GBR,0,1,2,233,85,0,N
106709,14,2,9,28,0,2,2,0,0,2,FRA,0,1,0,,146,0,N
118348,108,8,33,15,0,4,2,0,0,2,PRT,0,1,0,,130.5,0,N
69968,169,6,23,8,0,3,2,0,0,2,PRT,0,1,0,,170,0,Y
62114,29,1,1,2,1,2,2,0,0,2,ESP,0,4,0,,117,2,Y
83133,13,1,4,20,0,1,1,0,0,1,DEU,0,1,2,,71,0,N
100596,239,10,44,28,0,2,2,0,0,2,DEU,0,1,0,,96.3,1,N
109029,76,4,14,2,2,1,2,0,0,2,FRA,0,1,0,,75,0,N
42143,1,9,36,1,0,1,1,0,0,1,PRT,0,1,0,45,0,1,N
108271,51,3,12,23,0,2,3,0,0,3,FRA,0,4,0,,142.2,2,N
109060,91,4,14,2,2,2,2,0,0,2,DEU,0,1,0,,117,4,N
86007,134,3,13,22,0,4,2,0,0,2,SWE,0,4,0,,87.13,0,N
108611,73,3,13,27,1,2,2,0,0,2,IRL,0,4,0,,83.16,1,N
110534,0,4,16,16,4,8,1,0,1,2,BRA,0,4,2,,133,0,N
82663,44,1,1,2,2,1,2,0,0,2,PRT,0,1,2,,98,0,N
54003,188,7,28,4,7,17,2,0,0,2,AGO,0,1,0,,90.95,1,Y
79834,34,12,50,8,0,2,1,0,0,1,PRT,1,1,0,,90,0,Y
99070,88,10,41,7,0,2,2,0,0,2,POL,0,1,0,,90,1,N
115338,142,7,27,2,2,1,2,0,0,2,BRA,0,4,2,,116.1,3,N
94695,124,8,32,5,1,2,3,0,0,3,MEX,0,4,0,,143.7,2,N
42959,148,9,37,11,0,2,2,0,0,2,ESP,0,1,0,,93.5,1,N
94649,116,8,32,4,1,3,3,0,0,3,ITA,0,4,0,,142.2,1,N
69196,124,5,21,27,0,1,1,0,0,1,USA,0,1,0,,108,0,Y
79885,32,11,47,20,0,2,1,0,0,1,PRT,1,1,0,,73,0,Y
103134,8,12,51,12,1,0,1,0,0,1,FRA,0,1,0,,96,2,N
66218,87,4,15,15,2,2,2,0,0,2,PRT,0,1,0,,95,0,Y
81768,113,2,9,25,0,3,2,0,0,2,PRT,1,1,0,,75,0,Y
41602,7,8,34,19,1,4,2,0,0,2,ESP,0,1,1,,75,0,N
55905,102,8,35,24,0,4,3,0,0,3,ITA,0,4,0,,150.3,0,Y
48099,47,3,12,17,0,1,2,0,0,2,ESP,0,1,0,,71.1,0,Y
118700,124,8,34,21,1,3,1,0,0,1,BEL,0,1,0,,115,0,N
110704,225,4,17,29,1,1,1,0,0,1,FRA,0,1,1,,141,0,N
66510,177,4,16,21,0,2,2,0,0,2,IRL,0,1,0,,99,0,Y
104025,90,1,1,1,2,1,3,0,0,3,RUS,0,4,0,,139.8,0,N
66182,87,4,15,15,2,2,2,0,0,2,PRT,0,1,0,,95,0,Y
59061,236,10,43,20,2,3,2,1,0,3,FRA,0,1,0,,106.25,2,Y
92943,3,9,39,19,1,0,1,0,0,1,PRT,0,1,0,40,67,0,N
71032,59,6,26,27,0,4,2,0,0,2,GBR,0,1,0,,120,1,Y
42128,23,8,36,31,1,4,1,0,0,1,NLD,0,1,0,,92,1,N
62088,46,1,1,1,2,0,2,0,0,2,PRT,0,1,0,,65,0,Y
49698,105,4,17,17,2,1,2,0,0,2,GBR,0,4,0,,96.3,0,N
76837,1,8,33,12,0,2,1,0,0,1,PRT,0,1,0,46,0,0,N
87946,90,4,18,24,2,3,2,0,0,2,GBR,0,1,0,,70.03,1,N
100961,71,11,45,3,0,1,2,0,0,2,USA,0,1,2,,79.2,2,N
65673,69,4,14,6,0,3,1,0,0,1,PRT,0,1,0,197,85,0,Y
96219,139,8,35,23,2,5,2,0,0,2,FRA,0,1,0,,98.87,1,N
66621,393,4,16,22,2,1,2,0,0,2,PRT,0,1,0,,90,0,Y
70710,105,6,25,21,0,3,2,1,0,3,BRA,0,1,0,,162,0,Y
118186,4,8,33,13,2,1,2,0,0,2,ESP,0,1,0,,200,1,N
77676,3,9,39,21,1,2,2,0,0,2,ITA,0,1,0,,133,2,N
49597,104,4,16,15,2,2,1,0,0,1,ITA,0,1,0,,76.5,0,Y
118999,5,8,34,24,1,3,3,0,0,3,ESP,0,4,0,,203.5,0,N
66190,87,4,15,15,2,2,2,0,0,2,PRT,0,1,0,,95,0,Y
62141,268,1,1,2,1,4,2,0,0,2,RUS,0,2,3,,141.14,1,Y
55020,206,8,32,2,4,10,2,0,0,2,GBR,0,1,0,,90.95,0,Y
65748,92,4,14,7,1,2,2,0,0,2,ESP,0,1,0,,117,0,Y
102129,76,11,48,22,0,1,2,0,0,2,CHE,0,1,0,,93.6,1,N
52300,110,6,23,3,0,1,2,1,0,3,USA,0,1,0,,143.1,0,Y
106733,89,2,9,26,2,2,2,0,0,2,DEU,0,1,2,,90.55,2,N
70448,448,6,24,17,2,1,2,0,0,2,PRT,0,1,0,,90,0,Y
98521,114,9,39,24,2,5,2,0,0,2,BEL,0,1,0,,131.66,0,N
97554,291,9,39,21,0,1,2,0,0,2,ITA,0,1,0,,117,0,N
96178,188,8,35,25,2,3,2,2,0,4,BEL,0,2,3,,84.82,1,N
57147,280,9,39,19,1,2,2,0,0,2,PRT,0,1,0,,110,0,Y
42137,21,8,36,31,3,5,2,0,0,2,DEU,0,1,0,,103.13,0,N
112546,190,5,21,22,1,2,2,1,0,3,DEU,0,1,0,,143.4,2,N
70475,150,6,24,17,2,3,1,0,0,1,PRT,0,1,0,,120,0,Y
117891,479,8,32,9,0,3,2,0,0,2,PRT,0,1,0,,112.67,1,N
66909,156,4,17,26,0,3,2,0,0,2,PRT,0,1,0,,100,0,Y
66978,58,4,17,27,0,2,2,0,0,2,CN,0,1,0,,108,0,Y
102638,313,12,49,1,0,3,2,0,0,2,GBR,0,4,0,,91.8,1,N
75037,219,9,36,4,1,2,2,0,0,2,PRT,1,1,0,,80,0,Y
42829,168,9,37,11,0,2,1,0,0,1,PRT,0,1,1,,0,0,N
99944,46,10,43,17,1,3,2,0,0,2,IRL,0,1,0,,134.78,1,N
100406,12,10,44,25,0,3,1,0,0,1,BIH,0,1,0,,130,2,N
97007,54,9,37,9,0,2,2,1,0,3,KOR,0,1,0,,121.68,1,N
113537,-1,6,23,6,0,3,2,0,0,2,IRL,0,1,0,,89,0,N
70443,-1,6,24,17,1,1,2,0,0,2,GBR,0,1,0,,160,1,Y
63761,-1,2,8,20,1,1,1,0,0,1,PRT,0,1,0,,75,0,Y
86752,-1,4,15,4,1,3,2,0,0,2,GBR,0,1,0,,90.95,2,N
44072,-1,9,40,30,0,1,2,0,0,2,PRT,0,1,0,,170,0,Y
62491,-1,1,2,14,0,1,1,0,0,1,PRT,0,1,0,67,75,0,Y
104922,10,1,4,22,2,1,1,0,0,1,TUR,0,1,1,,65,0,N
49258,81,4,15,8,2,3,2,0,0,2,GBR,0,1,0,,90.95,0,Y
50267,295,4,18,28,0,1,1,0,0,1,PRT,0,1,0,,59,0,Y
67715,407,5,18,6,2,1,2,0,0,2,PRT,0,1,0,,90,0,Y
48696,73,3,14,27,2,2,2,2,0,4,ITA,0,6,0,,155.76,0,Y
43463,74,9,38,18,0,2,1,0,0,1,PRT,0,1,0,,87,0,N
84429,6,2,9,23,0,3,2,1,0,3,ESP,0,1,1,,158.5,2,N
72609,255,8,31,1,0,2,2,1,0,3,GBR,0,1,0,,125.1,0,Y
64323,52,3,10,5,6,13,2,0,0,2,SEN,0,4,0,,136,2,Y
91812,192,6,26,24,0,2,1,0,0,1,SRB,0,1,0,,95,0,N
77117,219,9,36,4,1,2,1,0,0,1,PRT,0,1,0,,76.67,0,N
76865,239,10,42,17,0,1,2,0,0,2,PRT,1,1,0,,60,0,Y
77076,219,9,36,4,0,1,2,0,0,2,DEU,0,1,0,,108,0,N
86882,134,4,15,9,1,1,2,0,0,2,PRT,0,1,0,,90,1,N
69728,62,6,23,5,1,1,2,0,0,2,CHN,0,1,0,,126,2,Y
110894,11,4,18,30,2,1,2,0,0,2,PRT,0,1,1,,152.33,1,N
83954,12,2,7,13,2,1,2,0,0,2,NLD,0,1,0,,79,1,N
92660,2,7,28,9,0,1,2,0,0,2,PRT,0,1,0,,116.27,1,N
105672,22,2,7,13,1,0,2,0,0,2,USA,0,1,0,,88,0,N
84947,31,3,10,2,0,4,3,0,0,3,FRA,0,4,0,,117.3,1,N
66952,110,4,17,26,1,4,2,0,0,2,NOR,0,6,0,,190.8,0,Y
59956,305,11,45,4,1,2,2,0,0,2,PRT,0,1,0,,89,0,Y
54770,25,7,31,26,0,2,3,0,0,3,RUS,0,4,0,,187,2,Y
54641,379,7,30,21,0,2,2,0,0,2,PRT,0,1,0,,62,0,Y
79031,0,10,43,19,1,1,1,0,0,1,SAU,0,1,1,,145,0,N
72362,169,7,30,27,0,2,1,0,0,1,PRT,0,1,0,,75.6,1,Y
77747,0,9,39,20,2,3,1,0,0,1,PRT,0,1,2,45,0,1,N
45525,100,10,44,31,1,1,1,0,0,1,PRT,0,1,1,,0,0,N
114671,58,6,25,21,0,4,2,0,0,2,NLD,0,1,0,,135,1,N
87921,10,4,18,25,1,2,3,0,0,3,BRA,0,4,0,,157,3,N
116168,249,7,28,12,0,4,2,0,0,2,GBR,0,1,0,,68.61,1,N
69441,55,5,22,31,0,2,2,0,0,2,PRT,0,1,0,,135,0,Y
65590,75,4,14,5,0,4,1,0,0,1,PRT,0,1,0,,85,0,Y
47416,27,2,8,20,1,1,2,0,0,2,FRA,0,1,0,,91,1,Y
76080,364,10,42,16,0,2,2,0,0,2,PRT,1,1,0,,101.5,0,Y
116101,414,7,28,13,0,2,1,0,0,1,DEU,0,1,1,,95.5,0,N
114344,2,6,25,20,0,1,2,0,0,2,FRA,0,1,0,,150,0,N
119280,198,8,35,28,1,4,2,0,0,2,LUX,0,1,0,,117,2,N
76302,264,7,28,8,0,2,2,0,0,2,PRT,0,1,0,,62,0,N
91582,2,6,26,22,0,2,3,0,0,3,NLD,0,4,0,,161,2,N
93223,130,7,29,16,2,1,2,1,0,3,FRA,0,1,0,,103.56,2,N
100476,6,10,44,27,0,1,2,0,0,2,PRT,0,1,0,,95,0,N
40749,0,8,32,6,0,1,2,0,0,2,ESP,0,1,0,,90,2,N
47310,17,2,8,16,0,4,2,0,0,2,CHN,0,1,0,,79,2,Y
100785,7,10,44,29,2,1,2,0,0,2,NGA,0,1,0,,146.67,1,N
92671,166,7,28,6,0,4,2,0,0,2,FRA,0,1,0,,90.95,1,N
49136,132,4,15,6,0,2,2,0,0,2,PRT,0,1,0,,107,1,Y
81761,113,2,9,25,0,3,2,0,0,2,PRT,1,1,0,,75,0,Y
106653,157,2,9,26,2,1,3,0,0,3,NLD,0,4,0,,126,2,N
103677,64,12,53,25,2,2,2,0,0,2,BRA,0,4,0,,83.61,2,N
59814,54,11,45,2,1,4,2,0,0,2,POL,0,1,2,,85.6,3,Y
71230,354,6,26,30,0,1,2,0,0,2,BRA,0,1,0,,99,0,Y
53487,44,6,26,22,0,2,2,0,0,2,GBR,0,1,0,,89.1,1,Y
55150,235,8,32,6,1,1,2,0,0,2,FRA,0,1,0,,96.3,1,N
107433,67,3,10,10,1,2,2,0,0,2,GBR,0,1,0,,106.2,1,N
61004,42,11,49,29,0,3,1,0,0,1,PRT,0,1,0,348,90,0,Y
57569,47,9,40,27,0,4,2,0,0,2,CHN,0,4,0,,130.61,1,Y
74575,353,10,41,5,1,1,2,0,0,2,PRT,1,1,0,,62,0,Y
83489,6,1,5,30,2,3,3,0,0,3,FRA,0,4,0,,130,2,N
91424,11,6,25,18,2,1,2,0,0,2,GBR,0,1,0,,141,1,N
118639,184,8,34,20,2,2,2,0,0,2,GBR,0,4,0,,126,0,N
91521,1,6,26,22,0,1,1,0,0,1,ESP,0,1,0,,135,1,N
62344,16,1,2,10,0,1,1,0,0,1,AGO,0,1,0,,89.5,1,Y
43344,74,9,38,18,0,2,2,0,0,2,PRT,0,1,0,,101.5,0,Y
96643,14,9,36,1,1,3,2,2,0,4,ESP,0,6,0,,210,1,N
96519,66,9,36,2,0,2,2,0,0,2,ITA,0,1,0,,87.3,2,N
70180,173,6,24,11,2,3,2,0,0,2,PRT,0,1,0,,140,0,Y
73230,14,8,33,17,0,1,2,0,0,2,PRT,0,1,0,,160,1,Y
76868,239,10,42,17,0,1,2,0,0,2,PRT,1,1,0,,60,0,Y
48687,1,3,14,27,1,0,2,0,0,2,PRT,0,1,0,,99,1,N
43796,29,9,39,24,2,5,2,0,0,2,PRT,0,1,1,,170,1,N
80555,58,12,53,27,2,4,2,0,0,2,PRT,1,2,0,,77.35,0,Y
42537,15,9,37,6,2,3,2,0,0,2,CHE,0,1,0,,91.73,0,N
107046,4,3,10,6,1,0,1,0,0,1,FRA,0,1,0,,98,1,N
115829,64,7,28,9,2,1,2,0,0,2,DNK,0,5,0,,103.5,1,N
115059,128,6,26,26,1,4,2,0,0,2,SWE,0,1,0,,117,1,N
98199,332,9,39,22,1,3,2,0,0,2,PRT,0,1,1,,77.23,2,N
119308,116,8,35,29,0,5,1,0,0,1,JPN,0,1,0,,92,1,N
42597,14,9,37,7,1,5,2,2,0,4,ITA,0,6,0,,166,3,N
73905,258,7,27,2,0,2,2,0,0,2,PRT,1,1,0,,62,0,Y
58184,338,10,41,7,1,2,2,0,0,2,PRT,0,1,0,,80,0,Y
110458,7,4,17,26,0,2,1,0,0,1,PRT,0,1,0,40,66,0,N
76792,202,8,34,16,2,4,2,0,0,2,PRT,1,1,0,,76.5,2,Y
109375,124,4,14,8,1,1,2,0,0,2,GBR,0,1,0,,99,1,N
104451,65,1,2,12,0,2,1,0,0,1,DEU,0,1,0,366,65,0,N
62385,552,1,2,12,0,2,2,0,0,2,PRT,0,1,0,,62,0,Y
46484,2,1,2,3,2,0,2,0,0,2,USA,0,1,0,,67.66,0,N
81824,178,4,18,28,0,3,1,0,0,1,PRT,1,1,0,,110,0,Y
64682,37,3,11,15,0,2,2,0,0,2,PRT,0,1,0,,110,0,Y
40905,16,8,32,8,2,2,2,0,0,2,ESP,0,1,0,,62,0,N
71736,140,7,28,11,0,2,2,1,0,3,POL,0,1,0,,167.4,0,Y
97354,346,9,38,13,0,2,1,0,0,1,DEU,0,1,1,,90,0,N
66410,90,4,16,19,0,4,2,0,0,2,PRT,0,1,0,,100,0,Y
61178,25,12,49,3,2,1,3,0,0,3,ESP,0,4,0,,154,0,Y
55623,405,8,34,18,0,2,2,0,0,2,PRT,0,1,0,,62,0,Y
79654,5,10,44,31,0,1,2,2,0,4,IRL,0,6,0,,177,0,N
90278,77,5,23,31,0,4,2,2,0,4,ITA,0,6,2,,198.9,1,N
98700,91,9,40,30,1,2,1,0,0,1,FRA,0,1,0,,75,0,N
79723,2,10,44,31,1,1,1,0,0,1,ARG,0,1,0,,60,0,N
52720,282,6,24,9,0,3,2,0,0,2,PRT,0,1,0,,73.33,1,N
78864,17,10,42,16,0,2,2,0,0,2,FRA,0,1,0,,48,0,N
108904,194,4,13,1,1,1,2,0,0,2,FRA,0,1,0,,75,0,N
63393,52,2,6,10,2,4,2,1,0,3,BRA,0,1,2,,107.1,0,Y
61923,199,12,53,28,2,4,2,0,0,2,PRT,0,4,0,,77.89,0,Y
41313,0,8,33,14,0,2,2,0,0,2,PRT,0,1,0,,109,0,Y
64755,55,3,11,15,0,4,1,0,0,1,PRT,0,1,2,,51.05,0,Y
69725,31,6,23,4,2,3,2,0,0,2,DEU,0,4,0,,158,0,Y
108406,5,3,12,23,0,3,2,0,0,2,GBR,0,4,0,,100,0,N
100816,244,10,45,30,2,1,2,0,0,2,HUN,0,1,2,,92.4,1,N
82311,27,12,52,22,1,5,2,0,0,2,DEU,0,1,0,,48.33,0,N
111184,99,5,18,4,0,3,1,0,0,1,IRL,0,4,0,,135,1,N
99066,88,10,41,7,0,2,1,0,0,1,POL,0,1,1,,80,0,N
87616,54,4,17,20,0,3,3,0,0,3,PRT,0,1,2,,130.05,0,N
64243,177,3,9,2,2,3,2,1,0,3,MAR,0,1,0,,103.7,1,Y
53439,193,6,26,20,1,2,2,0,0,2,PRT,0,1,0,,120,0,Y
92454,43,7,28,3,2,2,2,0,0,2,FRA,0,1,1,,127.1,3,N
52596,5,6,24,8,0,2,2,0,0,2,BRA,0,1,0,,109,1,Y
80428,34,12,50,8,0,2,1,0,0,1,PRT,1,1,0,,90,0,Y
102833,216,12,50,4,2,1,2,0,0,2,ITA,0,1,0,,78.3,1,N
96432,44,8,36,28,2,3,2,0,0,2,GBR,0,1,0,,85.5,3,N
74821,335,9,38,17,0,1,2,0,0,2,PRT,1,1,0,,85,0,Y
64858,65,3,11,17,2,3,2,0,0,2,ITA,0,4,0,,104.55,0,Y
58038,218,10,41,5,0,3,2,0,0,2,FRA,0,4,0,,122.4,1,Y
103191,6,12,51,13,0,2,2,1,0,3,DEU,0,4,0,,131,1,N
97478,17,9,38,15,0,2,2,0,0,2,DEU,0,1,0,,128,2,N
96225,158,8,35,25,2,3,2,0,0,2,ROU,0,1,0,,90.95,0,N
112814,246,5,21,27,1,1,2,0,0,2,PRT,0,1,0,,128,1,N
101497,37,11,46,9,0,4,2,0,0,2,FRA,0,1,0,,125.57,1,N
99292,88,10,41,8,2,2,2,0,0,2,IRL,0,4,0,,132.3,3,N
87246,7,4,16,15,0,2,3,1,0,4,FRA,0,5,0,,215,1,N
76716,11,12,51,17,2,1,1,0,0,1,PRT,5,1,3,40,67,2,N
88925,69,5,20,11,0,4,2,0,0,2,SGP,0,1,0,,92.28,1,N
42659,16,9,37,9,0,2,2,0,0,2,RUS,0,1,0,,105,2,N
60650,6,11,47,17,2,5,2,0,0,2,ESP,0,1,0,,78.69,0,Y
65192,46,3,13,27,1,2,2,0,0,2,IRL,0,1,0,,106.2,0,Y
111206,53,5,19,7,1,0,1,0,0,1,ITA,0,1,0,,143.1,2,N
69317,408,5,22,30,0,1,2,0,0,2,PRT,0,1,0,,90,0,Y
92570,169,7,28,5,0,4,2,2,0,4,ITA,0,6,2,,167.45,2,N
88949,76,5,20,12,0,3,2,0,0,2,PRT,0,4,0,,140.4,2,N
111400,0,5,19,8,1,1,2,0,0,2,PRT,0,1,0,,130,3,N
64329,4,3,10,6,1,0,1,0,0,1,PRT,0,1,0,,78.4,0,Y
69384,186,5,22,30,0,2,2,0,0,2,PRT,0,1,0,,130,0,Y
75375,313,8,35,26,0,2,2,0,0,2,PRT,1,1,0,,62,0,Y
54180,1,7,28,8,0,1,2,0,0,2,ITA,0,1,0,,139,0,Y
103774,43,12,53,29,0,3,2,2,0,4,BEL,0,6,0,,349.63,1,N
98108,141,9,39,23,0,2,3,0,0,3,GBR,0,4,3,,163.8,1,N
108211,59,3,12,23,0,1,2,0,0,2,GBR,0,1,0,,79.2,0,N
71218,123,6,26,29,2,3,2,0,0,2,BEL,0,4,0,,120.06,0,Y
50709,144,5,19,6,0,2,2,0,0,2,PRT,0,4,0,,114.3,1,Y
84457,81,2,9,24,0,3,3,0,0,3,IRL,0,1,0,,92.1,0,N
42795,17,9,37,10,0,2,2,0,0,2,USA,0,1,0,,73.92,0,N
42662,86,9,37,9,0,2,2,0,0,2,FRA,0,1,0,,110,0,Y
84793,19,3,11,15,0,1,1,0,0,1,PRT,1,1,2,219,89,1,N
52416,163,6,24,5,2,2,1,0,0,1,PRT,0,1,0,,100,0,Y
112536,16,5,21,24,0,1,1,0,0,1,DEU,0,4,0,,132,1,N
79240,444,12,49,1,0,3,1,0,0,1,PRT,1,1,0,,75,0,Y
97967,109,9,39,20,0,3,2,0,0,2,JPN,0,4,0,,149.4,2,N
109486,8,4,15,10,1,1,1,0,0,1,GBR,0,1,0,,140,1,N
50931,286,5,20,11,0,4,2,0,0,2,AUT,0,1,0,,99,1,N
76244,200,9,37,12,2,1,2,0,0,2,PRT,1,1,0,,86,0,Y
84825,7,3,10,2,0,2,2,0,0,2,PRT,0,1,0,,67,0,N
55447,212,8,33,13,1,1,2,0,0,2,PRT,0,1,0,,96,0,Y
41837,50,8,35,25,0,4,2,0,0,2,PRT,0,1,0,,62,0,Y
107356,101,3,10,9,0,3,2,0,0,2,DEU,0,1,0,,97.2,1,N
96930,47,9,37,7,0,4,2,0,0,2,DEU,0,4,0,,139.95,0,N
47686,1,2,10,28,2,1,1,0,0,1,PRT,0,1,0,,60,0,Y
98602,193,9,40,29,0,3,2,0,0,2,SWE,0,1,0,,93.09,1,N
74717,0,3,13,21,1,1,1,0,0,1,PRT,0,6,1,45,0,2,N
66975,19,4,17,27,0,1,1,0,0,1,PRT,0,1,0,,95,0,Y
69194,95,5,21,27,0,1,2,0,0,2,CN,0,4,0,,153,0,Y
102037,67,11,48,22,0,1,2,0,0,2,FRA,0,4,0,,102.6,1,N
50823,154,5,20,9,1,3,2,0,0,2,DEU,0,1,0,,71.6,0,N
109650,112,4,15,12,0,3,2,0,0,2,ITA,0,1,0,,105,2,N
108643,184,3,13,26,2,3,2,0,0,2,BRA,0,1,2,,70.72,0,N
54880,79,7,31,28,0,3,1,0,0,1,PRT,0,4,0,,120,0,Y
80538,20,11,46,11,2,5,1,0,0,1,SWE,0,1,0,,68.85,1,N
101668,47,11,46,12,2,2,1,0,0,1,IND,0,1,2,,85.75,1,N
92872,12,7,29,10,2,1,2,0,0,2,AUS,0,1,0,,139,1,N
77235,327,9,37,9,2,4,1,0,0,1,PRT,0,1,1,,76,0,N
57984,28,10,41,4,0,5,2,0,0,2,BEL,0,4,0,,160.3,2,Y
63519,12,2,7,13,1,0,2,0,0,2,PRT,0,1,0,,143,2,Y
50994,18,5,20,13,0,1,1,0,0,1,JPN,0,1,0,,135,0,Y
52741,9,6,24,10,1,2,2,2,0,4,ESP,0,6,0,,221,0,Y
73309,97,8,33,18,1,2,3,0,0,3,PRT,0,4,0,,195,1,Y
76175,233,9,38,18,0,1,2,0,0,2,PRT,1,1,0,,120,0,Y
64014,17,2,9,26,2,1,1,0,0,1,PRT,0,4,0,,75,0,Y
79099,5,10,43,19,1,2,2,0,0,2,POL,0,1,0,,90,0,N
47491,77,2,9,24,0,2,2,0,0,2,PRT,0,1,0,,64,0,Y
55493,87,8,34,14,2,2,2,1,0,3,ITA,0,1,2,,134.1,0,Y
107498,0,3,11,12,1,0,1,0,0,1,CHN,0,1,0,,75,1,N
64082,47,3,9,1,0,3,3,0,0,3,CHN,0,4,0,,129.6,0,Y
70453,250,6,24,17,2,1,1,0,0,1,DEU,0,1,0,,109.8,2,Y
42831,168,9,37,11,0,2,2,0,0,2,PRT,0,1,0,,60,0,N
69428,50,5,22,30,0,3,2,0,0,2,PRT,0,1,0,,89.1,0,Y
87871,11,4,17,23,2,2,2,1,0,3,ITA,0,1,1,,141.5,2,N
84043,35,2,7,13,2,4,2,0,0,2,BEL,0,1,0,,78.3,1,N
42377,18,9,36,5,1,1,2,0,0,2,PRT,0,1,0,,80.85,1,N
53028,188,6,25,15,0,2,1,0,0,1,PRT,0,1,0,,130,0,Y
93746,292,7,30,23,2,1,2,2,0,4,PRT,0,6,0,,158.4,1,N
109975,120,4,15,13,2,5,2,0,0,2,DEU,0,1,0,,91.31,0,N
117872,0,8,32,9,0,2,2,0,0,2,FRA,0,1,0,,170,2,N
63932,134,2,8,25,0,1,1,0,0,1,PRT,0,1,0,,75,0,Y
68089,34,5,19,12,2,2,2,0,0,2,ESP,0,1,0,,170,1,Y
81460,0,12,50,6,2,4,1,0,0,1,ESP,0,1,2,,105,0,N
60715,1,11,47,18,6,12,1,0,0,1,BRA,0,1,0,,77.44,1,Y
112540,102,5,21,21,2,2,2,0,0,2,FRA,0,1,0,,137.25,2,N
84294,6,2,8,18,2,3,2,0,0,2,FRA,0,5,0,,107,2,N
90539,118,6,24,6,1,1,1,0,0,1,DEU,0,1,1,,110,0,N
82258,12,12,52,20,2,2,3,0,0,3,ESP,0,4,0,,140.5,0,N
90787,107,6,24,10,0,2,2,0,0,2,PRT,0,1,0,,130,1,N
47847,31,3,10,5,2,3,3,0,0,3,PAK,0,4,0,,119.1,1,Y
114071,142,6,24,16,0,1,2,0,0,2,AUT,0,1,0,,99,2,N
44194,164,10,40,2,0,2,1,0,0,1,PRT,0,1,0,,100,0,N
66065,155,4,15,13,1,3,2,0,0,2,PRT,0,1,0,,130,0,Y
118860,103,8,34,21,1,5,2,0,0,2,BEL,0,4,0,,117.8,1,N
110602,17,4,17,27,0,2,2,1,0,3,NLD,0,1,0,,154.1,0,N
116495,167,7,29,19,0,2,2,0,0,2,ARG,0,1,0,,107.1,2,N
80410,34,12,50,8,0,2,1,0,0,1,PRT,1,1,0,,90,0,Y
119038,169,8,34,25,1,2,2,0,0,2,USA,0,4,0,,139.5,1,N
78397,1,5,19,3,0,3,1,0,0,1,PRT,0,1,0,40,65,1,N
109535,152,4,15,10,1,2,2,0,0,2,BEL,0,1,0,,117,2,N
101868,35,11,47,16,0,4,2,0,0,2,FRA,0,1,0,,88.4,1,N
84732,116,2,10,28,2,2,1,0,0,1,CN,0,1,1,,75.75,0,N
118763,1,8,34,24,0,1,2,1,0,3,PRT,0,1,1,,0,3,N
61239,33,12,50,5,1,3,2,0,0,2,PRT,0,1,0,,59.5,0,Y
78459,9,10,41,7,0,3,2,0,0,2,ESP,0,1,0,,145,0,N
88547,112,5,19,6,0,2,2,0,0,2,FRA,0,1,0,,98.69,1,N
82446,34,12,53,27,2,1,2,0,0,2,ESP,0,1,0,,102.3,1,N
42116,3,8,36,31,1,2,2,0,0,2,PRT,0,1,0,,105.33,1,N
85426,46,3,11,10,2,3,2,0,0,2,DEU,0,1,0,,77.35,2,N
97106,69,9,37,8,1,3,2,0,0,2,FRA,0,4,0,,149.4,1,N
65825,41,4,15,9,2,0,1,0,0,1,DEU,0,1,0,,130,0,Y
84843,3,2,10,29,1,3,2,1,1,4,MAR,0,6,0,,183,1,N
77621,10,9,39,22,0,2,2,0,0,2,PRT,0,1,1,,114,0,N
48637,81,3,13,25,2,2,2,0,0,2,PRT,0,1,0,,65,0,Y
83100,0,1,4,18,1,1,1,0,0,1,GRC,0,1,0,,64.5,0,N
114906,172,6,25,24,2,2,2,0,0,2,DEU,0,1,0,,89.1,1,N
68972,357,5,21,24,0,2,2,0,0,2,GBR,0,1,0,,99,0,Y
75854,337,9,38,19,2,2,2,0,0,2,PRT,1,1,0,,62,0,Y
96434,31,8,36,28,2,3,2,0,0,2,FRA,0,1,0,,108.3,0,N
106682,18,2,8,22,2,5,2,0,0,2,FRA,0,4,0,,100.54,2,N
67837,98,5,19,8,1,1,1,0,0,1,PRT,0,1,0,,120,0,Y
80740,13,12,50,6,2,0,1,0,0,1,PRT,1,1,0,,101,2,Y
108573,146,3,12,25,2,2,2,0,0,2,FRA,0,1,0,,64.67,1,N
90825,2,6,24,10,0,2,2,0,0,2,PRT,0,4,0,,136,1,N
58685,233,10,42,14,1,2,2,0,0,2,PRT,0,1,0,,90,0,Y
103068,0,12,50,10,0,1,2,0,0,2,SWE,0,4,0,,133,0,N
55382,199,8,33,11,2,7,2,0,0,2,ITA,0,1,0,,97.56,0,Y
99784,245,10,42,13,2,3,2,0,0,2,DEU,0,1,0,,106.59,0,N
90006,49,5,23,30,1,0,1,0,0,1,ESP,0,1,0,,121.5,1,N
83441,1,2,6,1,1,0,1,0,0,1,PRT,0,1,0,,66.22,1,N
118547,115,8,34,20,2,0,1,0,0,1,ITA,0,1,1,,125,0,N
42687,55,9,37,9,0,2,2,0,0,2,FRA,0,1,0,68,100,0,Y
77325,237,9,38,14,1,2,1,0,0,1,DEU,0,1,0,,80.75,0,N
58390,279,10,42,12,0,3,2,0,0,2,PRT,0,1,0,,110,0,Y
59528,249,10,44,28,1,2,2,0,0,2,FRA,0,1,0,,96.3,0,Y
98267,35,9,40,26,1,0,1,0,0,1,PRT,0,1,0,,99,0,N
70259,22,6,24,13,0,1,2,0,0,2,LUX,0,1,0,,99,0,Y
105521,10,2,6,10,0,1,2,0,0,2,PRT,0,4,3,,78.4,0,N
78745,14,10,42,15,0,1,1,0,0,1,PRT,0,1,1,,100,0,N
93353,13,7,30,19,0,2,1,0,0,1,NLD,0,1,0,,93.17,1,N
73887,321,9,36,3,0,2,2,0,0,2,PRT,1,1,0,,62.8,0,Y
104789,4,1,3,20,0,2,2,0,0,2,FRA,0,1,0,,75,0,N
104593,34,1,3,18,0,1,1,0,0,1,ESP,0,1,1,,75,0,N
105095,41,1,4,26,0,3,2,0,0,2,ESP,0,1,0,,69.56,0,N
109630,37,4,15,11,0,4,2,1,0,3,FRA,0,4,0,,131.98,0,N
100404,2,10,44,27,0,1,1,0,0,1,PRT,0,1,0,40,65,0,N
61888,372,12,53,28,0,3,2,0,0,2,FRA,0,1,0,,93.3,0,Y
81943,278,8,33,11,0,1,2,0,0,2,PRT,1,1,0,,65,0,Y
57657,134,9,40,29,1,3,2,0,0,2,ITA,0,4,0,,137.7,2,Y
44326,89,10,40,3,2,2,2,0,0,2,PRT,0,1,0,,62,0,Y
80003,23,11,46,13,1,2,1,0,0,1,PRT,1,4,0,,117,2,Y
51845,316,5,22,26,0,3,2,0,0,2,PRT,0,1,0,,110,0,Y
59435,464,10,44,28,0,2,2,0,0,2,PRT,0,1,0,,65,0,Y
77666,6,9,39,23,0,1,1,0,0,1,ESP,0,4,0,,0,1,N
95434,178,8,34,15,1,3,2,0,0,2,IRL,0,1,0,,99.45,2,N
87636,2,4,17,20,0,3,1,0,0,1,ESP,0,1,0,,72.38,1,N
95570,129,8,34,16,0,5,2,0,0,2,ITA,0,4,0,,124.2,2,N
116030,414,7,28,13,0,2,1,0,0,1,DEU,0,1,1,,95.5,0,N
111672,205,5,19,10,0,4,2,0,0,2,DEU,0,4,0,,48.75,0,N
69086,240,5,21,25,0,3,2,0,0,2,BEL,0,4,0,,138.6,1,Y
104398,0,1,2,12,0,1,1,0,0,1,FRA,0,1,0,,53.9,0,N
63843,27,2,8,23,0,3,2,0,0,2,ITA,0,4,0,,118,0,Y
63248,172,2,5,3,0,2,2,0,0,2,CHN,0,1,0,,81,2,Y
50497,437,5,19,2,1,2,2,0,0,2,PRT,0,1,0,,60,0,Y
44850,34,10,42,13,0,2,2,0,0,2,PRT,0,1,0,,82.8,0,N
67772,156,5,18,6,2,5,2,0,0,2,BRA,0,1,0,,110.57,1,Y
59053,163,10,43,20,0,3,2,0,0,2,PRT,0,1,0,,100,0,Y
87632,26,4,17,18,1,4,2,0,0,2,MAR,0,1,0,,133.8,0,N
109981,148,4,15,14,2,4,2,0,0,2,MRT,0,4,0,,97.65,1,N
55660,405,8,34,18,0,2,2,0,0,2,PRT,0,1,0,,62,0,Y
48533,78,3,13,25,1,2,2,0,0,2,PRT,0,1,0,,100,0,Y
89377,0,5,21,20,0,1,1,0,0,1,ITA,0,1,1,,149,0,N
113163,99,5,22,30,0,4,2,0,0,2,BEL,0,1,1,,169.2,2,N
76078,364,10,42,16,0,2,2,0,0,2,PRT,1,1,0,,101.5,0,Y
43820,56,9,39,25,2,2,3,0,0,3,GRC,0,1,1,,185,1,N
61856,331,12,53,27,1,5,3,0,0,3,ITA,0,4,2,,110.78,2,Y
55915,107,8,35,24,0,4,3,0,0,3,ITA,0,4,0,,152.1,0,Y
94568,144,8,32,4,0,2,3,0,0,3,FRA,0,4,0,,146.7,0,N
87518,1,4,17,18,1,2,2,0,0,2,PRT,0,4,0,,122.67,0,N
79437,137,1,5,27,0,2,1,0,0,1,PRT,1,1,0,,70,0,Y
62160,29,1,1,3,0,2,2,0,0,2,CHN,0,1,0,,79.2,1,Y
104608,33,1,3,17,0,2,1,0,0,1,ESP,0,1,1,,75,0,N
65004,172,3,12,21,0,4,2,0,0,2,ITA,0,1,0,,120.7,1,Y
107638,65,3,11,12,2,2,2,0,0,2,FRA,0,1,0,,73,1,N
53336,26,6,25,17,2,4,3,0,0,3,ITA,0,4,2,,161.6,0,Y
50500,437,5,19,2,1,2,2,0,0,2,PRT,0,1,0,,60,0,Y
114075,226,6,24,16,0,1,1,0,0,1,CN,0,1,0,,69.3,0,N
57037,32,9,38,16,2,2,1,0,0,1,TZA,0,2,1,,124.25,2,Y
91962,119,6,27,26,2,0,2,0,0,2,FRA,0,1,0,,96.3,1,N
95523,320,8,34,18,0,2,2,0,0,2,DEU,0,1,0,,115,1,N
104495,6,1,2,14,0,1,2,1,0,3,PRT,0,5,1,,120,1,N
110589,63,4,17,23,2,4,2,0,0,2,ITA,0,1,0,,108,0,N
46691,18,1,3,15,2,3,2,2,0,4,IRQ,0,6,1,,169,0,N
105957,70,2,7,15,0,4,2,0,0,2,ESP,0,1,0,242,78,0,N
45000,102,10,42,16,0,2,2,0,0,2,PRT,0,1,0,,101.5,0,Y
85164,84,3,10,5,2,4,2,0,0,2,DEU,0,1,0,,50.33,0,N
117705,69,8,31,5,2,2,2,0,0,2,IRL,0,1,1,,114.8,0,N
48031,10,3,12,13,1,0,2,0,0,2,BRA,0,1,0,,97,0,Y
61344,49,12,50,8,0,3,2,1,0,3,ESP,0,1,0,,93.6,2,Y
111260,99,5,18,4,1,3,2,0,0,2,IRL,0,4,0,,135,2,N
116789,63,7,30,24,1,0,1,0,0,1,ESP,0,1,0,,75.6,0,N
80385,34,12,50,8,0,2,1,0,0,1,PRT,1,1,0,,90,0,Y
64307,53,3,10,5,2,0,1,0,0,1,PRT,0,1,0,,67.5,0,Y
64948,56,3,12,21,0,3,2,0,0,2,PRT,0,1,0,,85,0,Y
81414,9,12,50,10,0,1,1,0,0,1,PRT,0,1,0,40,65,0,N
45467,58,10,44,30,0,2,2,0,0,2,IRL,0,1,0,,66.53,1,N
84040,4,2,8,16,0,3,2,0,0,2,FRA,0,1,0,,80,0,N
86255,6,10,41,3,1,0,1,0,0,1,ESP,0,1,0,174,89,0,N
93520,14,7,30,21,0,2,2,0,0,2,PRT,0,1,0,174,105,0,N
59552,16,10,44,29,1,1,2,0,0,2,ESP,0,1,0,,140,1,Y
89103,0,5,21,17,0,0,2,0,0,2,PRT,0,1,0,,0,0,N
69675,109,6,22,3,2,2,2,0,0,2,FRA,0,1,0,,129.5,0,Y
72832,257,8,32,7,1,4,2,0,0,2,ITA,0,1,0,,89.1,0,Y
78693,6,12,50,8,0,2,1,0,0,1,PRT,0,1,0,40,65,0,N
71065,141,6,26,27,2,5,1,0,0,1,PRT,0,1,0,,130,0,Y
111661,20,5,19,10,0,4,2,0,0,2,BGR,0,1,0,,185,2,N
77808,33,10,43,21,0,4,1,0,0,1,PRT,1,1,0,,17.6,1,Y
115984,9,7,28,12,0,1,2,0,0,2,DEU,0,1,0,,120,1,N
102346,0,11,48,26,0,1,2,0,0,2,PRT,0,1,0,,80,0,N
55140,115,8,32,6,0,1,3,0,0,3,PRT,0,4,0,,146.7,0,Y
66708,54,4,17,23,2,1,3,0,0,3,USA,0,4,0,,171,0,Y
109887,51,4,15,15,2,1,2,0,0,2,GBR,0,1,0,,114,1,N
105925,26,2,7,12,2,4,2,0,0,2,FRA,0,4,0,,100.3,1,N
71598,55,7,27,8,2,3,2,0,0,2,ITA,0,1,0,,142,1,Y
80861,0,2,8,21,0,1,1,0,0,1,PRT,0,1,0,148,80,0,Y
111212,184,5,18,5,1,2,2,0,0,2,DEU,0,1,0,,108,0,N
79741,9,10,44,31,2,1,2,0,0,2,CZE,0,1,0,,87,1,N
53130,344,6,25,16,0,2,2,0,0,2,PRT,0,1,0,,62,0,Y
53036,188,6,25,15,0,2,1,0,0,1,PRT,0,1,0,,130,0,Y
100266,4,10,44,24,1,0,2,0,0,2,FRA,0,4,0,,110.71,0,N
96477,76,8,36,30,0,4,2,0,0,2,ESP,0,1,0,,89.75,0,N
61231,71,12,50,5,1,2,2,0,0,2,LUX,0,1,2,,79.2,1,Y
87142,28,4,16,11,1,3,2,0,0,2,FRA,0,1,0,,156.25,2,N
46337,22,12,53,29,0,5,2,2,0,4,ESP,0,6,8,,199,0,Y
44376,0,10,41,5,1,0,1,0,0,1,IRL,0,1,0,,109,0,N
116439,192,7,28,15,2,3,3,0,0,3,GBR,0,4,0,,147.9,3,N
109205,79,4,14,3,1,4,2,2,0,4,GBR,0,7,0,,200,0,N
73029,102,8,32,12,2,2,2,0,0,2,GBR,0,1,0,,125,0,Y
79138,32,10,43,19,1,2,2,0,0,2,FRA,0,1,0,,96.3,1,N
47104,12,2,7,7,2,1,2,0,0,2,BEL,0,1,0,,129,0,Y
112240,118,5,20,20,1,1,2,0,0,2,FRA,0,4,0,,135,0,N
65911,0,4,15,10,0,0,0,0,0,0,,0,8,0,279,0,0,Y
88172,69,4,18,27,1,4,2,1,0,3,PRT,0,4,0,,108.53,2,N
48208,71,3,12,18,1,2,2,0,0,2,GBR,0,4,0,,96.3,0,N
42919,9,9,37,11,0,2,2,0,0,2,BEL,0,1,0,,128.5,1,N
61230,283,12,50,5,1,2,1,0,0,1,PRT,0,5,0,51,106,0,Y
90528,247,6,24,6,1,1,2,0,0,2,DEU,0,1,0,,115,1,N
53232,245,6,25,17,0,2,2,0,0,2,PRT,0,1,0,,75,0,Y
48718,50,3,14,28,1,3,2,1,0,3,HRV,0,1,0,,101.15,0,Y
78607,221,10,41,10,2,1,2,0,0,2,FRA,0,1,0,,65,0,N
44519,97,10,41,7,0,2,2,0,0,2,PRT,0,1,0,,62,0,N
74495,325,9,37,7,1,1,2,0,0,2,PRT,1,1,0,,62,0,Y
89417,28,5,21,20,0,1,2,0,0,2,DEU,0,4,0,,156,2,N
40844,30,8,32,8,2,1,2,0,0,2,PRT,0,1,0,,86,0,Y
100386,39,10,44,24,1,3,2,0,0,2,FRA,0,1,0,,85,0,N
88556,7,5,19,5,0,3,2,0,0,2,DEU,0,1,0,,144,0,N
87473,0,5,19,9,0,1,1,0,0,1,DEU,0,4,0,153,165,0,N
102178,215,11,48,21,1,2,2,0,0,2,GRC,0,1,2,233,85,0,N
50299,295,4,18,28,0,2,2,0,0,2,PRT,0,1,0,,62,0,Y
42520,55,9,37,6,2,0,2,0,0,2,ESP,0,1,0,,75,0,N
88002,3,4,18,28,0,1,1,0,0,1,FRA,0,1,0,,119,0,N
76530,195,9,38,17,0,2,2,0,0,2,PRT,1,1,0,,48,0,Y
111056,117,5,18,1,1,4,2,0,0,2,NOR,0,1,0,,108,1,N
77880,16,9,39,25,2,3,1,0,0,1,FIN,0,1,0,,170,0,N
82185,99,2,8,19,0,1,2,0,0,2,PRT,1,1,0,67,80,0,Y
85866,12,3,12,19,2,2,2,0,0,2,ESP,0,1,1,,71.8,0,N
76102,364,10,42,16,0,2,2,0,0,2,PRT,1,1,0,,101.5,0,Y
111868,168,5,20,14,2,1,2,0,0,2,GBR,0,1,0,,108,0,N
106511,134,2,8,25,0,1,1,0,0,1,PRT,0,1,0,,75,0,N
110336,97,4,16,22,2,2,3,0,0,3,NLD,0,4,0,,172.8,2,N
118032,135,8,32,7,2,5,3,0,0,3,ITA,0,4,0,,189.43,2,N
94933,63,8,33,9,0,3,3,0,0,3,ESP,0,4,0,,168.3,0,N
65636,62,4,14,6,0,3,1,0,0,1,PRT,0,1,0,,135,0,Y
72921,226,8,32,9,2,4,2,0,0,2,DEU,0,1,0,,112.5,1,Y
72946,156,8,32,10,0,3,3,0,0,3,GBR,0,4,0,,175.5,0,Y
52869,82,6,25,14,0,1,2,0,0,2,GBR,0,1,0,,143.1,0,Y
75305,304,8,34,17,1,1,2,0,0,2,PRT,1,1,0,,62,0,Y
50873,27,5,20,10,0,3,2,0,0,2,TJK,0,1,0,,141,0,Y
71420,142,7,27,5,0,3,2,0,0,2,BEL,0,5,0,,143.1,0,Y
93543,138,7,30,18,1,4,2,0,0,2,DEU,0,4,0,,115.6,1,N
81277,67,12,49,5,2,1,2,0,0,2,PRT,0,1,0,,95.4,2,N
71973,181,7,29,16,2,2,2,0,0,2,BEL,0,1,0,,107.1,1,Y
96716,1,9,37,5,1,1,1,0,0,1,FRA,0,1,0,,149,1,N
118290,94,8,33,15,0,3,2,0,0,2,GBR,0,1,0,,145,2,N
49936,288,4,17,21,0,2,2,0,0,2,PRT,0,1,0,,62,0,Y
67456,267,5,18,3,0,4,2,0,0,2,HUN,0,4,0,,123.3,2,Y
51316,323,5,21,17,0,4,2,0,0,2,PRT,0,1,0,,70,0,Y
80253,4,11,46,14,0,1,2,0,0,2,ISR,0,1,0,,85,1,N
80498,221,6,24,10,1,2,2,0,0,2,PRT,1,1,0,,80,0,Y
60031,305,11,45,4,1,2,2,0,0,2,PRT,0,1,0,,89,0,Y
63640,35,2,7,16,0,3,3,0,0,3,GBR,0,4,0,,160,1,Y
44300,86,10,40,3,2,1,2,0,0,2,PRT,0,1,0,,86,0,Y
55593,61,8,34,17,0,2,3,0,0,3,GBR,0,4,0,,168.3,0,Y
47219,38,2,7,12,2,2,2,0,0,2,FRA,0,1,0,,78.3,1,Y
82856,68,2,8,17,0,2,2,0,0,2,PRT,1,1,0,,75,0,Y
60809,136,11,48,22,0,2,3,0,0,3,ESP,0,4,0,,122.4,1,Y
95216,147,8,32,3,4,10,2,0,0,2,NOR,0,4,1,,118.88,1,N
53627,143,6,27,26,2,0,2,1,0,3,TUR,0,1,4,,118.65,1,Y
96662,49,9,37,4,2,0,2,0,0,2,SWE,0,1,0,,109.8,3,N
116163,254,7,27,6,2,8,3,0,0,3,DNK,0,4,0,,156.6,2,N
44760,79,10,41,10,1,1,2,0,0,2,PRT,0,1,0,,62,0,N
48079,47,3,12,16,0,2,1,0,0,1,FRA,0,1,0,,76.5,0,Y
108268,46,3,12,22,0,3,2,0,0,2,GBR,0,1,0,,82.2,0,N
116599,170,7,29,17,1,4,2,1,0,3,IND,0,1,0,,125.1,1,N
97413,1,9,38,15,0,1,2,0,0,2,PRT,0,1,1,120,169,1,N
40190,77,7,29,13,1,2,2,0,0,2,PRT,0,1,0,,76.5,1,Y
84822,6,3,10,2,0,2,1,0,0,1,PRT,0,1,0,,70,0,N
114158,32,6,24,17,0,1,2,0,0,2,DEU,0,1,0,,160,1,N
102597,6,11,49,28,1,3,1,0,0,1,NLD,0,1,0,,49.59,0,N
42925,2,9,37,11,0,2,1,0,0,1,PRT,0,1,0,,98,0,Y
91624,59,6,26,22,0,2,2,0,0,2,CHN,0,1,0,,99.9,2,N
95369,28,8,34,14,2,2,2,0,1,3,JPN,0,5,1,,187,0,N
104349,262,1,2,9,1,2,2,1,0,3,ROU,0,1,2,,98.1,2,N
83507,0,2,6,4,0,1,0,0,0,0,PRT,0,4,0,,0,0,N
44512,97,10,41,7,0,2,2,0,0,2,PRT,0,1,0,,62,0,N
69083,230,5,21,25,0,3,2,0,0,2,GBR,0,1,1,,125.1,1,Y
107708,55,3,11,13,1,3,2,0,0,2,HUN,0,1,0,,70.69,1,N
99807,20,10,43,16,2,0,2,0,0,2,FRA,0,1,0,,85,0,N
64294,75,3,9,4,2,3,4,0,0,4,PRT,0,7,0,,202.51,1,Y
108912,99,3,13,31,1,2,2,0,0,2,POL,0,1,0,,110.4,2,N
99308,89,10,41,8,2,2,2,0,0,2,CHE,0,2,1,,108,3,N
84837,6,3,10,2,0,2,1,0,0,1,ESP,0,1,0,,51,0,N
74598,360,10,42,12,1,1,2,0,0,2,PRT,1,1,0,,62,0,Y
89503,101,5,21,19,0,3,3,0,0,3,USA,0,6,1,,198.9,2,N
110732,110,4,17,27,1,3,2,0,0,2,CHE,0,4,0,,130.5,0,N
44769,174,10,41,10,1,1,2,0,0,2,PRT,0,1,0,,70,0,Y
40445,19,7,30,25,2,2,2,0,0,2,PRT,0,1,0,,62,0,N
112925,51,5,21,27,2,1,2,0,0,2,BRA,0,5,1,,260,2,N
112003,31,5,20,14,2,3,1,0,0,1,DEU,0,1,0,,130,0,N
108460,31,7,29,16,2,0,1,0,0,1,USA,0,1,1,,135,2,Y
54620,379,7,30,21,0,2,2,0,0,2,PRT,0,1,0,,62,0,Y
41844,50,8,35,25,0,4,2,0,0,2,PRT,0,1,0,,62,0,N
96559,59,8,36,31,0,4,2,0,0,2,DEU,0,1,0,,109.8,1,N
117785,23,8,32,7,1,2,2,2,0,4,DZA,0,6,0,,270,1,N
59560,54,10,44,29,2,1,2,0,0,2,PRT,0,1,0,,95,1,Y
82949,0,1,2,6,0,2,1,0,0,1,ESP,0,1,0,,79,0,N
67697,407,5,18,6,2,1,2,0,0,2,PRT,0,1,0,,90,0,Y
88209,99,4,18,27,2,4,2,0,0,2,USA,0,4,0,,107.95,1,N
70264,0,6,24,13,0,1,1,0,0,1,PRT,0,1,0,,80,0,Y
55605,233,8,34,17,0,4,2,0,0,2,ITA,0,2,1,,81.81,1,Y
98223,21,9,39,24,1,1,2,0,0,2,PRT,0,1,0,,163,2,N
70741,153,6,25,21,0,4,1,0,0,1,PRT,0,1,0,348,110,0,Y
74102,328,9,37,10,0,2,2,0,0,2,PRT,1,1,0,,62,0,Y
101220,82,11,45,4,2,3,2,0,0,2,PRT,0,1,0,,122.76,2,N
101069,8,11,45,5,0,1,2,0,0,2,CHN,0,1,0,,130,0,N
66508,57,4,16,21,0,2,2,0,0,2,CHE,0,6,0,,225,0,Y
47513,38,2,9,25,0,1,1,0,0,1,PRT,0,1,1,179,79,0,Y
48985,101,4,15,4,1,2,2,0,0,2,PRT,0,1,0,,80,0,Y
94644,181,8,32,3,1,4,2,0,0,2,FRA,0,1,0,,108.45,1,N
42388,32,9,36,5,2,1,2,0,0,2,PRT,0,1,0,,94.5,3,N
46079,106,12,50,9,0,2,2,0,0,2,PRT,0,1,0,,75,0,Y
59921,304,11,45,3,0,3,2,0,0,2,PRT,0,1,0,,89,0,Y
74503,325,9,37,7,1,1,2,0,0,2,PRT,1,1,0,,62,0,Y
87055,80,4,16,11,1,2,2,0,0,2,DEU,0,1,0,,80.75,0,N
113962,146,6,24,11,2,2,2,0,0,2,GBR,0,1,0,,85,1,N
108823,15,3,13,31,0,2,1,0,0,1,ECU,0,1,0,,111,0,N
73383,202,8,33,19,2,5,1,0,0,1,PRT,0,1,0,,106.59,1,Y
109920,253,4,16,16,2,1,2,0,0,2,ITA,0,1,0,,109.8,1,N
105905,39,2,7,12,2,3,2,2,0,4,FRA,0,6,0,,145.52,1,N
85896,34,3,13,20,2,2,2,0,0,2,GBR,0,4,0,,73.8,0,N
59867,304,11,45,3,0,3,2,0,0,2,PRT,0,1,0,,89,0,Y
88707,1,5,20,10,0,1,2,0,0,2,FRA,0,1,0,47,83,0,N
103604,107,12,52,21,2,5,2,0,0,2,NLD,0,1,4,,76.69,1,N
84878,0,3,10,4,0,1,2,0,0,2,PRT,0,1,0,,89,0,N
64257,98,3,9,3,0,2,2,0,0,2,FRA,0,1,0,,97.2,0,Y
111831,8,5,20,16,0,1,1,0,0,1,PRT,0,1,0,,150,0,N
55055,45,8,32,4,0,1,2,1,0,3,NLD,0,1,0,,152.1,0,Y
105257,14,2,5,3,0,1,2,0,0,2,PRT,0,1,0,,84,1,N
61225,3,12,50,5,1,0,1,0,0,1,PRT,0,4,0,,137,0,Y
115244,42,7,27,3,1,0,2,1,0,3,USA,0,1,0,,149,1,N
89810,4,5,22,24,0,2,1,0,0,1,JPN,0,5,1,,160,0,N
45512,100,10,44,31,1,1,2,0,0,2,PRT,0,1,0,,62,0,Y
73215,116,8,33,16,2,4,2,0,0,2,FRA,0,1,0,,125,1,Y
41606,4,8,34,19,0,2,2,0,0,2,GBR,0,1,0,,106,2,N
118528,172,8,33,18,1,2,2,0,0,2,FRA,0,1,0,,118.2,1,N
41938,0,8,35,27,0,1,2,0,0,2,PRT,0,1,0,,122,2,N
67957,316,5,19,10,0,2,2,0,0,2,PRT,0,1,0,,109.8,1,Y
84879,2,3,10,4,0,1,2,0,0,2,BRA,0,1,0,,101,0,N
42739,69,9,37,9,0,2,2,0,0,2,PRT,0,1,0,,62,0,N
86450,94,3,14,28,1,5,2,0,0,2,DEU,0,1,1,,110.75,1,N
100102,29,10,43,18,0,5,2,0,0,2,DEU,0,1,0,,119,2,N
68544,175,5,20,19,0,1,1,0,0,1,PRT,0,1,0,,90,0,Y
46460,150,1,1,2,2,1,2,0,0,2,PRT,0,1,0,,101,0,Y
85103,35,3,11,6,2,2,2,0,0,2,FRA,0,1,0,,65.06,1,N
89236,64,5,21,17,0,2,1,0,0,1,CHE,0,1,0,218,130,0,N
74709,0,1,2,5,0,3,1,0,0,1,PRT,0,4,0,45,0,2,N
66996,284,4,17,27,0,3,2,0,0,2,SWE,0,1,0,,104.4,0,Y
106497,10,2,8,21,0,5,2,0,0,2,ITA,0,4,0,,102,0,N
73054,63,8,33,13,2,1,2,0,0,2,GBR,0,1,0,,140,1,Y
117624,57,8,32,6,1,0,2,1,0,3,USA,0,1,1,,165,0,N
101427,92,11,46,11,0,1,2,0,0,2,THA,0,1,0,,90,0,N
44315,89,10,40,3,2,2,2,0,0,2,PRT,0,1,0,,62,0,Y
61953,538,12,53,29,0,2,2,0,0,2,PRT,0,1,0,,62.8,0,Y
66811,156,4,17,26,0,3,2,0,0,2,PRT,0,1,0,,100,0,Y
54107,70,7,28,7,0,1,2,0,0,2,IDN,0,1,0,,107.1,0,Y
72184,240,7,30,23,2,1,2,0,0,2,PRT,0,1,0,,110,0,Y
105607,31,2,6,10,0,2,2,0,0,2,GBR,0,1,0,,88,2,N
113956,18,6,24,11,2,2,2,0,0,2,NLD,0,4,0,,139,1,N
107917,130,3,11,17,1,2,2,2,0,4,ITA,0,6,0,,156.6,1,N
79097,31,10,43,18,2,2,2,0,0,2,IRL,0,1,0,,85.5,2,N
71895,325,7,28,15,1,1,2,0,0,2,BRA,0,1,0,,103.5,2,Y
108067,151,3,12,20,1,1,2,0,0,2,PRT,0,1,0,,95,1,N
47646,1,2,10,28,2,1,1,0,0,1,PRT,0,1,0,,60,0,Y
84729,3,9,39,19,1,0,1,0,0,1,PRT,0,1,0,40,65,0,N
110888,182,4,18,30,2,1,2,0,0,2,GBR,0,1,0,,90.09,1,N
65935,48,4,15,10,1,3,2,0,0,2,DEU,0,1,0,,108,0,Y
115226,165,6,26,30,1,2,2,0,0,2,GBR,0,1,0,,110.4,1,N
108703,0,3,13,29,0,2,2,0,0,2,NLD,0,1,0,,98,1,N
69452,409,5,22,31,0,3,2,0,0,2,PRT,0,1,0,,90,0,Y
53653,145,6,27,26,2,4,2,0,0,2,ITA,0,1,0,,90.95,2,Y
83353,1,1,5,27,0,2,1,0,0,1,DEU,0,1,1,,71.7,0,N
70969,145,6,26,26,1,2,3,0,0,3,BRA,0,5,0,,189,0,Y
111390,80,5,19,8,1,1,2,0,0,2,MOZ,0,1,0,,126,0,N
67131,140,4,17,28,2,2,2,0,0,2,PRT,0,1,0,,130,0,Y
59889,304,11,45,3,0,3,2,0,0,2,PRT,0,1,0,,89,0,Y
79986,9,11,45,4,1,4,2,0,0,2,AUT,0,1,0,,95,0,N
118665,96,8,34,20,2,2,2,0,0,2,DEU,0,1,0,,80.1,1,N
91186,256,6,25,15,0,2,2,0,0,2,DEU,0,1,0,,124,1,N
50795,110,5,20,8,2,1,2,0,0,2,BEL,0,1,0,,94.5,0,Y
87832,101,4,18,26,0,1,1,0,0,1,PRT,0,1,0,,0,0,N
90838,123,6,24,7,1,5,2,0,0,2,FRA,0,1,0,,119.85,1,N
80790,6,11,48,22,2,0,1,0,0,1,FRA,0,1,0,,81,0,N
111564,123,5,19,8,1,4,2,0,0,2,NOR,0,1,3,,111.6,1,N
112924,5,5,22,29,1,0,1,0,0,1,PRT,0,1,0,45,0,0,N
75675,295,8,32,8,2,2,2,0,0,2,PRT,1,1,0,,62,0,Y
52429,247,6,24,6,1,1,2,0,0,2,PRT,0,1,0,,109,0,Y
48401,251,3,13,22,0,3,2,0,0,2,PRT,0,1,0,,125,0,Y
42984,65,9,37,12,2,1,2,0,0,2,PRT,0,1,0,,86,0,Y
104457,8,1,2,11,0,3,2,0,0,2,ESP,0,1,0,,87.69,2,N
47388,4,2,8,19,0,1,2,0,0,2,PRT,0,1,0,67,80,0,Y
80464,34,12,50,8,0,2,1,0,0,1,PRT,1,1,0,,90,0,Y
79421,137,1,5,27,0,2,1,0,0,1,PRT,1,1,0,,70,0,Y
76328,271,7,29,15,0,2,2,0,0,2,PRT,0,1,0,,62,0,N
115383,16,7,27,5,0,1,3,1,0,4,USA,0,7,0,,237.48,1,N
116494,476,7,28,15,2,4,2,0,0,2,USA,0,1,2,,101.33,1,N
102099,215,11,48,21,1,1,1,0,0,1,ITA,0,1,3,233,75,1,N
118790,48,8,34,22,0,3,1,0,0,1,ITA,0,1,0,,116.99,0,N
83509,9,2,6,5,0,1,1,0,0,1,PRT,0,1,0,,80,0,N
53970,85,7,28,3,2,3,1,0,0,1,BEL,0,1,0,,108.9,0,Y
56410,4,9,37,5,1,1,2,0,0,2,KOR,0,1,0,,149,0,Y
43194,76,9,38,16,0,2,2,0,0,2,PRT,0,1,0,,62,0,Y
113374,283,6,22,2,2,2,2,0,0,2,DEU,0,1,0,,84.15,3,N
67500,148,5,18,4,0,2,2,0,0,2,PRT,0,1,0,,95,0,Y
113972,50,6,24,11,2,2,1,0,0,1,GBR,0,1,0,,126,0,N
111760,10,5,19,13,1,1,2,0,0,2,CHE,0,1,0,,150,2,N
53754,41,6,27,28,2,6,2,1,0,3,POL,0,5,0,,150.3,0,Y
113823,91,6,23,10,1,1,2,0,0,2,FRA,0,1,0,,133,0,N
47247,68,2,7,13,1,1,2,0,0,2,FRA,0,1,0,,78.3,1,N
66496,173,4,16,21,0,2,2,0,0,2,GBR,0,1,0,,117,2,Y
65189,39,3,13,27,1,1,1,0,0,1,MYS,0,1,0,,98,0,Y
75727,302,8,33,15,2,2,2,0,0,2,PRT,1,1,0,,62,0,Y
56641,198,9,37,9,1,2,2,0,0,2,PRT,0,1,0,,120,0,Y
99447,180,10,42,10,1,2,1,0,0,1,GUY,0,1,1,,120,0,N
65895,76,4,15,9,2,3,2,0,0,2,NOR,0,1,0,,100.8,0,Y
55669,52,8,34,18,1,3,2,1,0,3,ISR,0,1,0,,152.1,3,Y
56950,64,9,38,16,0,1,2,0,0,2,RUS,0,4,0,,149.4,0,Y
66838,88,4,17,26,0,3,2,0,0,2,PRT,0,1,0,,140,0,Y
70610,210,6,25,19,1,3,2,0,0,2,PRT,0,1,0,,130,0,Y
63290,322,2,6,5,2,3,2,1,0,3,FRA,0,1,2,,92.65,0,Y
94023,105,7,31,24,2,4,2,1,0,3,ITA,0,1,1,,15,2,N
41507,2,8,34,17,1,3,2,0,0,2,CHN,0,1,0,,122,2,N
78246,8,10,41,10,2,1,2,0,0,2,PRT,1,1,0,,62,0,Y
46787,151,1,4,19,0,3,1,0,0,1,SRB,0,1,3,,71,0,N
75224,294,8,32,7,0,2,2,0,0,2,PRT,1,1,0,,62,0,Y
67454,83,5,18,3,0,4,2,0,0,2,USA,0,4,0,,135,0,Y
92222,44,7,27,1,0,1,2,2,0,4,PRT,0,5,0,,156.95,2,N
41121,41,8,33,12,0,2,2,0,0,2,PRT,0,1,0,,62,0,N
91550,18,6,26,21,0,2,2,0,0,2,PRT,0,1,1,,100,0,N
79789,14,11,45,4,0,1,1,0,0,1,PRT,0,1,0,,70,0,N
44213,164,10,40,2,0,2,1,0,0,1,PRT,0,1,0,,100,0,N
92285,31,6,27,30,1,3,2,0,0,2,FRA,0,4,0,,156.15,1,N
41995,145,8,35,29,2,1,2,0,0,2,ITA,0,1,0,,94.5,0,N
59160,240,10,43,21,1,2,2,0,0,2,PRT,0,1,0,,110,0,Y
57231,440,9,39,22,0,2,2,0,0,2,PRT,0,1,0,,62,0,Y
84926,3,3,10,4,0,2,1,0,0,1,CHE,0,1,0,,107,0,N
71730,450,7,28,11,0,1,2,0,0,2,PRT,0,1,0,,90,0,Y
96546,66,9,36,1,0,3,2,0,0,2,ESP,0,1,0,,141.9,1,N
67759,120,5,18,6,2,2,2,0,0,2,DEU,0,1,0,,108,1,Y
92790,154,7,28,7,2,3,2,0,0,2,FRA,0,4,0,,120.7,1,N
96814,39,9,37,8,0,1,2,0,0,2,DEU,0,1,0,,125.1,1,N
56654,178,9,37,9,0,2,1,0,0,1,PRT,0,1,0,,135,0,Y
56621,84,9,37,9,0,2,3,0,0,3,ESP,0,4,0,,177.3,2,Y
72191,240,7,30,23,2,1,2,0,0,2,PRT,0,1,0,,110,0,Y
68041,183,5,19,11,1,3,2,0,0,2,PRT,0,1,0,,130,0,Y
61411,322,12,50,9,0,2,2,0,0,2,PRT,0,1,0,,52,0,Y
42112,0,8,36,31,1,2,1,0,0,1,ESP,0,1,1,62,95.5,0,N
103906,6,12,53,30,1,2,2,0,0,2,ITA,0,1,0,,126,0,N
106133,53,2,7,17,2,3,2,0,0,2,AUS,0,1,0,,74.8,0,N
78476,20,10,41,4,2,4,2,0,0,2,FRA,0,1,0,,107,0,N
92511,81,7,28,3,2,3,1,0,0,1,CHN,0,1,0,,108.9,1,N
108359,104,3,12,19,2,5,2,0,0,2,FRA,0,1,0,,75,1,N
105718,0,2,7,14,0,1,2,0,0,2,PRT,0,1,0,,99,0,N
106544,0,2,8,25,0,1,1,0,0,1,CHN,0,1,1,,88.2,0,N
70501,204,6,24,17,2,3,1,0,0,1,PRT,0,1,0,,120,0,Y
117957,48,8,32,9,0,3,2,0,0,2,FRA,0,1,0,,140,2,N
62795,8,1,4,22,2,3,2,0,0,2,ITA,0,4,2,,102,0,Y
48137,54,3,12,17,1,3,2,0,0,2,BRA,0,1,0,,89.46,0,Y
42897,168,9,37,11,0,2,2,0,0,2,PRT,0,1,0,,60,0,N
59161,240,10,43,21,1,2,2,0,0,2,PRT,0,1,0,,110,0,Y
66036,151,4,15,13,0,3,2,0,0,2,PRT,0,1,0,,126,1,Y
79439,137,1,5,27,0,2,1,0,0,1,PRT,1,1,0,,70,0,Y
115385,405,7,27,4,0,2,1,0,0,1,PRT,0,1,1,,91.5,0,N
70499,150,6,24,17,2,3,1,0,0,1,PRT,0,1,0,,120,0,Y
51634,65,5,22,23,1,1,1,0,0,1,PRT,0,1,2,,85,0,Y
60925,44,11,48,25,2,4,2,0,0,2,DEU,0,1,0,,74.8,0,Y
62942,61,1,4,25,0,2,2,0,0,2,PRT,0,1,0,,80,0,Y
91284,87,6,25,12,2,5,2,0,0,2,ITA,0,1,0,,134.42,1,N
62287,30,1,1,7,8,21,2,0,0,2,AGO,0,4,0,,98.6,0,Y
58105,454,10,41,6,0,2,2,0,0,2,PRT,0,1,0,,62,0,Y
74034,300,8,33,13,0,2,2,0,0,2,PRT,1,1,0,,62,0,Y
111951,58,5,20,15,1,2,2,0,0,2,DEU,0,1,0,,129.6,1,N
91742,265,6,26,24,0,2,2,0,0,2,DEU,0,1,0,,115,1,N
56862,433,9,38,15,0,2,2,0,0,2,PRT,0,1,0,,62,0,Y
52891,71,6,25,14,0,3,1,0,0,1,PRT,0,1,0,,120,0,Y
109722,64,4,15,13,0,3,2,0,0,2,BRA,0,1,0,,132,0,N
87964,42,4,18,26,0,3,2,0,0,2,IND,0,1,0,,72.76,0,N
82025,305,10,40,1,1,1,2,0,0,2,PRT,1,1,0,,100,0,Y
74417,297,8,33,10,1,1,2,0,0,2,PRT,1,1,0,,62,0,Y
98065,296,9,39,21,0,4,2,0,0,2,ITA,0,1,0,,117,1,N
98824,6,10,41,4,0,1,2,0,0,2,NLD,0,1,0,,140,0,N
99786,252,10,42,15,2,1,2,0,0,2,DEU,0,1,1,,106.3,0,N
75459,334,9,38,16,0,2,2,0,0,2,PRT,1,1,0,,62,0,Y
64602,52,3,11,13,1,1,1,0,0,1,PRT,0,1,0,,80,0,Y
65355,73,4,13,1,2,1,2,0,0,2,GBR,0,1,0,,117,1,Y
70840,233,6,25,23,1,2,2,0,0,2,PRT,0,1,0,,105,0,Y
107416,91,3,10,9,1,3,2,0,0,2,BEL,0,1,0,,79.2,0,N
93235,91,7,29,16,2,1,2,0,0,2,NLD,0,4,0,,127.8,2,N
56306,40,9,36,3,1,1,2,0,0,2,PRT,0,1,0,,96,0,Y
93438,13,7,30,19,0,3,2,1,0,3,ESP,0,1,0,,208.83,3,N
79366,11,10,44,30,1,2,2,0,0,2,PRT,1,1,0,,113.33,1,Y
105670,25,2,6,9,2,3,2,0,0,2,CHE,0,1,0,,91.8,2,N
55218,112,8,33,8,1,2,3,1,0,4,PRT,0,5,0,,176.7,3,Y
59062,290,10,43,20,2,3,2,0,0,2,CHE,0,1,3,,90.95,0,N
115080,240,6,25,24,2,5,2,0,0,2,DEU,0,1,0,,89,1,N
51617,123,5,22,22,2,4,2,0,0,2,FRA,0,4,0,,114.75,1,Y
109384,0,4,15,10,1,0,1,0,0,1,FRA,0,1,0,,112,1,N
63022,566,1,4,26,0,2,2,0,0,2,PRT,0,1,0,,62,0,Y
74999,140,7,28,7,0,4,2,0,0,2,PRT,1,1,0,,76.5,2,Y
116575,256,7,29,21,0,1,2,1,0,3,DEU,0,1,0,,125.1,2,N
89414,29,5,21,19,0,2,2,0,0,2,PRT,0,4,0,,111.5,1,N
58715,61,10,42,14,2,5,2,0,0,2,FRA,0,4,2,,132.3,0,Y
114981,78,6,26,28,0,2,2,0,0,2,DEU,0,1,0,,89.1,0,N
70996,146,6,26,27,0,1,3,0,0,3,ESP,0,1,0,,117,0,Y
101458,3,11,46,9,0,4,2,2,0,4,FRA,0,6,0,,246.25,1,N
97272,3,9,38,12,1,2,1,0,0,1,FRA,0,4,0,174,110,0,N
85443,41,3,12,13,2,1,2,0,0,2,POL,0,1,0,193,85.67,0,N
77337,256,9,38,14,1,2,2,0,0,2,SWE,0,1,0,,76.67,0,N
53514,351,6,26,23,0,2,2,0,0,2,PRT,0,1,0,,62,0,Y
97999,55,9,39,22,0,1,2,0,0,2,GBR,0,4,0,,137.7,0,N
67723,407,5,18,6,2,1,2,0,0,2,PRT,0,1,0,,90,0,Y
106116,5,2,7,17,2,2,2,0,0,2,GBR,0,1,0,,79.48,2,N
86592,73,4,15,3,2,1,2,1,0,3,GBR,0,1,2,,94,1,N
65746,31,4,14,7,1,2,2,0,0,2,BRA,0,1,0,,120,0,Y
42903,18,9,37,11,2,2,2,0,0,2,PRT,0,1,1,,116.75,1,Y
69102,247,5,21,25,0,3,2,0,0,2,DEU,0,4,0,,138.6,1,Y
108723,238,3,13,28,0,4,2,0,0,2,DEU,0,4,0,,97.75,1,N
115477,140,7,27,3,1,2,2,0,0,2,FRA,0,4,1,,111.6,0,N
57388,12,9,40,25,2,0,2,0,0,2,USA,0,1,0,,149,0,Y
67579,39,5,18,5,0,1,3,0,0,3,CHN,0,4,0,,197.1,0,Y
48407,251,3,13,22,0,3,2,0,0,2,PRT,0,1,0,,125,0,Y
100808,68,10,45,30,2,1,2,0,0,2,ITA,0,1,0,,96.6,1,N
56761,208,9,38,12,5,12,3,0,0,3,BRA,0,4,2,,150.45,0,Y
54492,155,7,30,17,2,5,2,0,0,2,FRA,0,1,6,,101.88,1,Y
98417,3,1,2,12,0,2,1,0,0,1,PRT,0,1,1,,75,1,N
117975,179,8,32,8,0,5,3,0,0,3,PRT,0,4,0,,171.66,1,N
91961,67,6,27,26,2,0,3,0,0,3,FIN,0,4,0,,132.3,2,N
76345,271,7,29,15,0,2,3,0,0,3,PRT,0,1,1,,84,0,N
78365,3,10,41,8,0,1,2,0,0,2,PRT,0,1,0,40,65,0,Y
75571,257,7,27,1,0,2,2,0,0,2,PRT,0,1,0,,101.5,0,N
110635,150,4,17,26,0,4,2,0,0,2,NOR,0,1,0,,99,1,N
60051,117,11,45,4,2,5,2,0,0,2,IRL,0,1,0,,126,1,Y
81295,0,12,50,7,1,0,2,0,0,2,PRT,0,1,0,,0,0,N
99745,83,10,42,13,1,3,1,0,0,1,GBR,0,5,0,,152.78,0,N
95745,110,8,35,22,1,1,3,0,0,3,FRA,0,1,1,,153.4,0,N
62329,14,1,2,8,2,3,2,0,0,2,TUR,0,1,0,,82.88,2,Y
47936,6,3,11,10,0,2,1,0,0,1,COL,0,1,0,,93,0,Y
88250,109,4,18,30,2,1,2,0,0,2,GBR,0,1,0,,77.03,1,N
85273,14,3,11,10,0,2,2,0,0,2,FRA,0,1,0,,70,0,N
47836,63,3,10,5,2,1,2,0,0,2,PRT,0,1,0,,80.3,0,N
95236,220,8,34,15,1,1,2,0,0,2,DEU,0,1,1,,99,1,N
104797,1,1,3,20,0,2,2,1,0,3,PRT,0,1,0,,128,2,N
94524,153,7,31,30,2,5,2,0,0,2,FRA,0,4,0,,83.85,1,N
111058,41,5,18,2,0,4,2,2,0,4,NLD,0,6,0,,259,0,N
99681,377,10,42,14,0,2,2,0,0,2,DEU,0,1,0,,115,1,N
72746,164,8,31,4,2,7,2,0,1,3,PRT,0,1,0,,67.15,2,Y
113678,175,6,23,9,0,2,2,0,0,2,PRT,0,1,0,,65,0,N
60950,68,11,49,27,2,1,2,1,0,3,ESP,0,1,0,,109.8,0,Y
110731,156,4,17,28,1,2,3,0,0,3,IRL,0,4,0,,166.5,0,N
79202,25,11,45,4,0,4,2,0,0,2,PRT,1,4,0,,99.45,1,Y
96917,59,9,37,6,0,4,2,0,0,2,IRL,0,4,0,,126.9,0,N
40668,1,8,32,5,0,2,2,,0,2,PRT,0,2,0,,12,1,Y
79909,0,11,45,2,1,4,2,0,0,2,FRA,0,1,0,,107,1,N
75496,341,9,39,23,0,2,2,0,0,2,PRT,1,1,0,,62,0,Y
87445,52,4,17,18,1,1,2,0,0,2,PRT,0,1,0,,85.5,0,N
115657,180,7,27,2,2,5,2,0,0,2,GBR,0,1,0,,89.1,0,N
95545,88,8,34,16,0,4,0,0,0,0,PRT,0,4,5,,32.85,2,N
41161,8,8,33,13,2,5,2,,0,2,PRT,0,2,0,,76.5,1,Y
68976,208,5,21,24,0,2,2,0,0,2,PRT,0,1,0,,12,0,Y
114831,93,6,25,22,2,3,2,0,0,2,DEU,0,1,0,,85,0,N
70919,21,6,26,25,1,0,2,0,0,2,BRA,0,1,0,,160,0,Y
72616,102,8,31,1,0,3,2,0,0,2,ESP,0,1,0,,112.5,0,Y
78500,7,10,41,8,0,3,1,0,0,1,PRT,0,1,0,,65.45,0,N
76764,395,3,13,21,1,2,2,0,0,2,PRT,1,1,0,,62.8,0,Y
59447,199,10,44,28,0,2,2,0,0,2,PRT,0,1,0,,95,0,Y
48337,42,3,13,21,1,2,2,0,0,2,PRT,0,1,0,,63,0,Y
118541,180,8,33,16,2,4,2,0,0,2,GBR,0,1,0,,71.1,0,N
107758,16,3,11,15,0,3,1,0,0,1,PRT,0,4,0,,71.67,2,N
45042,102,10,42,16,0,2,2,0,0,2,DEU,0,1,0,,109,0,N
97775,27,9,39,20,0,1,2,0,0,2,POL,0,1,0,,95,0,N
94349,0,8,32,2,0,1,3,0,0,3,BRA,0,1,0,,174,0,N
89908,28,5,22,28,0,1,2,0,0,2,KOR,0,4,0,,156,0,N
113541,7,6,23,7,0,2,1,0,0,1,PRT,0,4,0,153,121.83,0,N
102756,7,12,50,4,2,0,2,0,0,2,DZA,0,1,0,,104,2,N
83687,59,2,6,6,2,2,2,0,0,2,AUT,0,1,0,,62,0,N
71270,251,6,26,30,2,2,2,1,0,3,BRA,0,1,0,,127.58,2,Y
103846,20,1,1,1,1,0,2,0,0,2,PRT,0,1,0,,65,0,N
104942,21,1,4,22,2,2,1,0,0,1,ESP,0,1,0,,67.58,1,N
55517,39,8,34,15,1,1,2,1,0,3,BRA,0,1,0,,152.1,3,Y
96390,54,9,36,1,0,1,3,0,0,3,GBR,0,4,0,,142.2,2,N
47958,27,3,11,10,2,5,2,0,0,2,ITA,0,1,0,,77.2,2,Y
41589,10,8,34,18,0,3,2,0,0,2,FRA,0,1,0,,81,2,N
98332,112,9,40,26,1,1,2,0,0,2,PRT,0,1,0,,139.8,0,N
59445,464,10,44,28,0,2,2,0,0,2,PRT,0,1,0,,65,0,Y
118210,113,8,33,13,2,2,2,0,0,2,KOR,0,1,0,,125,1,N
82341,94,3,10,4,0,2,2,0,0,2,PRT,1,1,0,,80,0,Y
78547,282,10,41,10,2,1,1,0,0,1,SWE,0,1,0,,0,0,N
74589,353,10,41,5,1,1,2,0,0,2,PRT,1,1,0,,62,0,Y
62341,45,1,2,9,5,14,2,0,0,2,BRA,0,4,0,,96.9,0,Y
68887,26,5,21,22,1,1,2,0,0,2,PRT,0,1,0,,128,0,Y
109398,173,4,14,7,2,2,3,0,0,3,DNK,0,4,0,,149.4,0,N
72573,174,7,31,31,1,3,3,0,0,3,ESP,0,4,2,,184.5,0,Y
83000,32,1,2,8,1,2,2,0,0,2,PRT,0,1,0,,58,1,N
91808,192,6,26,24,0,2,1,0,0,1,SRB,0,1,1,,95,0,N
76450,379,10,44,31,1,1,2,0,0,2,PRT,1,1,0,,62,0,Y
56664,198,9,37,9,1,2,2,0,0,2,PRT,0,1,0,,90,0,Y
117602,161,8,31,4,1,2,2,0,0,2,GBR,0,1,0,,135.33,1,N
76975,342,9,39,24,2,4,2,0,0,2,PRT,1,1,0,,170,0,Y
95413,210,8,34,15,1,3,2,0,0,2,PRT,0,1,0,,90.95,1,N
110526,102,4,17,24,1,3,2,0,0,2,IRL,0,1,0,424,100,0,N
44868,36,10,42,13,0,3,1,0,0,1,PRT,0,1,0,,91,0,N
52256,330,6,23,2,0,2,2,0,0,2,PRT,0,1,0,,62,0,Y
103690,107,12,53,27,0,3,3,0,0,3,ITA,0,4,1,,207.67,0,N
73687,68,8,35,31,0,2,2,0,0,2,USA,0,1,0,,129,1,Y
49992,168,4,17,22,1,2,2,0,0,2,PRT,0,1,0,,85,0,Y
87222,48,4,16,15,0,1,1,0,0,1,PRT,0,4,0,,127.8,0,N
101294,33,11,46,7,1,2,1,0,0,1,CHE,0,1,0,,197,2,N
61018,42,11,49,29,0,3,1,0,0,1,PRT,0,1,0,348,90,0,Y
51537,50,5,21,21,0,1,2,0,0,2,PRT,0,1,0,,126.9,0,Y
60648,15,11,47,17,2,4,2,0,0,2,RUS,0,1,0,,92.5,0,Y
64683,37,3,11,15,0,2,2,0,0,2,PRT,0,1,0,,110,0,Y
115045,19,6,26,29,0,2,1,0,0,1,PRT,0,1,0,,120,1,N
106320,48,2,8,22,0,2,1,0,0,1,ESP,0,1,0,,65,1,N
99246,12,10,42,10,1,0,2,0,0,2,PRT,0,1,0,,130,0,N
78072,282,10,41,10,2,1,2,0,0,2,PRT,1,1,0,,96,0,Y
100565,32,10,44,25,0,5,2,0,0,2,FRA,0,1,0,,85,1,N
110881,144,4,17,27,2,4,2,0,0,2,NLD,0,4,0,,124.5,0,N
73007,251,8,32,12,2,1,2,0,0,2,USA,0,1,0,,112.5,2,Y
43205,15,9,38,16,0,2,2,0,0,2,USA,0,4,0,,115,2,N
90174,48,5,23,30,1,3,2,0,0,2,DEU,0,1,0,,85.5,0,N
56500,426,9,37,8,0,2,2,0,0,2,PRT,0,1,0,,62,0,Y
101962,98,11,47,18,1,2,2,0,0,2,ESP,0,1,0,,124.2,1,N
49916,270,4,17,20,0,4,2,0,0,2,ISL,0,1,1,,80,0,N
102847,7,12,50,6,0,1,3,0,0,3,PRT,0,1,0,,18,1,N
65162,42,3,12,25,2,6,2,0,0,2,BRA,0,4,0,,109.95,0,Y
116009,3,7,28,12,0,2,2,0,0,2,IRL,0,4,0,,86.35,0,N
100821,68,10,45,30,2,1,2,0,0,2,FRA,0,1,0,,96.6,2,N
85237,0,3,13,21,1,0,2,0,0,2,PRT,0,5,0,174,135,0,N
49558,17,4,16,14,2,4,2,1,0,3,BEL,0,1,0,,132,3,Y
91415,55,6,25,17,2,2,1,0,0,1,NLD,0,4,0,,133.65,1,N
45227,50,10,43,24,1,1,2,0,0,2,PRT,0,1,0,,75,0,Y
78126,10,10,41,4,1,0,2,0,0,2,BRA,0,1,0,,87.78,1,N
100054,87,10,44,23,2,1,3,0,0,3,NLD,0,4,0,,141.9,0,N
47574,57,2,9,27,2,4,2,0,0,2,CHE,0,1,0,,59.21,1,N
73869,314,8,35,27,0,2,2,0,0,2,PRT,1,1,0,,62.8,0,Y
53465,40,6,26,21,0,1,2,0,0,2,PRT,0,1,0,,76.92,0,Y
74412,290,8,32,3,1,1,2,0,0,2,PRT,1,1,0,,62,0,Y
68525,175,5,20,19,0,1,1,0,0,1,PRT,0,1,0,,90,0,Y
69315,408,5,22,30,0,1,2,0,0,2,PRT,0,1,0,,90,0,Y
89855,2,11,48,24,0,1,2,0,0,2,PRT,0,1,1,40,77,0,N
66041,159,4,15,13,0,3,2,0,1,3,ESP,0,1,1,,117,1,Y
85950,51,3,13,21,1,3,2,0,0,2,PRT,0,2,0,,83.3,1,N
87474,2,4,17,20,0,1,1,0,0,1,PRT,0,1,0,,95,1,N
72906,28,8,32,9,0,3,2,0,0,2,USA,0,1,0,,160,1,Y
61571,46,12,51,16,1,2,2,0,0,2,ESP,0,1,0,,79.2,1,Y
109741,16,4,15,13,0,3,2,0,0,2,ESP,0,1,0,,147.33,1,N
56171,178,8,36,31,0,2,2,0,0,2,GBR,0,2,0,,103.69,0,Y
40061,6,7,27,1,0,2,1,0,0,1,PRT,0,1,0,,0,0,N
67956,35,5,19,10,0,1,2,0,0,2,PRT,0,1,0,,130,0,Y
60397,17,11,46,9,0,4,2,0,0,2,USA,0,5,0,,178.75,0,Y
96204,9,10,42,13,0,2,1,0,0,1,PRT,0,1,0,40,67,1,N
70036,41,6,23,8,1,3,1,0,0,1,ITA,0,1,3,,130,1,Y
52454,213,6,24,7,0,3,2,0,0,2,PRT,0,1,0,,130,0,Y
87734,7,4,17,23,1,1,2,0,0,2,ESP,0,1,0,,131,2,N
61386,91,12,50,9,0,2,2,0,0,2,GBR,0,1,0,,88,0,Y
71843,59,7,28,13,1,3,2,0,0,2,CN,0,4,0,,137.25,0,Y
55822,141,8,35,22,1,2,3,0,0,3,ESP,0,4,0,,137.7,0,Y
51976,64,5,22,27,0,2,2,0,0,2,GBR,0,4,0,,140.4,0,Y
60722,45,11,47,19,1,1,2,0,0,2,DEU,0,1,0,,93.6,0,Y
84447,0,2,9,25,0,1,1,0,0,1,PRT,0,1,0,45,0,1,N
102310,122,11,48,25,0,1,1,0,0,1,PRT,0,1,0,197,67,0,N
95972,41,8,35,24,0,3,2,0,0,2,ESP,0,1,1,,145.1,0,N
67540,143,5,18,4,0,3,2,0,0,2,PRT,0,1,0,,100,0,Y
40239,103,7,29,18,2,1,2,0,0,2,ITA,0,1,0,,94.5,0,Y
86680,55,4,15,6,0,1,2,0,0,2,PRT,0,1,0,,104,0,N
118306,134,8,33,16,0,2,1,0,0,1,USA,0,1,0,,71.1,0,N
73528,159,8,34,25,0,2,2,0,0,2,ISR,0,4,0,,139.5,0,Y
79462,137,1,5,27,0,2,1,0,0,1,PRT,1,1,0,,70,0,Y
43394,74,9,38,18,0,2,1,0,0,1,PRT,0,1,0,,87,0,N
90782,74,6,24,10,0,2,2,0,0,2,FRA,0,1,0,,116.1,1,N
58588,37,10,42,13,0,3,1,0,0,1,PRT,0,1,0,,95,0,Y
110651,28,4,17,28,0,2,2,0,0,2,DEU,0,1,0,,92,1,N
78761,14,10,42,15,0,1,1,0,0,1,ITA,0,1,1,,100,0,N
95082,128,8,33,11,0,3,2,0,0,2,BEL,0,1,0,,123.3,2,N
69206,151,5,21,27,1,1,2,0,0,2,ITA,0,1,0,,114,1,Y
60556,32,11,47,14,1,4,3,0,0,3,CHN,0,4,0,,107.1,1,Y
74927,136,7,29,17,1,2,2,0,0,2,PRT,1,1,0,,60,0,Y
85599,5,3,12,14,1,3,2,0,0,2,FRA,0,1,0,,109,1,N
50674,288,5,19,5,0,3,2,0,0,2,FRA,0,1,0,,81.67,0,N
116133,2,7,28,14,0,1,2,0,0,2,CN,0,4,0,,145,0,N
70884,149,6,25,24,0,1,2,0,0,2,PRT,0,1,0,,130,0,Y
43650,49,9,39,22,0,1,1,0,0,1,PRT,0,1,0,,65,0,N
116266,476,7,28,15,2,1,1,0,0,1,GBR,0,1,2,,91.33,0,N
98570,100,9,40,28,0,4,2,0,0,2,ITA,0,1,1,,140,1,N
68880,26,5,21,22,1,1,2,0,0,2,PRT,0,1,0,,128,0,Y
40969,39,8,33,10,1,1,2,0,0,2,PRT,0,1,0,,62,0,Y
61687,61,12,52,22,2,5,2,0,0,2,DEU,0,1,0,,88.4,4,Y
70920,174,6,26,25,1,0,2,0,0,2,AUS,0,4,0,,130.5,0,Y
115589,172,7,27,6,0,2,2,0,0,2,CN,0,1,0,,89.1,0,N
79882,32,11,47,20,0,2,1,0,0,1,PRT,1,1,0,,73,0,Y
41950,119,8,35,27,2,6,2,0,0,2,ISR,0,1,1,,82.87,1,N
88207,33,4,18,29,2,2,2,0,0,2,BEL,0,4,0,,140.4,1,N
57727,315,9,40,30,1,2,2,0,0,2,PRT,0,1,0,,160,0,Y
84372,31,2,9,22,1,2,3,0,0,3,GBR,0,4,0,,102.9,1,N
70231,139,6,24,12,1,1,2,0,0,2,PRT,0,1,0,,110,0,Y
82718,0,2,6,2,0,2,1,0,0,1,PRT,1,1,0,40,65,0,N
55354,398,8,33,11,0,2,2,0,0,2,PRT,0,1,0,,62,0,Y
68194,164,5,20,15,1,2,1,0,0,1,PRT,0,1,0,,160,0,Y
117748,291,8,31,2,2,5,2,0,0,2,FRA,0,1,1,,107.1,1,N
91170,256,6,25,15,0,2,2,0,0,2,DEU,0,1,0,,115,1,N
79037,0,10,43,20,0,1,1,0,0,1,IRQ,0,1,0,,139,0,N
45156,48,10,43,19,1,3,2,0,0,2,DEU,0,1,0,,94.5,1,N
65104,76,3,12,24,1,2,2,0,0,2,DEU,0,4,0,,106.2,1,Y
102807,73,12,50,4,2,0,2,0,0,2,FRA,0,1,0,,75,0,N
108564,42,3,12,25,2,2,3,0,0,3,FRA,0,5,0,,130.05,2,N
82055,5,12,51,17,0,2,2,0,0,2,POL,0,4,0,,69,0,N
56377,153,9,37,4,2,0,2,0,0,2,ITA,0,1,0,,116.1,0,Y
101838,36,11,47,14,1,4,2,0,0,2,FRA,0,4,0,,96.9,3,N
67958,316,5,19,10,0,2,2,0,0,2,PRT,0,4,0,,123.3,1,Y
94399,1,8,32,8,0,1,1,0,0,1,PRT,5,1,1,45,0,3,N
70681,18,6,25,20,2,8,2,0,0,2,IRN,0,7,0,,276.9,0,Y
82278,0,12,52,25,0,0,2,0,0,2,PRT,0,1,1,,0,0,N
104088,0,1,1,4,0,1,2,0,0,2,DEU,0,1,0,,88,1,N
97545,254,9,38,16,0,2,1,0,0,1,ITA,0,1,0,,91,0,N
101932,51,11,47,17,0,3,2,0,0,2,GBR,0,1,0,,68.47,1,N
59457,247,10,44,28,1,2,2,0,0,2,PRT,0,1,0,,110,0,Y
93450,99,7,30,18,1,3,2,0,0,2,PRT,0,1,0,,141.75,2,N
79117,6,10,43,20,0,2,1,0,0,1,PRT,0,1,0,,129,3,N
103351,88,12,52,18,2,1,2,0,0,2,FRA,0,1,0,,75,0,N
90253,59,5,22,28,2,5,3,0,0,3,CHE,0,4,0,,159.3,2,N
97140,10,9,38,12,1,0,1,0,0,1,GBR,0,1,0,,87.01,1,N
105606,26,2,6,6,1,5,2,0,0,2,FRA,0,1,0,,77,0,N
102321,22,11,48,26,0,0,1,1,0,2,SVN,0,2,1,,0,1,N
63258,18,2,5,3,1,2,2,0,0,2,FRA,0,1,0,,88,0,Y
44164,31,10,40,2,0,1,2,0,0,2,PRT,0,1,0,,111.6,1,Y
63061,41,1,4,28,1,1,2,0,0,2,PRT,0,1,0,,79.5,1,Y
72927,167,8,32,10,0,1,2,1,0,3,CN,0,1,0,,148.5,0,Y
60497,54,11,46,12,2,1,2,0,0,2,ESP,0,1,0,,88.2,1,Y
81683,182,4,18,27,0,4,2,0,0,2,PRT,1,1,0,,75,0,Y
106612,52,2,9,26,2,0,2,2,0,4,PRT,0,6,0,,140.8,0,N
73702,75,8,35,31,0,3,3,0,0,3,FRA,0,4,0,,193.33,0,Y
92817,133,7,29,11,1,1,2,1,0,3,DEU,0,1,0,,126,0,N
59399,199,10,44,28,0,2,2,0,0,2,PRT,0,1,0,,95,0,Y
44138,85,9,40,30,0,3,2,0,0,2,DEU,0,1,0,,125,0,N
48629,81,3,13,25,2,2,2,0,0,2,PRT,0,1,0,,65,0,Y
116737,128,7,29,21,1,2,2,0,0,2,GBR,0,4,0,,138,0,N
84976,5,3,11,6,1,0,1,0,0,1,GBR,0,1,0,,97,0,N
101573,54,11,46,11,1,2,2,0,0,2,POL,0,1,0,,96,1,N
40915,107,8,33,9,2,4,2,0,0,2,PRT,0,1,0,,63.75,1,Y
65832,66,4,15,9,2,0,2,0,0,2,PRT,0,1,0,,100,0,Y
89714,45,5,21,21,2,2,2,0,0,2,GBR,0,1,0,,116.1,1,N
89341,44,5,21,19,0,1,2,0,0,2,ESP,0,1,0,,76.5,0,N
108389,67,3,12,23,0,3,2,0,0,2,NLD,0,5,0,,133.2,1,N
52529,56,6,24,8,0,1,2,0,0,2,PRT,0,1,0,,120,0,Y
103559,18,12,53,27,0,1,1,0,0,1,BRA,0,1,2,,60,0,N
58071,275,10,41,5,1,4,2,0,0,2,PRT,0,1,0,,90,0,Y
99641,335,10,42,13,0,3,1,0,0,1,FRA,0,1,0,,90,0,N
91245,150,6,25,16,0,3,2,0,0,2,FRA,0,1,0,,90,1,N
88115,9,4,18,29,0,2,1,0,0,1,PRT,0,1,0,,100,0,N
56869,317,9,38,15,0,2,2,0,0,2,PRT,0,1,0,,120,0,Y
93092,132,7,29,14,0,3,2,0,0,2,PRT,0,1,0,,72.25,0,N
96268,0,8,35,27,2,2,2,0,0,2,DEU,0,4,0,,129.83,1,N
75997,336,9,38,18,0,2,2,0,0,2,PRT,1,1,0,,101.5,0,Y
86566,5,4,15,4,1,1,1,0,0,1,DEU,0,1,0,,95,1,N
113060,159,5,22,31,0,2,2,0,0,2,DEU,0,1,0,,126,1,N
95610,0,8,34,18,0,3,1,0,0,1,DNK,0,4,0,,178.33,1,N
74304,330,9,37,12,2,1,2,0,0,2,PRT,1,1,0,,62.8,0,Y
84766,8,3,10,1,0,2,1,0,0,1,ESP,0,1,1,,56,0,N
56843,317,9,38,15,0,2,2,0,0,2,PRT,0,1,0,,120,0,Y
83734,66,2,7,8,1,2,3,0,0,3,FRA,0,1,0,,85,1,N
74957,153,8,32,3,1,2,2,0,0,2,PRT,1,1,1,,12,0,Y
63161,56,2,5,1,0,3,2,0,0,2,PRT,0,1,0,,60,0,Y
71134,142,6,26,28,0,3,2,1,0,3,NOR,0,1,0,,135,0,Y
103868,15,12,53,27,1,5,3,0,0,3,BRA,0,5,1,,140,0,N
98403,80,9,40,25,2,2,2,0,0,2,PRT,0,1,0,,135.9,0,N
41201,39,8,33,14,0,2,2,0,0,2,DEU,0,1,0,,109,0,N
83020,13,1,3,11,1,2,2,0,0,2,FRA,0,1,0,,82,0,N
112407,0,5,21,23,0,1,2,0,0,2,PRT,0,1,0,,160,0,N
70452,448,6,24,17,2,1,2,0,0,2,PRT,0,1,0,,90,0,Y
93883,80,7,31,24,2,2,2,0,0,2,NLD,0,1,0,,72.25,0,N
61995,224,12,53,29,2,3,2,0,0,2,AUS,0,1,0,,82.11,0,Y
41278,0,8,33,14,0,2,2,0,0,2,PRT,0,1,0,,109,0,Y
79586,0,10,44,29,0,1,1,0,0,1,PRT,0,1,0,,120,0,N
67773,91,5,18,6,2,5,1,0,0,1,DEU,0,5,0,,164.57,0,Y
73849,307,8,34,20,0,2,2,0,0,2,PRT,1,1,0,,62.8,0,Y
111613,6,5,19,9,0,4,1,0,0,1,IRL,0,4,1,153,110,0,N
107578,21,3,11,14,0,1,1,0,0,1,PRT,0,1,2,,251,0,N
109374,38,4,15,9,1,0,3,0,0,3,DEU,0,4,0,,190,1,N
98070,296,9,39,21,0,4,2,0,0,2,ITA,0,1,0,,117,1,N
54760,102,7,31,25,1,4,3,0,0,3,PRT,0,1,0,,96.9,0,Y
75855,337,9,38,19,2,2,2,0,0,2,PRT,1,1,0,,62,0,Y
110783,16,5,18,1,1,0,2,0,0,2,CHN,0,1,0,,96,1,N
43144,26,9,38,15,2,6,2,0,0,2,DEU,0,1,0,,56.25,1,N
67741,407,5,18,6,2,1,2,0,0,2,PRT,0,1,0,,90,0,Y
106635,2,2,9,26,2,0,1,0,0,1,PRT,0,1,0,,79.2,0,N
57608,447,9,40,29,0,2,2,0,0,2,PRT,0,1,0,,62,0,Y
118676,163,8,34,21,1,2,2,2,0,4,ITA,0,5,0,,240,1,N
53157,10,6,25,16,0,3,2,0,0,2,CN,0,1,0,,129,1,Y
61886,135,12,53,28,0,1,3,0,0,3,ESP,0,4,1,,131.4,2,Y
91513,62,6,26,20,1,2,2,1,0,3,BGR,0,1,0,,88.8,1,N
112299,13,5,20,16,2,5,2,0,0,2,FRA,0,6,0,,194.34,2,N
111956,38,5,20,15,1,2,1,0,0,1,ITA,0,1,0,,134.5,0,N
116939,172,7,30,25,0,2,1,0,0,1,ROU,0,1,0,,121.5,0,N
108641,0,3,13,29,0,2,2,0,0,2,CN,0,1,1,,108,0,N
111471,29,5,19,9,0,2,1,0,0,1,POL,0,1,4,,130,0,N
61125,31,12,49,2,0,2,2,0,0,2,GBR,0,1,0,,88,0,Y
98744,164,9,40,30,2,2,2,0,0,2,BEL,0,4,0,,126.9,1,N
51792,75,5,22,26,0,2,2,0,0,2,FRA,0,4,0,,140.4,0,Y
46710,7,1,3,16,2,1,2,0,0,2,DEU,0,1,0,,78.3,0,Y
81051,86,1,4,22,0,1,1,0,0,1,PRT,1,1,0,,75,0,Y
40453,19,7,30,25,2,2,1,0,0,1,PRT,0,1,0,,0,0,N
72848,478,8,32,8,0,1,2,0,0,2,PRT,0,1,0,,90,0,Y
42372,65,9,36,5,1,1,2,0,0,2,PRT,0,1,0,,62,0,Y
77927,16,9,39,25,2,3,1,0,0,1,GBR,0,1,0,,170,0,N
55122,94,8,32,5,1,2,2,1,0,3,CN,0,1,1,,134.1,0,Y
92845,53,7,29,10,2,1,2,0,0,2,PRT,0,1,0,,100.5,1,N
87909,100,4,18,25,1,2,2,0,0,2,DEU,0,1,0,,81.2,0,N
80846,22,11,48,26,0,2,2,0,0,2,PRT,0,1,0,,97,0,Y
107289,23,3,10,7,0,4,2,0,0,2,ITA,0,4,0,,102.43,0,N
114792,396,6,26,25,2,0,2,0,0,2,DEU,0,1,0,,122.4,1,N
69897,169,6,23,8,0,3,2,0,0,2,PRT,0,1,0,,170,0,Y
62750,18,1,3,21,1,1,2,0,0,2,FRA,0,1,0,,97.5,0,Y
74300,330,9,37,12,2,1,2,0,0,2,PRT,1,1,0,,62.8,0,Y
92762,165,7,28,8,2,2,2,0,0,2,IRL,0,1,0,,99.45,1,N
65506,61,4,14,4,0,2,3,0,0,3,GBR,0,4,1,,162,0,Y
86453,81,4,14,1,0,2,2,0,0,2,PRT,0,1,0,,0,0,N
89857,14,5,22,27,0,1,2,0,0,2,PRT,0,1,0,,73,0,N
100341,5,10,44,26,0,1,1,0,0,1,ESP,0,1,0,349,105,0,N
94786,188,8,33,8,1,1,2,1,0,3,ITA,0,1,1,,164.25,1,N
93609,226,7,30,22,0,2,2,0,0,2,USA,0,1,0,,76.5,1,N
103250,24,12,51,13,0,4,2,0,0,2,FRA,0,1,0,,68.07,0,N
65572,373,4,14,5,0,3,2,0,0,2,PRT,0,1,0,,90,0,Y
108339,104,3,12,19,2,5,2,0,0,2,FRA,0,1,0,,75,1,N
51066,309,5,20,13,1,2,2,0,0,2,PRT,0,1,0,,101,0,Y
78309,0,1,4,20,0,1,1,0,0,1,PRT,0,1,0,40,65,0,N
85964,0,3,13,20,2,3,2,0,0,2,ESP,0,1,0,,124.2,0,N
40724,12,8,32,5,0,3,2,0,0,2,RUS,0,1,0,38,65,0,N
83972,12,2,7,12,2,3,2,1,0,3,DEU,0,1,0,,111,1,N
55110,181,8,32,4,2,5,2,0,0,2,PRT,0,4,0,,112.2,1,Y
110784,110,4,17,27,2,3,2,0,0,2,GBR,0,1,0,,118.8,1,N
81377,6,12,50,6,2,2,2,0,0,2,FRA,0,1,0,,58,0,N
46367,148,12,53,30,1,4,2,0,0,2,PRT,0,1,0,,67,0,Y
71834,167,7,28,13,0,3,2,0,0,2,IRL,0,4,0,,116.1,0,Y
90999,24,6,25,13,1,1,1,0,0,1,MLT,0,1,0,,89.25,0,N
73644,521,8,35,29,0,1,2,0,0,2,PRT,0,1,0,,90,0,Y
103546,219,12,52,22,2,3,2,0,0,2,ITA,0,1,3,,106.25,1,N
64181,79,3,9,2,0,3,2,0,0,2,ITA,0,1,0,,97.2,1,Y
97170,18,9,38,12,1,0,2,0,0,2,CHN,0,1,0,,89,0,N
63777,29,2,8,20,1,3,2,0,0,2,FRA,0,1,0,,69.7,0,Y
41340,3,8,33,14,1,2,2,0,0,2,PRT,0,1,0,,126.67,2,Y
72221,74,7,30,23,4,5,2,0,0,2,GBR,0,1,0,,145.56,1,Y
107072,26,3,9,1,2,4,2,0,0,2,GBR,0,4,0,,113,1,N
86037,111,3,13,23,0,3,2,0,0,2,CHE,0,1,0,,60,0,N
78064,3,10,40,1,0,1,1,0,0,1,PRT,0,1,0,,120,0,N
85582,0,3,12,17,0,1,1,0,0,1,ESP,0,1,0,,97,1,N
40323,22,7,30,22,0,2,2,0,0,2,PRT,0,1,0,,62,0,Y
81994,115,3,13,20,2,0,1,0,0,1,PRT,1,1,0,,70,0,Y
118368,31,8,33,17,0,2,2,0,0,2,CHE,0,1,0,,169,3,N
49001,91,4,15,4,1,2,2,0,0,2,PRT,0,1,0,,80,0,Y
77969,8,9,39,23,2,5,1,0,0,1,PRT,0,1,0,,187.43,2,N
64320,82,3,10,5,2,4,2,0,0,2,USA,0,1,0,,91.8,0,Y
102401,186,11,48,24,0,3,2,0,0,2,GBR,0,1,0,,64.56,0,N
83991,12,2,8,14,2,1,2,0,0,2,FRA,0,1,0,,87,1,N
51195,74,5,21,15,2,3,2,0,0,2,DEU,0,4,0,,132.6,0,Y
52052,5,5,23,29,2,2,2,0,0,2,GBR,0,4,0,,117.73,0,Y
114719,46,6,25,24,1,1,2,0,0,2,DEU,0,1,0,,150,1,N
83136,12,1,4,19,0,2,1,0,0,1,DEU,0,1,2,,71,0,N
93954,188,7,31,25,1,3,2,0,0,2,NLD,0,1,0,,90.95,1,N
102434,45,11,48,25,1,2,2,0,0,2,BRA,0,1,0,,90,0,N
96798,23,9,37,6,0,2,2,0,0,2,AUT,0,1,0,,118,1,N
98538,36,9,40,28,0,3,2,0,0,2,CHE,0,4,0,,147.6,2,N
61897,346,12,53,28,0,4,2,0,0,2,GBR,0,1,0,,72.25,0,Y
114991,45,6,26,28,0,2,2,0,0,2,DEU,0,1,0,,108,0,N
65662,93,4,14,6,0,3,2,0,0,2,PRT,0,1,0,,95,0,Y
76186,261,10,42,16,0,1,2,0,0,2,PRT,1,1,0,,120,0,Y
80192,45,11,46,9,1,3,2,0,0,2,FRA,0,4,0,,60,0,N
77588,1,2,9,24,0,2,1,0,0,1,PRT,0,1,0,40,65.5,0,N
54915,139,7,31,30,2,1,2,2,0,4,FRA,0,6,0,,192.3,1,Y
102695,29,12,49,2,0,2,1,0,0,1,DEU,0,1,4,,66.18,1,N
85936,1,3,13,22,0,3,2,0,0,2,BRA,0,1,0,,112,0,N
88608,48,5,19,6,1,2,3,0,0,3,GBR,0,4,0,,159.3,0,N
49424,32,4,16,13,0,3,3,0,0,3,FRA,0,4,0,,140.7,0,Y
42823,23,9,37,10,1,3,2,0,0,2,CN,0,1,0,,65.55,1,N
41696,6,8,34,21,2,3,2,0,0,2,ESP,0,1,0,,96.4,0,N
93173,118,7,29,11,2,5,3,0,0,3,ESP,0,1,1,,133.46,1,N
72262,93,7,30,24,4,10,2,0,0,2,ECU,0,4,0,,112.5,1,Y
76230,179,8,34,22,2,1,2,0,0,2,PRT,1,1,0,,86,0,Y
86090,67,3,13,26,0,1,2,0,0,2,PRT,0,1,1,,89.24,1,N
110209,83,4,17,23,2,3,2,0,0,2,BRA,0,1,1,,12,2,N
91305,54,6,25,17,1,2,3,0,0,3,PRT,0,4,0,,159.3,2,N
50523,152,5,19,2,1,3,2,0,0,2,PRT,0,1,0,,76.58,1,Y
98204,39,9,40,25,1,0,1,0,0,1,DEU,0,1,0,,138.7,0,N
65703,69,4,14,6,0,3,1,0,0,1,PRT,0,1,0,197,85,0,Y
83817,1,2,7,13,0,1,1,0,0,1,ITA,0,1,0,144,79,0,N
46038,135,12,49,5,2,1,2,0,0,2,ESP,0,1,0,,62,0,N
86133,49,3,13,24,1,3,2,0,0,2,NLD,0,1,1,,62.8,0,N
52793,69,6,25,12,2,4,1,0,0,1,PRT,0,1,0,,120,0,Y
71772,451,7,28,12,0,3,2,0,0,2,PRT,0,1,0,,90,0,Y
85494,4,3,12,14,1,2,1,0,0,1,RUS,0,1,0,,80.08,1,N
67714,407,5,18,6,2,1,2,0,0,2,PRT,0,1,0,,90,0,Y
71146,215,6,26,28,0,4,2,0,0,2,PRT,0,1,0,,110,0,Y
114093,423,6,24,14,0,3,2,0,0,2,GBR,0,1,0,,112.67,1,N
85297,2,3,11,9,0,4,2,0,0,2,ITA,0,1,0,,105,1,N
114318,123,6,24,17,2,1,2,0,0,2,CHN,0,1,0,,105.3,1,N
113430,146,6,23,4,2,1,2,1,0,3,DEU,0,1,0,,162,2,N
53591,121,6,26,24,1,2,2,0,0,2,PRT,0,1,0,,90,0,Y
90092,6,5,23,29,2,2,3,0,0,3,CN,0,4,0,,135.58,3,N
49537,126,4,16,14,0,3,2,0,0,2,PRT,0,1,0,,65,0,Y
93057,106,7,28,8,2,6,2,0,0,2,GBR,0,1,0,,72.25,2,N
78730,0,10,42,12,1,2,1,0,0,1,ISR,0,1,0,,106.67,0,N
64169,28,3,9,2,0,3,2,0,0,2,PRT,0,1,0,,95,0,Y
104998,33,1,4,22,2,3,1,0,0,1,DEU,0,1,0,,74.38,0,N
54519,116,7,30,18,2,5,2,0,0,2,ITA,0,4,0,,121.37,0,Y
56635,198,9,37,9,1,2,2,0,0,2,PRT,0,1,0,,90,0,Y
111971,13,5,20,15,1,2,1,0,0,1,FRA,0,5,0,450,125,0,N
88271,180,5,19,2,1,1,2,0,0,2,ITA,0,1,0,,100,1,N
56611,178,9,37,9,0,2,1,0,0,1,PRT,0,1,0,,135,0,Y
66078,163,4,15,13,1,3,2,0,0,2,DEU,0,4,0,,137.25,2,Y
45876,98,11,48,23,1,4,2,0,0,2,MEX,0,1,3,,75,0,N
44739,79,10,41,10,1,1,2,0,0,2,ESP,0,1,0,,62,0,N
114429,21,6,25,18,2,2,2,0,0,2,ISR,0,5,0,,190,0,N
96081,58,8,35,24,0,4,2,0,0,2,PRT,0,1,0,,85,1,N
94071,153,7,31,27,0,4,2,0,0,2,DEU,0,1,0,,91.38,1,N
49039,104,4,15,5,0,2,2,0,0,2,PRT,0,1,0,,96,0,Y
94806,27,8,33,8,1,1,2,1,0,3,FRA,0,1,0,,195.5,2,N
108447,56,3,12,24,1,2,2,0,0,2,NLD,0,4,0,,106.2,1,N
84938,38,3,10,3,0,3,2,0,0,2,PRT,0,1,0,,87.71,1,N
93560,292,7,30,21,0,2,2,0,0,2,DEU,0,1,0,,115,0,N
56973,43,9,38,16,0,2,2,0,0,2,PRT,0,1,0,,130,0,Y
43494,27,9,38,18,2,2,2,0,0,2,PRT,0,1,0,,120.9,0,Y
102548,35,11,49,28,1,2,1,0,0,1,AUT,0,1,0,,65,0,N
42696,69,9,37,9,0,2,2,0,0,2,PRT,0,1,0,,62,0,N
50818,43,5,20,9,1,2,2,0,0,2,AUT,0,1,0,,126.9,0,Y
106189,10,2,8,21,0,2,2,0,0,2,NLD,0,1,0,,70,2,N
98228,332,9,39,22,1,3,2,0,0,2,PRT,0,1,1,,77.23,0,N
99386,212,10,42,9,2,2,3,0,0,3,BRA,0,4,0,,103.84,1,N
96246,184,8,35,27,2,2,2,0,0,2,NLD,0,1,0,,90.95,1,N
41749,138,8,34,22,2,1,2,0,0,2,ITA,0,1,0,,94.5,0,N
55742,4,8,34,20,0,1,2,0,0,2,PRT,0,1,0,47,121.6,0,Y
109183,76,4,14,3,1,4,2,0,0,2,FRA,0,1,0,,85,0,N
99318,158,10,42,9,2,1,3,0,0,3,FRA,0,4,0,,151.2,2,N
51021,273,5,20,13,1,2,2,0,0,2,PRT,0,1,0,,95,0,Y
52350,66,6,23,4,1,1,3,0,0,3,FRA,0,4,0,,154.8,0,Y
50208,101,4,18,26,0,1,1,0,0,1,PRT,0,1,0,,74,0,Y
55474,165,8,33,13,2,5,3,0,0,3,FRA,0,1,0,,137.34,0,Y
60331,277,11,46,7,1,2,2,0,0,2,PRT,0,1,0,,100,0,Y
119262,239,8,35,27,2,3,2,0,0,2,DEU,0,1,0,,96.25,0,N
56607,266,9,37,9,0,2,2,0,0,2,PRT,0,1,0,,105,0,Y
83567,4,2,6,5,0,2,2,1,0,3,ESP,0,1,0,,120,2,N
93595,226,7,30,22,0,2,2,0,0,2,USA,0,1,0,,76.5,1,N
88275,82,5,19,2,1,1,1,0,0,1,ITA,0,1,1,,80,1,N
73848,307,8,34,20,0,2,2,0,0,2,PRT,1,1,0,,62.8,0,Y
65965,39,4,15,11,0,3,2,0,0,2,BEL,0,1,0,,120,0,Y
94030,125,7,31,29,0,1,2,1,0,3,FRA,0,1,0,,130.5,1,N
82973,25,1,2,9,1,1,2,0,0,2,PRT,0,1,2,,70,0,N
66971,294,4,17,26,2,6,2,0,0,2,DEU,0,1,0,,109.8,2,Y
98003,10,10,41,7,2,2,2,0,0,2,AGO,0,1,0,,134.5,4,N
116226,82,7,29,16,1,0,3,0,0,3,GRC,0,4,0,,190,1,N
48212,18,3,12,18,1,2,2,0,0,2,FRA,0,1,0,,97,0,Y
111968,98,5,20,14,2,2,2,0,0,2,AUT,0,1,0,,139.5,4,N
97178,14,9,38,11,2,0,2,0,0,2,PRT,0,1,0,,118,1,N
102440,55,11,48,24,2,3,2,0,0,2,BRA,0,1,1,,68.07,1,N
105949,2,2,7,17,0,2,1,0,0,1,PER,0,1,0,,99,1,N
46168,4,12,51,19,0,1,2,0,0,2,PRT,0,2,0,,77.25,1,N
41127,0,8,33,12,0,3,2,0,0,2,FRA,0,1,0,,138,0,N
65525,1,4,14,5,0,1,1,0,0,1,PRT,0,4,0,,157.5,0,Y
104154,334,1,1,2,1,4,3,0,0,3,RUS,0,4,0,,107.95,3,N
73962,279,7,30,23,0,2,2,0,0,2,PRT,1,1,0,,62,0,Y
73525,457,8,34,25,0,2,2,0,0,2,PRT,0,1,0,,122.4,1,Y
93113,150,7,29,10,2,5,3,0,0,3,NLD,0,1,0,,96.9,2,N
47708,61,2,10,29,1,2,1,0,0,1,DEU,0,1,0,,78.9,1,Y
81873,178,4,18,28,0,3,1,0,0,1,PRT,1,1,0,,110,0,Y
55890,10,8,35,24,0,1,2,0,0,2,GBR,0,1,0,,140,3,Y
74558,346,9,40,28,1,1,2,0,0,2,PRT,1,1,0,,62,0,Y
82168,99,2,8,19,0,1,2,0,0,2,PRT,1,1,0,67,80,0,Y
75945,301,8,33,14,0,2,2,0,0,2,PRT,1,1,0,,101.5,0,Y
78857,289,10,42,17,0,1,1,0,0,1,PRT,0,1,1,,0,0,N
40384,132,7,30,23,0,1,2,0,0,2,PRT,0,1,0,,90,0,N
60411,489,11,46,10,0,2,2,0,0,2,PRT,0,1,0,,62.8,0,Y
45220,50,10,43,24,0,1,2,0,0,2,PRT,0,1,0,,146,0,Y
51744,158,5,22,24,0,2,1,0,0,1,PRT,0,1,0,,130,0,Y
70756,295,6,25,22,0,2,2,0,0,2,BEL,0,,0,,108,2,Y
41342,150,8,33,14,1,2,2,0,0,2,FRA,0,,0,,76.5,1,N
58480,461,10,42,13,0,1,1,0,0,1,PRT,0,,0,,59,0,Y
47002,12,2,6,3,0,2,2,2,0,4,CHN,0,,0,,171,0,Y
55484,162,8,34,14,2,1,3,0,0,3,ITA,0,,0,,146.7,0,Y
67869,95,5,19,8,1,3,2,0,0,2,GBR,0,,0,,108,0,Y
42902,6,9,37,11,1,2,2,0,0,2,PRT,0,,0,,127,0,Y
86957,62,4,15,9,2,1,2,0,0,2,ITA,0,,0,,118.8,0,N
92145,12,6,27,29,0,2,1,0,0,1,USA,0,,0,,151,2,N
47942,61,3,11,10,0,3,2,0,0,2,GBR,0,,0,,87.3,0,Y
59455,464,10,44,28,0,2,2,0,0,2,PRT,0,1,2,,65,0,Y
105420,26,2,6,7,0,1,1,0,0,1,FRA,0,1,1,407,75,0,N
52063,56,5,23,30,1,0,1,0,0,1,PRT,0,1,0,,120,0,Y
64662,27,3,11,15,0,1,1,0,0,1,PRT,0,4,0,,89.97,0,Y
40397,0,7,30,24,0,2,2,1,0,3,PRT,0,4,1,,0,2,N
86872,11,4,16,10,1,0,1,0,0,1,USA,0,4,0,197,90,1,N
78649,5,10,42,12,1,1,2,0,0,2,PRT,0,1,0,,138,0,N
102940,56,12,50,7,0,3,2,0,0,2,ITA,0,2,1,,82.44,1,N
58166,72,10,41,7,0,2,2,0,0,2,TUN,0,1,1,,85.5,0,Y
68606,28,5,20,19,0,2,3,0,0,3,ITA,0,4,0,,230,1,Y
97336,346,9,38,13,0,2,2,0,0,2,DEU,0,1,0,,115,1,N
94154,301,7,31,30,1,1,2,0,0,2,DEU,0,1,0,,115,1,N
90986,34,6,25,12,2,1,0,2,0,2,USA,0,2,0,,119.5,1,N
81173,6,12,49,3,0,2,2,0,0,2,SGP,0,1,0,,55,0,N
49438,31,4,16,14,0,1,2,0,0,2,PHL,0,1,0,,94.5,0,Y
72003,270,7,29,17,1,3,2,0,0,2,FRA,0,1,0,,89.1,0,Y
106038,59,2,7,14,0,5,2,0,0,2,FRA,0,4,0,,98.6,2,N
80796,5,5,22,24,0,1,1,0,0,1,PRT,1,1,0,40,67,0,N
106928,45,3,9,3,0,2,2,0,0,2,FRA,0,1,0,,75,0,N
88798,21,5,20,9,1,3,2,0,0,2,JPN,0,1,0,,114,2,N
49439,13,4,16,14,0,1,2,0,0,2,PRT,0,1,1,,131.6,0,Y
93955,64,7,31,25,1,3,2,0,0,2,FRA,0,1,0,,94.5,1,N
86558,83,4,15,3,2,1,2,2,0,4,GBR,0,6,0,,159.3,2,N
107812,189,3,11,14,0,5,2,0,0,2,DEU,0,1,0,,68.07,1,N
78710,3,6,26,20,1,1,1,0,0,1,PRT,0,1,0,40,67,1,N
48173,19,3,12,18,0,2,2,1,0,3,ITA,0,1,0,,174.5,0,Y
75019,268,7,29,12,2,1,2,0,0,2,PRT,1,1,0,,82,0,Y
50922,286,5,20,11,0,4,3,0,0,3,AUT,0,1,1,,143.5,1,N
64818,72,3,11,17,0,1,2,2,0,4,USA,0,6,0,,160.2,0,Y
49313,80,4,16,10,2,1,1,0,0,1,PRT,0,1,0,,100,0,Y
110904,206,5,18,1,1,2,2,0,0,2,BEL,0,1,0,,117,0,N
84709,0,3,10,1,0,2,1,0,0,1,PRT,0,1,0,,89,1,N
64681,6,3,11,15,0,2,1,0,0,1,IRL,0,2,0,,100.6,0,Y
76316,138,7,28,11,3,6,1,0,0,1,PRT,0,1,0,,68,1,Y
79257,444,12,49,1,0,3,1,0,0,1,PRT,1,1,0,,75,0,Y
79987,29,11,45,6,1,2,2,0,0,2,CHE,0,1,0,,96.3,2,N
102846,43,12,50,4,2,1,2,0,0,2,FRA,0,4,0,,110.2,1,N
40983,0,8,33,10,1,1,2,1,0,3,MAR,0,1,0,,110,0,N
57067,2,9,38,17,2,3,2,0,0,2,PRT,0,5,0,,181.79,0,Y
100904,36,11,45,1,0,3,2,0,0,2,FRA,0,1,0,,75,0,N
83339,14,1,5,28,0,1,1,0,0,1,PRT,0,1,0,,80,0,N
96475,0,8,36,30,0,4,3,0,0,3,HRV,0,4,1,,142.2,1,N
95347,81,8,34,16,0,2,2,1,0,3,FRA,0,1,0,,161.1,1,N
77432,0,9,38,17,0,1,1,0,0,1,PRT,0,1,0,,0,0,N
45877,98,11,48,23,1,4,1,0,0,1,MEX,0,1,1,,70,0,N
43849,87,9,39,25,2,3,2,0,0,2,PRT,0,1,0,,170,0,Y
110135,68,4,16,21,0,2,2,0,0,2,AUT,0,1,0,,126,3,N
72498,61,7,30,29,2,1,3,0,0,3,CHN,0,5,0,,197.4,0,Y
44913,59,10,42,15,2,4,2,0,0,2,FIN,0,1,0,,89.25,2,N
72633,85,8,31,1,1,5,2,0,0,2,ESP,0,1,0,,144.33,1,Y
98021,271,9,39,21,0,3,1,0,0,1,BEL,0,1,1,,85.67,0,N
47154,7,2,7,10,1,4,3,0,0,3,FRA,0,4,2,,127,1,Y
105462,0,2,6,7,0,2,2,0,1,3,PRT,0,1,2,,107,1,N
95042,207,8,33,7,2,5,2,0,0,2,ITA,0,1,0,,90.95,1,N
70005,169,6,23,8,0,3,2,0,0,2,PRT,0,1,0,,170,0,Y
84481,17,2,9,23,0,4,2,2,0,4,GBR,0,6,0,,171,0,N
55728,157,8,34,19,2,3,2,2,0,4,POL,0,6,0,,217.6,0,Y
43439,74,9,38,18,0,2,2,0,0,2,PRT,0,1,0,,101.5,0,Y
85337,6,3,11,10,0,3,2,0,0,2,TUR,0,1,0,,65,0,N
53689,39,6,27,27,1,3,2,0,0,2,FRA,0,1,0,,113.4,0,Y
55743,4,8,34,20,0,1,2,0,0,2,PRT,0,1,0,47,121.6,0,Y
71254,109,6,26,30,1,2,2,0,0,2,GBR,0,5,0,,198,0,Y
45952,139,12,49,3,0,1,2,0,0,2,PRT,0,1,0,,72.25,1,Y
71356,172,7,27,3,1,3,3,0,0,3,BRA,0,4,0,,153.9,0,Y
110016,19,4,16,18,0,3,1,0,0,1,NLD,0,1,0,,79.8,1,N
87626,62,4,17,22,0,1,2,0,0,2,DEU,0,4,0,,91.48,1,N
64903,46,3,12,20,1,2,3,0,0,3,FRA,0,4,0,,142.2,0,Y
60932,128,11,48,26,1,1,2,0,0,2,DEU,0,1,0,,79.2,0,Y
87876,71,4,18,24,2,1,2,0,0,2,PRT,0,1,0,,88.5,0,N
113806,32,6,23,7,1,4,1,0,0,1,CHE,0,1,0,,137.6,2,N
95335,6,8,34,14,2,2,2,0,0,2,PRT,0,4,0,,170,2,N
99186,29,10,41,5,1,4,2,0,0,2,POL,0,4,0,,161,2,N
48683,76,3,13,26,2,3,2,0,0,2,DEU,0,4,0,,99.45,0,Y
87446,66,4,16,15,2,3,2,0,0,2,CHE,0,4,0,,108.8,0,N
70100,219,6,23,9,1,2,2,0,0,2,PRT,0,1,0,,105,0,Y
45670,140,11,47,18,0,3,1,0,0,1,PRT,0,1,1,,65,0,N
106128,68,2,7,16,2,3,2,0,0,2,FRA,0,1,0,,90.1,1,N
48592,161,3,13,25,1,2,2,0,0,2,PRT,0,1,0,,130,0,Y
55709,291,8,34,19,0,2,2,0,0,2,PRT,0,1,0,,115,0,Y
71440,223,7,27,5,1,4,2,0,0,2,USA,0,1,0,,89.1,0,Y
102200,40,11,48,20,2,2,2,0,0,2,BRA,0,1,0,,57.6,1,N
76164,233,9,38,18,0,1,2,0,0,2,PRT,1,1,0,,120,0,Y
67567,252,5,18,4,1,3,3,0,0,3,IRL,0,4,0,,145.8,1,Y
40068,63,7,27,2,1,3,1,0,0,1,PRT,0,1,0,,68,0,Y
70015,169,6,23,8,0,3,2,0,0,2,PRT,0,1,0,,170,0,Y
77290,4,9,38,16,0,3,2,0,0,2,PRT,0,4,0,,147.6,1,Y
113172,82,5,22,31,0,3,2,0,0,2,NLD,0,4,2,,198,2,N
40601,2,8,32,3,1,0,2,,0,2,PRT,0,2,0,,12,1,Y
110215,42,4,16,21,1,2,2,0,0,2,BRA,0,4,0,,156.67,2,N
79559,13,10,43,22,2,5,2,0,0,2,NLD,0,1,0,,131.97,0,N
73663,223,8,35,29,0,4,2,0,0,2,BEL,0,1,0,,99,2,Y
104609,34,1,3,18,0,1,1,0,0,1,ESP,0,1,0,,75,0,N
86289,8,3,14,30,0,1,2,1,0,3,DNK,0,1,0,,128,2,N
61124,45,12,49,2,0,2,3,0,0,3,PRT,0,4,0,,127.2,0,Y
99684,377,10,42,14,0,2,2,0,0,2,DEU,0,1,0,,115,1,N
67780,197,5,19,7,2,1,2,0,0,2,BEL,0,1,0,,99,2,Y
94146,73,7,31,29,1,2,3,1,0,4,FRA,0,5,0,,173.7,0,N
68556,175,5,20,19,0,1,1,0,0,1,PRT,0,1,0,,90,0,Y
53324,290,6,25,17,1,2,2,0,0,2,FRA,0,1,0,,72,1,N
107476,49,3,10,10,1,2,2,0,0,2,CZE,0,1,0,,77.76,1,N
66604,206,4,16,22,2,1,1,0,0,1,ROU,0,1,0,,109.8,0,Y
97326,346,9,38,13,0,2,1,0,0,1,PRT,0,1,1,,90,0,N
52885,71,6,25,14,0,3,1,0,0,1,PRT,0,1,0,,120,0,Y
74604,360,10,42,12,1,1,2,0,0,2,PRT,1,1,0,,62,0,Y
89830,109,5,22,23,1,3,2,0,0,2,CHE,0,1,0,,75,0,N
88028,57,4,18,28,0,2,3,0,0,3,ITA,0,1,0,,148.95,0,N
73915,265,7,28,9,0,2,2,0,0,2,PRT,1,1,0,,62,0,Y
68166,167,5,20,14,2,1,2,0,0,2,FRA,0,1,0,,126,1,Y
75690,295,8,32,8,2,2,2,0,0,2,PRT,1,1,0,,62,0,Y
68591,105,5,20,19,0,2,1,0,0,1,PRT,0,1,0,,160,0,Y
80470,34,12,50,8,0,2,1,0,0,1,PRT,1,1,0,,90,0,Y
57890,258,10,41,2,2,5,2,0,0,2,CHE,0,1,0,,90.1,0,Y
58278,180,10,42,10,1,0,1,0,0,1,FRA,0,1,0,,98.1,1,Y
101286,36,11,46,8,0,2,2,0,0,2,FRA,0,1,0,,142.45,1,N
56748,80,9,38,12,1,2,3,0,0,3,FRA,0,4,0,,168.3,0,Y
44287,198,10,40,3,1,1,2,0,0,2,PRT,0,1,0,,60,0,Y
117536,70,8,31,4,0,1,2,2,0,4,NLD,0,6,1,,249,1,N
92617,6,7,28,12,0,1,2,0,0,2,PRT,0,1,0,40,75,0,N
95350,129,8,34,17,0,1,3,0,0,3,ITA,0,4,0,,146.7,3,N
64424,241,3,10,9,0,3,1,0,0,1,DEU,0,1,0,,84.6,0,Y
101579,180,11,47,13,1,0,1,0,0,1,GBR,0,1,0,,51.28,2,N
51972,64,5,22,27,0,2,2,0,0,2,GBR,0,4,0,,140.4,0,Y
98916,6,11,48,23,0,2,1,0,0,1,PRT,0,1,0,40,65,1,N
78670,6,10,43,19,1,3,2,0,0,2,PRT,1,1,1,,114,0,Y
87215,0,4,16,15,0,1,2,0,0,2,PRT,0,1,0,,99,1,N
105374,26,2,5,4,1,1,2,0,0,2,FRA,0,1,2,,90,0,N
66455,125,4,16,20,0,3,2,0,0,2,PRT,0,1,0,,85,0,Y
72001,154,7,29,17,1,3,2,0,0,2,FIN,0,4,0,,116.1,0,Y
83492,9,2,6,3,0,2,1,0,0,1,FRA,0,1,0,,67,0,N
73705,112,8,35,31,1,3,2,0,0,2,DEU,0,1,0,,145,2,Y
79258,444,12,49,1,0,3,1,0,0,1,PRT,1,1,0,,75,0,Y
78644,1,10,42,13,0,1,1,0,0,1,PRT,0,1,0,,0,1,Y
72859,30,8,32,8,0,2,2,0,0,2,FRA,0,1,0,,180,2,Y
53771,2,6,27,29,0,4,2,0,0,2,PRT,0,6,0,,214,0,Y
107663,11,3,11,12,2,2,2,0,0,2,FRA,0,1,0,,93.93,1,N
69895,169,6,23,8,0,3,2,0,0,2,PRT,0,1,0,,170,0,Y
52043,205,5,23,29,2,1,2,0,0,2,PRT,0,1,0,,90,0,Y
88232,104,4,18,28,2,3,2,0,0,2,DEU,0,1,0,,96.55,1,N
115948,127,7,27,8,2,3,3,0,0,3,GBR,0,1,1,,122.08,1,N
75373,313,8,35,26,0,2,2,0,0,2,PRT,1,1,0,,62,0,Y
70729,153,6,25,21,0,4,1,0,0,1,PRT,0,1,0,348,110,0,Y
63690,15,2,7,17,0,2,2,0,0,2,PRT,0,1,0,,95,0,Y
68482,52,5,20,18,1,3,2,0,0,2,CHE,0,1,0,,160,0,Y
112515,14,7,29,17,1,2,1,0,0,1,IRL,0,1,1,485,75,2,N
61413,322,12,50,9,0,2,2,0,0,2,PRT,0,1,0,,52,0,Y
53822,11,6,27,30,0,3,2,0,0,2,FRA,0,1,0,,139,1,Y
67373,54,5,18,3,0,1,2,0,0,2,PRT,0,1,0,,126,0,Y
77462,2,9,38,19,0,1,2,0,0,2,PRT,0,4,0,,200,1,N
116625,342,7,29,16,2,5,2,1,0,3,FRA,0,1,0,,158.85,3,N
56647,198,9,37,9,1,2,2,0,0,2,PRT,0,1,0,,120,0,Y
114402,168,6,25,18,2,2,2,0,0,2,FRA,0,4,2,,130.5,3,N
110182,133,4,16,19,0,4,2,0,0,2,ISL,0,1,0,,124,0,N
60490,72,11,46,12,1,1,2,0,0,2,ESP,0,1,0,,95.4,0,Y
99563,6,10,42,13,0,1,1,0,0,1,ESP,0,1,0,,95,0,N
103027,4,12,50,8,0,3,2,2,0,4,ESP,0,6,0,,178,2,N
48702,5,3,14,27,2,3,2,2,0,4,DEU,0,6,0,,254,0,Y
81187,6,2,5,4,0,1,2,0,0,2,PRT,0,1,1,,97,1,N
79432,137,1,5,27,0,2,1,0,0,1,PRT,1,1,0,,70,0,Y
95536,320,8,34,18,0,2,2,0,0,2,DEU,0,1,0,,115,1,N
77853,14,10,40,1,2,7,1,0,0,1,PRT,1,1,0,,122.11,1,Y
41634,0,8,34,20,0,1,2,0,0,2,STP,0,1,0,,124,3,N
83150,0,1,4,21,0,1,2,0,0,2,NLD,0,1,0,,91,1,N
72423,175,7,30,28,0,2,1,0,0,1,CHE,0,1,0,,121.5,0,Y
90305,188,6,23,2,0,3,2,0,0,2,ITA,0,1,0,,80.75,0,N
107927,69,3,11,17,1,2,2,0,0,2,GBR,0,1,0,,79.2,0,N
94853,35,8,33,7,2,2,2,0,0,2,NLD,0,1,1,,154.1,2,N
95275,89,8,34,15,1,1,3,0,0,3,NLD,0,4,0,,150.3,1,N
104236,28,1,1,5,1,3,2,1,0,3,HRV,0,1,0,,107.1,2,N
52500,213,6,24,7,0,3,2,0,0,2,PRT,0,1,0,,130,0,Y
86217,4,3,14,27,2,1,2,2,0,4,UKR,0,6,0,,194.33,2,N
94693,196,8,32,1,2,5,2,0,0,2,ITA,0,4,0,,99.45,1,N
82089,1,12,52,20,1,0,2,0,0,2,PRT,0,1,0,,75,0,N
47421,47,2,8,20,2,2,2,0,0,2,IRL,0,4,0,,79.35,0,N
82882,68,2,8,17,0,2,2,0,0,2,PRT,1,1,0,,75,0,Y
98790,42,10,41,2,2,1,2,0,0,2,GBR,0,1,0,,97.02,1,N
64376,3,3,10,7,6,15,1,0,0,1,PRT,0,7,0,,231.81,0,Y
87756,64,4,17,23,1,1,2,0,0,2,PRT,0,4,0,,118.8,1,N
41132,6,8,33,12,2,4,2,0,0,2,PRT,0,1,0,,90,2,N
47238,25,2,7,13,0,1,2,0,0,2,FRA,0,1,0,,91,0,Y
88889,2,5,20,8,2,4,1,0,0,1,AUT,0,1,0,,119.67,0,N
49684,275,4,17,17,2,0,2,0,0,2,PRT,0,1,0,,110,0,Y
74411,290,8,32,3,1,1,2,0,0,2,PRT,1,1,0,,62,0,Y
79127,26,10,43,21,0,1,1,0,0,1,PRT,0,1,0,40,65,0,N
54192,165,7,28,8,0,2,2,0,0,2,ESP,0,1,0,,94.5,0,Y
115967,165,7,28,12,0,1,2,0,0,2,FRA,0,1,0,,89.1,1,N
51616,84,5,22,22,2,3,2,0,0,2,ESP,0,1,0,,135.31,1,Y
61342,517,12,50,8,0,2,2,0,0,2,PRT,0,1,0,,62.8,0,Y
57153,49,9,39,19,1,3,2,0,0,2,ESP,0,4,0,,192.6,1,Y
53154,344,6,25,16,0,2,2,0,0,2,PRT,0,1,0,,62,0,Y
116723,423,7,29,22,1,1,1,0,0,1,DEU,0,1,1,,95.5,0,N
100246,386,10,44,23,2,0,2,0,0,2,DEU,0,1,0,,115,1,N
78441,53,11,47,18,0,4,1,0,0,1,PRT,1,1,1,,65,0,Y
119069,311,8,35,28,1,0,2,0,0,2,PRT,0,1,0,,89.1,0,N
115617,175,7,27,7,0,2,2,0,0,2,GBR,0,1,0,,89.1,0,N
63364,37,2,6,9,2,3,2,0,0,2,FRA,0,1,0,,74.8,1,Y
43099,35,9,38,14,2,5,2,0,0,2,PRT,0,1,1,,67.49,0,N
42753,0,9,37,9,0,3,2,0,0,2,USA,0,1,0,,152,2,N
104849,8,1,3,20,1,2,2,0,0,2,NOR,0,4,0,,123.33,0,N
91403,5,6,26,20,1,0,1,0,0,1,FRA,0,1,0,227,95,0,N
72331,243,7,30,26,0,4,2,0,0,2,PRT,0,1,0,,110,0,Y
64284,144,3,9,4,1,1,2,2,0,4,BRA,0,6,0,,174,0,Y
68706,24,5,20,20,0,1,1,0,0,1,PRT,0,1,1,,130,1,Y
76962,342,9,39,24,2,4,2,0,0,2,PRT,1,1,0,,170,0,Y
45167,45,10,43,20,0,1,1,0,0,1,PRT,0,1,2,,94.5,2,N
42645,45,9,37,8,0,5,2,0,0,2,CHE,0,1,0,,82.98,0,N
48140,54,3,12,17,1,3,2,0,0,2,BRA,0,1,0,,89.46,0,Y
68498,175,5,20,19,0,1,1,0,0,1,PRT,0,1,0,,90,0,Y
72272,26,7,30,25,0,1,3,0,0,3,FRA,0,4,0,,210,2,Y
47093,45,2,6,6,2,2,1,0,0,1,CHE,0,1,0,,46.9,1,N
105999,114,2,7,15,0,4,2,0,0,2,ESP,0,1,0,242,78,0,N
57983,168,10,41,4,0,4,2,0,0,2,PRT,0,1,0,,96.8,0,Y
102095,215,11,48,21,1,1,1,0,0,1,FIN,0,1,0,233,75,0,N
66949,110,4,17,26,1,4,2,0,0,2,NOR,0,4,0,,158.95,0,Y
50917,286,5,20,11,0,4,2,0,0,2,PRT,0,1,0,,101,0,Y
73480,159,8,34,23,0,4,3,1,0,4,PRT,0,7,0,,225.48,1,Y
96828,59,9,37,5,1,3,2,0,0,2,PRT,0,4,0,,123.98,1,N
101617,48,11,47,13,2,0,2,0,0,2,FRA,0,1,0,,75,0,N
110941,81,5,18,2,0,2,2,0,0,2,DEU,0,1,0,,117,1,N
49896,270,4,17,20,0,4,1,0,0,1,ISL,0,1,1,,70,0,N
96396,79,8,36,28,2,3,2,2,0,4,ESP,0,5,0,,236,2,N
77371,19,10,41,6,0,3,2,0,0,2,PRT,1,1,0,,90,0,Y
108265,16,3,12,23,0,2,1,0,0,1,BEL,0,1,3,,93,0,N
98562,100,9,40,28,0,4,2,0,0,2,ITA,0,1,0,,140,1,N
113364,434,6,22,3,2,1,2,0,0,2,GBR,0,1,0,,112.67,1,N
83568,11,2,6,6,0,1,2,0,0,2,PRT,0,1,0,,93,1,N
109039,2,3,10,9,8,19,0,0,0,0,PRT,0,7,14,,0,0,N
101510,42,11,46,9,0,4,2,0,0,2,DEU,0,1,0,,133.03,1,N
69629,113,6,22,2,1,2,2,0,0,2,GBR,0,1,0,,126,0,Y
45250,50,10,43,24,1,1,2,0,0,2,PRT,0,1,0,,75,0,Y
50875,71,5,20,10,0,3,2,0,0,2,PRT,0,1,0,,90,0,Y
50215,88,4,18,26,0,4,2,0,0,2,DEU,0,1,0,,98.18,0,Y
113781,90,6,23,10,1,1,2,0,0,2,IRL,0,1,0,,100.8,0,N
75763,312,8,35,25,0,4,1,0,0,1,PRT,1,1,0,,60,0,Y
78942,14,10,42,13,2,5,2,0,0,2,POL,0,1,0,,131.43,2,N
51938,316,5,22,26,0,3,2,0,0,2,AUT,0,1,0,,110,0,N
71717,184,7,28,10,3,6,3,0,0,3,DEU,0,4,2,,151.17,1,Y
66746,36,4,17,24,1,3,2,2,0,4,CHE,0,6,0,,224,0,Y
74801,238,9,38,18,2,3,2,0,0,2,PRT,1,1,0,,89.25,2,Y
87486,2,4,17,17,2,2,2,0,0,2,DEU,0,1,0,,72.75,0,N
47806,39,3,10,4,0,2,1,0,0,1,JPN,0,1,0,,76.5,0,Y
61362,55,12,50,8,0,3,1,0,0,1,ESP,0,1,0,,86.4,2,Y
92930,79,7,28,9,2,3,3,0,0,3,PRT,0,4,0,,143.1,0,N
87048,94,4,16,12,0,2,2,0,0,2,USA,0,1,0,,96.3,1,N
85933,41,3,12,16,2,7,2,1,0,3,PRT,0,4,0,,66.72,1,N
75784,323,9,36,5,2,2,2,0,0,2,PRT,1,1,0,,62,0,Y
115801,115,7,27,6,2,3,2,0,0,2,GBR,0,4,0,,135,1,N
69227,126,5,21,27,2,5,2,0,0,2,FRA,0,4,0,,123.81,1,Y
56050,64,8,35,27,2,1,2,0,0,2,GBR,0,4,0,,143.4,1,Y
51232,451,5,21,16,1,2,2,0,0,2,PRT,0,1,0,,60,0,Y
80777,180,4,16,13,0,1,2,0,0,2,PRT,1,1,0,,125,0,Y
97045,277,9,37,5,2,5,2,0,0,2,NOR,0,1,0,,89.14,1,N
83444,9,1,6,31,2,0,1,0,0,1,PRT,0,1,1,40,66,0,N
101704,31,11,47,13,2,2,2,0,0,2,GBR,0,1,0,,88.4,1,N
85760,0,3,13,20,1,0,2,0,0,2,PRT,0,1,0,,129,0,N
83119,0,1,4,19,0,1,1,0,0,1,CHN,0,1,0,,85,0,N
99656,377,10,42,14,0,2,2,0,0,2,DEU,0,1,0,,115,1,N
75330,311,8,35,24,1,1,2,0,0,2,PRT,1,1,0,,62,0,Y
112680,139,5,21,24,0,3,2,0,0,2,BEL,0,4,0,,139.5,1,N
79588,7,10,44,29,0,1,1,0,0,1,PRT,0,1,0,,65,0,N
110968,7,5,18,1,1,3,1,0,0,1,CHE,0,5,0,,210,0,N
109508,52,4,15,12,0,1,3,0,0,3,DEU,0,4,0,,171,0,N
47352,44,2,8,17,0,3,2,0,0,2,PRT,0,1,0,,75,0,Y
62312,129,1,2,8,2,1,1,0,0,1,PRT,0,4,0,,67,0,Y
89443,37,5,21,21,0,1,2,0,0,2,CHE,0,4,0,,108.11,1,N
74446,304,8,34,17,1,1,2,0,0,2,PRT,1,1,0,,62,0,Y
89029,84,5,20,13,2,2,2,2,0,4,CHE,0,6,0,,187.85,1,N
51276,98,5,21,17,0,2,3,0,0,3,ISR,0,4,2,,168.3,0,Y
115260,16,7,27,2,2,0,2,1,0,3,ESP,0,1,0,,180,0,N
52652,71,6,24,9,0,1,2,0,0,2,JPN,0,1,0,,126.9,0,Y
66282,128,4,16,16,2,1,2,0,0,2,PRT,0,1,0,,100,0,Y
83768,4,2,7,9,0,3,2,1,0,3,JPN,0,4,0,,97.1,2,N
81587,197,6,23,3,1,2,2,0,0,2,PRT,1,1,0,,80,0,Y
119341,110,8,35,29,0,5,2,0,0,2,PRT,0,4,1,,171,2,N
89139,3,5,21,16,1,1,1,0,0,1,PRT,0,1,0,40,65,0,N
49818,270,4,17,20,0,4,2,0,0,2,PRT,0,1,0,,80,0,N
83495,11,2,6,3,0,2,2,1,0,3,CHN,0,1,0,,111,2,N
116731,423,7,29,22,1,1,2,0,0,2,DEU,0,1,0,,122.4,1,N
93470,69,7,30,19,0,3,2,2,0,4,NLD,0,6,1,,180.3,2,N
84230,8,2,8,17,0,4,2,0,0,2,DEU,0,4,0,,106,1,N
115249,34,7,27,3,1,0,2,0,0,2,CN,0,1,0,,98.1,3,N
94973,221,8,33,12,0,1,2,0,0,2,DEU,0,1,0,,96,1,N
74125,335,9,38,17,0,2,2,0,0,2,PRT,1,1,0,,62,0,Y
116459,234,7,29,18,0,3,3,0,0,3,PRT,0,4,0,,156.6,2,N
58803,286,10,43,16,1,0,2,0,0,2,PRT,0,1,0,,90,0,Y
69444,55,5,22,31,0,2,2,0,0,2,PRT,0,1,0,,135,0,Y
87452,77,4,16,16,2,2,1,0,0,1,PRT,0,1,1,,95.2,1,N
78100,18,10,40,2,0,2,2,0,0,2,NOR,0,6,0,,186.5,1,N
81935,278,8,33,11,0,1,2,0,0,2,PRT,1,1,0,,65,0,Y
81680,182,4,18,27,0,4,2,0,0,2,PRT,1,1,0,,75,0,Y
54774,230,7,31,26,0,3,2,0,0,2,BEL,0,2,1,,95.75,1,Y
102916,3,12,50,5,1,3,1,0,0,1,BRA,0,1,0,,71.8,0,N
45394,72,10,44,28,0,3,2,0,0,2,PRT,0,1,0,,85.67,0,N
47203,42,2,7,12,1,2,2,0,0,2,PRT,0,1,0,,71.6,0,N
78847,289,10,42,17,0,1,2,0,0,2,SWE,0,1,0,,67,0,N
69038,225,5,21,24,0,4,2,0,0,2,DEU,0,1,0,,107.1,0,Y
51513,22,5,21,20,0,2,2,0,0,2,PRT,0,1,0,,140,0,Y
107307,88,3,10,8,0,3,2,0,0,2,GBR,0,4,0,,106.2,2,N
72009,99,7,29,17,1,4,2,0,0,2,IRL,0,4,0,,150,1,Y
100307,96,10,43,21,2,3,2,0,1,3,NLD,0,4,1,,135.72,2,N
58638,37,10,42,13,0,3,1,0,0,1,PRT,0,1,0,,95,0,Y
57573,103,9,40,28,0,1,1,0,0,1,PRT,0,1,0,,85,0,Y
118317,191,8,33,15,0,3,2,0,0,2,DEU,0,1,2,,132.5,0,N
114861,0,6,26,27,0,1,1,0,0,1,ESP,0,1,0,,102,0,N
73883,321,9,36,3,0,2,2,0,0,2,PRT,1,1,0,,62.8,0,Y
98251,179,9,39,24,2,1,2,0,0,2,DEU,0,1,0,,126.9,2,N
93563,22,7,30,21,0,2,2,2,0,4,ESP,0,6,0,,240,1,N
85108,23,3,10,5,2,3,2,0,0,2,PRT,0,1,0,,65.75,0,N
89109,0,5,21,17,0,0,2,0,0,2,PRT,0,1,0,,0,0,N
47547,35,2,9,26,1,2,2,0,0,2,PRT,0,4,0,,84.9,1,Y
51406,322,5,21,19,1,3,2,0,0,2,PRT,0,1,0,,80,0,Y
91460,54,6,25,17,2,3,2,0,0,2,PRT,0,1,1,,116.1,1,N
84950,0,3,11,6,0,0,2,0,0,2,PRT,0,4,0,,0,0,N
44411,31,10,41,5,1,2,1,0,0,1,MYS,0,1,0,,85.5,2,N
68230,104,5,20,15,1,2,1,0,0,1,PRT,0,1,0,,160,0,Y
52638,33,6,24,9,0,1,2,0,0,2,BEL,0,1,0,,98.1,0,Y
68123,173,5,19,13,2,1,2,0,0,2,DEU,0,1,2,,137.03,0,Y
47882,76,3,11,7,1,3,2,0,0,2,IRL,0,1,0,,65.75,1,N
90894,105,6,24,11,1,1,2,0,0,2,ARG,0,1,0,,126.9,1,N
113225,25,6,22,3,0,1,2,0,0,2,USA,0,1,0,,140,0,N
116782,64,7,30,24,1,0,2,0,0,2,CN,0,1,0,,98,1,N
85384,14,3,11,10,1,3,3,0,0,3,DEU,0,4,0,,69.75,0,N
63836,594,2,8,23,0,2,2,0,0,2,PRT,0,1,0,,62,0,Y
43345,74,9,38,18,0,2,2,0,0,2,PRT,0,1,0,,101.5,0,Y
62663,54,1,3,18,0,3,2,0,0,2,PRT,0,1,0,,65,0,Y
74396,290,8,32,3,1,1,2,0,0,2,PRT,1,1,0,,62,0,Y
41303,39,8,33,14,0,2,2,0,0,2,DEU,0,1,0,,109,0,N
62934,61,1,4,25,0,2,2,0,0,2,PRT,0,1,0,,80,0,Y
111929,27,5,20,17,0,1,1,0,0,1,ESP,0,4,0,150,110,1,N
53397,65,6,26,20,1,1,2,0,0,2,DEU,0,1,0,,126.9,0,Y
59960,305,11,45,4,1,2,2,0,0,2,PRT,0,1,0,,89,0,Y
99425,180,10,42,10,1,2,1,0,0,1,FRA,0,1,1,,120,0,N
45894,92,11,48,26,0,3,2,0,0,2,PRT,0,1,0,,72.25,1,Y
82512,67,12,53,27,2,3,2,0,0,2,FRA,0,1,0,,103.14,1,N
42575,16,9,37,7,1,3,2,0,0,2,BEL,0,1,1,,135,0,N
92674,128,7,28,8,0,2,3,0,0,3,GBR,0,1,0,,146.7,2,N
76397,273,7,29,17,0,2,1,0,0,1,PRT,0,1,1,,87,0,N
73160,25,8,33,16,0,1,2,2,0,4,PRT,0,7,0,,266.96,1,Y
70638,451,6,25,20,0,1,2,0,0,2,PRT,0,1,0,,90,0,Y
66050,41,4,15,13,0,3,2,0,0,2,ESP,0,4,0,,156.67,0,Y
96809,51,9,37,7,0,1,2,0,0,2,CZE,0,1,0,,96.3,1,N
113767,330,6,23,9,1,2,2,0,0,2,DEU,0,1,0,,99,2,N
112261,28,5,21,21,1,0,2,0,0,2,ITA,0,4,1,,199,2,N
56139,44,8,36,30,0,3,2,0,0,2,GBR,0,1,0,,99,0,Y
63757,32,2,8,20,1,1,1,0,0,1,PRT,0,1,0,,75,0,Y
72589,134,7,31,31,3,7,2,1,0,3,FRA,0,1,0,,148.5,0,Y
65957,141,4,15,11,0,1,2,1,0,3,BRA,0,1,0,,135,0,Y
59788,12,11,45,1,0,4,1,0,0,1,DEU,0,1,0,,85,0,Y
113951,97,6,23,10,2,3,2,1,0,3,DEU,0,4,0,,170.5,0,N
46615,5,1,3,11,1,2,2,0,0,2,FRA,0,4,0,,99,1,N
92441,128,7,27,1,2,4,2,2,0,4,USA,0,6,0,,163.2,2,N
59012,468,10,43,20,0,2,2,0,0,2,PRT,0,1,0,,62,0,Y
110170,133,4,16,19,0,4,1,0,0,1,ISL,0,1,3,,102,0,N
51156,121,5,20,14,1,1,2,0,0,2,PRT,0,1,0,,96,0,Y
79846,34,12,50,8,0,2,1,0,0,1,PRT,1,1,0,,90,0,Y
71704,219,7,28,10,1,3,1,0,0,1,GBR,0,1,0,,89.1,1,Y
95200,7,8,33,12,2,2,2,0,0,2,ESP,0,1,0,,174,1,N
59015,63,10,43,20,0,2,1,0,0,1,ITA,0,4,0,,132.3,0,Y
51889,316,5,22,26,0,3,1,0,0,1,AUT,0,1,1,,0,0,N
89577,86,5,21,20,1,2,2,0,0,2,PRT,0,1,0,,65,1,N
102636,8,12,49,1,0,3,2,0,0,2,DNK,0,4,0,,116.33,1,N
112290,0,5,21,21,1,0,1,0,0,1,PRT,0,5,1,,0,0,N
48428,99,3,13,23,0,2,2,0,0,2,PRT,0,1,0,,89.3,1,N
50443,139,4,18,30,2,5,2,0,0,2,FIN,0,5,0,,104.21,0,N
43032,10,9,37,12,2,5,2,0,0,2,PRT,0,1,0,,136.14,2,Y
46325,140,12,53,29,0,5,2,0,0,2,PRT,0,1,0,,70,0,Y
56035,226,8,35,27,1,1,2,0,0,2,PRT,0,1,0,,96,0,Y
98910,0,10,41,4,0,3,2,0,0,2,IRL,0,1,0,,103.5,2,N
55641,405,8,34,18,0,2,2,0,0,2,PRT,0,1,0,,62,0,Y
54281,51,7,29,11,1,1,3,0,0,3,IRL,0,4,0,,142.2,0,Y
44087,92,9,40,30,0,1,2,0,0,2,PRT,0,1,0,,170,0,Y
84063,5,2,8,16,0,3,1,0,0,1,ESP,0,1,1,,64.4,0,N
52326,177,6,23,3,0,2,2,0,0,2,PRT,0,1,0,,100,0,Y
91825,192,6,26,24,0,2,1,0,0,1,SRB,0,1,0,,95,0,N
68511,175,5,20,19,0,1,1,0,0,1,PRT,0,1,0,,90,0,Y
113942,36,6,24,13,0,2,2,1,0,3,IND,0,1,0,,114.8,2,N
46036,198,12,49,5,2,1,1,0,0,1,ESP,0,1,0,,65,0,Y
95586,119,8,33,13,2,6,2,0,0,2,DEU,0,1,0,,72.25,0,N
44978,102,10,42,16,0,2,2,0,0,2,DEU,0,1,0,,109,0,N
118879,22,8,34,25,0,2,1,0,0,1,DEU,0,1,1,,95.5,0,N
114438,149,6,24,17,2,3,2,0,0,2,ITA,0,4,0,,126,2,N
76967,342,9,39,24,2,4,2,0,0,2,PRT,1,1,0,,170,0,Y
62422,171,1,2,13,0,2,3,0,0,3,PRT,0,4,0,,131.4,1,Y
61957,59,12,53,29,0,3,2,0,0,2,AUT,0,1,0,,122.4,1,Y
57089,20,9,39,18,2,2,2,0,0,2,PRT,0,1,0,,95,1,Y
51058,99,5,20,13,1,2,3,0,0,3,DEU,0,4,0,,159.3,0,Y
85725,0,3,13,20,0,0,2,0,0,2,PRT,0,4,0,,0,0,N
93179,162,7,29,16,1,1,2,1,0,3,BEL,0,1,0,,130.5,2,N
67606,15,5,18,5,0,2,2,0,0,2,FRA,0,1,0,,150,1,Y
45124,45,10,42,16,2,2,2,0,0,2,USA,0,4,0,,78.54,2,N
84050,0,2,8,15,1,3,1,0,0,1,PRT,0,1,0,,88,0,N
61180,271,12,49,3,2,1,2,0,0,2,PRT,0,1,0,,78.3,0,Y
42047,104,8,36,30,2,1,2,0,0,2,ESP,0,1,0,,90,0,Y
59275,21,10,44,25,0,3,1,0,0,1,PRT,0,1,0,,83.2,0,Y
94068,170,7,31,24,2,5,3,0,0,3,DNK,0,1,0,,95.13,2,N
60420,489,11,46,10,0,2,2,0,0,2,PRT,0,1,0,,62.8,0,Y
102679,29,12,49,2,0,2,2,0,0,2,PRT,0,1,0,,85,0,N
100123,0,10,43,22,0,1,2,0,0,2,PRT,0,1,0,,130,0,N
94537,280,8,32,4,0,2,2,0,0,2,PRT,0,1,0,,73.46,0,N
72060,336,7,29,19,0,2,2,0,0,2,ITA,0,1,0,,99.9,0,Y
102040,15,11,47,19,2,1,2,0,0,2,ESP,0,1,1,,99.67,2,N
99692,377,10,42,14,0,2,2,0,0,2,DEU,0,1,0,,115,1,N
52661,337,6,24,9,0,2,2,0,0,2,PRT,0,1,0,,62,0,Y
112300,20,5,21,22,1,0,2,0,0,2,USA,0,1,0,,130,1,N
108441,137,3,12,24,1,2,2,0,0,2,DEU,0,1,0,,72,1,N
109494,0,4,15,12,0,0,2,0,0,2,PRT,0,1,0,,0,1,N
109469,186,4,15,9,2,1,2,2,0,4,FRA,0,6,0,,196,0,N
44387,88,10,41,5,1,1,2,0,0,2,PRT,0,1,0,,112.2,0,N
69785,83,6,23,6,0,3,2,0,0,2,CHE,0,1,0,,144,0,Y
96510,59,8,36,31,0,3,2,0,0,2,DEU,0,1,0,,109.8,1,N
104413,3,1,2,10,0,3,2,0,0,2,ITA,0,1,0,,108.53,0,N
80702,32,11,47,20,0,2,1,0,0,1,PRT,0,1,0,,73,0,N
84558,2,2,9,27,0,1,2,0,0,2,CHN,0,1,0,,93,1,N
95518,320,8,34,18,0,2,1,0,0,1,AUT,0,1,1,,90,0,N
65845,66,4,15,9,2,0,2,0,0,2,PRT,0,1,0,,100,0,Y
102256,0,11,48,25,0,0,2,0,0,2,PRT,0,1,0,,0,0,N
73951,272,7,29,16,0,2,2,0,0,2,PRT,1,1,0,,62,0,Y
44257,164,10,40,2,0,2,1,0,0,1,PRT,0,1,0,,100,0,Y
87333,5,4,16,14,1,3,2,0,0,2,CHE,0,4,0,,138.5,1,N
82234,203,6,23,2,0,3,2,0,0,2,PRT,1,1,0,,65,0,Y
91969,2,6,27,26,2,0,2,0,0,2,GBR,0,1,0,,122,1,N
118934,44,8,34,24,0,3,2,0,0,2,FRA,0,4,0,,162.67,1,N
55537,12,8,34,15,1,3,2,0,0,2,FRA,0,1,2,,141,2,Y
98458,12,9,40,28,0,2,2,0,0,2,FRA,0,5,0,,160.2,1,N
103196,12,12,51,14,0,1,1,0,0,1,NLD,0,1,0,,94,0,N
66771,148,4,17,25,0,2,2,0,0,2,CHN,0,1,0,,89.1,0,Y
85520,62,3,12,13,2,2,2,0,0,2,BEL,0,4,0,,63.49,1,N
40238,103,7,29,18,2,1,2,0,0,2,ITA,0,1,0,,94.5,0,Y
117935,203,8,32,7,1,4,1,1,0,2,BEL,0,1,0,,75.6,0,N
61951,538,12,53,29,0,2,2,0,0,2,PRT,0,1,0,,62.8,0,Y
80451,34,12,50,8,0,2,1,0,0,1,PRT,1,1,0,,90,0,Y
72743,54,8,31,4,2,4,2,0,0,2,GBR,0,1,0,,140,1,Y
82897,68,2,8,17,0,2,2,0,0,2,PRT,1,1,0,,75,0,Y
87911,97,4,18,25,1,2,2,0,0,2,BEL,0,1,0,,85.5,0,N
42850,48,9,37,11,1,2,2,0,0,2,PRT,0,1,0,,60,0,N
76035,336,9,38,18,0,2,2,0,0,2,PRT,1,1,0,,101.5,0,Y
86711,53,4,15,3,2,3,2,0,0,2,FRA,0,1,0,,75,0,N
99919,127,10,43,18,0,2,3,0,0,3,NLD,0,4,0,,160.2,1,N
63126,56,2,5,1,0,3,2,0,0,2,PRT,0,1,0,,60,0,Y
62591,48,1,3,16,1,1,2,0,0,2,ITA,0,1,0,,93.6,0,Y
77222,327,9,37,9,2,4,1,0,0,1,PRT,0,1,1,,76,0,N
87423,71,4,17,18,1,1,2,0,0,2,FRA,0,1,0,,85.5,0,N
97410,48,9,38,14,0,2,2,0,0,2,ESP,0,1,0,,130,0,N
68743,113,5,20,20,2,1,1,0,0,1,PRT,0,1,0,,190,0,Y
100806,243,10,44,29,2,2,2,0,0,2,SWE,0,2,1,,81.76,3,N
117221,38,7,31,30,2,0,3,0,0,3,USA,0,4,0,,210,0,N
97791,2,9,39,18,2,1,2,0,0,2,GBR,0,4,0,,194,1,N
87027,20,4,15,9,2,2,2,0,0,2,GBR,0,4,0,,134,1,N
77823,16,9,39,25,2,2,2,0,0,2,ITA,0,1,0,,170,0,N
70216,21,6,24,12,1,1,2,0,0,2,ARG,0,1,0,,109,1,Y
54265,49,7,29,11,1,0,2,0,0,2,CHN,0,1,0,,93.15,0,Y
103325,2,12,51,17,2,1,1,0,0,1,PRT,0,1,0,40,65,1,N
49332,63,4,16,10,2,4,2,2,0,4,FRA,0,6,0,,167.45,1,Y
108888,99,3,13,31,1,2,2,0,0,2,POL,0,1,0,,110.4,2,N
43996,193,9,40,28,1,3,2,0,0,2,NLD,0,1,0,,149.81,1,N
71963,41,7,29,16,2,1,3,0,0,3,IDN,0,5,0,,233.33,0,Y
119276,213,8,35,28,1,3,1,0,0,1,PRT,0,1,1,,104,0,N
82283,19,12,52,22,0,4,2,0,0,2,FRA,0,1,0,,58,1,N
60807,216,11,48,22,0,1,1,0,0,1,PRT,0,1,2,233,137,0,Y
91868,192,6,26,24,0,2,1,0,0,1,PRT,0,1,0,,95,0,N
110819,126,4,17,27,2,3,2,0,0,2,FRA,0,4,2,,163.8,1,N
103023,70,12,50,8,0,3,2,2,0,4,ESP,0,1,0,,113.87,2,N
49020,67,4,15,4,1,4,2,0,0,2,FIN,0,1,0,,80.75,0,Y
43159,76,9,38,16,0,2,2,0,0,2,ESP,0,1,0,,62,0,N
71242,135,6,26,30,0,1,2,0,0,2,PRT,0,1,0,,130,0,Y
97971,0,9,39,22,0,1,2,0,1,3,PRT,0,6,0,,250,0,N
105042,53,1,4,27,0,2,2,0,0,2,CHN,0,1,2,,71.42,1,N
63599,183,2,7,15,0,3,2,1,0,3,GBR,0,1,0,,106.2,1,Y
40480,25,7,31,27,1,1,2,0,0,2,PRT,0,1,0,,62,0,Y
45954,94,12,49,3,0,2,2,0,0,2,PRT,0,1,0,,72.25,1,N
101691,56,11,46,12,2,3,2,0,0,2,FRA,0,1,0,,74.8,1,N
102592,45,11,49,28,1,3,2,0,0,2,FRA,0,1,0,,88.4,0,N
64738,92,3,11,15,0,3,2,0,0,2,PRT,0,1,0,,85,0,Y
98742,0,10,40,1,2,1,2,0,0,2,BEL,0,1,0,,98.1,0,N
81199,29,12,49,4,1,2,2,2,0,4,ITA,0,6,0,,183.67,1,N
52108,57,5,23,31,0,1,1,0,0,1,PRT,0,1,0,,120,0,Y
72315,243,7,30,26,0,4,2,0,0,2,PRT,0,1,0,,110,0,Y
45308,69,10,44,25,2,1,2,0,0,2,PRT,0,1,0,,85.67,0,N
91496,0,6,26,22,0,1,3,0,0,3,PRT,0,4,0,,147,2,N
58574,37,10,42,13,0,3,2,0,0,2,PRT,0,1,0,,105,0,Y
51017,91,5,20,13,1,2,2,1,0,3,FRA,0,4,0,,140.4,0,Y
101890,214,11,48,20,2,1,2,0,0,2,GBR,0,1,2,233,85,1,N
51444,198,5,21,20,0,1,2,0,0,2,PRT,0,1,1,,65,0,Y
106152,8,2,7,18,2,2,3,0,0,3,FRA,0,4,0,,126.6,0,N
70951,213,6,26,26,1,1,2,0,0,2,PRT,0,1,0,,115,0,Y
47552,28,2,9,26,1,2,3,0,0,3,ESP,0,4,0,,125.77,1,Y
55694,291,8,34,19,0,2,2,0,0,2,PRT,0,1,0,,115,0,Y
92042,172,6,27,27,1,2,2,0,0,2,NLD,0,1,0,,96.3,1,N
45455,59,10,44,29,0,2,2,0,0,2,PRT,0,1,0,,85,0,N
69830,23,6,23,7,0,2,2,0,0,2,ESP,0,1,0,,166.5,0,Y
56565,433,9,37,8,0,3,2,0,0,2,PRT,0,1,0,,70,0,Y
109255,94,4,14,6,0,3,2,0,0,2,CHE,0,1,2,,117,1,N
59107,192,10,43,21,0,2,2,0,0,2,PRT,0,1,0,,95,0,Y
44359,61,10,41,4,2,0,2,0,0,2,FRA,0,1,0,,91,0,N
81721,109,2,9,21,2,1,2,0,0,2,PRT,1,1,0,,75,0,Y
42536,23,9,37,6,2,3,2,0,0,2,GBR,0,1,0,,118.8,0,N
56359,251,9,36,3,2,5,2,0,0,2,SWE,0,4,0,,105.64,1,N
104846,33,1,3,15,3,5,3,0,0,3,CYP,0,4,1,,100,2,N
104851,16,1,3,19,1,3,2,0,0,2,NOR,0,1,0,,75.44,1,N
104888,5,1,3,21,2,2,2,0,0,2,FRA,0,1,0,,75,0,N
58865,256,10,43,16,2,3,2,0,0,2,DEU,0,4,0,,103.7,0,Y
92558,4,7,28,6,0,2,2,0,0,2,ESP,0,1,0,,139,1,N
77324,15,10,40,1,0,3,2,0,0,2,PRT,1,4,0,,123.33,1,Y
99715,335,10,42,13,0,3,2,0,0,2,FRA,0,1,1,,90,1,N
119103,518,8,34,26,2,1,1,0,0,1,PRT,0,1,1,,0,0,N
74468,311,8,35,24,1,1,2,0,0,2,PRT,1,1,0,,62,0,Y
95588,82,8,34,19,0,2,3,0,0,3,FRA,0,4,0,,150.3,3,N
51526,212,5,21,20,2,3,2,0,0,2,PRT,0,1,0,,78,0,Y
51703,158,5,22,24,0,2,1,0,0,1,PRT,0,1,0,,130,0,Y
96058,181,8,35,23,0,5,2,1,0,3,PRT,0,1,1,,162.15,2,N
63873,195,2,8,24,0,1,2,0,0,2,BRA,0,1,0,,90,1,Y
51928,316,5,22,26,0,3,2,0,0,2,PRT,0,1,0,,110,0,N
74766,241,10,43,19,1,2,1,0,0,1,USA,0,1,1,,50,0,N
75183,292,8,32,5,0,2,2,0,0,2,PRT,1,1,0,,62,0,Y
101878,39,11,47,13,2,5,2,0,0,2,POL,0,1,0,,64.67,3,N
107482,66,3,10,10,1,2,2,0,0,2,FRA,0,1,0,,80,1,N
72467,10,7,30,29,0,1,1,0,0,1,PRT,0,1,0,40,65,0,Y
59302,98,10,44,26,0,2,2,0,0,2,DNK,0,1,0,,80.1,0,Y
93718,80,7,31,24,2,0,1,0,0,1,FRA,0,1,1,,94.5,1,N
60447,300,11,46,11,0,2,2,0,0,2,PRT,0,1,0,,65,0,Y
114800,396,6,26,25,2,0,2,0,0,2,PRT,0,1,0,,122.4,1,N
48369,251,3,13,22,0,3,2,0,0,2,PRT,0,1,0,,125,0,Y
94351,4,8,32,2,0,1,1,0,0,1,PRT,0,1,0,,121,1,N
57537,250,9,40,26,1,3,2,0,0,2,PRT,0,1,0,,95,0,Y
102271,79,11,47,19,2,5,2,0,0,2,PRT,0,4,0,,91.2,2,N
70210,139,6,24,12,1,1,2,0,0,2,PRT,0,1,0,,110,0,Y
76748,217,8,32,7,0,1,2,0,0,2,FRA,0,2,0,,76.5,3,N
55701,291,8,34,19,0,2,2,0,0,2,PRT,0,1,0,,115,0,Y
97460,40,9,38,13,0,4,1,0,0,1,SWE,0,1,1,,108,0,N
52184,112,6,23,1,0,4,2,0,0,2,PRT,0,4,0,,132.6,0,Y
108222,11,3,12,21,0,3,2,0,0,2,FRA,0,1,0,,98,0,N
48278,94,3,12,19,2,2,2,0,0,2,ITA,0,1,0,,73.95,0,Y
82081,0,12,51,19,0,1,2,1,0,3,PRT,0,1,1,,0,0,N
72707,156,8,31,3,2,3,2,0,0,2,ESP,0,1,0,,122.5,0,Y
47123,37,2,7,8,1,4,2,0,0,2,FRA,0,1,0,,78.5,1,N
81734,109,2,9,21,2,1,2,0,0,2,PRT,1,1,0,,75,0,Y
75566,257,7,27,1,0,2,2,0,0,2,PRT,0,1,0,,101.5,0,N
91722,265,6,26,24,0,2,2,0,0,2,PRT,0,1,0,,115,1,N
53691,9,6,27,27,1,3,2,0,0,2,NOR,0,4,0,,194,2,Y
98874,164,10,41,5,0,1,2,0,0,2,USA,0,1,0,,117,0,N
67827,127,5,19,8,1,1,2,0,0,2,GBR,0,1,0,,126,1,Y
43979,89,9,40,27,1,0,1,0,0,1,PRT,0,1,0,,170,0,Y
50683,288,5,19,5,0,3,2,0,0,2,FRA,0,1,0,,81.67,0,N
83984,13,2,8,16,0,1,1,0,0,1,ESP,0,1,0,,85,0,N
48711,47,3,14,28,1,2,3,0,0,3,ESP,0,4,0,,123.3,0,Y
114553,41,6,24,17,2,5,2,1,0,3,USA,0,1,1,,194.29,2,N
64879,32,3,11,18,2,5,2,2,0,4,EST,0,6,0,,200.86,0,Y
113613,42,6,23,8,0,2,2,0,0,2,DEU,0,1,0,,128.7,0,N
105129,140,1,4,27,1,2,2,0,0,2,IRL,0,1,0,,94.67,2,N
116584,239,7,29,18,0,4,2,0,0,2,DEU,0,1,0,,107.1,2,N
48813,267,3,14,31,0,2,2,0,0,2,PRT,0,1,0,,62,0,Y
54781,182,7,31,26,0,4,2,0,0,2,FRA,0,1,0,,85.25,0,Y
114385,6,6,25,19,1,1,2,0,0,2,NLD,0,1,0,,108,0,N
86620,19,4,15,4,1,2,2,0,0,2,PRT,0,4,1,,101.27,1,N
98308,22,9,40,26,1,1,2,0,0,2,BRA,0,1,1,,139,1,N
58961,54,10,43,19,0,2,2,1,0,3,GBR,0,1,0,,130,0,Y
75137,276,7,30,20,1,1,2,0,0,2,PRT,1,1,0,,62,0,Y
105777,73,2,7,12,2,1,2,0,0,2,FRA,0,1,0,,72,0,N
62437,6,1,2,14,0,1,2,2,0,4,PRT,0,6,0,,168,0,Y
99816,6,10,43,17,1,1,1,0,0,1,AUT,0,1,0,174,95,0,N
115756,29,7,27,7,1,2,2,0,0,2,GBR,0,1,0,,140,1,N
58419,279,10,42,12,0,3,2,0,0,2,PRT,0,1,0,,110,0,Y
76605,138,7,30,25,0,1,2,0,0,2,PRT,0,1,0,,60,0,N
86562,66,4,15,4,1,1,1,0,0,1,ITA,0,1,0,,99.9,0,N
90558,247,6,24,6,1,1,2,0,0,2,DEU,0,1,0,,115,1,N
115223,134,7,27,2,1,0,3,0,0,3,COL,0,4,0,,152.1,0,N
75550,257,7,27,1,0,2,1,0,0,1,PRT,0,1,1,,80,0,N
82108,0,2,6,2,0,2,1,0,0,1,PRT,0,1,0,40,65,0,N
78311,2,4,17,20,0,1,1,0,0,1,PRT,0,1,0,40,67,0,N
69116,167,5,21,25,0,3,2,0,0,2,PRT,0,1,0,,115,0,Y
64630,0,3,11,14,0,1,2,0,0,2,PRT,0,1,0,,12,0,Y
44165,164,10,40,2,0,1,1,0,0,1,PRT,0,1,0,,100,0,N
47641,116,2,10,28,2,1,1,0,0,1,PRT,0,1,0,,61,0,Y
46550,24,1,2,6,0,2,2,0,0,2,BRA,0,1,0,,115.5,1,N
64516,15,3,10,11,2,1,2,0,0,2,USA,0,4,0,,121.33,0,Y
98195,21,9,40,25,1,0,1,0,0,1,AUS,0,1,0,,87.01,1,N
84538,1,2,9,27,0,1,2,0,0,2,PRT,0,4,0,,97,1,N
88702,93,5,20,8,2,1,2,0,0,2,FRA,0,1,1,,170.1,0,N
45148,216,10,43,19,1,2,2,0,0,2,PRT,0,1,0,,12,0,Y
95961,0,8,35,25,0,1,2,0,0,2,PRT,0,1,0,,92.98,0,N
50605,204,5,19,5,0,3,2,0,0,2,PRT,0,1,0,,100,0,Y
47204,9,2,7,12,1,2,1,0,0,1,GBR,0,1,0,,85,1,Y
108077,151,3,12,20,1,1,2,0,0,2,PRT,0,1,0,,95,1,N
45921,84,11,48,27,1,2,1,0,0,1,PRT,0,1,1,,56,0,N
110021,99,4,15,15,2,4,2,0,0,2,DEU,0,1,0,,105,0,N
84029,7,2,8,14,2,2,2,0,0,2,GBR,0,1,0,,66.57,1,N
68583,105,5,20,19,0,2,1,0,0,1,PRT,0,1,0,,160,0,Y
100369,133,10,44,23,2,2,2,0,0,2,GBR,0,4,0,,108.38,1,N
96052,136,8,35,26,0,2,1,0,0,1,CHE,0,1,0,,90.9,0,N
81926,278,8,33,11,0,1,2,0,0,2,PRT,1,1,0,,65,0,Y
46283,146,12,53,29,0,3,2,0,0,2,AUT,0,1,0,,75,0,N
46874,17,1,4,23,0,1,2,0,0,2,PRT,0,1,0,,69.5,1,N
114462,90,6,25,19,1,2,3,0,0,3,GBR,0,4,1,14,225,3,N
64159,28,3,9,2,0,3,2,0,0,2,PRT,0,1,0,,95,0,Y
75695,295,8,32,8,2,2,2,0,0,2,PRT,1,1,0,,62,0,Y
108034,151,3,12,20,1,1,2,0,0,2,PRT,0,1,0,,95,1,N
86362,16,3,14,29,0,4,2,0,0,2,ITA,0,1,0,,141,1,N
114241,141,6,24,16,1,2,2,0,0,2,DEU,0,1,0,,89.1,0,N
108438,33,3,12,25,1,1,2,0,0,2,FRA,0,1,0,,108,1,N
83449,79,1,5,30,2,1,2,0,0,2,GBR,0,1,0,,64.64,0,N
64770,615,3,11,16,0,2,2,0,0,2,PRT,0,1,0,,62,0,Y
79479,12,10,44,25,2,1,2,0,0,2,PRT,0,1,0,,85.67,0,N
65281,56,3,13,31,0,1,2,1,0,3,DEU,0,1,0,,124.2,0,Y
117684,80,8,31,3,2,3,2,0,0,2,FRA,0,1,0,,145,1,N
67309,118,5,18,1,1,3,2,0,0,2,SWE,0,1,0,,108,0,Y
72273,33,7,30,25,0,1,2,1,0,3,CHN,0,1,0,,162,0,Y
87605,14,4,17,21,0,2,2,0,0,2,BRA,0,1,0,,119,2,N
62548,38,1,2,14,0,1,1,0,0,1,PRT,0,1,0,67,75,0,Y
110401,4,4,17,27,0,3,2,0,0,2,FRA,0,1,1,,0,2,N
59902,304,11,45,3,0,3,2,0,0,2,PRT,0,1,0,,89,0,Y
90019,15,5,23,29,2,0,2,0,0,2,BEL,0,1,0,,93.15,0,N
52908,71,6,25,14,0,3,1,0,0,1,PRT,0,1,0,,120,0,Y
98164,18,9,39,22,1,3,2,0,0,2,ITA,0,1,1,,150.5,1,N
51945,316,5,22,26,0,3,2,0,0,2,PRT,0,1,0,,110,0,N
71050,141,6,26,27,2,5,1,0,0,1,PRT,0,1,0,,130,0,Y
89224,74,5,21,15,2,2,2,0,0,2,BEL,0,4,0,,132.6,1,N
77689,18,10,41,4,2,1,1,0,0,1,PRT,1,1,0,,110,0,Y
54083,245,7,28,6,2,4,1,0,0,1,PRT,0,1,0,,110,0,Y
65711,93,4,14,6,0,3,2,0,0,2,PRT,0,1,0,,95,0,Y
44783,68,10,42,11,2,2,2,0,0,2,PRT,0,1,0,,89.25,1,Y
59212,229,10,43,22,2,2,1,0,0,1,PRT,0,1,0,,80.75,0,Y
41612,2,8,34,19,0,2,1,0,0,1,PRT,0,1,1,45,0,0,N
95202,214,8,33,9,2,5,2,0,0,2,FRA,0,1,0,,90.95,1,N
75819,330,9,37,12,2,2,2,0,0,2,PRT,1,1,0,,62,0,Y
113838,32,6,23,7,2,4,3,0,0,3,USA,0,5,0,,223.33,1,N
101215,3,11,46,7,1,1,1,0,0,1,ISR,0,1,0,,140,1,N
89712,30,5,22,23,1,1,2,0,0,2,FRA,0,1,0,,117.9,1,N
91057,113,6,25,13,1,2,2,0,0,2,CHE,0,1,0,,116.1,1,N
51040,309,5,20,13,1,2,2,0,0,2,PRT,0,1,0,,101,0,Y
112178,16,5,20,18,0,3,3,0,0,3,GBR,0,7,0,,228,1,N
82050,6,3,10,2,0,2,2,0,0,2,PRT,0,1,1,40,78,0,N
110439,155,4,17,24,1,3,2,0,0,2,BRA,0,1,0,,135,1,N
60382,68,11,46,7,1,3,1,0,0,1,USA,0,5,2,,220,2,Y
91462,31,6,26,20,1,1,2,1,0,3,PRT,0,1,0,,118.5,0,N
112776,1,5,21,26,0,2,2,1,0,3,PRT,0,2,1,,179.5,0,N
84977,29,3,10,4,1,2,2,0,0,2,FRA,0,1,0,,87,0,N
90936,139,6,25,13,1,0,2,0,0,2,DEU,0,1,0,,126.9,0,N
43642,16,9,39,21,1,3,2,0,0,2,IND,0,1,0,,124,2,N
118477,147,8,33,14,2,5,2,0,0,2,FRA,0,4,1,,149.5,2,N
117210,12,7,31,30,1,0,2,0,0,2,IRL,0,1,0,,109,2,N
103797,6,12,53,28,0,4,2,0,0,2,AUT,0,4,0,,119,3,N
47456,49,2,9,22,1,3,2,0,0,2,GBR,0,1,0,,65.75,1,N
108707,0,3,13,30,0,1,1,0,0,1,PRT,0,1,0,,104,0,N
47546,60,2,9,26,1,2,2,0,0,2,ESP,0,1,0,,83.3,1,N
89696,212,5,21,20,2,3,2,0,0,2,DEU,0,1,0,,78,0,N
42420,3,9,36,5,2,2,1,0,0,1,PRT,0,1,1,,0,0,Y
80376,34,12,50,8,0,2,1,0,0,1,PRT,1,1,0,,90,0,Y
99467,36,10,42,13,0,1,1,0,0,1,PRT,0,1,0,,102.6,2,N
113279,38,6,22,2,1,2,2,0,0,2,ISR,0,1,0,,140,0,N
55799,164,8,35,21,2,2,2,2,0,4,ITA,0,6,0,,167.45,0,Y
110009,87,4,16,17,1,3,3,0,0,3,FRA,0,1,0,,115,0,N
53731,142,6,27,28,0,2,2,0,0,2,DEU,0,1,0,,85.5,0,Y
51766,84,5,22,24,0,4,2,0,0,2,TUR,0,4,0,,132.6,0,Y
62239,31,1,1,5,2,3,2,0,0,2,FRA,0,1,0,,88.4,1,Y
78144,16,10,40,1,1,3,2,0,0,2,ESP,0,1,0,,111.75,1,N
90857,57,6,24,10,1,2,2,0,0,2,PRT,0,1,0,,90.67,1,N
85408,41,3,11,8,2,5,2,0,0,2,GBR,0,1,0,,71.41,0,N
41540,0,8,34,18,0,1,1,0,0,1,AGO,0,4,0,,100,0,N
75316,304,8,34,17,1,1,2,0,0,2,PRT,1,1,0,,62,0,Y
60405,489,11,46,10,0,1,1,0,0,1,PRT,0,1,0,,51.4,0,Y
105853,36,2,7,13,1,3,3,0,0,3,FRA,0,4,0,,129.2,1,N
50102,120,4,17,23,1,1,2,0,0,2,CHE,0,1,0,,95.2,0,N
78707,2,3,14,30,0,3,1,0,0,1,PRT,0,1,0,40,65,1,N
58479,28,10,42,13,0,1,1,0,0,1,GBR,0,1,0,,120,0,Y
50177,33,4,18,24,2,4,1,0,0,1,PRT,0,6,0,,139.52,0,Y
91475,93,6,26,20,1,1,2,0,0,2,CHN,0,1,0,,126.9,1,N
74340,269,7,29,13,1,1,2,0,0,2,PRT,1,1,0,,62,0,Y
55266,203,8,33,9,0,3,2,0,0,2,RUS,0,1,0,,96.3,0,Y
54888,236,7,31,28,2,4,0,2,0,2,NLD,0,2,1,,6,1,N
95857,4,8,35,21,2,2,2,0,0,2,CHE,0,1,1,,128,1,N
86432,50,3,14,31,0,3,2,0,0,2,ISR,0,1,0,,65,0,N
98669,0,10,41,2,1,0,2,1,0,3,PRT,0,1,0,,144,0,N
103489,8,12,52,22,1,3,2,0,0,2,CHN,0,1,0,,87.98,3,N
56692,37,9,37,10,2,1,2,0,0,2,NLD,0,4,0,,149.4,2,Y
110797,287,4,17,28,2,2,2,0,0,2,DEU,0,1,2,,112.85,0,N
79960,3,11,45,5,0,3,2,0,0,2,PRT,0,2,0,,96.5,1,N
117570,129,8,31,3,0,3,2,0,0,2,ESP,0,1,0,,80.1,1,N
41260,39,8,33,14,0,2,2,0,0,2,PRT,0,1,0,,101.5,0,Y
52375,275,6,23,4,1,1,2,0,0,2,PRT,0,1,0,,62.8,0,Y
101156,5,11,45,4,1,2,2,0,0,2,ITA,0,1,0,,133.33,2,N
75989,301,8,33,14,0,2,2,0,0,2,PRT,1,1,0,,101.5,0,Y
67408,165,5,18,3,0,3,2,0,0,2,ITA,0,4,0,,130.5,0,Y
58579,37,10,42,13,0,3,2,0,0,2,PRT,0,1,0,,105,0,Y
83779,3,2,7,7,2,3,1,0,0,1,PRT,0,1,0,,79.75,0,N
73794,279,7,30,23,0,2,2,0,0,2,PRT,1,1,0,,62.8,0,Y
107359,2,3,10,11,0,1,2,0,0,2,USA,0,1,0,,78.4,0,N
51698,158,5,22,24,0,2,1,0,0,1,PRT,0,1,0,,130,0,Y
73385,139,8,33,19,2,5,2,0,0,2,AUT,0,4,0,,155,0,Y
89716,43,5,21,21,2,2,2,0,0,2,BRA,0,4,0,,140.4,1,N
48927,66,4,14,2,2,1,1,0,0,1,ITA,0,1,0,,89.1,0,Y
77362,19,10,41,6,0,3,1,0,0,1,PRT,1,1,0,,80,0,Y
91281,23,6,25,17,0,2,2,0,1,3,HUN,0,4,1,,160.5,2,N
92681,44,7,28,9,0,1,2,1,1,4,ROU,0,4,1,,131.4,1,N
76475,379,10,44,31,1,1,2,0,0,2,PRT,1,1,0,,62,0,Y
87650,10,9,40,30,2,2,1,0,0,1,ESP,2,4,0,153,110,0,N
55368,398,8,33,11,0,2,2,0,0,2,PRT,0,1,0,,62,0,Y
118177,89,8,32,12,2,2,3,0,0,3,FRA,0,4,5,,195,2,N
68375,346,5,20,16,0,1,2,0,0,2,BRA,0,1,0,,109.8,1,Y
42855,168,9,37,11,0,2,1,0,0,1,PRT,0,1,1,,50,0,N
89700,6,5,22,23,1,1,2,0,0,2,PRT,0,1,0,,100.87,2,N
48459,36,3,13,24,0,1,2,1,0,3,ESP,0,1,0,,115.2,0,Y
118311,176,8,33,14,1,3,2,0,0,2,FRA,0,1,1,,132.5,0,N
54998,173,8,32,2,0,2,2,0,0,2,DEU,0,1,0,,105.3,0,Y
56954,64,9,38,16,0,1,1,0,0,1,RUS,0,4,0,,149.4,0,Y
81434,1,12,50,10,0,1,1,0,0,1,ITA,0,1,0,160,85,0,N
53728,119,6,27,28,0,1,2,1,0,3,FRA,0,1,0,,112.5,0,Y
63908,134,2,8,25,0,1,1,0,0,1,PRT,0,1,0,,75,0,Y
62811,59,1,4,23,1,1,2,0,0,2,PRT,0,1,0,,80,0,Y
44927,65,10,42,16,0,1,2,0,0,2,BRA,0,1,0,,89.2,1,N
104371,4,1,2,10,0,2,1,0,0,1,ESP,0,1,0,405,70,0,N
60325,277,11,46,7,1,2,2,0,0,2,PRT,0,1,0,,100,0,Y
118635,41,8,34,22,0,2,1,0,0,1,ITA,0,1,1,,95,0,N
63118,56,2,5,1,0,3,2,0,0,2,PRT,0,1,0,,60,0,Y
45002,102,10,42,16,0,2,2,0,0,2,PRT,0,1,0,,101.5,0,Y
88331,83,5,19,1,2,2,2,0,0,2,FRA,0,1,0,,75,0,N
110575,8,4,17,28,0,1,2,0,0,2,GBR,0,1,0,,144,1,N
64919,52,3,12,20,1,4,2,0,0,2,GBR,0,1,2,,92.88,0,Y
110706,225,4,17,29,1,1,3,0,0,3,FRA,0,4,0,,207.38,0,N
70305,201,6,24,14,0,4,2,0,0,2,PRT,0,1,0,,110,0,Y
82749,325,10,43,17,1,2,2,0,0,2,PRT,1,1,0,,95,0,Y
79900,37,11,45,4,0,3,2,0,0,2,FRA,0,4,0,,60,0,N
102292,308,11,48,23,0,3,2,0,0,2,NOR,0,1,0,,78.3,1,N
88410,88,5,19,3,0,3,2,0,0,2,PRT,0,1,0,,117,1,N
114202,141,6,24,15,0,3,2,0,0,2,CHE,0,1,0,,126,0,N
61802,36,12,53,26,1,3,2,0,0,2,ESP,0,1,0,,102,0,Y
74442,304,8,34,17,1,1,2,0,0,2,PRT,1,1,0,,62,0,Y
76237,179,8,34,22,2,1,2,0,0,2,PRT,1,1,0,,86,0,Y
106226,27,2,9,27,1,0,1,0,0,1,IRL,0,1,0,,88,2,N
114632,156,6,25,22,0,3,3,0,0,3,GBR,0,4,0,,162,0,N
101430,92,11,46,11,0,1,2,0,0,2,THA,0,1,0,,90,0,N
47343,44,2,8,17,0,3,2,0,0,2,PRT,0,1,0,,75,0,Y
71623,226,7,28,9,2,1,2,0,0,2,PRT,0,1,0,,110,0,Y
63267,18,2,5,4,1,1,2,0,0,2,PRT,0,4,0,,90.86,0,Y
56721,111,9,38,11,2,2,2,0,0,2,DEU,0,1,0,,118.8,2,Y
85285,20,3,11,9,0,3,2,0,0,2,FRA,0,1,0,,80,0,N
53541,351,6,26,23,0,2,2,0,0,2,PRT,0,1,0,,62,0,Y
59997,305,11,45,4,1,2,2,0,0,2,PRT,0,1,0,,89,0,Y
71912,56,7,28,15,2,1,2,0,0,2,DEU,0,1,0,,133.33,0,Y
50736,124,5,19,6,1,2,2,0,0,2,DEU,0,4,0,,114.3,0,N
92228,16,7,27,1,0,2,3,0,0,3,CN,0,4,0,,187,3,N
63514,173,2,7,12,2,3,2,0,0,2,TUR,0,1,0,,88.4,1,Y
48250,393,3,12,19,2,1,2,0,0,2,PRT,0,1,0,,70.53,0,Y
113283,129,5,22,31,1,4,2,0,0,2,NOR,0,4,0,,145.8,0,N
54797,391,7,31,27,0,2,2,0,0,2,PRT,0,1,0,,65,0,Y
66589,332,4,16,22,1,1,2,1,0,3,BEL,0,1,0,,125.1,0,Y
113516,35,6,23,6,0,2,1,0,0,1,DEU,0,1,1,,95,0,N
94942,189,8,33,8,1,3,2,0,0,2,IRL,0,1,0,,72.25,0,N
82617,29,12,53,31,0,3,2,0,0,2,FRA,0,1,0,,118,0,N
52042,205,5,23,29,2,1,2,0,0,2,PRT,0,1,0,,90,0,Y
66970,109,4,17,26,2,5,2,0,0,2,FRA,0,1,0,,120.86,0,Y
68186,218,5,20,15,1,1,2,0,0,2,CHE,0,1,0,,107.1,0,Y
59029,91,10,43,20,0,3,2,0,0,2,IRL,0,4,0,,132.3,2,Y
109857,176,4,15,14,2,2,2,0,0,2,RUS,0,1,0,,113,1,N
104896,36,1,4,24,0,1,1,0,0,1,ITA,0,1,0,,87.5,0,N
53034,239,6,25,15,0,2,2,0,0,2,PRT,0,1,0,,112.2,0,Y
79197,4,10,43,19,1,3,2,0,0,2,PRT,0,4,0,,72.25,0,N
96170,9,8,35,25,2,3,1,2,0,3,FRA,0,4,0,,176.42,2,N
50130,146,4,18,24,2,0,2,0,0,2,PRT,0,1,0,,95,0,Y
71062,141,6,26,27,2,5,1,0,0,1,PRT,0,1,0,,130,0,Y
109925,74,4,16,18,0,1,3,0,0,3,ITA,0,1,0,,126,0,N
115168,0,7,27,2,1,0,2,0,0,2,FRA,0,1,0,,123,0,N
112106,105,5,20,17,0,3,2,0,0,2,DEU,0,1,0,,138,0,N
107939,170,3,11,17,1,2,1,1,0,2,LUX,0,6,0,,174,1,N
66885,156,4,17,26,0,3,2,0,0,2,PRT,0,1,0,,100,0,Y
45101,102,10,42,16,0,2,2,0,0,2,PRT,0,1,0,,101.5,0,Y
56723,46,9,38,11,2,3,2,0,0,2,COL,0,4,0,,149.4,1,Y
84020,19,2,8,17,0,1,1,0,0,1,PRT,0,1,0,,57.98,1,N
100280,209,10,43,21,2,3,2,0,0,2,BRA,0,1,0,,96.3,1,N
57029,0,9,38,16,1,2,2,0,0,2,CHE,0,1,0,,78.8,0,Y
114704,215,6,25,21,1,4,2,0,0,2,GBR,0,1,0,,76.24,0,N
88775,7,1,2,10,0,2,1,0,0,1,PRT,1,1,1,219,89,2,N
95817,5,8,35,21,2,1,2,0,0,2,BRA,0,4,0,,119.35,1,N
96181,1,8,36,28,2,0,2,0,0,2,PRT,0,1,1,,149,1,N
68266,104,5,20,15,1,2,1,0,0,1,PRT,0,1,0,,160,0,Y
119044,49,8,34,26,1,1,3,0,0,3,BEL,0,4,0,,164.1,2,N
42716,86,9,37,9,0,2,2,0,0,2,FRA,0,1,0,,110,0,Y
86670,79,4,14,2,2,3,2,0,0,2,COL,0,4,1,,92.65,1,N
73211,102,8,33,16,0,4,2,0,0,2,NOR,0,4,0,,155,1,Y
118595,95,8,33,19,2,2,1,0,0,1,PRT,0,1,2,,115,0,N
107380,3,3,10,11,0,1,2,2,0,4,PRT,0,6,0,,208,0,N
48458,81,3,13,23,2,5,2,0,0,2,CHE,0,1,0,,89.31,0,N
81369,190,4,15,9,1,1,2,0,0,2,PRT,0,1,0,,70,1,N
119077,224,8,34,24,2,3,2,0,0,2,GBR,0,4,0,,127.8,2,N
71669,8,7,28,9,2,3,2,0,0,2,DEU,0,1,0,,128,1,Y
51935,316,5,22,26,0,3,2,0,0,2,AUT,0,1,0,,110,0,N
40302,22,7,30,22,0,2,2,0,0,2,PRT,0,1,0,,62,0,Y
71348,177,7,27,3,1,1,3,0,0,3,IRL,0,4,0,,156.6,0,Y
117515,243,8,31,4,0,1,2,0,0,2,NLD,0,1,1,,112.5,1,N
83391,9,1,5,29,0,2,2,0,0,2,USA,0,2,1,,78.25,1,N
92861,155,7,28,8,2,3,2,0,0,2,CHE,0,1,0,,72.25,0,N
101185,18,11,46,7,0,0,2,0,0,2,PRT,0,1,0,,0,1,N
52710,62,6,24,9,0,3,2,0,0,2,ESP,0,1,0,,117.9,0,Y
63431,67,2,7,12,2,0,2,0,0,2,PRT,0,1,0,,80,0,Y
76376,273,7,29,17,0,2,2,0,0,2,PRT,0,1,0,,109,0,N
93169,8,7,29,15,1,2,2,0,0,2,NLD,0,1,0,,154.33,0,N
66141,215,4,15,14,2,2,2,0,0,2,CN,0,1,0,,110,1,Y
89235,86,5,21,15,2,2,2,2,0,4,IRL,0,6,0,,187.85,1,N
52942,28,6,25,14,0,3,1,0,0,1,PRT,0,4,0,,108.42,0,Y
62436,23,1,2,14,0,1,2,0,0,2,KOR,0,1,0,,97.5,1,Y
119162,205,8,35,29,0,2,2,0,0,2,DEU,0,1,0,,99,5,N
92190,126,6,27,26,2,4,2,0,0,2,FRA,0,1,0,,80.75,1,N
101466,37,11,46,12,0,1,1,0,0,1,IRL,0,1,2,,67.5,0,N
99753,10,10,42,14,1,2,1,0,0,1,PRT,0,1,0,,119,0,N
55954,412,8,35,25,0,2,2,0,0,2,PRT,0,1,0,,62,0,Y
107826,122,3,11,16,0,3,2,0,0,2,BRA,0,1,0,,69.98,3,N
76441,358,10,41,10,1,1,2,0,0,2,PRT,1,1,0,,62,0,Y
77142,0,9,37,8,0,1,1,0,0,1,PRT,0,1,0,,0,0,N
103204,3,12,51,12,1,3,1,0,0,1,POL,0,1,1,,81.6,2,N
78066,31,11,45,2,1,0,2,0,0,2,PRT,1,1,0,,85.5,1,Y
70686,15,6,25,21,0,2,1,0,0,1,IRL,0,1,0,,170,1,Y
116158,172,7,28,10,1,5,3,0,0,3,ITA,0,4,0,,152.1,2,N
49900,270,4,17,20,0,4,2,0,0,2,ISL,0,1,0,,80,0,N
102987,40,12,50,7,0,4,2,0,0,2,AUT,0,4,0,,96.9,1,N
67947,6,5,19,10,0,1,2,0,0,2,PRT,0,1,0,,90,0,Y
102878,9,12,50,7,0,1,1,0,0,1,AUT,0,4,1,,114,1,N
81789,117,2,10,29,1,2,2,0,0,2,PRT,1,1,0,,75,0,Y
87719,59,4,17,21,1,3,2,1,0,3,ITA,0,4,0,,122.1,1,N
45719,80,11,47,20,1,2,2,0,0,2,GBR,0,1,0,,94,0,N
57463,418,9,40,26,1,2,2,0,0,2,DEU,0,1,0,,107,0,N
53468,28,6,26,21,0,1,3,0,0,3,USA,0,4,0,,147,2,Y
96089,11,8,36,28,1,0,2,0,0,2,FRA,0,1,2,,109,0,N
76705,3,10,42,10,1,3,1,0,0,1,PRT,4,1,0,40,65,1,N
70491,150,6,24,17,2,3,1,0,0,1,PRT,0,1,0,,120,0,Y
40918,2,8,33,9,1,0,2,0,0,2,PRT,0,5,0,,67.5,2,N
111249,55,5,18,5,1,2,2,0,0,2,FRA,0,1,0,,126,0,N
114954,30,6,26,26,1,2,3,0,0,3,SGP,0,4,0,,193,0,N
47839,63,3,10,5,2,1,2,0,0,2,ITA,0,1,0,,80.3,0,N
81095,2,12,49,2,0,1,1,0,0,1,PRT,0,1,0,40,65,0,N
72269,464,7,30,25,0,1,2,0,0,2,PRT,0,1,0,,90,0,Y
58394,279,10,42,12,0,3,2,0,0,2,PRT,0,1,0,,110,0,Y
66943,156,4,17,26,0,3,2,0,0,2,PRT,0,1,0,,100,0,Y
77706,0,9,39,21,1,2,2,0,0,2,AUS,0,1,0,,145,1,N
66186,93,4,15,15,2,2,2,0,0,2,RUS,0,4,2,,139.5,0,Y
92331,78,6,27,28,2,5,2,0,0,2,GBR,0,1,0,,103.5,2,N
79322,40,10,43,24,0,1,2,0,0,2,GBR,0,1,0,,96.3,0,N
64570,52,3,11,13,1,1,1,0,0,1,PRT,0,1,0,,80,0,Y
55265,200,8,33,9,0,3,3,0,0,3,PRT,0,1,1,,96.9,1,Y
44624,80,10,41,9,0,2,1,0,0,1,PRT,0,4,0,,108,0,N
70890,155,6,25,24,2,1,2,0,0,2,PRT,0,1,0,,130,0,Y
95371,1,8,34,17,0,1,2,0,0,2,BEL,0,1,0,,140,1,N
112799,179,5,21,25,1,3,2,0,0,2,AUT,0,1,0,,111,1,N
88794,0,5,20,11,0,1,1,0,0,1,PRT,0,1,0,,90.71,0,N
97555,286,9,38,16,0,2,2,0,0,2,ITA,0,1,0,,117,0,N
106482,134,2,8,25,0,1,1,0,0,1,PRT,0,1,0,,75,0,N
98787,71,10,41,4,0,1,2,0,0,2,NLD,0,1,2,,111,0,N
95657,3,8,34,20,1,1,2,0,0,2,CHE,0,1,0,,128,1,N
92492,22,7,28,5,0,2,2,0,0,2,GBR,0,1,0,,85,0,N
111881,221,5,20,15,1,1,2,0,0,2,MEX,0,1,0,,99,0,N
87131,23,4,16,10,2,3,2,0,0,2,PRT,0,4,0,,125.2,1,N
98120,141,9,39,23,0,2,3,0,0,3,POL,0,4,2,,163.8,1,N
95289,191,8,34,14,2,2,2,0,0,2,ITA,0,4,3,,153.5,1,N
65820,66,4,15,9,2,0,2,0,0,2,PRT,0,1,0,,100,0,Y
73302,278,8,33,18,1,2,2,0,0,2,DEU,0,1,0,,107.1,1,Y
115645,89,7,27,8,0,1,2,0,0,2,GBR,0,4,1,,170.5,1,N
43174,14,9,38,16,0,1,1,0,0,1,GBR,0,1,1,,114,1,N
74638,374,10,44,26,1,1,2,0,0,2,PRT,1,1,0,,62,0,Y
85733,13,3,13,20,1,0,2,0,0,2,BRA,0,1,0,,85,1,N
70238,20,6,24,12,1,2,2,0,0,2,PRT,0,1,0,,99,0,Y
55241,189,8,33,8,1,3,2,0,0,2,PRT,0,1,0,,72.25,0,Y
111454,143,5,19,7,2,2,2,0,0,2,FRA,0,1,0,,108,0,N
113335,109,6,22,2,2,2,2,0,0,2,AUS,0,1,1,,162,1,N
60596,49,11,47,16,0,4,2,0,0,2,FRA,0,1,0,,74.8,2,Y
113386,5,6,23,5,1,1,1,0,0,1,ITA,0,1,1,,145,0,N
40547,106,7,31,29,2,5,2,1,0,3,PRT,0,1,0,,106.75,2,Y
81757,113,2,9,25,0,3,2,0,0,2,PRT,1,1,0,,75,0,Y
41138,3,8,33,13,0,1,2,2,0,4,FRA,0,6,0,,153,0,N
88960,22,5,20,13,0,2,2,1,0,3,PRT,0,4,0,,92.5,3,N
66314,62,4,16,16,2,3,1,0,0,1,BRA,0,1,0,,108,0,Y
65072,102,3,12,23,1,3,2,0,0,2,RUS,0,4,0,,100.3,1,Y
99289,6,10,41,7,2,3,3,0,0,3,BRA,0,4,0,,150.45,1,N
107136,0,3,10,5,2,1,2,0,0,2,FRA,0,1,0,,75,0,N
58950,195,10,43,18,0,4,1,0,0,1,ROU,0,1,0,,90.9,2,Y
109641,173,4,15,11,0,4,2,1,0,3,DEU,0,1,2,,141,0,N
66646,237,4,16,22,2,2,3,0,0,3,FRA,0,4,0,,145.8,0,Y
95845,7,8,35,24,0,1,2,0,0,2,DEU,0,1,0,,137,2,N
84542,14,2,9,25,0,3,3,0,0,3,FRA,0,1,0,,118,1,N
63016,566,1,4,26,0,2,2,0,0,2,PRT,0,1,0,,62,0,Y
75616,281,7,30,25,2,2,2,0,0,2,PRT,1,1,0,,62,0,Y
98220,39,9,40,25,1,0,1,0,0,1,DEU,0,1,1,,129.7,0,N
108730,3,3,13,31,0,1,2,0,0,2,PRT,0,1,0,,107,0,N
98540,120,9,40,28,0,3,2,0,0,2,ISR,0,4,0,,108.57,0,N
41046,3,8,33,11,0,2,1,2,0,3,FRA,0,1,1,,107,0,N
104957,1,1,4,24,0,3,2,0,0,2,FRA,0,1,0,,64.37,0,N
76327,271,7,29,15,0,2,2,0,0,2,PRT,0,1,0,,62,0,N
65289,80,3,13,31,0,2,2,0,0,2,PRT,0,1,0,,90,0,Y
70667,60,6,25,20,0,3,2,0,0,2,ARG,0,1,0,,140,1,Y
76622,1,7,31,30,0,1,1,0,0,1,PRT,0,1,0,,0,1,N
58545,37,10,42,13,0,3,2,0,0,2,PRT,0,1,0,,105,0,Y
117701,95,8,31,1,2,5,2,0,0,2,DEU,0,1,0,,79,0,N
101664,46,11,47,13,2,1,1,0,0,1,JPN,0,1,0,,79.2,0,N
106641,41,2,9,26,2,1,2,0,0,2,FRA,0,1,1,,105,0,N
63265,9,2,5,4,1,1,2,0,0,2,PRT,0,1,0,,88,0,Y
86184,4,3,13,26,2,1,3,0,0,3,GBR,0,4,0,,176,2,N
97580,110,9,38,14,0,4,2,0,0,2,GBR,0,1,0,,86.9,1,N
50078,142,4,17,22,2,3,2,0,0,2,POL,0,1,0,,103,0,Y
104429,32,1,2,11,0,3,2,1,0,3,HRV,0,1,0,,126,2,N
66859,96,4,17,26,0,2,2,0,0,2,PRT,0,1,0,,130,0,Y
57310,2,9,39,23,0,2,2,0,0,2,PRT,0,1,0,,65,0,Y
98821,34,10,41,2,2,1,3,0,0,3,ISR,0,4,0,,158.4,1,N
90408,83,6,23,3,1,2,2,0,0,2,ESP,0,1,1,,123.9,0,N
87258,122,4,16,15,0,2,2,0,0,2,PRT,0,1,0,,85,0,N
88900,42,5,20,12,0,2,3,0,0,3,BRA,0,4,0,,168.3,2,N
87595,9,4,17,21,0,1,1,0,0,1,PRT,0,1,0,174,104,0,N
85761,0,3,13,20,1,0,2,0,0,2,PRT,0,1,1,,129,0,N
61013,42,11,49,29,0,3,2,0,0,2,PRT,0,1,0,348,90,0,Y
65588,117,4,14,5,0,4,2,0,0,2,PRT,0,1,0,,93.5,0,Y
94774,12,8,32,6,2,1,1,0,0,1,GBR,0,1,0,,112.42,1,N
83245,0,1,5,25,1,0,2,0,0,2,PRT,0,1,0,,90,0,N
104670,55,1,3,17,0,3,2,0,0,2,ESP,0,1,0,,95,0,N
91263,0,6,25,17,0,1,1,0,0,1,PRT,0,1,0,,129,2,N
43783,86,9,39,24,0,2,2,0,0,2,PRT,0,1,0,,120,0,Y
74569,346,9,40,28,1,1,2,0,0,2,PRT,1,1,0,,62,0,Y
45785,98,11,48,23,1,2,1,0,0,1,PRT,0,1,0,,70,0,Y
83061,50,1,3,14,0,3,2,0,0,2,FRA,0,1,0,,52,1,N
72446,296,7,30,28,2,3,2,2,0,4,DOM,0,1,0,,89.1,0,Y
85088,7,3,11,7,1,1,1,0,0,1,PRT,0,1,0,,96,1,N
63861,224,2,8,23,0,3,3,0,0,3,GBR,0,4,0,,122.4,2,Y
113824,30,6,23,8,1,3,2,0,0,2,KOR,0,1,0,,89,0,N
67041,111,4,17,27,1,3,2,0,0,2,PRT,0,1,0,,120,0,Y
62284,74,1,1,7,2,3,2,0,0,2,PRT,0,1,1,,67,0,Y
87303,1,4,16,12,0,5,2,0,0,2,PRT,0,1,0,,120,0,N
50090,10,4,17,23,1,1,2,0,0,2,DEU,0,4,0,,146,1,Y
76863,239,10,42,17,0,1,2,0,0,2,PRT,1,1,0,,60,0,Y
46208,12,12,52,25,1,2,2,0,0,2,FRA,0,2,1,,80.42,0,N
95090,195,8,33,8,2,5,2,0,0,2,DEU,0,1,0,,72.25,0,N
92382,62,7,27,2,2,2,3,0,0,3,IND,0,4,0,,150.3,2,N
91895,265,6,26,24,1,2,1,0,0,1,DEU,0,1,1,,83.33,0,N
42774,2,9,37,10,0,1,1,0,0,1,PRT,0,1,0,,0,1,N
82956,80,1,2,7,0,1,2,0,0,2,USA,0,1,0,,87.32,0,N
60709,249,11,47,18,1,2,2,0,0,2,ESP,0,1,0,,112.5,0,Y
108623,0,3,13,29,0,1,2,0,0,2,PRT,0,1,1,,118,1,N
75656,290,8,32,3,1,3,2,0,0,2,PRT,1,1,0,,62,0,Y
50375,23,4,18,29,1,2,2,0,1,3,ITA,0,1,1,,137.67,2,Y
105785,8,2,7,14,0,1,2,0,0,2,CHE,0,1,0,,79.2,0,N
98555,0,10,41,2,0,0,2,1,0,3,PRT,0,1,0,,0,1,N
45483,99,10,44,30,2,2,2,0,0,2,PRT,0,1,0,,65,0,Y
45221,50,10,43,24,0,1,2,0,0,2,PRT,0,1,0,,146,0,Y
101326,62,11,46,6,2,2,1,0,0,1,RUS,0,1,0,,140.63,1,N
92233,125,6,27,27,1,5,3,0,0,3,DEU,0,4,0,,121.55,2,N
80245,13,11,46,8,2,5,2,0,0,2,FIN,0,1,0,,90.95,1,N
75577,257,7,27,1,0,2,2,0,0,2,PRT,0,1,0,,101.5,0,N
76274,147,7,30,21,0,2,2,0,0,2,PRT,1,1,0,,75,0,Y
118915,457,8,34,25,0,2,2,0,0,2,DEU,0,1,1,,122.4,1,N
41732,138,8,34,22,2,1,2,0,0,2,ITA,0,1,0,,94.5,0,Y
58237,24,10,42,9,1,0,1,0,0,1,PRT,0,1,0,,120,0,Y
57653,287,9,40,29,1,3,2,0,0,2,DEU,0,1,0,,100.3,0,Y
109610,137,4,15,11,0,3,2,0,0,2,IRL,0,1,0,,102,1,N
61130,86,12,49,2,1,2,2,0,0,2,BEL,0,1,0,,79.2,1,Y
64152,28,3,9,2,0,3,2,0,0,2,PRT,0,1,0,,95,0,Y
95165,13,8,34,16,0,0,2,0,0,2,PRT,0,1,0,,0,2,N
103726,105,12,53,26,1,3,2,0,0,2,NLD,0,1,0,,61.09,1,N
90630,118,6,24,6,1,2,1,0,0,1,SVN,0,1,0,,110,0,N
62817,59,1,4,23,1,1,2,0,0,2,PRT,0,1,0,,80,0,Y
93973,20,7,31,29,0,1,2,0,0,2,CN,0,1,0,,99,1,N
103230,27,12,51,13,0,4,2,0,0,2,FRA,0,1,0,,88.4,1,N
61656,531,12,52,22,0,2,2,0,0,2,PRT,0,1,0,,62.8,0,Y
71455,288,7,27,5,3,9,2,0,0,2,DEU,0,1,0,,107.1,1,Y
89426,100,5,21,15,2,4,2,0,0,2,IRL,0,4,2,,164.9,1,N
68062,152,5,19,12,0,2,2,0,0,2,ITA,0,1,0,,144,1,Y
81208,12,12,49,5,1,1,2,0,0,2,ESP,0,1,0,,55,1,N
54857,386,7,31,28,0,2,2,0,0,2,PRT,0,1,0,,62,0,Y
92545,0,7,28,5,0,3,2,0,0,2,USA,0,1,0,,110.46,1,N
51999,135,5,22,28,1,1,2,0,0,2,PRT,0,1,0,,96,0,Y
80274,55,12,53,27,3,5,2,0,0,2,PRT,1,4,0,,117,0,Y
79410,137,1,5,27,0,2,1,0,0,1,PRT,1,1,0,,70,0,Y
96832,83,9,37,7,0,2,2,0,0,2,BEL,0,1,0,,135.9,2,N
113111,408,5,22,30,0,4,2,0,0,2,AUS,0,1,1,,107,1,N
47313,44,2,8,17,0,3,2,0,0,2,PRT,0,1,0,,75,0,Y
78784,12,10,42,12,1,3,1,0,0,1,ESP,0,1,1,,95,0,N
43309,0,9,38,18,0,1,2,0,0,2,PRT,0,4,1,,115,2,N
52016,15,5,23,29,2,0,2,0,0,2,BEL,0,1,0,,111,0,Y
61797,98,12,53,26,1,3,3,0,0,3,PRT,0,1,0,,91.4,0,Y
68015,96,5,19,11,0,3,2,0,0,2,IRL,0,4,0,,147,0,Y
53017,188,6,25,15,0,2,1,0,0,1,CHE,0,1,0,,130,0,Y
118653,183,8,34,21,1,2,2,0,0,2,ITA,0,1,0,,117,3,N
45051,102,10,42,16,0,2,2,0,0,2,PRT,0,1,0,,101.5,0,Y
72670,243,8,31,2,2,8,2,1,0,3,MAR,0,1,0,,148.5,1,Y
46063,135,12,49,5,2,1,2,0,0,2,ESP,0,1,0,,62,0,N
59185,81,10,43,21,2,4,2,0,0,2,FRA,0,4,0,,123,2,Y
103096,89,12,50,10,1,1,2,0,0,2,ITA,0,1,0,,104,2,N
49277,67,4,15,9,1,1,2,0,0,2,GBR,0,4,0,,137.7,0,Y
107455,66,3,10,10,1,2,2,0,0,2,FRA,0,1,0,,80,1,N
116770,75,7,29,22,1,1,2,2,0,4,JOR,0,5,0,,205,0,N
65163,66,3,13,26,1,0,2,0,0,2,NOR,0,1,0,,79.2,0,Y
89359,0,12,52,20,0,1,1,0,0,1,PRT,0,1,0,,65,2,Y
70428,123,6,24,16,1,2,2,0,0,2,FRA,0,5,0,,153,0,Y
80837,54,12,49,1,0,1,2,0,0,2,PRT,1,1,1,,81,0,Y
48198,10,3,12,18,0,2,2,0,0,2,DEU,0,1,0,,,0,Y
98473,212,9,40,26,1,3,2,0,0,2,GBR,0,1,1,,,1,N
74889,135,7,29,15,0,2,2,0,0,2,PRT,1,1,0,,,0,Y
42588,6,9,37,7,1,3,2,0,0,2,FRA,0,1,0,,,1,N
80165,47,11,46,11,0,1,1,0,0,1,PRT,0,1,0,40,,0,N
103958,41,12,53,27,2,5,2,0,0,2,BRA,0,1,0,,,0,N
87778,44,4,17,23,2,1,1,0,0,1,FRA,0,1,1,,,0,N
116669,148,7,29,18,0,5,2,0,0,2,BEL,0,5,0,,,1,N
108435,70,3,12,24,1,2,2,0,0,2,NLD,0,4,0,,108,1,N
100929,161,10,45,31,1,3,2,0,0,2,DEU,0,1,0,,59.5,0,N
117089,63,7,30,23,2,5,3,0,0,3,JPN,0,5,0,,225.43,2,N
58235,110,10,42,9,1,0,1,0,0,1,PRT,0,1,1,,120,0,Y
61062,290,12,49,1,1,3,2,0,0,2,SVK,0,4,0,,86.7,0,Y
103881,15,12,53,27,1,5,2,0,0,2,BRA,0,1,0,,70,0,N
52259,330,6,23,2,0,2,2,0,0,2,PRT,0,1,0,,62,0,Y
54443,135,7,29,16,1,1,2,1,0,3,PRT,0,4,0,,102.09,0,Y
79917,143,3,13,24,0,2,2,0,0,2,PRT,1,1,0,,86,1,Y
53284,245,6,25,17,0,2,2,0,0,2,PRT,0,1,0,,75,0,Y
97677,315,9,38,17,1,1,2,0,0,2,FRA,0,1,1,,65,1,N
116426,59,7,29,17,1,2,3,0,0,3,BEL,0,4,0,,200,0,N
68065,120,5,19,12,0,2,2,0,0,2,COL,0,1,2,,126,0,Y
87028,55,4,16,12,0,1,2,0,0,2,USA,0,1,1,,94.5,0,N
81043,86,1,4,22,0,1,2,0,0,2,PRT,1,1,0,,85,0,Y
118713,59,8,34,23,0,2,2,0,0,2,GBR,0,1,0,,95.12,0,N
105626,75,2,6,8,1,4,2,0,0,2,FRA,0,1,0,,88.4,1,N
78112,1,10,40,2,0,2,1,0,0,1,PRT,0,1,0,,100,0,N
40435,110,7,30,25,2,1,2,0,0,2,ITA,0,1,0,,94.5,0,N
101739,32,11,47,15,0,2,2,0,0,2,DEU,0,5,0,,75,1,N
115693,214,7,28,9,1,0,2,0,0,2,USA,0,1,0,,89.1,3,N
91499,6,5,18,4,0,1,1,0,0,1,ITA,0,4,0,,175,1,N
83800,5,2,7,12,0,1,2,1,0,3,PRT,0,1,0,,110,3,N
76440,358,10,41,10,1,1,2,0,0,2,PRT,1,1,0,,62,0,Y
45251,71,10,43,24,2,1,2,0,0,2,FIN,0,1,0,,89.25,2,N
46636,8,1,3,13,0,3,2,0,0,2,PRT,0,1,0,,69.5,0,N
60295,277,11,46,7,1,2,2,0,0,2,PRT,0,1,0,,100,0,Y
83624,10,2,7,8,1,0,1,0,0,1,PRT,0,1,0,,61,0,N
71563,178,7,27,7,0,2,2,0,0,2,ITA,0,1,0,,143.1,0,Y
96193,3,8,35,24,2,4,2,0,0,2,ESP,0,1,1,,117.26,2,N
96312,30,8,36,31,0,1,1,0,0,1,FRA,0,1,1,,94.2,0,N
117908,150,8,32,9,0,3,2,1,0,3,DEU,0,1,0,,157.5,1,N
55739,190,8,34,19,2,5,2,0,0,2,ITA,0,1,0,,89.25,0,Y
81719,109,2,9,21,2,1,2,0,0,2,PRT,1,1,0,,75,0,Y
74428,297,8,33,10,1,1,2,0,0,2,PRT,1,1,0,,62,0,Y
60435,55,11,46,11,0,2,2,1,0,3,FRA,0,1,0,,113.4,1,Y
73664,146,8,35,29,0,5,2,0,0,2,NOR,0,1,0,,131,1,Y
79310,0,10,43,23,0,1,1,0,0,1,PRT,0,1,2,,109,0,N
72870,239,8,32,8,0,4,2,0,0,2,DEU,0,1,0,,130.5,0,Y
91493,37,6,26,20,1,2,1,0,0,1,FRA,0,1,0,,94.5,0,N
73720,258,7,27,2,0,2,2,0,0,2,PRT,1,1,0,,62.8,0,Y
74642,374,10,44,26,1,1,2,0,0,2,PRT,1,1,0,,62,0,Y
74583,353,10,41,5,1,1,2,0,0,2,PRT,1,1,0,,62,0,Y
54129,365,7,28,7,0,2,2,0,0,2,PRT,0,1,0,,62,0,Y
91348,68,6,26,19,1,0,2,0,0,2,ITA,0,1,0,,116.1,1,N
70557,91,6,25,18,2,1,2,0,0,2,ISR,0,1,0,,126,0,Y
77080,219,9,36,4,0,1,2,0,0,2,DEU,0,1,0,,108,0,N
62531,38,1,2,14,0,1,1,0,0,1,PRT,0,1,0,67,75,0,Y
71099,99,6,26,28,0,2,2,1,0,3,FRA,0,1,0,,144,0,Y
80486,25,12,50,8,0,2,1,0,0,1,PRT,1,1,0,,90,0,Y
82567,95,12,53,29,0,4,2,0,0,2,FRA,0,4,0,,60.5,0,N
99344,68,10,42,10,1,2,2,1,0,3,NOR,0,1,2,,136.3,1,N
43605,19,9,39,21,1,1,2,0,0,2,ESP,0,1,0,,124,0,N
47817,62,3,10,4,2,2,2,0,0,2,GBR,0,1,0,,58.94,1,N
103721,78,12,53,27,0,3,2,0,0,2,DEU,0,4,0,,114.9,2,N
100877,64,10,45,31,1,2,2,0,0,2,BEL,0,4,0,,105.6,4,N
47373,14,2,8,18,0,2,1,0,0,1,IDN,0,1,0,,85,0,Y
95741,156,8,35,21,2,1,2,0,0,2,FRA,0,1,0,,103.5,0,N
99607,-1,10,42,14,0,1,2,0,0,2,PRT,0,1,1,,120,0,N
114314,-1,6,24,17,2,1,2,0,0,2,CHN,0,1,0,,105.3,1,N
45615,-1,11,46,13,0,2,2,0,0,2,PRT,0,1,0,,75,0,Y
54941,-1,7,32,31,2,3,2,0,0,2,FRA,0,4,0,,113.9,0,Y
47679,116,2,10,28,2,1,1,0,0,1,PRT,0,1,0,,61,0,Y
117807,13,8,32,9,0,1,2,2,0,4,PRT,0,6,0,,270,3,N
74448,304,8,34,17,1,1,2,0,0,2,PRT,1,1,0,,62,0,Y
49068,105,4,15,6,0,1,2,0,0,2,PRT,0,1,0,,75,0,Y
111028,0,5,18,5,0,0,0,0,0,0,PRT,0,3,0,,0,0,N
55483,75,8,34,14,2,0,2,0,0,2,BEL,0,1,0,,135.9,0,Y
71680,47,7,28,10,1,1,2,0,0,2,PRT,0,1,0,,80.1,1,Y
67895,14,5,19,9,0,1,2,0,0,2,PRT,0,1,0,,150,1,Y
91199,88,6,25,15,0,3,2,0,0,2,PRT,0,1,0,,134.1,1,N
103283,3,11,47,14,9,25,2,0,0,2,PRT,0,1,3,368,93,0,N
63647,76,2,7,16,1,3,2,0,0,2,USA,0,1,0,,88.4,0,Y
42451,72,9,36,5,2,2,2,0,0,2,DEU,0,1,0,,72.25,0,N
64731,92,3,11,15,0,3,2,0,0,2,PRT,0,1,0,,85,0,Y
66674,82,4,16,22,2,1,2,0,0,2,ITA,0,1,0,,126,1,Y
49265,173,4,15,8,2,3,0,0,0,0,PRT,0,1,0,,0,0,Y
72656,24,8,31,2,0,4,2,0,0,2,CIV,0,4,1,,212,1,Y
98510,36,9,40,28,0,3,1,0,0,1,DEU,0,1,2,,76,0,N
63253,56,2,5,3,1,2,2,3,0,5,PRT,0,7,1,,220.8,0,Y
78580,4,10,42,12,1,0,1,0,0,1,PRT,0,1,0,40,65,0,N
68914,115,5,21,22,1,3,2,0,0,2,LUX,0,5,0,,173.25,2,Y
117484,1,8,31,4,0,1,3,0,0,3,NLD,0,4,0,,190,1,N
63419,19,2,6,11,2,2,2,1,0,3,CHE,0,1,0,,108.8,0,Y
46185,15,12,52,23,0,1,2,0,0,2,PRT,0,1,0,,97,0,N
94950,59,8,33,11,0,1,2,0,0,2,BEL,0,1,0,,144.9,1,N
94909,168,8,33,8,1,3,2,0,0,2,DEU,0,1,0,,72.25,0,N
91840,192,6,26,24,0,2,1,0,0,1,SRB,0,1,0,,95,0,N
107302,85,3,10,8,0,3,2,0,0,2,IRL,0,1,0,,79.2,2,N
70747,153,6,25,21,0,4,1,0,0,1,PRT,0,1,0,348,110,0,Y
44061,92,9,40,30,0,1,2,0,0,2,PRT,0,1,0,,170,0,Y
56777,48,9,38,14,0,1,1,0,0,1,PRT,0,1,0,,120,0,Y
59876,304,11,45,3,0,3,2,0,0,2,PRT,0,1,0,,89,0,Y
76916,342,9,39,24,2,4,2,0,0,2,PRT,1,1,0,,170,0,Y
54382,92,7,29,14,0,2,2,2,0,4,USA,0,6,0,,177.3,0,Y
118338,54,8,33,15,0,4,2,0,0,2,ITA,0,1,1,,152.5,3,N
59415,199,10,44,28,0,2,2,0,0,2,PRT,0,1,0,,95,0,Y
85477,31,3,12,14,1,1,2,0,0,2,TUR,0,2,0,,81.9,1,N
103697,107,12,53,26,1,3,2,0,0,2,AUT,0,1,0,,61.09,1,N
115201,126,7,27,2,1,0,2,1,0,3,USA,0,4,0,,133.6,0,N
66522,72,4,16,21,1,2,3,0,0,3,ITA,0,4,1,,171,0,Y
75836,337,9,38,19,2,2,2,0,0,2,PRT,1,1,0,,62,0,Y
91488,55,6,25,18,2,2,2,0,0,2,NLD,0,4,0,,126.9,1,N
88896,29,5,20,9,1,4,2,0,0,2,FRA,0,4,0,,143.52,1,N
46730,11,1,4,17,2,0,2,0,0,2,USA,0,1,0,,98,2,N
65377,77,4,13,1,2,2,2,0,0,2,DEU,0,4,0,,163.8,0,Y
61260,94,12,50,6,0,3,2,1,0,3,ITA,0,1,0,,109.8,0,Y
66741,79,4,17,24,1,3,2,0,0,2,DEU,0,1,0,,123.75,0,Y
98511,36,9,40,28,0,3,2,0,0,2,DEU,0,1,0,,43.5,0,N
82739,0,1,2,5,0,1,2,0,0,2,PRT,0,1,0,,85,0,N
61749,111,12,53,25,2,2,2,2,0,4,DEU,0,6,0,,196.35,1,Y
110126,44,4,16,20,0,3,1,0,0,1,ITA,0,1,1,,106.67,0,N
70277,120,6,24,13,0,3,2,0,0,2,NLD,0,1,0,,144,0,Y
101462,2,11,46,6,2,5,2,0,0,2,DEU,0,4,0,,78.2,1,N
107970,7,3,12,20,1,0,2,0,0,2,FRA,0,1,0,,98,0,N
86185,59,3,13,25,2,2,2,0,0,2,FIN,0,5,0,,104.65,0,N
107788,1,3,11,17,0,1,2,0,0,2,PRT,0,5,0,,158,2,N
106801,44,2,9,27,1,3,2,0,0,2,BEL,0,4,0,,136,2,N
45658,140,11,47,18,0,3,1,0,0,1,PRT,0,1,1,,65,0,N
82760,68,2,8,17,0,2,2,0,0,2,PRT,1,1,0,,75,0,Y
44172,164,10,40,2,0,2,1,0,0,1,PRT,0,1,0,,100,0,N
77452,0,9,38,18,0,1,2,0,0,2,RUS,0,1,0,,200,0,N
55751,133,8,34,20,0,1,2,0,0,2,DEU,0,1,0,,94.5,0,Y
54327,70,7,29,12,2,6,2,0,0,2,PRT,0,1,0,,93.6,0,Y
93216,85,7,30,18,1,0,2,0,0,2,DEU,0,1,0,,105.3,0,N
70665,84,6,25,20,0,3,3,0,0,3,CHN,0,4,0,,189,0,Y
91905,53,6,26,24,1,2,2,0,0,2,PRT,0,1,0,,65,1,N
111920,309,5,19,13,2,3,2,0,0,2,MOZ,0,1,2,,89.1,0,N
69442,0,5,22,31,0,2,3,0,0,3,ESP,0,4,0,,229,1,Y
114020,73,6,24,13,0,3,2,0,0,2,BEL,0,1,0,,140,2,N
70847,162,6,25,23,1,2,3,0,0,3,ITA,0,4,2,,163.8,0,Y
74734,329,9,37,11,2,3,2,0,0,2,PRT,1,1,0,,90,0,Y
79563,33,10,44,25,2,3,3,0,0,3,FRA,0,4,0,,105,1,N
57811,267,10,40,1,1,1,2,0,0,2,IRL,0,4,0,,115.2,0,Y
48183,91,3,12,18,0,2,1,0,0,1,PRT,0,1,0,,75,0,Y
92052,111,6,27,26,2,2,2,0,0,2,DEU,0,1,0,,99.45,1,N
44502,92,10,41,6,0,5,2,0,0,2,PRT,0,1,1,,89.25,1,N
43003,68,9,37,12,2,2,2,0,0,2,PRT,0,1,0,,62,0,N
108855,86,3,13,30,1,3,2,0,0,2,DEU,0,1,0,,104.4,0,N
60542,229,11,47,13,4,5,2,0,0,2,BRA,0,1,0,,107.64,1,Y
112127,89,5,20,15,1,4,2,0,0,2,BRA,0,1,0,,147.6,1,N
82063,22,12,51,18,0,1,1,0,0,1,PRT,0,1,0,40,65,0,N
55124,159,8,32,5,1,2,3,0,0,3,FRA,0,1,0,,143.7,0,Y
65491,112,4,14,4,0,2,2,0,0,2,PRT,0,1,0,385,95,0,Y
92481,144,7,28,3,2,2,2,0,0,2,FRA,0,1,0,,112,0,N
92126,144,6,27,27,1,3,2,0,0,2,PRT,0,1,1,,80.75,0,N
40916,123,8,33,9,2,4,2,0,0,2,DEU,0,1,0,,63.75,1,N
117766,6,8,32,7,1,1,3,0,0,3,CHE,0,4,0,,183.99,1,N
99307,124,10,42,9,2,1,2,0,0,2,DEU,0,1,0,,118.8,2,N
97050,240,9,37,10,1,1,3,0,0,3,ITA,0,1,1,,139.2,0,N
84929,30,3,10,4,0,2,1,0,0,1,ITA,0,1,0,,77.5,0,N
113266,212,6,22,2,1,2,2,0,0,2,FRA,0,1,2,,127.33,0,N
100078,202,10,43,20,0,3,2,0,0,2,ITA,0,1,0,,96.3,2,N
74743,329,9,37,11,2,3,2,0,0,2,PRT,1,1,0,,90,0,Y
56535,433,9,37,8,0,3,2,0,0,2,PRT,0,1,0,,70,0,Y
60744,127,11,47,19,2,2,2,0,0,2,ITA,0,4,0,,97.75,0,Y
116988,167,7,30,24,1,3,2,0,0,2,DEU,0,1,0,,80.1,0,N
85830,111,3,13,20,2,0,2,0,0,2,BEL,0,1,0,,58,1,N
109952,88,4,16,16,2,2,2,0,0,2,GBR,0,1,0,,89.1,1,N
89221,82,5,21,17,0,2,2,0,0,2,CHE,0,4,0,,149.4,0,N
46945,15,1,5,28,2,4,2,0,0,2,CHN,0,2,1,,77.88,0,Y
77586,2,1,3,14,0,1,1,0,0,1,PRT,0,1,0,40,66,0,N
117742,263,8,32,8,0,1,2,0,0,2,BEL,0,1,0,,107.1,2,N
78859,289,10,42,17,0,1,2,0,0,2,PRT,0,1,0,,67,0,N
103676,64,12,53,25,2,2,2,0,0,2,BRA,0,4,1,,74.61,2,N
85310,21,3,11,12,0,1,1,2,0,3,DEU,0,1,1,,127,0,N
113198,115,6,22,2,0,2,2,0,0,2,PRT,0,1,1,,80,0,N
98410,42,9,40,27,0,2,2,0,0,2,ISR,0,4,0,,158.4,1,N
61409,322,12,50,9,0,2,2,0,0,2,PRT,0,1,0,,52,0,Y
69665,348,6,22,3,2,1,2,0,0,2,PRT,0,1,0,,90,0,Y
65564,99,4,14,5,0,3,2,0,0,2,GBR,0,1,0,,99,1,Y
83343,0,1,5,27,0,2,3,0,0,3,MAR,0,2,1,,120.5,0,N
114410,36,6,25,19,1,2,2,0,0,2,GBR,0,1,0,,160,1,N
88225,98,4,18,26,2,5,2,0,0,2,FRA,0,1,0,,98.24,1,N
111758,277,5,19,12,1,2,2,0,0,2,DEU,0,1,0,,89.1,1,N
65941,179,4,15,10,1,3,2,2,0,4,BEL,0,2,0,,206.1,0,Y
98723,0,10,41,3,1,0,1,0,0,1,PRT,0,5,0,,156,0,N
96951,213,9,37,8,0,3,2,0,0,2,USA,0,4,0,,117.11,1,N
102573,21,11,49,30,0,2,1,0,0,1,POL,0,1,0,,76,0,N
42142,1,9,36,1,0,1,1,0,0,1,PRT,0,1,0,45,0,1,N
103583,44,1,1,1,1,0,3,0,0,3,BRA,0,1,2,,65,2,N
101933,24,11,47,18,0,2,2,0,0,2,PRT,0,1,0,,0,1,N
42363,26,9,36,5,1,1,1,0,0,1,GBR,0,1,0,,95,2,N
119266,213,8,35,28,1,3,1,0,0,1,PRT,0,1,1,,104,0,N
55186,6,8,33,7,1,0,2,1,0,3,ESP,0,1,0,,171,2,Y
75653,290,8,32,3,1,3,2,0,0,2,PRT,1,1,0,,62,0,Y
117759,169,8,31,2,2,5,2,1,1,4,FRA,0,1,1,,154.93,1,N
56805,135,9,38,14,1,4,2,0,0,2,PRT,0,1,0,,80.75,2,Y
113219,240,6,22,3,0,1,2,0,0,2,GBR,0,4,0,,147.6,1,N
102132,95,11,47,18,2,3,2,0,0,2,GBR,0,1,0,,85,1,N
111291,124,5,18,6,2,1,2,0,0,2,CN,0,1,0,,97.02,1,N
88968,24,5,20,12,0,3,2,0,0,2,DEU,0,1,0,,99.33,1,N
96653,0,9,37,5,1,0,2,0,0,2,PRT,0,1,1,,149,0,N
47774,16,3,10,3,0,3,2,0,0,2,ITA,0,4,0,,109.33,0,Y
60499,66,11,46,12,2,1,2,0,0,2,SWE,0,1,0,,105.33,1,Y
89329,76,5,21,17,0,3,1,0,0,1,NLD,0,1,0,,126.9,0,N
114990,50,6,26,28,0,2,2,0,0,2,IRL,0,1,0,,140,0,N
80706,32,11,47,20,0,2,1,0,0,1,PRT,0,1,0,,73,0,N
55436,188,8,33,13,1,1,2,0,0,2,ISR,0,1,0,,105.3,0,Y
42992,44,9,37,12,2,1,2,0,0,2,IRL,0,1,0,,120.6,2,N
62749,15,1,3,21,1,1,2,0,0,2,ESP,0,1,0,,80,0,Y
118942,205,8,34,25,0,2,2,0,0,2,CHE,0,1,0,,72.42,1,N
79803,5,11,45,1,2,2,2,0,0,2,GBR,0,4,1,,105,0,N
98413,147,9,40,25,2,2,2,0,0,2,CN,0,1,0,,129.6,2,N
54580,49,7,30,20,0,2,3,1,0,4,ARG,0,4,0,,159.3,0,Y
77232,327,9,37,9,2,4,2,0,0,2,PRT,0,1,0,,88,0,N
85175,24,3,11,8,0,3,2,0,0,2,PRT,0,1,0,,81,2,N
117301,20,7,31,31,1,1,2,2,0,4,CHN,0,6,0,,234,0,N
102564,2,11,48,25,2,4,1,0,0,1,ITA,0,1,0,,91.38,0,N
48614,78,3,13,25,1,2,2,0,0,2,PRT,0,1,0,,100,0,Y
107402,2,3,10,5,2,5,1,0,0,1,PRT,0,1,0,220,60,0,N
80447,34,12,50,8,0,2,1,0,0,1,PRT,1,1,0,,90,0,Y
49870,95,4,17,20,0,2,1,0,0,1,PRT,0,1,0,,74,0,Y
102093,215,11,48,21,1,1,1,0,0,1,NLD,0,1,1,233,75,0,N
44665,50,10,41,9,0,2,2,0,0,2,PRT,0,1,0,,85,0,N
109222,91,4,14,5,0,4,1,0,0,1,USA,0,1,2,,69.3,1,N
70109,156,6,23,9,2,2,2,0,0,2,GBR,0,1,0,,126,0,Y
100869,18,11,45,1,0,2,2,0,0,2,DEU,0,1,0,,120,1,N
65554,373,4,14,5,0,3,2,0,0,2,PRT,0,1,0,,90,0,Y
77916,7,9,40,29,0,1,1,0,0,1,ESP,0,1,0,,195.7,0,N
87367,97,4,16,16,2,1,2,0,0,2,PRT,0,4,0,,102.3,0,N
82300,35,12,52,26,0,1,2,0,0,2,ESP,0,2,0,,77.25,2,N
82528,6,12,53,31,0,1,2,1,0,3,PRT,0,1,0,,77.5,0,N
66846,156,4,17,26,0,3,2,0,0,2,PRT,0,1,0,,100,0,Y
79287,24,10,43,19,1,4,3,0,0,3,FRA,0,4,1,,105,0,N
65634,69,4,14,6,0,3,1,0,0,1,PRT,0,1,0,197,85,0,Y
85981,106,3,13,22,0,3,2,0,0,2,FRA,0,1,1,,77.33,0,N
84123,8,2,8,19,0,1,1,0,0,1,PRT,0,1,0,67,81,0,N
72990,160,8,32,11,1,2,2,0,0,2,DNK,0,1,0,,120.83,0,Y
101883,57,11,47,17,0,3,2,0,0,2,NLD,0,1,0,,79.2,2,N
94241,163,8,32,1,1,0,2,1,0,3,PRT,0,1,0,,121.5,3,N
70403,226,6,24,16,1,2,2,0,0,2,PRT,0,1,0,,105,0,Y
70510,150,6,24,17,2,3,1,0,0,1,PRT,0,1,0,,120,0,Y
85137,3,7,28,13,0,1,1,0,0,1,PRT,1,4,0,219,95,1,N
108792,75,3,13,29,0,4,2,0,0,2,NLD,0,1,0,,98.1,2,N
108368,116,3,12,24,0,2,1,0,0,1,FRA,0,1,0,,90,0,N
70438,88,6,24,17,0,1,2,1,0,3,ESP,0,1,0,,204.3,0,Y
50941,309,5,20,12,0,2,2,0,0,2,PRT,0,1,0,,62,0,Y
50656,204,5,19,5,0,3,2,0,0,2,PRT,0,1,0,,100,0,Y
57964,21,10,41,4,0,3,2,0,0,2,CHN,0,1,0,,116.1,0,Y
75441,327,9,37,9,0,2,2,0,0,2,PRT,1,1,0,,62,0,Y
92178,99,6,27,29,0,3,2,0,0,2,FRA,0,1,0,,114.3,1,N
51248,84,5,21,16,1,3,2,0,0,2,CHN,0,1,0,,109.65,1,Y
82458,54,12,53,30,1,4,2,0,0,2,PRT,0,4,0,,118.2,1,Y
44559,92,10,41,7,0,4,2,0,0,2,PRT,0,1,0,,70,0,N
108240,30,3,12,21,0,4,2,0,0,2,PRT,0,4,0,,134.73,1,N
70987,203,6,26,26,2,5,2,0,0,2,GBR,0,1,0,,96.17,1,Y
114274,129,6,24,12,2,5,2,0,0,2,BGR,0,1,3,,132.43,0,N
80741,13,12,50,6,2,0,2,0,0,2,PRT,1,1,0,,107,2,Y
64820,7,3,11,17,0,2,2,0,0,2,PRT,0,4,0,,95,0,Y
92879,17,7,29,11,1,1,2,0,0,2,NOR,0,1,0,,139,0,N
116943,294,7,30,23,2,2,2,0,0,2,GBR,0,1,1,,89.1,1,N
87345,7,4,16,16,1,1,2,1,0,3,ISR,0,1,0,,143,1,N
40161,96,7,28,11,2,1,2,0,0,2,ITA,0,1,0,,94.5,0,Y
114531,45,6,25,19,1,3,2,0,0,2,IRL,0,1,0,,150,0,N
70209,139,6,24,12,1,1,3,0,0,3,PRT,0,4,2,,188.5,0,Y
111524,116,5,19,9,0,3,2,0,0,2,FRA,0,1,1,,117,1,N
42473,55,9,37,6,2,0,2,0,0,2,FRA,0,1,0,,75,0,N
69473,106,5,22,31,0,4,3,0,0,3,PRT,0,5,0,,163.8,0,Y
67893,410,5,19,9,0,1,2,0,0,2,PRT,0,1,0,,90,0,Y
118101,146,8,32,12,2,1,3,0,0,3,MYS,0,4,0,,175.5,2,N
73952,272,7,29,16,0,2,2,0,0,2,PRT,1,1,0,,62,0,Y
101501,37,11,46,9,0,4,2,0,0,2,FRA,0,1,0,,125.57,1,N
55497,220,8,34,14,2,2,2,0,0,2,ITA,0,4,0,,108.45,0,Y
81957,272,8,32,5,0,1,2,0,0,2,PRT,1,1,0,,65,0,Y
93228,8,7,30,17,2,0,2,0,0,2,ESP,0,1,0,,160,1,N
88214,9,11,47,17,0,1,1,0,0,1,PRT,0,1,1,219,79,1,N
81418,8,12,50,9,0,2,1,0,0,1,FRA,0,1,1,,79,0,N
65008,59,3,12,22,0,1,2,0,0,2,FRA,0,1,0,,60.98,0,Y
63572,56,2,7,14,0,2,2,0,0,2,CHE,0,1,0,,79.2,1,Y
92466,19,7,28,3,2,2,3,0,0,3,ESP,0,4,0,,187,2,N
64823,122,3,11,17,0,2,2,0,0,2,BRA,0,1,0,,93.6,0,Y
89292,31,5,21,19,0,1,1,0,0,1,PRT,0,4,0,,108.11,0,N
88628,13,5,19,5,1,3,2,0,0,2,FRA,0,4,0,,148.5,0,N
117667,57,8,31,2,2,4,2,0,0,2,FRA,0,1,0,,126,0,N
43693,83,9,39,23,0,2,2,0,0,2,PRT,0,1,0,,62,0,N
94612,110,8,32,1,1,5,2,0,0,2,FRA,0,4,0,,120.3,1,N
88427,88,5,19,3,0,3,2,0,0,2,PRT,0,1,0,,117,1,N
58331,109,10,42,11,0,1,2,0,0,2,FRA,0,1,0,,108,0,Y
77262,5,9,39,20,2,0,2,0,0,2,PRT,1,1,0,,100,0,Y
103941,46,1,1,1,2,0,2,0,0,2,PRT,0,1,0,,65,0,N
93229,121,7,29,16,2,1,2,0,0,2,USA,0,1,0,,105.3,1,N
107138,4,3,10,6,1,1,1,0,0,1,PRT,0,5,0,435,110,0,N
47649,1,2,10,28,2,1,1,0,0,1,PRT,0,1,0,,60,0,Y
54572,384,7,30,20,0,2,2,0,0,2,PRT,0,1,0,,65,0,Y
107922,9,3,11,16,1,3,3,0,0,3,ESP,0,4,0,,142.8,0,N
97773,27,9,39,20,0,1,2,0,0,2,BRA,0,1,0,,95,0,N
80187,17,3,12,20,1,0,1,0,0,1,FRA,0,1,0,91,80,2,N
67784,60,5,19,7,2,2,2,0,0,2,IRL,0,1,0,,144,0,Y
76104,364,10,42,16,0,2,2,0,0,2,PRT,1,1,0,,101.5,0,Y
59813,68,11,45,2,1,4,2,2,0,4,SWE,0,2,0,,164.88,0,Y
40650,34,8,32,5,0,2,2,0,0,2,PRT,0,1,0,,62,0,Y
78861,34,10,42,15,0,3,2,0,0,2,GBR,0,1,0,,125,1,N
102164,2,11,48,20,2,2,2,0,0,2,SWE,0,1,0,,91.38,1,N
63191,37,2,5,1,2,4,3,0,0,3,FIN,0,5,1,,115.6,1,Y
68517,175,5,20,19,0,1,1,0,0,1,PRT,0,1,0,,90,0,Y
88634,3,5,20,9,1,0,1,0,0,1,PRT,0,1,0,,77.6,0,N
53223,350,6,25,17,0,2,2,0,0,2,PRT,0,1,0,,140,0,Y
87280,122,4,16,15,0,2,2,0,0,2,PRT,0,1,0,,85,0,N
75076,278,7,30,22,0,2,2,0,0,2,PRT,1,1,0,,62,0,Y
78587,0,11,49,30,1,2,0,0,0,0,PRT,0,1,2,40,6,0,N
103280,213,12,51,17,0,1,1,0,0,1,DEU,0,1,2,,67.5,0,N
46438,4,1,1,2,1,1,1,0,0,1,IRL,0,1,0,,97,2,N
57826,180,10,40,1,2,1,2,0,0,2,IRL,0,1,0,,108.9,0,Y
42709,69,9,37,9,0,2,2,0,0,2,PRT,0,1,0,,62,0,N
90249,112,6,23,2,0,2,2,0,0,2,FRA,0,1,0,,100,0,N
97415,2,9,38,15,0,1,2,0,0,2,DEU,0,1,0,,159,0,N
98061,296,9,39,21,0,4,2,0,0,2,ITA,0,1,0,,117,1,N
118793,8,8,34,23,0,2,2,0,0,2,AUS,0,1,0,,129.5,0,N
90449,220,6,23,4,2,1,1,0,0,1,USA,0,1,0,,61.67,0,N
84221,13,2,8,18,0,3,2,0,0,2,FRA,0,1,0,,87,1,N
88143,86,4,18,26,1,5,2,0,0,2,GBR,0,1,0,,95.2,1,N
53864,44,7,27,1,0,2,2,2,0,4,PRT,0,5,0,,156.95,1,Y
114161,0,6,24,16,0,2,2,0,0,2,PRT,0,1,0,,124.8,1,N
56053,53,8,35,27,2,1,2,0,0,2,PRT,0,1,0,,77.04,0,Y
105580,24,2,6,5,2,5,1,0,0,1,MAR,0,1,1,407,75,0,N
83647,137,2,7,7,2,1,3,0,0,3,FRA,0,4,0,,93,2,N
83202,8,1,4,19,0,5,2,0,0,2,ROU,0,1,0,,79.4,1,N
107988,13,3,12,19,2,0,1,0,0,1,GBR,0,5,0,,148,2,N
57572,21,9,40,28,0,1,1,0,0,1,FRA,0,1,0,,129,2,Y
76610,138,7,30,25,0,1,2,0,0,2,PRT,0,1,0,,60,0,N
108898,37,4,13,1,1,1,1,1,0,2,AGO,0,1,1,,120,1,N
44097,30,9,40,30,0,2,2,0,0,2,PRT,0,1,0,,121,0,Y
76761,0,8,32,8,1,1,2,0,0,2,FRA,0,1,1,,75,0,N
41392,93,8,33,15,2,3,2,0,0,2,PRT,0,1,0,,76.5,2,Y
80030,1,12,52,24,0,1,2,0,0,2,PRT,11,5,0,,55,0,Y
79591,7,10,44,29,0,1,1,0,0,1,PRT,0,1,0,,65,0,N
108890,62,3,13,31,1,2,3,0,0,3,DEU,0,1,0,,116.1,1,N
115463,175,6,26,29,2,5,2,0,0,2,DEU,0,1,0,,91.93,0,N
82961,1,12,50,12,0,1,1,0,0,1,PRT,0,1,1,,0,0,N
43689,83,9,39,23,0,2,3,0,0,3,ESP,0,1,1,,84,0,N
95616,199,8,34,14,2,5,3,0,0,3,FRA,0,4,0,,127.62,2,N
87834,101,4,18,26,0,1,2,0,0,2,PRT,0,1,0,,98,0,N
116937,60,7,29,20,2,5,3,2,0,5,GBR,0,7,0,,239.3,1,N
53020,188,6,25,15,0,2,1,0,0,1,PRT,0,1,0,,130,0,Y
104787,21,1,3,19,0,3,2,0,0,2,ITA,0,4,0,,119.83,1,N
107993,0,3,10,7,4,10,0,0,0,0,PRT,0,1,8,,0,1,N
57166,0,9,39,20,0,1,2,0,0,2,PRT,0,1,0,,190,0,Y
91657,19,6,26,22,0,2,1,0,0,1,PRT,0,1,1,,90,0,N
113005,32,5,22,30,0,2,2,0,0,2,ISR,0,1,0,,160,2,N
77728,0,9,39,21,1,3,2,0,0,2,ESP,0,4,0,,155,1,N
103178,83,12,51,11,2,1,2,0,0,2,FRA,0,1,0,,75,0,N
109431,177,4,14,7,2,2,0,2,0,2,LUX,0,2,1,,103.05,0,N
50292,295,4,18,28,0,2,2,0,0,2,PRT,0,1,0,,62,0,Y
94053,0,7,31,29,0,1,2,0,0,2,MOZ,0,1,0,,109,1,N
93684,175,7,30,23,1,1,2,0,0,2,PRT,0,1,0,,85.5,2,N
118005,53,8,32,11,0,2,3,0,0,3,GBR,0,4,0,,210,3,N
76217,151,7,30,25,2,1,2,0,0,2,PRT,1,1,0,,86,0,Y
109686,182,4,15,11,0,4,0,2,0,2,BEL,0,2,0,,103.05,2,N
53946,48,7,27,2,2,3,3,0,0,3,ESP,0,4,2,,157.5,0,Y
114051,84,6,24,12,1,3,2,0,0,2,AUT,0,1,0,,126,0,N
119017,104,8,35,27,1,0,3,1,0,4,PRT,0,5,0,,162,1,N
47865,60,3,11,6,2,5,2,0,0,2,ESP,0,1,0,,82.95,0,Y
45691,140,11,47,18,0,3,2,0,0,2,PRT,0,1,3,,75,1,N
115536,153,6,26,30,2,5,2,0,0,2,DEU,0,4,0,,153.51,0,N
111464,0,5,19,10,0,1,1,0,0,1,BEL,0,1,0,,285,0,N
91776,192,6,26,24,0,2,1,0,0,1,GBR,0,1,0,,95,0,N
78749,14,10,42,15,0,1,1,0,0,1,ITA,0,1,1,,100,0,N
103414,2,12,52,20,0,3,2,0,0,2,FRA,0,1,0,,79.5,1,N
63521,17,2,7,13,1,1,2,1,0,3,PRT,0,1,0,,128,2,Y
75422,327,9,37,9,0,2,2,0,0,2,PRT,1,1,0,,62,0,Y
118889,457,8,34,25,0,2,2,0,0,2,DEU,0,1,1,,122.4,1,N
102429,44,11,48,26,1,1,2,0,0,2,PRT,0,1,0,,98.8,2,N
48669,67,3,13,26,2,1,3,0,0,3,PRT,0,1,0,,100.81,1,Y
89618,5,5,22,22,2,0,2,0,0,2,GBR,0,5,0,,119,0,N
59984,305,11,45,4,1,2,2,0,0,2,PRT,0,1,0,,89,0,Y
56685,97,9,37,9,2,5,2,0,0,2,DEU,0,1,0,,135.9,0,Y
105210,43,1,4,28,2,3,2,0,0,2,BRA,0,1,0,,68,1,N
56935,161,9,38,15,1,3,2,0,0,2,IRL,0,1,0,,126.9,0,Y
100671,0,10,45,31,0,0,2,0,0,2,PRT,0,1,0,,0,1,N
114268,216,6,24,13,1,5,1,0,0,1,PRT,0,1,0,,108,1,N
118303,80,8,33,16,0,2,2,1,0,3,ESP,0,1,0,,170,2,N
82690,23,1,1,2,2,1,2,0,0,2,ITA,0,1,0,,109,0,N
91610,230,6,26,19,2,3,2,0,0,2,NLD,0,1,0,,80.75,0,N
118217,34,8,33,16,0,1,3,0,0,3,FRA,0,4,1,,239,1,N
96517,78,9,36,1,0,3,2,0,0,2,BRA,0,4,0,,149.4,1,N
44617,65,10,41,8,0,3,2,0,0,2,DEU,0,1,0,,72.25,0,N
95023,168,8,33,13,0,1,3,0,0,3,BRA,0,1,0,,146.7,1,N
66895,156,4,17,26,0,3,2,0,0,2,PRT,0,1,0,,100,0,Y
99169,253,10,41,7,1,2,1,0,0,1,LUX,0,4,0,,140.4,1,N
68209,104,5,20,15,1,2,1,0,0,1,PRT,0,1,0,,160,0,Y
75818,330,9,37,12,2,2,2,0,0,2,PRT,1,1,0,,62,0,Y
97065,33,9,37,10,1,1,3,0,0,3,ESP,0,1,0,,120.6,0,N
58514,461,10,42,13,0,2,2,0,0,2,PRT,0,1,0,,62,0,Y
102567,39,11,49,27,2,2,1,0,0,1,FIN,0,1,0,,65,0,N
110379,5,4,17,26,0,1,1,0,0,1,ESP,0,5,1,,215,0,N
73549,458,8,34,26,0,1,2,0,0,2,PRT,0,1,2,,43.2,2,Y
87581,30,4,17,19,0,3,2,0,0,2,GBR,0,1,0,,103.5,0,N
100755,0,10,45,30,2,0,1,0,0,1,CZE,0,1,0,,150,2,N
73770,272,7,29,16,0,2,2,0,0,2,PRT,1,1,0,,62.8,0,Y
93742,60,7,31,25,1,0,3,0,0,3,DEU,0,4,0,,137.7,2,N
45318,69,10,44,25,2,1,2,0,0,2,PRT,0,1,0,,85.67,0,N
82107,0,1,4,19,0,3,1,0,0,1,PRT,0,1,0,40,66,0,N
96261,21,8,36,30,0,1,2,1,0,3,ITA,0,1,0,,140,1,N
57150,280,9,39,19,1,2,2,0,0,2,PRT,0,1,0,,110,0,Y
67204,78,4,17,29,2,1,2,0,0,2,PRT,0,1,0,,90,0,Y
100959,84,10,45,31,1,3,2,1,0,3,CHE,0,1,0,,149.18,1,N
78533,29,10,44,28,0,3,2,0,0,2,PRT,1,4,0,,136,3,Y
93727,110,7,30,22,2,2,2,0,0,2,KAZ,0,4,0,,121.05,0,N
118254,173,8,33,14,1,2,2,0,0,2,FRA,0,1,0,,112.5,1,N
112131,68,5,20,18,0,2,2,0,0,2,DEU,0,1,1,,180,0,N
42786,44,9,37,10,0,2,2,0,0,2,PRT,0,1,0,,126,0,Y
96699,26,9,36,3,2,2,2,0,0,2,CHE,0,1,2,282,116.72,0,N
115228,134,7,27,2,1,0,2,0,0,2,COL,0,4,0,,116.1,0,N
82210,98,12,53,29,0,3,2,0,0,2,PRT,1,1,0,,59.5,0,Y
118169,201,8,32,10,2,4,2,0,0,2,GBR,0,1,0,,82.3,1,N
83359,1,1,5,27,0,2,1,0,0,1,DEU,0,1,1,,71.7,0,N
111008,207,5,18,2,0,3,2,0,0,2,AUT,0,1,0,,117,2,N
107787,1,3,11,16,0,2,2,0,0,2,ARG,0,1,0,,72.16,0,N
81006,86,1,4,22,0,1,2,0,0,2,PRT,1,1,0,,85,0,Y
51619,95,5,22,22,2,3,3,0,0,3,PRT,0,4,0,,141.32,1,Y
68545,175,5,20,19,0,1,1,0,0,1,PRT,0,1,0,,90,0,Y
92327,49,7,27,1,1,2,3,0,0,3,GBR,0,4,0,,150.3,4,N
107015,19,3,9,1,1,4,2,0,0,2,CHE,0,4,0,,133,2,N
97289,346,9,38,13,0,2,2,0,0,2,DEU,0,1,0,,115,1,N
81176,1,1,2,5,0,3,1,0,0,1,PRT,0,1,0,40,66,0,N
65745,173,4,14,7,1,2,2,1,0,3,DEU,0,1,0,,133.2,1,Y
71330,172,7,27,2,2,2,2,0,0,2,GBR,0,4,0,,117.9,3,Y
69523,227,6,22,1,0,3,3,0,0,3,FRA,0,4,0,,157.5,1,Y
81933,278,8,33,11,0,1,2,0,0,2,PRT,1,1,0,,65,0,Y
87133,23,4,16,10,2,3,3,0,0,3,FRA,0,4,0,,146.2,3,N
101329,20,11,46,7,1,3,1,0,0,1,USA,0,1,0,,171.13,2,N
109116,68,4,14,5,0,2,1,0,0,1,BEL,0,1,0,418,100,0,N
113988,7,6,24,14,0,1,2,1,0,3,PRT,0,1,1,45,0,2,N
64710,92,3,11,15,0,3,2,0,0,2,PRT,0,1,0,,85,0,Y
115310,134,6,26,30,2,2,2,0,0,2,PRT,0,1,0,,91.58,0,N
90044,4,2,5,4,0,1,2,0,0,2,PRT,2,1,0,40,75,1,N
106824,1,3,9,3,0,1,2,0,0,2,ISR,0,1,0,,70.4,0,N
77795,18,9,40,27,1,0,1,0,0,1,ITA,0,1,3,,170,0,N
80559,4,2,6,1,1,0,1,0,0,1,PRT,0,1,0,72,41,1,N
51638,38,5,22,23,1,2,2,0,0,2,DEU,0,1,0,,126.9,1,Y
44193,164,10,40,2,0,2,1,0,0,1,PRT,0,1,0,,100,0,Y
112696,142,5,21,24,0,3,2,0,0,2,AUT,0,1,0,,126,0,N
115883,181,7,27,7,2,3,2,0,0,2,GBR,0,1,2,,86.63,2,N
45199,52,10,43,23,1,2,2,0,0,2,CZE,0,1,0,,94.5,3,N
40822,0,8,32,8,0,1,2,0,0,2,PRT,0,1,0,,89,1,N
106743,2,3,9,1,0,1,2,0,0,2,PRT,0,1,0,,143,2,N
99031,30,10,41,4,0,4,2,0,0,2,BRA,0,4,0,,144.8,1,N
59420,199,10,44,28,0,2,2,0,0,2,PRT,0,1,0,,95,0,Y
105856,7,2,7,14,0,3,1,0,0,1,PRT,0,4,1,,139.67,2,N
64098,601,3,9,2,0,2,2,0,0,2,PRT,0,1,0,,62,0,Y
49317,96,4,16,10,2,2,2,0,0,2,DEU,0,1,0,,76.93,0,N
79971,0,11,45,7,1,1,1,0,0,1,USA,0,1,0,,73.15,0,N
41043,0,8,33,11,0,2,1,0,0,1,MEX,0,1,0,,144,0,N
52246,330,6,23,2,0,2,2,0,0,2,PRT,0,1,0,,62,0,Y
44118,27,9,40,30,0,2,2,0,0,2,PRT,0,1,0,,108,0,Y
119057,17,8,35,27,2,0,2,0,0,2,CN,0,1,0,,114.5,1,N
58908,605,10,43,17,1,2,2,0,0,2,PRT,0,1,0,,60,0,Y
44888,0,10,42,15,0,0,2,0,0,2,PRT,0,4,0,,0,0,N
105160,0,1,5,31,0,1,1,0,0,1,USA,0,1,0,,93,0,N
58968,59,10,43,19,0,3,2,0,0,2,ISR,0,4,3,,139.5,1,Y
90138,45,5,23,30,1,3,2,0,0,2,BEL,0,1,0,,80.75,0,N
46391,1,12,53,31,0,1,2,0,0,2,PRT,0,1,0,,135,1,N
44778,51,10,42,11,1,0,2,0,0,2,GBR,0,1,0,,94.5,1,N
95889,5,9,39,19,1,1,1,0,0,1,PRT,0,1,0,40,65,1,N
89669,35,5,22,23,1,1,1,0,0,1,AUT,0,1,0,,99.9,0,N
55135,3,8,32,6,0,1,2,0,0,2,ESP,0,1,0,,139,0,Y
67492,143,5,18,4,0,2,2,0,0,2,PRT,0,1,0,,120,0,Y
90246,112,6,23,2,0,2,2,0,0,2,FRA,0,1,0,,100,0,N
108381,269,3,12,23,0,3,2,0,0,2,DEU,0,1,0,,72,0,N
47122,44,2,7,8,1,3,0,2,0,2,ITA,0,2,0,,66.5,1,Y
94054,130,7,31,27,0,3,3,0,0,3,AUT,0,4,0,,137.7,0,N
44169,164,10,40,2,0,2,1,0,0,1,PRT,0,1,0,,100,0,N
86783,0,4,15,8,0,1,2,0,0,2,PRT,0,1,0,,89,1,N
60055,95,11,45,5,0,1,1,0,0,1,PRT,0,1,0,,75,0,Y
97563,40,9,38,13,0,5,1,0,0,1,GBR,0,1,1,,108,0,N
105896,19,2,7,14,0,3,2,0,0,2,PRT,0,1,0,,80,0,N
108597,1,3,13,29,0,1,1,0,0,1,PRT,0,1,0,,117,1,N
115512,10,7,27,6,0,1,1,0,0,1,PRT,0,1,0,,95,0,N
59449,286,10,44,28,0,2,2,0,0,2,PRT,0,1,0,,65,0,Y
100860,8,11,45,2,0,1,2,0,0,2,ESP,0,1,0,,120,2,N
98655,193,9,40,30,1,2,2,0,0,2,PRT,0,1,0,,132,0,N
103757,37,12,53,30,0,1,2,0,0,2,CHE,0,4,0,,146,1,N
79558,31,10,44,26,1,2,2,1,0,3,FRA,0,4,0,,90,1,N
64840,175,3,11,17,1,2,2,0,0,2,CHE,0,1,0,,79.2,1,Y
89455,189,5,21,19,0,3,2,0,0,2,FRA,0,1,0,,65,0,N
112012,19,5,19,12,2,5,2,0,0,2,DEU,0,4,0,,184.29,1,N
100422,82,10,44,26,0,2,2,0,0,2,ARG,0,4,0,,80.39,1,N
78736,25,10,42,11,2,2,2,0,0,2,IRL,0,1,0,,72.76,0,N
90526,247,6,24,6,1,1,2,0,0,2,DEU,0,1,0,,115,1,N
114353,126,6,24,17,2,2,2,0,0,2,NLD,0,1,0,,117,1,N
83008,0,1,3,12,0,1,1,0,0,1,PRT,0,1,0,,79,0,N
112576,281,5,21,23,0,3,2,0,0,2,AUT,0,1,0,,109.8,2,N
77742,1,9,39,20,2,3,2,0,0,2,CHE,0,1,1,,102.41,0,N
83613,3,2,7,8,1,0,1,0,0,1,ITA,0,1,1,,129,1,N
92330,15,7,27,2,2,1,2,0,0,2,FRA,0,1,0,,151,1,N
50613,131,5,19,5,0,3,1,0,0,1,AUT,0,1,0,,99.9,0,Y
114361,130,6,25,18,2,1,2,1,0,3,NLD,0,1,0,,165,3,N
63973,43,2,8,25,1,1,2,0,0,2,CHN,0,4,0,,108,0,Y
45769,98,11,48,23,1,2,1,0,0,1,PRT,0,1,0,,70,0,Y
103507,7,12,51,13,4,10,2,0,0,2,PRT,0,1,0,,88.4,0,N
72984,87,8,32,11,1,2,2,0,0,2,ITA,0,1,0,,145,1,Y
105530,22,2,6,7,0,4,2,0,0,2,ITA,0,1,0,,74.8,0,N
76707,12,10,43,19,0,1,1,0,0,1,PRT,5,1,0,40,65,0,N
68613,105,5,20,19,0,2,1,0,0,1,PRT,0,1,0,,160,0,Y
107351,176,3,10,9,0,3,2,0,0,2,FRA,0,1,0,,75,0,N
72345,243,7,30,26,0,4,2,0,0,2,PRT,0,1,0,,110,0,Y
50714,144,5,19,6,0,2,2,0,0,2,PRT,0,4,0,,114.3,1,Y
88393,5,5,19,3,0,2,3,0,0,3,PRT,0,4,0,,177,2,N
108535,158,3,13,27,1,1,2,0,0,2,ISR,0,1,0,,95,1,N
77353,19,10,41,6,0,3,1,0,0,1,PRT,1,1,0,,80,0,Y
41581,13,8,34,18,0,2,2,0,0,2,PRT,0,1,0,,90,2,Y
74580,353,10,41,5,1,1,2,0,0,2,PRT,1,1,0,,62,0,Y
52767,69,6,25,12,2,4,1,0,0,1,PRT,0,1,0,,120,0,Y
111609,154,5,19,12,0,1,2,0,0,2,URY,0,1,0,,98.1,1,N
96508,28,8,36,30,0,4,2,0,0,2,NLD,0,1,0,,104.5,2,N
105494,17,2,5,3,2,5,2,0,0,2,IRL,0,1,0,,91.8,1,N
55127,229,8,32,5,1,2,2,0,0,2,DEU,0,1,0,,96.3,1,N
78133,12,10,41,4,1,0,2,0,0,2,FRA,0,1,0,,72,0,N
52683,337,6,24,9,0,2,2,0,0,2,PRT,0,1,0,,62,0,Y
51995,135,5,22,28,1,1,2,0,0,2,PRT,0,1,0,,96,0,Y
50595,288,5,19,5,0,3,2,0,0,2,PRT,0,1,0,,65,0,Y
54619,379,7,30,21,0,2,2,0,0,2,PRT,0,1,0,,62,0,Y
90484,0,6,24,6,1,0,2,0,0,2,IRL,0,1,0,,96.12,0,N
89036,0,5,21,16,1,0,1,0,0,1,ROU,0,1,0,,74.14,0,N
112943,23,5,22,30,0,1,2,0,0,2,PRT,0,1,0,,160,1,N
68036,23,5,19,11,1,3,2,0,0,2,ARG,0,1,0,,175,1,Y
91198,1,6,25,17,0,1,1,0,0,1,USA,0,1,0,,89.25,0,N
109659,6,4,15,13,0,2,2,1,0,3,ESP,0,1,0,,189,0,N
96199,180,8,36,28,2,0,2,0,0,2,ITA,0,1,0,,96.3,0,N
85897,1,3,13,23,0,1,1,0,0,1,ITA,0,1,0,,96,1,N
60220,626,11,46,7,1,2,2,0,0,2,PRT,0,1,0,,62.8,0,Y
81992,115,3,13,20,2,0,1,0,0,1,PRT,1,1,0,,70,0,Y
65880,137,4,15,9,2,2,2,0,0,2,PRT,0,1,0,,122.4,0,Y
43082,7,9,38,14,1,2,2,0,0,2,DEU,0,1,0,,152,1,N
43005,68,9,37,12,2,2,2,0,0,2,PRT,0,1,0,,62,0,N
55745,75,8,34,20,0,1,2,0,0,2,PRT,0,1,0,,118.15,2,Y
105070,9,1,4,27,0,2,2,0,0,2,AUT,0,1,0,,83.16,1,N
65726,26,4,14,7,0,1,2,0,0,2,CHN,0,1,0,,126,0,Y
70673,285,6,25,20,0,4,2,0,0,2,BRA,0,1,0,,110,1,Y
62906,53,1,4,24,0,4,3,0,0,3,CHN,0,4,2,,117.81,0,Y
83483,10,2,6,2,0,2,2,0,0,2,GBR,0,1,0,,92,0,N
76779,395,3,13,21,1,2,2,0,0,2,PRT,1,1,0,,62.8,0,Y
73349,95,8,33,19,1,1,1,0,0,1,PRT,0,1,2,,115,0,Y
76953,342,9,39,24,2,4,2,0,0,2,PRT,1,1,0,,170,0,Y
67214,30,4,17,29,2,1,1,0,0,1,GBR,0,1,0,,126.33,1,Y
60669,301,11,47,18,0,2,2,0,0,2,PRT,0,1,0,,52,0,Y
82236,203,6,23,2,0,3,2,0,0,2,PRT,1,1,0,,65,0,Y
77756,12,9,39,22,0,4,2,0,0,2,NLD,0,1,0,,164,1,N
57131,280,9,39,19,1,2,2,0,0,2,PRT,0,1,0,,110,0,Y
52864,113,6,25,13,2,5,2,0,0,2,GBR,0,1,0,,119.85,0,Y
90247,76,5,23,30,1,4,2,0,0,2,CHE,0,4,0,,132.6,2,N
49869,86,4,17,20,0,2,2,0,0,2,CN,0,4,0,,127.8,0,Y
113180,98,5,22,31,0,4,3,0,0,3,DEU,0,5,0,,169.98,0,N
61343,517,12,50,8,0,2,2,0,0,2,PRT,0,1,0,,62.8,0,Y
85265,11,3,11,10,0,2,2,0,0,2,ITA,0,1,0,,95,0,N
70954,213,6,26,26,1,1,2,0,0,2,PRT,0,1,0,,115,0,Y
87971,44,4,18,25,1,3,2,0,0,2,FRA,0,1,0,,101.34,1,N
66631,152,4,16,22,2,2,2,0,0,2,PRT,0,1,0,,105,0,Y
93972,134,7,31,26,0,4,2,0,0,2,CN,0,1,0,,72.25,0,N
76805,1,8,33,11,0,1,2,0,0,2,FRA,0,1,0,,105,1,N
97269,45,9,38,11,2,2,2,1,0,3,GBR,0,1,0,,162.79,2,N
73854,307,8,34,20,0,2,2,0,0,2,PRT,1,1,0,,62.8,0,Y
49434,85,4,16,13,2,5,2,0,0,2,DEU,0,1,0,,90.95,0,Y
99923,41,10,43,16,2,2,2,0,0,2,DEU,0,1,0,,85.5,0,N
72857,326,8,32,8,0,2,2,2,0,4,MAR,0,6,0,,199,0,Y
103527,70,12,52,22,2,3,2,0,0,2,FRA,0,1,0,,74.8,3,N
109189,60,4,14,6,0,2,2,1,0,3,GBR,0,5,0,,165,0,N
100308,283,10,44,23,2,1,2,0,0,2,GBR,0,4,0,,111.3,1,N
87663,8,4,17,21,0,3,3,0,0,3,ITA,0,4,1,,176,2,N
72884,73,8,32,9,0,1,2,2,0,4,NLD,0,6,0,,240,0,Y
52576,56,6,24,8,0,1,2,0,0,2,PRT,0,1,0,,120,0,Y
115387,405,7,27,4,0,2,2,0,0,2,DEU,0,1,0,,114.4,0,N
46268,114,12,53,28,1,4,3,0,0,3,PRT,0,1,0,,109.8,2,Y
68502,175,5,20,19,0,1,1,0,0,1,PRT,0,1,0,,90,0,Y
73105,142,8,33,14,2,5,2,0,0,2,PRT,0,1,0,,157.5,2,Y
65495,112,4,14,4,0,2,2,0,0,2,PRT,0,1,0,385,95,0,Y
87358,2,4,16,16,2,1,2,0,0,2,CHE,0,1,0,,109,1,N
98433,0,9,40,29,0,1,1,0,0,1,PRT,0,1,1,120,170,0,N
57668,263,9,40,29,2,4,2,0,0,2,DEU,0,1,0,,100.3,0,Y
48357,105,3,13,22,0,1,2,0,0,2,ESP,0,1,0,,78.3,0,N
81198,1,12,49,4,1,2,2,0,0,2,FRA,0,1,0,,80.27,0,N
100776,74,10,45,31,1,0,3,0,0,3,AUS,0,4,0,,123.3,0,N
116038,451,7,28,12,0,3,2,0,0,2,GBR,0,1,0,,112.67,2,N
98657,51,10,42,13,0,1,3,0,0,3,DEU,0,4,0,,158.4,1,N
69586,212,6,22,2,1,2,2,0,0,2,PRT,0,1,0,,105,0,Y
58581,59,10,42,13,0,3,2,0,0,2,USA,0,4,0,,128.7,0,Y
109500,126,4,14,8,2,3,2,0,0,2,FRA,0,1,1,,118.99,0,N
47800,19,3,10,4,0,2,2,0,0,2,ITA,0,4,0,,111,0,Y
113612,35,6,23,7,0,3,3,0,0,3,DEU,0,4,0,,247,1,N
94898,192,8,33,8,1,3,2,0,0,2,NLD,0,1,0,,72.75,1,N
41146,0,8,33,13,0,2,2,0,0,2,CHN,0,1,3,,89,0,N
103390,115,12,52,18,2,2,2,0,0,2,NLD,0,1,2,,88.4,2,N
58759,93,10,42,15,2,1,1,0,0,1,PRT,0,1,0,,115,0,Y
76577,207,9,40,29,0,2,2,0,0,2,PRT,1,1,0,,48,0,Y
105589,4,2,6,10,0,2,2,0,0,2,PRT,0,4,0,,118,0,N
42859,168,9,37,11,0,2,2,0,0,2,PRT,0,1,0,,60,0,Y
89063,72,5,20,13,2,2,2,0,0,2,FRA,0,1,0,,119.85,1,N
70133,38,6,23,10,2,2,2,0,0,2,CN,0,1,0,,130,1,Y
41307,39,8,33,14,0,2,2,0,0,2,DEU,0,1,0,,109,0,N
97829,1,9,39,20,0,1,1,0,0,1,CYP,0,1,0,153,95,0,N
54520,185,7,30,18,2,5,2,0,0,2,SWE,0,1,0,,90.95,0,Y
49056,57,4,15,5,0,4,3,0,0,3,DEU,0,4,0,,130.05,0,Y
92324,78,7,29,12,0,1,2,0,0,2,NLD,0,1,0,,105.3,1,N
72771,173,8,31,5,2,5,2,1,0,3,FRA,0,1,0,,148.5,0,Y
84807,15,2,10,29,1,3,2,0,0,2,GBR,0,4,0,,85.55,1,N
47115,57,2,7,8,1,1,2,1,0,3,DEU,0,1,1,,91.5,1,N
50411,62,4,18,30,1,1,2,0,0,2,ESP,0,4,0,,140.4,0,Y
91917,166,6,27,26,1,0,2,0,0,2,FRA,0,1,0,,96.3,1,N
67769,91,5,18,6,2,5,2,0,0,2,DEU,0,5,0,,164.57,0,Y
98268,0,9,40,26,1,0,1,0,0,1,POL,0,1,1,,106.65,0,N
104356,262,1,2,9,1,2,2,0,0,2,ALB,0,1,0,,81.9,2,N
72516,15,7,30,29,2,5,3,0,0,3,SWE,0,4,0,,222.57,1,Y
96544,40,8,36,31,0,4,2,0,0,2,DEU,0,1,0,,85.5,0,N
47374,14,2,8,18,0,2,1,0,0,1,IDN,0,1,0,,85,0,Y
65800,97,4,14,8,2,3,3,0,0,3,AUT,0,4,0,,157.25,0,Y
79327,5,10,43,24,0,1,1,0,0,1,PRT,0,1,1,,75,0,N
65328,63,3,13,31,1,2,1,0,0,1,CN,0,1,0,,101.4,2,Y
104486,80,1,2,11,0,4,2,1,0,3,BEL,0,1,0,,105.4,3,N
84272,34,2,8,17,1,4,2,0,0,2,FRA,0,1,0,,66,1,N
75235,297,8,33,10,1,1,2,0,0,2,PRT,1,1,0,,62,0,Y
76589,224,9,37,11,1,2,2,0,0,2,PRT,1,1,0,,90,0,Y
55502,164,8,34,14,2,4,2,0,0,2,POL,0,1,0,,106.53,0,Y
93193,184,7,29,16,1,1,3,0,0,3,PRT,0,1,1,,180,0,N
48814,20,3,14,31,0,2,1,0,0,1,PRT,0,1,2,179,79,0,Y
68475,115,5,20,18,0,3,2,0,0,2,AUT,0,4,0,,135,0,Y
94181,301,7,31,30,1,1,1,0,0,1,DEU,0,1,1,,90,0,N
45088,102,10,42,16,0,2,1,0,0,1,PRT,0,1,0,,80,0,Y
105180,1,1,5,30,1,1,2,0,0,2,CHN,0,1,0,,81.99,2,N
92897,97,7,29,12,0,2,2,1,0,3,PRT,0,1,0,,121.5,1,N
70896,129,6,25,24,2,1,2,0,0,2,PRT,0,1,0,,130,0,Y
118775,163,8,34,24,0,1,2,0,0,2,TUR,0,1,0,,80.1,0,N
82006,115,3,13,20,2,0,1,0,0,1,PRT,1,1,0,,70,0,Y
44011,68,9,40,29,0,2,2,0,0,2,FRA,0,1,0,,65,0,N
46993,12,2,6,1,9,20,1,0,0,1,AGO,0,1,0,,63.03,1,Y
77578,0,9,39,21,1,1,2,0,0,2,PRT,0,1,0,,65,0,N
44434,97,10,41,5,1,3,1,0,0,1,PRT,0,1,0,,140,0,Y
100317,22,10,44,25,0,1,2,0,0,2,NOR,0,1,0,,110,0,N
118248,45,8,33,16,0,1,2,2,0,4,COM,0,6,0,,259,0,N
62966,61,1,4,25,0,2,2,0,0,2,PRT,0,1,0,,80,0,Y
60041,121,11,45,4,1,2,3,0,0,3,ITA,0,4,0,,122.4,1,Y
102576,21,11,49,30,0,2,1,0,0,1,POL,0,1,0,,76,0,N
70724,212,6,25,21,0,4,1,0,0,1,PRT,0,1,0,348,110,0,Y
102503,5,11,49,28,1,1,1,0,0,1,ESP,0,1,0,,82.35,0,N
68973,166,5,21,24,0,2,2,0,0,2,BRA,0,1,1,,108,3,Y
68705,185,5,20,20,0,1,2,0,0,2,IRL,0,4,0,,139.5,3,Y
49397,52,4,16,12,0,3,2,0,0,2,FRA,0,1,0,,94.5,0,Y
91275,238,6,25,18,0,1,2,0,0,2,GBR,0,4,0,,115.2,1,N
114373,23,6,25,18,2,1,2,0,0,2,GBR,0,4,0,,163.33,0,N
118003,171,8,32,9,0,4,2,0,0,2,NLD,0,1,1,,115.63,0,N
65542,83,4,14,5,0,2,2,0,0,2,GBR,0,1,0,,99,0,Y
82150,99,2,8,19,0,1,2,0,0,2,PRT,1,1,0,67,80,0,Y
117967,173,8,32,10,0,3,2,0,0,2,NLD,0,1,0,,112.5,0,N
110359,62,4,17,24,1,2,2,0,0,2,IRL,0,1,0,,89.1,0,N
50104,64,4,17,23,2,1,2,0,0,2,BRA,0,4,0,,118.8,1,Y
43406,74,9,38,18,0,2,2,0,0,2,PRT,0,1,0,,101.5,0,Y
42210,63,9,36,2,0,3,2,0,0,2,BRA,0,1,0,,60,0,N
81217,81,12,50,6,1,0,2,0,0,2,FRA,0,1,0,,76.5,2,N
56479,258,9,37,8,0,1,2,0,0,2,PRT,0,1,0,,65,0,Y
96976,183,9,37,8,0,3,2,0,0,2,PRT,0,1,0,,110,1,N
117474,2,8,31,3,0,1,2,0,0,2,PRT,0,1,0,,166,1,N
96730,53,9,36,1,2,4,2,0,0,2,NLD,0,4,0,,121.35,1,N
49296,7,4,15,9,2,4,3,0,0,3,BRA,0,4,1,,159,0,Y
96297,0,8,36,30,0,1,2,0,0,2,AGO,0,5,0,,175,1,N
93495,292,7,30,21,0,2,2,0,0,2,DEU,0,1,0,,115,0,N
93708,3,7,31,24,1,0,2,0,0,2,DEU,0,1,0,,131,0,N
90370,14,6,23,3,1,2,2,0,0,2,GBR,0,4,0,,149.33,1,N
74945,269,10,43,22,0,3,2,0,0,2,PRT,1,1,0,,65.29,1,Y
83091,4,3,14,29,0,1,1,0,0,1,PRT,3,1,1,72,40,1,N
79359,39,10,43,23,1,2,2,0,0,2,NLD,0,1,1,,74.88,1,N
51747,158,5,22,24,0,2,1,0,0,1,PRT,0,1,0,,130,0,Y
96355,63,8,36,30,0,2,2,0,0,2,POL,0,4,0,,174.6,1,N
96886,90,9,37,7,0,3,2,0,0,2,FRA,0,4,0,,112.88,0,N
97661,12,9,38,14,1,4,2,0,0,2,ITA,0,4,0,,147.2,1,N
107470,66,3,10,10,1,2,2,0,0,2,FRA,0,1,0,,80,1,N
43954,88,9,39,26,2,2,2,0,0,2,PRT,0,1,0,,170,0,Y
94927,192,8,33,9,0,3,2,1,0,3,FRA,0,1,0,,121.5,1,N
52059,157,5,23,29,2,5,2,1,0,3,GBR,0,1,0,,72.15,1,N
101919,44,11,47,18,0,2,2,0,0,2,GBR,0,4,0,,83.39,1,N
74321,262,7,28,6,1,1,2,0,0,2,PRT,1,1,0,,62,0,Y
48898,48,4,14,1,2,3,2,0,0,2,DEU,0,4,2,,131.4,0,Y
51768,8,5,22,25,0,1,1,0,0,1,TUR,0,1,0,,119,0,Y
81403,2,7,27,5,0,2,1,0,0,1,PRT,0,1,0,40,67,2,N
86993,0,5,19,4,0,2,1,0,0,1,PRT,0,1,0,40,65,0,N
83085,5,1,4,17,1,0,2,0,0,2,PRT,0,1,0,,92,1,N
106403,0,2,8,19,2,4,2,0,0,2,IRQ,0,1,0,,98,0,N
43217,23,9,38,16,1,4,2,0,0,2,USA,0,4,0,,68,1,N
61109,44,12,49,2,0,2,2,0,0,2,DEU,0,1,0,,98.8,0,Y
75448,327,9,37,9,0,2,1,0,0,1,PRT,1,1,0,,60,0,Y
79675,37,10,44,28,0,4,2,1,0,3,FRA,0,4,0,,75,1,N
66454,125,4,16,20,0,3,2,0,0,2,PRT,0,1,0,,85,0,Y
78822,14,10,42,15,0,2,1,0,0,1,IRQ,0,1,0,,100,0,N
88543,117,5,19,5,0,3,2,2,0,4,FRA,0,6,0,,177.3,2,N
50966,309,5,20,12,0,2,2,0,0,2,PRT,0,1,0,,62,0,Y
52676,337,6,24,9,0,2,2,0,0,2,PRT,0,1,0,,62,0,Y
83619,40,2,6,6,2,1,2,0,0,2,DEU,0,1,0,,40.67,0,N
112702,137,5,21,25,0,3,2,0,0,2,FRA,0,4,0,,139.5,1,N
105501,3,2,6,9,0,1,1,0,0,1,PRT,0,1,0,243,93,0,N
115287,170,6,26,30,2,2,3,0,0,3,BEL,0,4,0,,145.88,0,N
66557,281,4,16,21,1,2,2,0,0,2,BRA,0,4,0,,123.3,0,Y
72136,423,7,29,22,1,1,2,0,0,2,PRT,0,1,0,,80,0,Y
47221,22,2,7,12,2,2,2,0,0,2,USA,0,4,0,,80.8,0,Y
115635,117,7,27,7,0,2,2,0,0,2,CN,0,1,0,,108,0,N
72201,240,7,30,23,2,1,2,0,0,2,PRT,0,1,0,,110,0,Y
84311,35,2,8,19,2,2,2,0,0,2,CHL,0,1,0,,82.35,0,N
55803,224,8,35,21,2,2,2,0,0,2,FRA,0,1,0,,80.75,0,Y
65595,75,4,14,5,0,4,1,0,0,1,PRT,0,1,0,,85,0,Y
51605,96,5,22,22,2,2,2,0,0,2,DEU,0,2,0,,112.01,0,Y
93549,292,7,30,21,0,2,2,0,0,2,AUT,0,1,0,,115,0,N
93383,38,7,30,19,0,2,3,0,0,3,ESP,0,4,0,,159.3,2,N
53469,35,6,26,21,0,1,2,0,0,2,SGP,0,1,0,,89.1,0,Y
91246,150,6,25,16,0,3,2,0,0,2,FRA,0,1,0,,90,1,N
116932,91,7,30,23,2,2,2,0,0,2,ISR,0,1,0,,112.5,1,N
53391,131,6,26,19,2,3,2,0,0,2,NLD,0,1,0,,115.94,0,Y
79234,444,12,49,1,0,3,1,0,0,1,PRT,1,1,0,,75,0,Y
56876,9,9,38,15,0,2,2,0,0,2,FRA,0,1,0,,149,1,Y
88478,157,5,19,3,0,4,2,0,0,2,ROU,0,1,0,,89.25,0,N
76721,1,1,5,31,0,3,1,0,0,1,PRT,6,1,0,40,65,1,N
47202,37,2,7,12,1,2,0,2,0,2,USA,0,2,0,,69.5,1,N
117611,199,8,31,4,1,2,2,2,0,4,GBR,0,6,0,,211.5,0,N
52272,147,6,23,2,0,3,3,0,0,3,PRT,0,1,0,,124,1,Y
55221,215,8,33,8,1,2,2,0,0,2,BEL,0,1,1,,96.3,2,N
54746,59,7,31,25,1,2,3,0,0,3,ITA,0,4,0,,137.7,0,Y
115533,177,7,26,1,2,4,2,0,0,2,PRT,0,1,0,,80.1,1,N
118733,120,8,34,23,0,2,1,0,0,1,USA,0,5,3,,180,2,N
72935,184,8,32,10,0,3,2,0,0,2,FRA,0,1,2,,164.7,0,Y
109479,78,4,14,7,2,3,2,0,0,2,FRA,0,1,0,,85,0,N
81108,82,2,6,2,0,5,2,0,0,2,PRT,1,1,0,,96,0,Y
79776,3,11,45,2,1,2,1,0,0,1,FRA,0,1,0,91,79,1,N
71791,229,7,28,12,1,4,2,0,0,2,PRT,0,1,0,,110,0,Y
67136,3,4,17,29,0,1,1,0,0,1,IRL,0,4,0,,190,1,Y
97793,0,9,39,20,0,1,2,0,0,2,PRT,0,7,2,,275,0,N
71773,451,7,28,12,0,3,2,0,0,2,PRT,0,1,0,,90,0,Y
106358,22,2,8,20,1,3,2,0,0,2,IRL,0,1,0,,69.7,1,N
75888,351,10,40,3,2,2,1,0,0,1,PRT,1,1,0,,60,0,Y
55943,412,8,35,25,0,2,2,0,0,2,PRT,0,1,0,,62,0,Y
55876,134,8,35,23,0,4,3,0,0,3,ITA,0,4,0,,133.2,0,Y
92501,2,7,28,6,0,1,2,0,0,2,PRT,0,1,0,,149,0,N
87820,62,4,18,24,2,1,3,0,0,3,FRA,0,4,0,,137.7,2,N
115922,149,7,28,10,1,2,1,0,0,1,GBR,0,4,0,,85.93,0,N
91768,192,6,26,24,0,2,1,0,0,1,PRT,0,1,0,,95,0,N
73259,171,8,33,17,1,3,2,0,0,2,DEU,0,1,0,,130.5,0,Y
69161,168,5,21,26,1,2,2,0,0,2,PRT,0,1,0,43,140,0,Y
46591,3,1,2,9,1,1,2,0,0,2,AGO,0,1,0,,78.3,1,Y
67011,111,4,17,27,1,3,2,0,0,2,PRT,0,1,0,,120,0,Y
113214,17,6,22,2,0,2,3,0,0,3,ESP,0,4,0,,210,1,N
96245,152,8,36,28,2,1,3,1,0,4,GBR,0,7,0,,218.7,0,N
110082,143,4,16,19,0,3,2,2,0,4,DEU,0,6,0,,189,0,N
119080,269,8,34,22,2,5,2,0,0,2,DEU,0,1,0,,99,2,N
42182,5,9,36,2,0,1,1,1,0,2,ESP,0,1,0,,60,1,N
117671,81,8,31,3,2,3,2,0,0,2,FRA,0,1,0,,125,1,N
72476,490,7,30,29,2,1,2,0,0,2,PRT,0,1,0,,90,0,Y
55317,405,8,33,10,0,2,2,0,0,2,PRT,0,1,0,,65,0,Y
48541,161,3,13,25,1,2,2,0,0,2,PRT,0,1,0,,130,0,Y
48171,91,3,12,18,0,2,1,0,0,1,PRT,0,1,0,,75,0,Y
106727,46,2,9,27,1,2,2,0,0,2,ESP,0,1,0,,106.2,0,N
77753,15,10,40,2,0,2,2,0,0,2,PRT,1,1,0,,190,0,Y
98890,29,10,41,3,1,2,2,0,0,2,FRA,0,1,0,,143.03,3,N
76396,273,7,29,17,0,2,1,0,0,1,PRT,0,1,1,,87,0,N
54935,210,7,32,31,2,0,2,0,0,2,GBR,0,1,0,,96.3,2,Y
114648,144,6,25,22,0,3,2,0,0,2,DEU,0,4,2,,126,2,N
56062,199,8,36,28,1,0,2,0,0,2,GBR,0,1,0,,85.5,0,Y
74088,321,9,36,3,0,2,2,0,0,2,PRT,1,1,0,,62,0,Y
117459,69,8,31,1,0,3,2,1,0,3,BRA,0,1,1,,150,2,N
60014,45,11,45,4,1,2,1,0,0,1,DEU,0,1,0,,90,2,Y
46467,150,1,1,2,2,1,2,0,0,2,PRT,0,1,0,,101,0,Y
40653,34,8,32,5,0,2,2,0,0,2,PRT,0,1,0,,62,0,Y
55958,412,8,35,25,0,2,2,0,0,2,PRT,0,1,0,,62,0,Y
115423,405,7,27,4,0,2,2,0,0,2,DEU,0,1,0,,114.4,0,N
48537,161,3,13,25,1,2,2,0,0,2,PRT,0,1,0,,130,0,Y
70116,317,6,23,9,2,5,3,0,0,3,DEU,0,4,0,,142.2,0,Y
103573,39,12,53,27,0,1,2,0,0,2,BRA,0,1,0,,65,1,N
84680,116,2,10,28,2,1,1,0,0,1,PRT,0,1,0,,75,0,N
110056,124,4,16,18,0,3,3,0,0,3,FRA,0,4,2,,175.5,1,N
77434,3,9,38,17,0,1,1,0,0,1,PRT,0,1,0,,0,0,N
92113,20,6,27,28,0,3,2,0,0,2,BEL,0,1,0,,76.5,0,N
92031,92,6,27,26,2,1,2,0,0,2,GBR,0,1,0,,80.75,1,N
83115,4,1,4,19,0,1,1,0,0,1,PRT,0,1,0,,80,0,N
47838,31,3,10,5,2,1,2,0,0,2,BEL,0,1,0,,84.9,0,Y
46247,14,12,53,27,2,2,2,0,0,2,FRA,0,1,0,,105,1,N
116949,152,7,29,22,2,3,2,0,0,2,FRA,0,4,0,,127.1,0,N
86524,76,3,14,29,2,5,2,0,0,2,GBR,0,1,0,,82.45,1,N
115647,164,7,27,5,0,4,2,0,0,2,FRA,0,4,0,,116.1,1,N
48225,72,3,12,19,0,1,0,2,0,2,PRT,0,2,1,,78,0,Y
54268,49,7,29,11,1,0,2,0,0,2,CHN,0,1,0,,93.15,0,Y
54742,174,7,31,25,1,2,2,0,0,2,PRT,0,1,0,,112,1,Y
57436,418,9,40,26,1,2,2,0,0,2,PRT,0,1,0,,75,0,Y
65623,38,4,14,6,0,2,1,0,0,1,FRA,0,1,0,,130,0,Y
59536,175,10,44,28,2,2,2,0,0,2,PRT,0,4,0,,104.4,0,Y
78841,0,10,42,15,0,2,2,0,0,2,AGO,0,4,1,,136,1,N
100745,84,10,45,30,2,0,2,0,0,2,BEL,0,1,0,,80.1,2,N
41915,5,8,35,26,0,2,1,0,0,1,PRT,0,1,0,40,65,0,Y
87755,42,4,17,21,1,3,2,0,0,2,PRT,0,1,0,,103.84,1,N
112270,65,5,20,20,1,1,2,1,0,3,GBR,0,1,0,,180,2,N
94425,189,7,31,30,2,3,2,0,0,2,AUT,0,1,0,,90.95,1,N
71362,47,7,27,3,1,3,3,0,0,3,IRL,0,5,0,,234.5,1,Y
93243,81,7,29,16,2,1,2,0,0,2,USA,0,1,3,,96,0,N
95115,111,8,33,13,1,1,2,1,0,3,DEU,0,4,0,,99.28,0,N
114381,129,6,24,17,2,2,2,0,0,2,POL,0,1,0,,99,0,N
118037,22,8,32,10,1,3,2,0,0,2,FRA,0,1,1,,180,2,N
72610,23,8,31,1,0,2,1,0,0,1,CHN,0,4,0,,154,0,Y
55948,412,8,35,25,0,2,2,0,0,2,PRT,0,1,0,,62,0,Y
68199,104,5,20,15,1,2,1,0,0,1,PRT,0,1,0,,160,0,Y
88174,47,4,18,28,1,3,2,0,0,2,PRT,0,1,0,,88.52,1,N
87525,90,4,17,17,2,3,2,1,0,3,FRA,0,1,0,,100.85,2,N
40531,114,7,31,27,1,2,2,0,0,2,NLD,0,1,1,,76.5,2,N
67040,111,4,17,27,1,3,2,0,0,2,PRT,0,1,0,,120,0,Y
96610,17,9,37,4,1,0,2,0,0,2,IRL,0,1,0,,138,2,N
62673,54,1,3,18,0,3,2,0,0,2,PRT,0,1,0,,65,0,Y
115389,405,7,27,4,0,2,1,0,0,1,DEU,0,1,1,,91.5,0,N
95790,121,8,35,23,0,1,2,2,0,4,BEL,0,6,0,,198.9,2,N
84919,22,3,10,4,0,2,2,0,0,2,FRA,0,1,0,,87,0,N
70043,112,6,23,9,0,2,2,0,0,2,FRA,0,4,0,,153,0,Y
51644,82,5,22,23,1,3,1,0,0,1,IRL,0,5,0,,148.75,0,Y
92579,121,7,28,7,0,2,2,0,0,2,FRA,0,1,0,,112.5,1,N
92436,0,7,27,2,2,2,2,0,0,2,CZE,0,1,0,,151,1,N
94212,127,7,31,28,2,3,3,0,0,3,GBR,0,4,0,,141.3,0,N
58175,14,10,41,7,0,2,2,0,0,2,PRT,0,5,0,316,166.25,0,Y
102468,110,11,49,28,1,0,1,0,0,1,ESP,0,1,0,,84.6,0,N
54969,44,8,32,1,1,3,2,0,0,2,IRL,0,1,0,,118.15,0,Y
102318,6,11,48,25,0,1,3,0,0,3,PRT,0,4,0,,161,0,N
98359,62,9,40,27,0,2,1,0,0,1,FRA,0,4,0,,115.04,1,N
79000,221,10,42,17,2,1,2,1,0,3,FRA,0,1,1,,77.5,0,N
79180,2,10,43,22,0,1,1,0,0,1,GBR,0,1,0,,120,1,N
54996,114,8,32,2,0,2,2,3,0,5,PRT,0,7,0,,266.3,0,Y
47220,154,2,7,12,1,2,2,0,0,2,PRT,0,4,0,,62,1,N
97674,98,9,38,16,1,2,2,0,0,2,GBR,0,1,0,,80.75,0,N
60284,626,11,46,7,1,2,2,0,0,2,PRT,0,1,0,,62.8,0,Y
93990,0,7,31,28,0,2,2,0,0,2,ESP,0,1,1,,139,0,N
65725,26,4,14,7,0,1,2,0,0,2,CHN,0,1,0,,126,0,Y
58115,454,10,41,6,0,2,2,0,0,2,PRT,0,1,0,,62,0,Y
92278,22,6,27,27,1,5,2,0,0,2,GBR,0,4,0,,134.87,0,N
68345,70,5,20,15,1,3,2,0,0,2,FRA,0,1,0,,144,0,Y
87167,59,4,16,11,1,3,2,1,0,3,FRA,0,1,0,,93.08,1,N
83674,59,2,6,6,2,2,2,0,0,2,AUT,0,1,0,,62,0,N
48938,91,4,14,2,2,4,2,0,0,2,BRA,0,1,0,,81.25,1,Y
114114,145,6,24,15,0,2,2,0,0,2,NOR,0,1,0,,113.88,2,N
116272,9,7,28,14,1,2,2,0,0,2,FRA,0,1,0,,132,1,N
67188,78,4,17,29,2,1,2,0,0,2,PRT,0,1,0,,90,0,Y
91384,111,6,25,17,2,2,1,0,0,1,NLD,0,1,0,,109.65,1,N
98731,11,10,41,3,1,0,1,0,0,1,FRA,0,1,0,,144,2,N
55139,167,8,32,6,0,1,2,0,0,2,ISR,0,1,0,,105.3,0,Y
62373,20,1,2,12,0,2,2,0,0,2,ESP,0,1,0,,97.5,0,Y
50345,443,4,18,29,0,1,2,0,0,2,PRT,0,1,0,,65,0,Y
98192,154,9,40,25,1,0,2,0,0,2,USA,0,1,0,,127.8,0,N
55425,14,8,33,13,1,1,0,2,0,2,PRT,0,7,0,,0,1,Y
49573,14,4,16,15,0,2,2,0,0,2,ITA,0,4,0,,142,0,Y
77500,263,9,39,21,1,0,2,0,0,2,PRT,0,1,0,,67,0,N
85773,64,3,12,19,1,1,2,2,0,4,PRT,0,5,0,,159.6,2,N
77106,219,9,36,4,1,2,1,0,0,1,SWE,0,1,0,,76.67,0,N
43676,62,9,39,23,0,1,2,0,0,2,PRT,0,1,0,,71.4,0,N
117556,84,8,31,5,0,1,2,0,0,2,NLD,0,1,0,,125,2,N
48735,56,3,14,29,0,3,3,0,0,3,CHE,0,4,0,,123.3,1,Y
100295,87,10,44,23,2,1,2,0,0,2,DEU,0,1,0,,80.75,1,N
52276,112,6,23,2,0,3,2,0,0,2,PRT,0,1,0,,120,0,Y
96184,231,8,35,23,2,5,3,0,0,3,DEU,0,1,0,,96.9,2,N
112412,18,5,21,22,1,1,2,0,0,2,PRT,0,1,0,,120,1,N
114656,152,6,25,21,0,4,2,0,0,2,FRA,0,1,0,,117,2,N
105728,96,2,6,11,2,2,2,0,0,2,GBR,0,4,0,,102.6,3,N
77903,5,10,41,5,1,0,1,0,0,1,PRT,0,1,0,40,65,0,N
41041,0,8,33,11,0,2,1,0,0,1,PRT,0,4,0,45,0,2,N
108572,125,3,12,23,2,4,2,0,0,2,GRC,0,1,0,,88.4,1,N
87847,90,4,18,25,1,1,2,0,0,2,DEU,0,1,0,,96.3,1,N
81210,0,12,50,6,1,0,2,0,0,2,PRT,0,1,0,,111,0,N
101331,16,11,46,6,2,3,1,0,0,1,CN,0,1,2,,165.6,2,N
70121,37,6,23,10,1,1,2,0,0,2,CHN,0,1,0,,140,1,Y
93707,67,7,30,23,1,1,2,0,0,2,ITA,0,1,0,,94.5,1,N
92597,156,7,28,5,0,4,2,0,0,2,CHE,0,1,0,,114.83,1,N
103123,104,12,50,8,1,3,2,0,0,2,CHE,0,1,0,,88.4,1,N
70934,350,6,26,26,1,0,2,0,0,2,BRA,0,1,0,,99,0,Y
57947,285,10,41,3,1,3,2,0,0,2,PRT,0,1,0,,100,0,Y
57214,271,9,39,21,0,3,1,0,0,1,PRT,0,1,1,,95,0,Y
117381,13,7,31,30,2,2,3,0,0,3,ITA,0,4,0,,204.5,1,N
68405,12,5,20,16,2,5,2,0,0,2,GBR,0,4,0,,175.71,2,Y
66714,310,4,17,23,2,2,2,0,0,2,PRT,0,1,0,,75,0,Y
94462,159,8,32,1,1,3,2,0,0,2,NOR,0,1,0,,99.45,1,N
86596,5,4,14,1,2,3,2,0,0,2,GBR,0,4,1,,141,2,N
102591,35,11,48,26,2,4,2,1,0,3,SVN,0,2,1,,71.25,2,N
87052,1,4,16,13,0,1,1,0,0,1,PRT,0,1,0,40,65,0,N
101898,27,11,47,16,0,4,2,0,0,2,USA,0,1,0,,88.4,2,N
59624,75,10,45,30,2,0,2,0,0,2,PRT,0,1,0,,105,0,Y
81566,223,6,25,14,0,2,2,0,0,2,PRT,1,1,0,,135,0,Y
47357,44,2,8,17,0,3,2,0,0,2,PRT,0,1,0,,75,0,Y
41290,0,8,33,14,0,2,2,0,0,2,PRT,0,1,0,,109,0,Y
40518,25,7,31,27,1,1,2,0,0,2,ESP,0,1,0,,62,0,N
96095,53,8,35,25,1,3,3,0,0,3,FRA,0,4,0,,161.78,1,N
61334,517,12,50,8,0,2,2,0,0,2,PRT,0,1,0,,62.8,0,Y
94721,3,8,32,5,2,2,2,0,0,2,DEU,0,4,0,,166,1,N
107304,166,3,9,4,2,5,2,0,0,2,ROU,0,1,0,,88.4,2,N
65885,56,4,15,9,2,2,2,1,0,3,DEU,0,1,0,,144,0,Y
64140,28,3,9,2,0,3,2,0,0,2,PRT,0,1,0,,95,0,Y
107102,137,3,10,6,1,1,2,0,0,2,ISR,0,1,0,,80,1,N
115476,18,7,27,4,0,2,3,1,0,4,BRA,0,5,0,,244,0,N
100892,91,10,45,30,2,2,2,0,0,2,POL,0,1,0,,90.45,1,N
76227,165,8,32,8,2,1,2,0,0,2,PRT,1,1,0,,86,0,Y
84784,8,6,23,1,0,1,1,0,0,1,PRT,0,1,0,219,98,1,N
96374,45,8,36,31,0,2,2,0,0,2,FRA,0,1,0,,108,1,N
91135,256,6,25,15,0,2,2,0,0,2,DEU,0,1,0,,115,1,N
109635,137,4,15,11,0,4,3,0,0,3,DEU,0,4,0,,136.8,0,N
76948,342,9,39,24,2,4,2,0,0,2,PRT,1,1,0,,170,0,Y
105017,32,1,4,22,2,4,2,0,0,2,IRL,0,1,0,,60.06,1,N
86269,1,1,1,4,0,1,1,0,0,1,PRT,1,1,0,219,80,2,N
55615,155,8,34,18,0,1,2,0,0,2,NOR,0,4,0,,118.8,1,Y
52364,275,6,23,4,1,1,2,0,0,2,PRT,0,1,0,,62.8,0,Y
108559,93,3,12,25,2,2,2,0,0,2,FRA,0,4,0,,100.3,1,N
65195,25,3,13,27,1,3,1,0,0,1,PRT,0,4,0,428,95,2,Y
51957,316,5,22,26,0,3,2,0,0,2,PRT,0,1,0,,110,0,N
51727,158,5,22,24,0,2,1,0,0,1,PRT,0,1,0,,130,0,Y
112158,2,5,20,20,0,1,1,0,0,1,IND,0,1,0,,95,0,N
78843,14,10,42,15,0,2,2,0,0,2,SVN,0,1,1,,100,0,N
70114,159,6,23,9,2,3,2,0,0,2,GBR,0,1,0,,126,1,Y
53242,37,6,25,17,0,2,2,0,0,2,PRT,0,5,0,,134.1,1,Y
41847,4,8,35,25,0,4,1,0,0,1,PRT,0,1,0,,60,0,N
97572,78,9,38,13,0,5,2,0,0,2,GBR,0,4,0,,145.8,0,N
41555,47,8,34,18,0,2,1,0,0,1,DEU,0,1,0,,100,1,N
69494,174,6,22,1,0,2,2,0,0,2,PRT,0,1,0,,100,0,Y
104503,19,1,2,11,0,4,3,0,0,3,FRA,0,4,0,,117.06,0,N
60121,95,11,45,5,0,1,1,0,0,1,PRT,0,1,0,,75,0,Y
96714,213,9,37,4,2,1,2,0,0,2,GBR,0,4,0,,90.95,0,N
47992,62,3,11,11,1,2,2,2,0,4,GBR,0,2,0,,139.05,0,Y
50069,142,4,17,22,2,3,1,0,0,1,POL,0,1,0,,89,0,Y
95141,40,8,33,13,1,1,2,0,0,2,USA,0,7,1,,205.38,1,N
76001,336,9,38,18,0,2,2,0,0,2,PRT,1,1,0,,101.5,0,Y
69080,167,5,21,25,0,3,2,0,0,2,PRT,0,1,0,,115,0,Y
118150,107,8,32,11,2,2,2,0,0,2,GBR,0,5,0,,185,2,N
78053,100,1,2,6,1,4,2,0,0,2,PRT,1,4,0,,99,1,Y
94809,10,8,33,8,1,1,2,0,0,2,FRA,0,1,0,,160,1,N
93821,13,7,31,26,0,1,2,0,0,2,PRT,0,1,2,,75,0,N
116089,414,7,28,13,0,2,2,0,0,2,DEU,0,1,0,,122.4,1,N
95519,17,8,34,19,0,1,2,0,1,3,PRT,0,1,1,,118.15,0,N
101904,135,11,47,16,0,4,2,0,0,2,DEU,0,1,0,,85,2,N
45109,41,10,42,16,1,2,2,0,0,2,PRT,0,1,0,,105.9,2,N
114053,41,6,24,15,0,1,2,0,0,2,PRT,0,1,0,,112,1,N
107785,53,3,11,13,1,4,1,0,0,1,PRT,0,1,0,,65,0,N
42692,86,9,37,9,0,2,2,0,0,2,PRT,0,1,0,68,100,0,N
49615,1,4,16,16,0,1,2,1,0,3,PRT,0,1,0,,88.65,0,Y
92539,0,7,28,7,0,1,2,0,0,2,PRT,0,2,0,,159,0,N
46059,135,12,49,5,2,1,2,0,0,2,PRT,0,1,0,,62,0,N
115016,65,6,26,27,0,3,2,0,0,2,DEU,0,1,0,,129,1,N
65844,66,4,15,9,2,0,2,0,0,2,PRT,0,1,0,,100,0,Y
42768,6,9,37,10,0,1,1,0,0,1,PRT,0,1,0,,102.6,0,Y
55942,412,8,35,25,0,2,2,0,0,2,PRT,0,1,0,,62,0,Y
54679,61,7,30,23,1,1,2,0,0,2,ESP,0,1,0,,105.3,0,Y
49774,103,4,17,19,0,2,1,0,0,1,PRT,0,1,0,,115,0,Y
52193,85,6,23,2,0,1,2,0,0,2,BRA,0,4,0,,140.4,0,Y
119182,213,8,35,28,1,3,1,0,0,1,PRT,0,1,1,,104,0,N
99134,349,10,41,4,1,5,1,0,0,1,DEU,0,1,0,,96.67,0,N
59452,199,10,44,28,0,2,2,0,0,2,PRT,0,1,0,,95,0,Y
89524,26,5,21,19,1,3,2,0,0,2,CHE,0,4,0,,151,1,N
47044,8,2,6,5,0,2,3,0,0,3,ESP,0,4,0,,127,1,Y
86571,75,4,14,1,2,3,2,0,0,2,FRA,0,1,0,,82.45,1,N
76446,358,10,41,10,1,1,1,0,0,1,PRT,1,1,0,,60,0,Y
53453,57,6,26,20,1,3,1,0,0,1,ESP,0,1,0,,99.9,0,Y
66664,100,4,16,22,2,2,2,0,0,2,PRT,0,1,0,,105,0,Y
75438,327,9,37,9,0,2,2,0,0,2,PRT,1,1,0,,62,0,Y
110437,30,4,17,27,0,1,1,0,0,1,ITA,0,1,1,,124,0,N
62836,59,1,4,23,1,1,2,0,0,2,PRT,0,1,0,,80,0,Y
78293,0,3,12,16,0,1,1,0,0,1,PRT,1,1,0,40,65,1,N
91942,1,6,27,27,1,0,2,0,0,2,PRT,0,1,0,,127,1,N
67927,197,5,19,9,0,3,2,0,0,2,ITA,0,1,0,,125.7,1,Y
73927,265,7,28,9,0,2,2,0,0,2,PRT,1,1,0,,62,0,Y
105621,14,2,6,8,0,4,2,0,0,2,CHE,0,1,0,,91.8,0,N
46010,95,12,49,4,2,2,2,0,0,2,PRT,0,1,0,,72.25,2,Y
95736,83,8,35,21,2,1,3,0,0,3,DEU,0,4,0,,162.3,0,N
83274,15,4,16,14,0,1,1,0,0,1,DEU,0,1,0,,98.1,0,N
95916,125,8,35,21,2,3,2,0,0,2,BEL,0,4,0,,117,1,N
108139,20,3,12,22,0,1,1,0,0,1,KOR,0,1,0,,62.4,0,N
40255,12,7,29,18,2,2,2,0,0,2,PRT,0,1,0,,62,0,N
77486,11,9,39,26,0,1,1,0,0,1,PRT,1,1,0,,212,1,Y
73043,264,8,32,12,2,5,2,1,0,3,FRA,0,1,0,,167.85,0,Y
70170,309,6,24,11,2,2,2,0,0,2,FRA,0,1,0,,99,0,Y
110524,6,4,17,25,0,3,1,0,0,1,PRT,0,1,0,40,67,0,N
81862,178,4,18,28,0,3,1,0,0,1,PRT,1,1,0,,110,0,Y
48130,59,3,12,17,0,3,2,0,0,2,PRT,0,4,0,,77.85,0,Y
113233,120,6,22,3,0,1,2,0,0,2,BEL,0,1,0,,126,2,N
103509,66,12,52,24,2,1,2,0,0,2,SGP,0,4,0,,79,1,N
51551,95,5,21,21,1,1,1,0,0,1,RUS,0,1,0,,121.5,1,Y
112723,172,5,21,24,0,4,2,0,0,2,BEL,0,1,0,,126,3,N
77363,19,10,41,6,0,3,1,0,0,1,PRT,1,1,0,,80,0,Y
69361,186,5,22,30,0,2,2,0,0,2,PRT,0,1,0,,130,0,Y
56022,162,8,35,27,0,1,2,0,0,2,PRT,0,1,0,,96.3,0,Y
117977,270,8,32,10,0,3,2,2,0,4,NLD,0,6,0,,179.1,0,N
88801,120,5,20,12,0,1,2,0,0,2,PRT,0,1,0,,72.76,0,N
101639,4,11,47,14,1,0,1,0,0,1,POL,0,1,0,,6,2,N
113863,5,6,23,9,2,2,2,0,0,2,FRA,0,1,0,,169.75,1,N
95619,112,8,34,14,2,5,2,2,0,4,FRA,0,7,0,,240.3,1,N
80088,333,9,39,20,0,2,2,0,0,2,PRT,1,1,0,,90,0,Y
82995,5,1,2,5,0,5,2,0,0,2,NLD,0,1,0,,56,0,N
115072,133,6,26,28,0,3,2,0,1,3,NOR,0,1,1,,108,2,N
92657,157,7,28,7,0,3,2,0,0,2,ESP,0,1,2,,123.3,1,N
83235,4,1,5,25,1,0,1,0,0,1,PRT,0,1,1,,59,0,N
118123,187,8,32,10,2,3,2,0,0,2,GBR,0,1,0,,80.1,1,N
96701,56,9,36,3,2,2,2,0,0,2,SWE,0,4,0,,120.38,1,N
54403,150,7,29,14,2,8,3,0,0,3,FRA,0,4,0,,131.75,2,Y
63912,134,2,8,25,0,1,1,0,0,1,PRT,0,1,0,,75,0,Y
116441,171,7,28,15,2,3,3,0,0,3,BEL,0,4,0,,152.1,1,N
115920,174,7,28,11,0,2,3,1,0,4,FRA,0,5,0,,174.75,0,N
89164,98,5,21,16,1,2,2,0,0,2,FRA,0,1,0,,105,0,N
71619,226,7,28,9,2,1,2,0,0,2,PRT,0,1,0,,110,0,Y
61114,73,12,49,2,0,2,1,0,0,1,BEL,0,1,0,,79.2,1,Y
115421,405,7,27,4,0,2,2,0,0,2,DEU,0,1,0,,114.4,0,N
58777,258,10,43,16,1,0,2,0,0,2,PRT,0,1,0,,110,0,Y
87499,29,4,16,16,2,3,2,0,0,2,DEU,0,1,0,,102.8,1,N
57645,130,9,40,29,0,3,2,0,0,2,NLD,0,4,0,,139.5,2,Y
62093,67,1,1,1,2,2,2,0,0,2,ITA,0,4,0,,103.7,1,Y
73478,317,8,34,23,0,3,2,1,0,3,ITA,0,1,0,,149.1,0,Y
113065,0,6,22,1,0,1,2,0,0,2,DZA,0,1,0,,150,0,N
117514,70,8,31,4,0,1,2,0,0,2,PRT,0,1,1,,150,1,N
82653,175,5,19,4,0,1,2,0,0,2,PRT,1,1,0,,117,1,Y
107542,4,3,11,14,0,1,1,0,0,1,FRA,0,4,0,444,95,0,N
42277,63,9,36,4,0,2,2,0,0,2,PRT,0,1,0,,116,0,N
51852,316,5,22,26,0,3,3,0,0,3,AUT,0,4,1,,160,1,N
76228,165,8,32,8,2,1,2,0,0,2,PRT,1,1,0,,86,0,Y
62947,61,1,4,25,0,2,2,0,0,2,PRT,0,1,0,,80,0,Y
41969,17,8,35,28,4,10,1,0,0,1,PRT,0,1,0,,97.77,1,Y
117225,468,7,30,29,2,1,2,0,0,2,GBR,0,1,0,,112.67,1,N
79025,0,10,43,20,0,1,1,0,0,1,PRT,0,1,1,120,140,0,Y
58852,154,10,43,16,2,2,2,0,0,2,DNK,0,1,0,,118.8,0,Y
104524,4,1,2,13,1,2,2,0,0,2,FRA,0,4,0,,86.4,0,N
94796,64,8,33,8,1,1,2,1,0,3,ESP,0,4,0,,161.1,0,N
85123,0,3,10,2,2,6,1,0,0,1,GNB,0,1,0,,75.65,0,N
109854,225,4,15,14,2,2,2,0,0,2,RUS,0,1,0,,113,1,N
95055,103,8,33,11,0,3,3,0,0,3,FRA,0,1,0,,211.8,1,N
87419,29,4,16,15,2,3,2,0,0,2,FRA,0,1,0,,102.8,1,N
68359,172,5,20,15,1,3,2,0,0,2,FRA,0,1,0,,125.1,0,Y
58539,37,10,42,13,0,3,1,0,0,1,PRT,0,1,0,,95,0,Y
73342,162,8,33,19,1,1,2,0,0,2,PRT,0,1,0,,140,0,Y
85467,0,3,12,14,1,1,2,0,0,2,PRT,0,1,0,,109,0,N
111768,215,5,19,12,1,2,2,0,0,2,DEU,0,1,0,,119.1,1,N
73448,188,8,34,22,0,3,2,2,0,4,PRT,0,6,0,,158.4,0,Y
84295,17,2,8,20,2,1,1,0,0,1,NLD,0,1,2,,79,0,N
77049,262,11,46,9,1,2,2,0,0,2,PRT,1,1,0,,62.8,0,Y
96139,4,8,36,28,1,0,2,0,0,2,PRT,0,1,0,,139,1,N
70120,30,6,23,10,0,1,2,0,0,2,PRT,0,1,0,,144,1,Y
115568,214,7,27,3,1,4,2,0,0,2,ESP,0,1,0,,98.1,2,N
72853,86,8,32,8,0,2,2,0,0,2,ITA,0,1,0,,145,2,Y
46141,11,12,51,16,0,1,2,0,0,2,PRT,0,1,0,,95,0,Y
60345,277,11,46,7,1,2,2,0,0,2,PRT,0,1,0,,100,0,Y
56319,133,9,36,3,2,1,2,0,0,2,ITA,0,1,0,,118.8,0,Y
88693,1,5,20,9,1,1,2,0,0,2,CRI,0,1,3,,89,0,N
80835,61,11,48,23,1,2,1,0,0,1,PRT,0,1,0,,70,0,N
109025,209,3,13,30,2,4,2,0,0,2,FRA,0,1,0,,90.93,1,N
115714,171,7,27,7,1,2,2,0,0,2,GBR,0,4,0,,111.6,0,N
118274,41,8,33,14,1,3,2,0,0,2,CN,0,1,0,,131.2,0,N
93422,168,7,30,18,1,2,2,0,0,2,DEU,0,4,0,,112.8,1,N
51064,273,5,20,13,1,2,2,0,0,2,PRT,0,1,0,,95,0,Y
77534,6,9,39,20,2,0,2,0,0,2,GBR,0,1,1,,152.84,1,N
56813,176,9,38,15,0,1,2,0,0,2,PRT,0,1,0,,97.71,0,Y
115437,405,7,27,4,0,2,1,0,0,1,DEU,0,1,1,,91.5,0,N
40374,132,7,30,23,0,1,3,0,0,3,PRT,0,1,1,,130.5,0,N
76135,364,10,42,16,0,2,1,0,0,1,PRT,1,1,1,,80,0,Y
92667,176,7,28,6,0,4,2,1,0,3,HUN,0,1,0,,93.75,1,N
108693,156,3,13,28,0,3,2,0,0,2,BRA,0,4,0,,79,1,N
97512,0,9,38,16,0,1,2,1,1,4,EST,0,4,0,,147.59,0,N
91078,0,6,25,13,1,3,2,0,0,2,CHE,0,6,0,,150.92,1,N
61312,175,12,50,7,0,4,3,0,0,3,ITA,0,4,0,,115.6,0,Y
101966,77,11,47,19,1,1,2,0,0,2,USA,0,1,0,,93.6,1,N
113827,206,6,23,9,1,2,1,0,0,1,CHE,0,1,0,,144,1,N
81133,146,3,14,30,0,3,1,0,0,1,PRT,1,1,0,,80,0,Y
84505,44,2,9,21,2,5,2,0,0,2,ESP,0,1,0,,66.29,1,N
45795,98,11,48,23,1,2,1,0,0,1,PRT,0,1,0,,84,0,Y
43854,35,9,39,25,2,3,2,0,0,2,PRT,0,1,0,,170,0,Y
107253,37,3,10,6,1,3,2,0,0,2,DEU,0,1,0,,54.71,1,N
91548,35,6,26,21,0,2,2,0,0,2,PRT,0,1,0,,113.4,1,N
100847,34,10,45,30,2,2,2,0,0,2,FRA,0,1,0,,75,0,N
87025,25,4,16,12,0,1,1,0,0,1,DEU,0,4,0,,120,0,N
104696,29,1,3,18,0,3,1,0,0,1,DNK,0,1,0,,65,0,N
86616,2,4,15,6,0,1,1,0,0,1,PRT,0,1,0,219,104,0,N
55213,6,8,33,8,1,0,1,0,0,1,PRT,0,1,0,40,65,0,Y
71975,147,7,29,16,2,2,2,0,0,2,ITA,0,1,0,,89.1,0,Y
44547,92,10,41,7,0,4,2,0,0,2,PRT,0,1,0,,70,0,N
93055,101,7,29,15,0,1,2,0,0,2,CHE,0,1,2,,94.5,2,N
101833,11,11,47,13,2,4,2,0,0,2,CHE,0,1,0,,65.29,1,N
75877,351,10,40,3,2,2,2,0,0,2,PRT,1,1,0,,62,0,Y
102915,11,12,50,5,1,3,2,0,0,2,ESP,0,1,0,,97.4,0,N
107231,22,3,10,6,1,3,2,1,0,3,GBR,0,4,0,,77.23,0,N
69920,169,6,23,8,0,3,2,0,0,2,PRT,0,1,0,,170,0,Y
108053,151,3,12,20,1,1,2,0,0,2,PRT,0,1,0,,95,0,N
55600,217,8,34,17,0,3,2,0,0,2,ZAF,0,1,0,,88.5,0,Y
113989,7,6,24,14,0,1,2,0,0,2,PRT,0,1,1,45,0,1,N
63217,67,2,5,2,0,2,2,1,0,3,TUR,0,1,0,,111.6,0,Y
77369,19,10,41,6,0,3,2,0,0,2,PRT,1,1,0,,90,0,Y
59309,34,10,44,26,0,4,2,0,0,2,THA,0,1,0,,129,1,Y
61333,517,12,50,8,0,2,2,0,0,2,PRT,0,1,0,,62.8,0,Y
62767,53,1,3,21,2,3,2,1,0,3,PRT,0,1,0,,70.4,0,Y
94015,62,7,31,26,0,4,3,0,0,3,PRT,0,4,0,,146.7,2,N
110072,169,4,16,20,0,1,2,1,0,3,BRA,0,1,0,,76.24,1,N
74811,173,7,30,25,2,4,2,0,0,2,PRT,1,1,0,,76.5,1,Y
65552,373,4,14,5,0,3,2,0,0,2,PRT,0,1,0,,90,0,Y
87745,5,4,17,22,1,2,2,0,0,2,ITA,0,4,0,,136,1,N
80567,65,11,47,18,0,1,1,0,0,1,PRT,0,4,0,,81.9,2,N
50585,204,5,19,5,0,3,2,0,0,2,PRT,0,1,0,,100,0,Y
107197,9,3,10,7,0,2,1,0,0,1,BEL,0,4,1,,127,0,N
100195,71,10,43,22,2,1,2,2,0,4,CHE,0,6,0,,190.8,1,N
117060,180,7,29,22,2,5,2,0,0,2,FRA,0,1,0,,130.5,0,N
109763,236,4,15,14,1,2,2,0,0,2,CHE,0,1,0,,113.4,1,N
101434,47,11,46,11,0,1,1,0,0,1,PRT,0,1,1,,92,0,N
98146,276,9,39,22,0,3,2,0,0,2,DEU,0,1,0,,116.33,0,N
91874,192,6,26,24,0,2,1,0,0,1,PRT,0,1,0,,95,0,N
102983,61,12,50,8,0,3,2,0,0,2,ESP,0,1,0,,93.6,1,N
79223,444,12,49,1,0,3,1,0,0,1,PRT,1,1,0,,75,0,Y
81089,0,12,49,2,0,1,1,0,0,1,PRT,0,4,0,,0,1,N
95973,41,8,35,24,0,3,3,0,0,3,ESP,0,4,0,,177.3,1,N
70879,149,6,25,24,0,1,1,0,0,1,PRT,0,1,0,,120,0,Y
49212,94,4,15,7,2,5,2,0,0,2,GRC,0,1,0,,75.89,1,Y
102931,30,12,50,8,0,1,2,0,0,2,ESP,0,4,0,,108,0,N
63641,70,2,7,16,0,3,2,0,0,2,GBR,0,1,0,,95.4,2,Y
77226,327,9,37,9,2,4,2,0,0,2,PRT,0,1,0,,88,0,N
72759,62,8,31,5,2,1,2,0,0,2,ESP,0,1,0,,135,0,Y
83535,7,2,6,5,0,2,1,0,0,1,FIN,0,5,1,183,86,0,N
72198,240,7,30,23,2,1,2,0,0,2,PRT,0,1,0,,110,0,Y
99617,335,10,42,13,0,3,1,0,0,1,PRT,0,1,0,,80,0,N
88581,53,5,19,6,0,2,3,0,0,3,PRT,0,4,0,,159.3,3,N
71654,27,7,28,9,2,2,2,0,0,2,IRL,0,1,0,,130,1,Y
52496,213,6,24,7,0,3,2,0,0,2,PRT,0,1,0,,130,0,Y
70694,44,6,25,21,0,2,2,0,0,2,FRA,0,1,0,,126,0,Y
68599,105,5,20,19,0,2,1,0,0,1,PRT,0,1,0,,160,0,Y
57395,89,9,40,25,2,1,3,0,0,3,PRT,0,1,1,,127.33,0,Y
44552,93,10,41,7,0,4,2,0,0,2,PRT,0,1,0,,89.25,1,N
88818,71,5,20,10,0,3,1,0,0,1,DEU,0,1,0,,98,0,N
45982,134,12,49,4,2,2,2,0,0,2,PRT,0,1,0,,65,0,Y
45357,35,10,44,26,1,1,2,0,0,2,PRT,0,1,0,,76.5,1,N
75634,281,7,30,25,2,2,2,0,0,2,PRT,1,1,0,,62,0,Y
88810,71,5,20,10,0,3,1,0,0,1,DEU,0,1,0,,98,0,N
45159,48,10,43,19,1,3,0,2,0,2,PRT,0,2,0,,6,1,Y
61131,315,12,49,2,0,2,2,0,0,2,PRT,0,1,0,,52,0,Y
55563,55,8,34,16,0,3,3,0,0,3,ESP,0,4,2,,168.3,0,Y
50527,143,5,19,2,1,4,2,0,0,2,CHE,0,1,0,,64.26,0,N
82046,14,12,51,16,0,3,2,0,0,2,FRA,0,1,0,,58,0,N
62508,38,1,2,14,0,1,1,0,0,1,PRT,0,1,0,67,75,0,Y
104459,342,1,2,12,0,2,2,0,0,2,AUS,0,4,0,,81.62,1,N
77873,1,9,40,30,0,2,2,0,0,2,PRT,1,1,0,,102.6,0,Y
86525,26,4,15,4,1,0,1,0,0,1,POL,0,1,0,,119,0,N
116827,29,7,30,24,1,1,2,0,0,2,USA,0,1,0,,140,1,N
41131,6,8,33,12,1,4,2,0,0,2,TUN,0,1,0,,75,0,N
46169,102,12,51,19,2,4,2,0,0,2,PRT,0,1,0,,72.25,1,Y
88977,124,5,20,13,1,2,2,0,0,2,DEU,0,1,1,,117.1,1,N
62321,129,1,2,8,2,1,1,0,0,1,PRT,0,4,0,,67,0,Y
104606,34,1,3,18,0,1,1,0,0,1,ESP,0,1,1,,75,0,N
64672,37,3,11,15,0,2,2,0,0,2,PRT,0,1,0,,110,0,Y
108458,0,3,13,28,0,1,1,0,0,1,USA,0,7,1,,108,2,N
101723,8,11,47,15,0,2,2,0,0,2,ITA,0,1,0,,90,0,N
58043,259,10,41,5,0,4,2,0,0,2,PRT,0,1,0,,89,0,Y
89180,2,5,21,15,2,2,1,0,0,1,DEU,0,1,1,,66.88,0,N
40153,96,7,28,11,2,1,2,0,0,2,ITA,0,1,0,,94.5,0,Y
72668,306,8,31,2,2,5,2,0,0,2,BRA,0,4,0,,120.6,3,Y
71931,51,7,28,15,2,2,3,0,0,3,BRA,0,5,0,,232.5,1,Y
98571,100,9,40,28,0,4,1,0,0,1,ITA,0,1,1,,110,0,N
91805,192,6,26,24,0,2,1,0,0,1,SRB,0,1,0,,95,0,N
64776,615,3,11,16,0,2,2,0,0,2,PRT,0,1,0,,62,0,Y
82216,317,9,37,9,1,2,2,0,0,2,PRT,1,1,0,,90,0,Y
65123,305,3,12,25,0,1,2,0,0,2,CN,0,1,0,,71.1,2,Y
106489,134,2,8,25,0,1,1,0,0,1,PRT,0,1,0,,75,0,N
107602,28,3,11,13,1,2,2,0,0,2,IRL,0,4,0,,133.33,1,N
50970,39,5,20,12,0,2,2,0,0,2,BEL,0,1,0,,116.1,0,Y
70168,69,6,24,11,2,2,2,0,0,2,PRT,0,1,0,,89.1,0,Y
92639,141,7,28,3,2,5,2,0,0,2,ITA,0,1,1,,111.68,1,N
83378,1,1,5,29,0,1,2,0,0,2,PRT,0,1,0,,79,1,N
77185,4,9,37,8,0,4,2,0,0,2,DEU,0,1,0,,124,1,N
61307,41,12,50,7,0,4,2,0,0,2,ESP,0,1,0,,88.4,2,Y
44000,39,9,40,29,0,1,1,0,0,1,PRT,0,1,0,,250,0,Y
95866,3,8,35,24,0,1,3,0,0,3,PRT,0,4,0,,188,3,N
40680,1,8,32,5,0,2,3,,0,3,PRT,0,2,0,,18,2,Y
58034,48,10,41,5,0,2,2,0,0,2,PRT,0,1,0,,120,0,Y
58002,349,10,41,4,1,5,2,0,0,2,PRT,0,1,0,,90,0,Y
67941,6,5,19,10,0,1,2,0,0,2,PRT,0,1,0,,90,0,Y
77938,17,9,39,26,2,2,2,0,0,2,ITA,0,1,1,,170,0,N
76723,5,5,19,8,1,2,1,0,0,1,PRT,6,1,0,40,65,1,N
111132,87,5,18,4,0,3,2,0,0,2,AUS,0,1,0,,108,1,N
70714,153,6,25,21,0,4,1,0,0,1,PRT,0,1,0,348,110,0,Y
102066,215,11,48,21,1,1,1,0,0,1,ITA,0,1,1,233,75,0,N
44622,80,10,41,9,0,2,2,0,0,2,PRT,0,4,0,,136,0,N
58963,46,10,43,19,0,2,2,0,0,2,GBR,0,1,0,,107.55,2,Y
116922,133,7,30,23,2,2,2,0,0,2,PRT,0,1,0,,130.5,2,N
64454,104,3,10,10,0,2,2,0,0,2,USA,0,1,0,,97.2,0,Y
68860,26,5,21,22,1,0,1,0,0,1,IRL,0,1,0,,160,1,Y
49209,16,4,15,7,1,3,1,0,0,1,SAU,0,4,0,,127.5,0,Y
104692,52,1,3,18,0,3,1,0,0,1,FRA,0,1,0,,86.4,1,N
60064,11,11,45,5,0,1,2,0,0,2,GBR,0,1,0,,130,1,Y
108911,81,3,13,30,1,3,2,0,0,2,GBR,0,1,0,,77.89,1,N
65092,64,3,12,24,0,2,2,0,0,2,PRT,0,4,0,,81,0,Y
66136,89,4,15,14,2,2,2,0,0,2,ITA,0,5,0,,166.5,0,Y
92905,64,7,29,12,0,2,2,0,0,2,ESP,0,1,0,,63.75,0,N
105254,14,2,5,3,0,1,1,0,0,1,ESP,0,1,0,,88,1,N
100043,66,10,43,20,0,2,0,2,0,2,RUS,0,2,0,,108,1,N
95232,147,8,34,14,2,1,2,0,0,2,FRA,0,1,0,,123.3,1,N
94416,127,7,32,31,2,2,4,0,0,4,GBR,0,7,1,,253.5,1,N
81554,223,6,25,14,0,2,2,0,0,2,PRT,1,1,0,,135,0,Y
74149,342,9,39,24,0,2,2,0,0,2,PRT,1,1,0,,62,0,Y
59995,305,11,45,4,1,2,2,0,0,2,PRT,0,1,0,,89,0,Y
109955,157,4,16,19,0,1,2,0,0,2,ISR,0,1,1,,99,1,N
93366,1,7,30,20,0,1,2,1,0,3,PRT,0,1,0,,111,2,N
109904,84,4,16,18,0,1,1,0,0,1,NLD,0,1,0,,117,0,N
104749,0,1,3,20,0,2,1,0,0,1,CHE,0,1,0,,78,0,N
114341,150,6,24,16,2,2,2,0,0,2,GBR,0,1,0,,72.42,1,N
112581,208,5,21,24,0,2,2,0,0,2,DEU,0,1,0,,114.4,0,N
80713,32,11,47,20,0,2,1,0,0,1,FRA,0,1,0,,73,0,N
114159,115,6,24,11,2,5,2,0,0,2,IDN,0,1,0,,89.1,0,N
90398,54,6,23,4,1,1,2,0,0,2,AUS,0,4,0,,126.9,1,N
57007,205,9,38,16,1,2,2,0,0,2,PRT,0,1,0,,120,0,Y
109031,123,4,14,2,2,1,2,0,0,2,FRA,0,1,0,,99,0,N
82793,68,2,8,17,0,2,2,0,0,2,PRT,1,1,0,,75,0,Y
99328,47,10,42,9,2,1,2,0,0,2,ISR,0,4,0,,139.5,2,N
86077,4,3,13,24,0,3,2,0,0,2,ESP,0,4,0,,162.67,1,N
109159,72,4,13,1,2,4,2,0,0,2,FRA,0,1,0,,75,0,N
50470,93,5,19,2,1,0,2,0,0,2,DEU,0,1,0,,126.9,0,Y
52552,26,6,24,8,0,1,2,0,0,2,PRT,0,1,0,,120,0,Y
64236,58,3,9,2,1,3,3,0,0,3,IRL,0,5,0,,117.3,2,Y
112070,394,5,20,16,0,4,1,0,0,1,PRT,0,1,2,,88.5,0,N
73187,92,8,33,16,0,3,2,0,0,2,PRT,0,1,0,,80.1,0,Y
68655,175,5,20,19,1,2,2,0,0,2,PRT,0,1,0,,110,0,Y
46535,0,1,2,5,0,2,2,0,0,2,ESP,0,1,1,,44,1,N
66131,103,4,15,14,1,2,3,0,0,3,ITA,0,4,0,,145.5,1,Y
64466,98,3,10,10,1,2,1,0,0,1,DNK,0,1,2,,90,2,Y
45971,93,12,49,3,1,3,2,0,0,2,ESP,0,1,0,,72.25,2,N
112456,52,5,21,21,2,1,2,0,0,2,GBR,0,4,0,,152,0,N
96317,7,8,36,31,0,1,2,1,0,3,ESP,0,1,0,,107.03,3,N
84263,4,2,8,19,1,2,1,0,0,1,PRT,0,1,3,67,81,0,N
64175,28,3,9,2,0,3,2,0,0,2,PRT,0,1,0,,95,0,Y
84751,6,12,50,6,0,1,1,0,0,1,PRT,0,5,1,51,105,0,N
92725,110,7,28,8,1,2,2,0,0,2,PRT,0,1,0,,114.3,1,N
58960,31,10,43,19,0,1,2,0,0,2,PRT,0,6,0,,168.63,0,Y
57897,43,10,41,3,1,0,2,0,0,2,BRA,0,1,0,,108,1,Y
41889,2,8,35,26,0,1,1,0,0,1,PRT,0,1,0,,65,0,N
87598,6,4,17,20,0,2,1,0,0,1,PRT,0,1,1,153,95,0,N
111490,33,5,19,8,1,2,1,0,0,1,BEL,0,1,2,,130,1,N
101165,48,11,45,4,1,2,2,0,0,2,CHE,0,1,0,,79.2,2,N
88447,164,5,19,2,1,3,2,0,0,2,NLD,0,1,1,,99.45,0,N
46954,27,1,5,29,0,2,2,0,0,2,ESP,0,1,0,,77,1,Y
53330,123,6,25,17,2,2,2,1,0,3,GBR,0,1,0,,135.15,2,Y
51573,106,5,21,21,2,2,2,0,0,2,GBR,0,1,0,,120.28,0,Y
83910,11,2,7,12,1,2,2,0,0,2,CHN,0,1,0,,81,1,N
64153,28,3,9,2,0,3,2,0,0,2,PRT,0,1,0,,95,0,Y
101166,98,11,45,2,1,4,2,0,0,2,ITA,0,1,0,,90,1,N
97290,140,9,38,12,1,2,2,0,0,2,GBR,0,4,0,,110.19,3,N
63208,573,2,5,2,0,2,2,0,0,2,PRT,0,1,0,,62,0,Y
81526,33,12,50,10,1,3,2,0,0,2,FRA,0,1,0,,74.25,0,N
52836,25,6,25,12,2,1,1,0,0,1,GBR,0,4,2,,126,0,Y
88439,0,5,19,5,0,1,1,0,0,1,PRT,0,1,0,216,111.2,0,N
115309,462,7,26,1,2,1,1,0,0,1,PRT,0,1,1,,0,0,N
86841,115,4,15,8,0,2,1,0,0,1,FRA,0,1,1,,57.5,0,N
116247,212,7,28,14,1,2,2,1,0,3,ITA,0,1,0,,125.1,4,N
100564,88,10,41,7,6,16,0,0,0,0,POL,0,1,7,,0,1,N
105989,70,2,7,15,0,4,2,0,0,2,ESP,0,1,2,242,0,0,N
117736,209,8,32,6,2,1,2,0,0,2,DEU,0,1,0,,130.5,1,N
118377,84,8,33,15,0,4,3,0,0,3,ESP,0,4,0,,215,3,N
65596,75,4,14,5,0,4,1,0,0,1,PRT,0,1,0,,85,0,Y
58393,279,10,42,12,0,3,2,0,0,2,PRT,0,1,0,,110,0,Y
73535,191,8,34,25,1,2,2,0,0,2,SWE,0,4,0,,126,0,Y
48888,32,4,14,1,1,2,2,0,0,2,DEU,0,4,0,,131.4,0,Y
40266,12,7,29,18,2,2,2,0,0,2,PRT,0,1,0,,62,0,Y
114467,45,6,25,18,2,2,2,0,0,2,CHE,0,1,0,,150,1,N
97455,19,9,38,15,0,2,2,0,0,2,PRT,0,4,0,,174,2,N
82441,10,12,53,27,2,1,2,0,0,2,ESP,0,7,0,,52,0,N
52153,113,5,23,31,0,3,1,0,0,1,PRT,0,1,0,202,100,0,Y
63742,11,2,8,20,1,0,2,0,0,2,IRL,0,1,0,,80,0,Y
63453,67,2,7,12,2,0,2,0,0,2,PRT,0,1,0,,80,0,Y
91147,256,6,25,15,0,2,1,0,0,1,DEU,0,1,1,,90,0,N
88529,7,5,19,5,0,3,2,0,0,2,DEU,0,1,0,,144,0,N
93928,15,7,31,26,0,3,2,2,0,4,FRA,0,7,0,,225.2,2,N
79560,22,11,45,6,2,3,2,0,0,2,PRT,1,2,0,,85,0,Y
90426,141,6,23,3,1,2,2,0,0,2,FRA,0,1,0,,132,0,N
54356,372,7,29,14,0,2,2,0,0,2,PRT,0,1,0,,62,0,Y
57164,7,9,39,20,0,1,1,0,0,1,PRT,0,1,0,,143,3,Y
118640,230,8,33,18,2,4,2,0,0,2,DEU,0,1,0,,72.86,1,N
82298,35,12,52,26,0,1,2,0,0,2,ESP,0,2,0,,77.25,0,N
91620,56,6,26,21,0,3,2,0,0,2,CHN,0,4,0,,87.32,1,N
64039,74,2,9,26,8,16,1,0,0,1,AGO,0,1,0,,74.8,0,Y
98635,256,9,40,29,0,3,2,0,0,2,GBR,0,1,0,,95.4,1,N
94720,179,8,32,4,2,3,3,0,0,3,FRA,0,4,2,,130.05,1,N
46980,24,1,6,31,2,1,2,0,0,2,POL,0,1,1,,122,0,N
51805,323,5,22,26,0,2,2,0,0,2,PRT,0,1,0,,62,0,Y
80051,1,1,5,29,2,2,2,0,0,2,FRA,11,4,0,,106,1,N
115709,171,7,27,7,1,2,2,1,0,3,DEU,0,1,0,,125.1,2,N
91795,192,6,26,24,0,2,1,0,0,1,GBR,0,1,0,,95,0,N
112619,10,5,21,23,0,3,2,0,0,2,CHE,0,1,0,,107.1,0,N
90715,118,6,24,6,1,3,1,0,0,1,BEL,0,1,1,,110,0,N
82077,15,12,51,19,2,2,2,0,0,2,PRT,0,1,0,,58,0,Y
70946,260,6,26,26,1,1,2,0,0,2,DEU,0,4,0,,164.7,0,Y
113963,7,6,24,12,1,2,2,0,0,2,ESP,0,1,0,,99,0,N
65002,34,3,12,21,0,4,3,0,0,3,IRL,0,5,0,,127.93,1,Y
48389,55,3,13,22,0,3,2,0,0,2,GIB,0,1,0,,99,1,Y
68850,91,5,21,21,2,3,2,0,0,2,BEL,0,1,0,,138.6,0,Y
116056,248,7,28,11,0,4,2,0,0,2,DNK,0,1,1,,89.1,1,N
72513,129,7,30,29,2,4,2,0,0,2,POL,0,4,0,,139.5,0,Y
88317,33,4,18,29,2,3,2,0,0,2,RUS,0,4,0,,140.4,0,N
58042,209,10,41,5,0,3,2,0,0,2,GBR,0,1,0,,98.1,1,Y
95403,145,8,34,17,0,2,3,0,0,3,ITA,0,4,0,,142.2,0,N
95637,217,8,34,18,1,3,2,0,0,2,ITA,0,1,1,,80.5,1,N
40763,3,8,32,7,0,1,2,0,0,2,PRT,0,1,0,,75,0,N
89755,5,5,22,24,0,2,2,0,0,2,ARG,0,1,0,78,110,1,N
69237,79,5,22,28,2,1,1,0,0,1,MAC,0,1,2,,140,0,Y
86337,122,3,14,28,1,3,2,0,0,2,BEL,0,2,0,,68.64,0,N
84812,9,3,10,1,0,3,1,0,0,1,DNK,0,1,0,,71.84,1,N
54064,245,7,28,6,2,4,1,0,0,1,PRT,0,1,0,,110,0,Y
86617,56,4,15,4,1,2,2,0,0,2,FRA,0,1,0,,75,0,N
87049,20,4,16,12,0,2,1,0,0,1,PRT,0,1,1,,90,0,N
114269,213,6,24,13,1,5,2,0,0,2,DEU,0,4,0,,121.5,0,N
57611,27,9,40,29,0,2,2,2,0,4,NOR,0,6,0,,234,1,Y
115895,17,7,28,9,2,2,2,0,0,2,FRA,0,1,0,,150.4,1,N
103643,108,12,53,25,2,2,2,0,0,2,FRA,0,1,0,,104,2,N
43582,15,9,39,20,2,2,2,2,0,4,PRT,0,6,0,,174,2,Y
41639,3,8,34,20,0,2,2,0,0,2,PRT,0,1,0,,75,1,Y
116926,7,7,30,23,2,2,2,0,0,2,DEU,0,1,0,,146.75,1,N
67919,305,5,19,9,0,3,2,0,0,2,PRT,0,1,0,,89.1,0,Y
88940,20,5,20,11,0,4,2,0,0,2,GBR,0,1,0,,95,0,N
106237,52,2,7,17,2,4,2,0,0,2,RUS,0,1,0,,79.2,0,N
49274,268,4,15,8,2,3,2,0,0,2,PRT,0,1,0,,78,0,N
56839,433,9,38,15,0,2,2,0,0,2,PRT,0,1,0,,62,0,Y
44853,36,10,42,13,0,3,2,0,0,2,PRT,0,1,0,,112,0,N
91873,192,6,26,24,0,2,1,0,0,1,GBR,0,1,0,,95,0,N
110087,172,4,16,18,0,4,2,2,0,4,IRL,0,7,0,,216,1,N
92068,35,6,27,26,2,2,2,1,0,3,PRT,0,1,0,,125.1,1,N
95978,207,8,35,23,0,4,2,0,0,2,BEL,0,1,1,,99.45,1,N
116629,53,7,29,22,0,1,2,0,0,2,GBR,0,4,0,,160,2,N
106915,67,3,9,3,0,2,2,0,0,2,ESP,0,4,0,,106.2,1,N
71780,169,7,28,12,0,4,2,0,0,2,GBR,0,4,0,,116.1,0,Y
78821,30,10,42,14,0,3,2,0,0,2,BEL,0,1,0,,96.3,5,N
109154,90,4,14,4,0,3,2,0,0,2,GBR,0,1,0,,99,1,N
81131,146,3,14,30,0,3,1,0,0,1,PRT,1,1,0,,80,0,Y
53268,245,6,25,17,0,2,2,0,0,2,PRT,0,1,0,,75,0,Y
104836,8,1,3,19,1,3,2,0,0,2,BRA,0,1,0,,79.05,1,N
50382,133,4,18,29,1,2,2,0,0,2,DEU,0,1,0,,99.3,1,N
94223,3,12,52,19,1,0,1,0,0,1,PRT,0,1,0,40,65,1,N
76690,7,5,22,23,1,2,1,0,0,1,PRT,3,1,1,40,67,0,N
46607,5,1,3,10,2,2,2,0,0,2,POL,0,1,0,,64.64,0,N
108431,94,3,12,24,1,2,2,0,0,2,FRA,0,1,1,,72,1,N
48004,75,3,11,12,0,1,2,0,0,2,PRT,0,1,2,,71.1,1,Y
62425,124,1,2,13,0,2,2,0,0,2,GBR,0,1,0,,88,1,Y
42949,72,9,37,11,0,2,1,0,0,1,LUX,0,1,1,,98,0,N
89962,12,5,23,29,2,0,1,0,0,1,NLD,0,1,0,,81.62,1,N
48188,91,3,12,18,0,2,1,0,0,1,PRT,0,1,0,,75,0,Y
84403,6,2,9,21,2,3,2,0,0,2,FRA,0,1,0,,70,0,N
71566,78,7,27,7,1,2,3,0,0,3,POL,0,4,0,,190,0,Y
52962,71,6,25,14,0,3,1,0,0,1,PRT,0,1,0,,120,0,Y
99876,54,10,43,16,2,2,1,0,0,1,DEU,0,1,2,,66.5,0,N
100807,241,10,44,29,2,2,0,2,0,2,SWE,0,2,0,,81.76,1,N
106409,1,2,8,24,0,1,2,1,0,3,PRT,0,1,0,,118,2,N
109432,8,4,14,8,2,1,2,0,0,2,ESP,0,1,0,,115,0,N
114325,448,6,24,17,2,1,2,0,0,2,GBR,0,1,0,,112.67,3,N
99306,99,10,41,8,2,2,2,0,0,2,DEU,0,1,1,,118,1,N
46554,2,1,2,6,0,3,2,0,0,2,ESP,0,1,0,,84,1,N
62530,38,1,2,14,0,1,1,0,0,1,PRT,0,1,0,67,75,0,Y
69435,25,5,22,31,0,1,2,0,0,2,USA,0,1,0,,160,1,Y
118555,59,8,34,20,2,0,1,0,0,1,BEL,0,1,1,,6,0,N
88786,20,6,25,20,0,1,1,0,0,1,PRT,1,4,1,219,119,2,N
41317,39,8,33,14,0,2,2,0,0,2,DEU,0,1,0,,109,0,N
45724,96,11,47,21,2,4,2,0,0,2,KOR,0,1,3,,75,0,N
67669,56,5,18,5,2,6,2,0,0,2,RUS,0,1,2,,132.25,0,Y
95401,181,8,34,16,0,3,2,0,0,2,ESP,0,1,0,,94.5,1,N
96075,172,8,35,25,0,3,2,0,0,2,ESP,0,4,0,,109.8,0,N
82542,49,12,53,28,1,4,2,0,0,2,ESP,0,1,0,,145.61,1,N
78242,8,10,41,10,2,1,2,0,0,2,PRT,1,1,0,,62,0,Y
48374,27,3,13,22,0,3,2,0,0,2,GBR,0,1,0,,129,0,Y
80188,0,11,46,9,1,3,1,0,0,1,DEU,0,1,0,,91,1,N
118138,145,8,32,12,2,1,2,0,0,2,NLD,0,1,1,,129.83,0,N
63790,16,2,8,20,1,5,2,0,0,2,DEU,0,4,2,,101.07,0,Y
51214,451,5,21,16,1,2,2,0,0,2,PRT,0,1,0,,60,0,Y
90948,1,6,25,13,1,0,2,0,0,2,GBR,0,1,0,,88,1,N
83677,59,2,6,6,2,2,2,0,0,2,AUT,0,1,0,,62,0,N
51253,286,5,21,17,0,1,2,0,0,2,PRT,0,1,0,,65,0,Y
48341,57,3,13,21,1,2,2,0,0,2,PRT,0,1,0,,108,1,Y
59396,464,10,44,28,0,2,2,0,0,2,PRT,0,1,0,,65,0,Y
86856,115,4,15,8,0,2,2,0,0,2,FRA,0,1,0,,65,1,N
93662,175,7,30,23,1,1,2,0,0,2,BEL,0,1,0,,85.5,1,N
79614,0,10,44,30,0,1,2,0,0,2,PRT,0,1,0,,95,0,Y
108995,111,4,14,3,1,1,2,0,0,2,ISR,0,1,2,,95,0,N
69481,174,6,22,1,0,2,2,0,0,2,PRT,0,1,0,,100,0,Y
47651,116,2,10,28,2,1,2,0,0,2,PRT,0,1,1,,70,0,Y
103608,41,12,53,27,0,1,1,0,0,1,BRA,0,1,2,,60,0,N
42975,11,9,37,12,0,1,2,0,0,2,PRT,0,4,0,,187,2,N
50662,259,5,19,5,0,3,2,0,0,2,PRT,0,1,0,,90,0,Y
78378,220,10,42,17,2,1,2,0,0,2,PRT,1,1,0,,65,0,Y
44346,61,10,41,4,2,0,2,0,0,2,FRA,0,1,0,,91,0,N
86794,85,4,15,7,0,2,2,0,0,2,FRA,0,1,1,,95.5,1,N
48648,72,3,13,26,1,1,2,0,0,2,PRT,0,1,0,,96,0,Y
115847,51,7,28,9,2,1,2,0,0,2,GBR,0,1,0,,80.1,0,N
90938,117,6,24,9,2,3,2,0,0,2,FRA,0,1,3,,105.26,0,N
79122,0,10,43,21,0,1,2,0,0,2,PRT,0,1,0,,145,0,N
101360,103,11,46,7,1,3,1,0,0,1,FIN,0,1,1,,186,2,N
60139,5,11,46,6,2,2,2,0,0,2,PRT,0,1,0,,165.75,1,Y
97785,78,9,39,18,2,1,3,0,0,3,PRT,0,4,0,,177.3,1,N
42037,104,8,36,30,2,1,2,0,0,2,ESP,0,1,0,,90,0,Y
88850,25,5,20,10,0,3,1,0,0,1,FRA,0,1,1,,129,0,N
49222,18,4,15,8,0,1,2,0,0,2,GBR,0,1,0,,89,0,Y
118638,129,8,34,23,0,1,2,0,0,2,IRL,0,1,0,,125,2,N
49440,281,4,16,14,0,1,1,0,0,1,PRT,0,1,0,,59,0,Y
83087,0,1,3,15,2,2,2,0,0,2,AGO,0,1,4,,80,0,N
52961,71,6,25,14,0,3,1,0,0,1,PRT,0,1,0,,120,0,Y
102024,1,11,47,18,2,2,2,0,0,2,ESP,0,1,0,,101.86,2,N
77741,10,9,39,24,0,1,3,0,0,3,IND,0,1,1,,161,2,N
114227,2,6,25,18,1,0,2,0,0,2,DEU,0,1,0,,160,2,N
68020,20,5,19,11,0,3,2,0,0,2,CHN,0,1,0,,153,0,Y
53557,172,6,26,24,0,2,1,0,0,1,PRT,0,1,0,,95,0,Y
52943,71,6,25,14,0,3,1,0,0,1,PRT,0,1,0,,120,0,Y
105508,16,2,6,5,2,3,1,0,0,1,FRA,0,1,1,,70.69,1,N
80320,33,12,50,9,0,2,2,0,0,2,PRT,1,1,0,,110,0,Y
94957,221,8,33,12,0,1,1,0,0,1,DEU,0,1,1,,73,0,N
74954,153,8,32,3,1,2,2,0,0,2,PRT,1,1,0,,60,0,Y
111255,5,5,18,6,1,1,2,0,0,2,FRA,0,4,0,,136.8,1,N
98630,182,9,40,30,0,2,2,0,0,2,GBR,0,1,0,,117.9,2,N
85934,74,3,13,21,1,3,2,0,0,2,PRT,0,4,0,,99.45,1,N
85389,42,3,11,11,1,2,2,0,0,2,ITA,0,1,0,,71.1,1,N
111696,104,5,19,11,0,3,2,0,0,2,SWE,0,4,0,,147,1,N
97161,41,9,37,10,2,1,2,0,0,2,GBR,0,1,0,,125.1,1,N
119095,518,8,34,26,2,1,2,0,0,2,GBR,0,1,0,,112.67,1,N
75021,268,7,29,12,2,1,2,0,0,2,PRT,1,1,0,,82,0,Y
75338,311,8,35,24,1,1,2,0,0,2,PRT,1,1,0,,62,0,Y
84276,17,2,8,19,1,2,2,0,0,2,FRA,0,1,0,,66,0,N
55930,54,8,35,24,2,5,3,0,0,3,AUT,0,4,0,,208.41,1,Y
62921,61,1,4,25,0,2,2,0,0,2,PRT,0,1,0,,80,0,Y
99913,12,10,45,30,2,1,2,0,0,2,ITA,0,1,0,,97.53,1,N
41647,13,8,34,20,0,3,1,0,0,1,PRT,0,1,0,,80,1,Y
52727,1,6,24,10,0,1,2,0,0,2,PRT,0,1,0,,132,1,Y
69449,11,5,22,31,0,2,3,0,0,3,ISR,0,4,0,,210,2,Y
82979,0,10,44,25,0,1,1,0,0,1,PRT,0,1,0,45,0,1,N
58768,286,10,43,16,1,0,2,0,0,2,PRT,0,1,0,,90,0,Y
73254,200,8,33,17,0,3,2,2,0,4,FRA,0,6,0,,226.33,0,Y
65534,54,4,14,5,0,2,2,0,0,2,PRT,0,1,0,,110,0,Y
67107,272,4,17,28,1,2,2,0,0,2,ITA,0,1,0,,144,0,Y
53540,351,6,26,23,0,2,2,0,0,2,PRT,0,1,0,,62,0,Y
115113,124,6,26,29,0,3,2,0,0,2,GBR,0,5,0,,149.7,0,N
47837,63,3,10,5,2,1,2,0,0,2,GBR,0,4,0,,87.3,0,Y
67891,5,5,19,9,0,1,2,0,0,2,PRT,0,1,0,,90,0,Y
93273,59,7,30,18,1,1,1,0,0,1,PRT,0,1,1,,85,0,N
113237,227,6,22,1,0,3,3,0,0,3,FRA,0,4,0,,157.5,2,N
86669,55,4,15,6,0,1,2,0,0,2,PRT,0,1,0,,104,0,N
101881,73,11,47,17,0,3,2,0,0,2,NLD,0,4,0,,102.6,1,N
48980,46,4,15,4,1,1,2,0,0,2,USA,0,1,0,,107.1,0,Y
67430,152,5,18,3,0,3,2,0,0,2,PRT,0,1,0,,100,0,Y
72561,70,7,31,31,1,2,3,0,0,3,QAT,0,5,0,,230,1,Y
104603,34,1,3,18,0,1,1,0,0,1,MEX,0,1,0,,75,0,N
43893,87,9,39,25,2,3,2,0,0,2,PRT,0,1,0,,170,0,Y
81411,0,12,50,10,0,1,1,0,0,1,PRT,0,1,0,,85,0,N
53320,290,6,25,17,1,2,1,0,0,1,FRA,0,1,1,,65,1,N
69793,46,6,23,6,0,4,3,0,0,3,POL,0,4,0,,210,1,Y
97022,89,9,37,9,0,2,3,0,0,3,BEL,0,4,0,,168.3,2,N
88384,36,5,19,1,2,2,2,0,0,2,DNK,0,1,0,,116.1,1,N
71516,315,7,27,7,0,1,0,2,0,2,USA,0,2,2,,91.85,2,Y
62829,59,1,4,23,1,1,2,0,0,2,PRT,0,1,0,,80,0,Y
72966,109,8,32,10,2,4,2,0,0,2,DEU,0,1,0,,125,1,Y
79799,0,11,45,5,0,2,2,0,0,2,USA,0,1,1,,95,0,N
113064,97,5,22,28,2,3,2,0,0,2,FRA,0,4,0,,164,0,N
107829,96,3,11,16,0,3,2,0,0,2,GBR,0,1,0,,79.2,3,N
69092,279,5,21,25,0,3,3,0,0,3,FRA,0,4,0,,153.9,2,Y
57261,276,9,39,22,0,3,2,0,0,2,PRT,0,1,0,,95,0,Y
46387,148,12,53,30,1,4,2,0,0,2,PRT,0,1,0,,67,0,Y
111584,83,5,19,11,0,2,3,0,0,3,GBR,0,6,3,,240,3,N
100547,85,10,44,25,0,4,2,0,0,2,ITA,0,4,0,,104.4,2,N
114621,49,6,25,23,0,2,2,0,0,2,GBR,0,1,0,,130,1,N
92433,145,7,28,3,2,1,3,0,0,3,FRA,0,4,0,,131.7,1,N
42068,104,8,36,30,2,1,2,0,0,2,ESP,0,1,0,,90,0,Y
103241,292,12,51,13,0,4,2,0,0,2,ITA,0,4,0,,81.6,1,N
63101,27,1,5,31,0,3,2,0,0,2,BEL,0,1,0,,98,1,Y
64622,69,3,11,13,1,4,2,0,0,2,ITA,0,1,0,,74.8,0,Y
57995,349,10,41,4,1,5,1,0,0,1,PRT,0,1,0,,80,0,Y
106697,348,2,8,24,2,3,2,0,0,2,DEU,0,4,0,,90.1,2,N
92490,138,7,28,4,1,2,2,0,0,2,IND,0,4,0,,91.48,1,N
78720,6,10,43,18,1,0,1,0,0,1,FRA,1,1,0,,95,1,Y
42099,7,8,36,31,1,2,1,0,0,1,ISR,0,1,0,,60,0,N
96741,165,9,36,2,2,3,3,0,0,3,GBR,0,4,0,,150.45,0,N
109491,137,4,15,9,2,1,2,0,0,2,ESP,0,1,3,,118.8,0,N
106208,2,3,9,1,0,1,1,0,0,1,PRT,0,1,0,219,89,2,N
54698,63,7,30,23,2,5,2,1,0,3,TUN,0,1,0,,121.5,0,Y
118071,6,8,32,10,1,3,2,0,0,2,IRL,0,4,0,,200,0,N
63730,34,2,8,19,2,1,2,0,0,2,TZA,0,1,0,,80,0,Y
100876,102,10,45,30,2,2,1,0,0,1,DEU,0,4,0,,122.85,2,N
103152,6,12,51,12,1,0,2,0,0,2,NLD,0,1,1,,108,1,N
104375,4,1,2,10,0,2,1,0,0,1,ESP,0,1,0,405,70,0,N
63245,23,2,5,3,0,2,2,0,0,2,CHE,0,1,2,,88,0,Y
83599,8,2,6,3,1,4,2,0,0,2,DEU,0,1,0,,65.58,0,N
75473,334,9,38,16,0,2,2,0,0,2,PRT,1,1,0,,62,0,Y
90497,247,6,24,6,1,1,2,0,0,2,DEU,0,1,0,,115,1,N
100701,240,10,44,27,1,3,2,0,0,2,DNK,0,1,1,,90.95,2,N
65161,38,3,12,25,2,5,2,0,0,2,ARG,0,1,0,,80.87,0,Y
79651,18,10,44,28,0,4,2,1,1,4,PRT,0,6,0,,131.5,1,N
119356,111,8,35,29,1,5,1,0,0,1,JPN,0,4,1,,135,2,N
110463,102,4,17,24,1,3,1,0,0,1,IRL,0,1,1,424,90,0,N
42997,68,9,37,12,2,2,2,0,0,2,PRT,0,1,0,,62,0,Y
99287,0,10,42,11,0,0,2,0,0,2,PRT,0,1,0,,0,1,N
59363,188,10,44,27,0,3,2,0,0,2,TUN,0,1,0,,85.5,2,Y
100718,27,10,44,29,2,1,2,0,0,2,ESP,0,1,1,,110,1,N
88757,4,5,20,9,1,2,2,0,0,2,FRA,0,1,0,,95,0,N
86559,13,4,15,4,1,1,1,0,0,1,DEU,0,1,0,,96,0,N
101519,25,11,46,11,0,2,2,0,0,2,PRT,0,1,0,,0,0,N
97251,144,9,37,7,2,5,2,0,0,2,NOR,0,1,0,,116.1,1,N
106977,1,3,9,4,1,1,2,0,0,2,FRA,0,1,0,,88,1,N
62506,38,1,2,14,0,1,1,0,0,1,PRT,0,1,0,67,75,0,Y
95659,6,8,35,21,1,0,2,0,0,2,ESP,0,4,0,,145,2,N
84575,5,2,9,24,0,4,1,0,0,1,PRT,0,1,0,207,80,0,N
87731,72,4,17,23,1,1,2,0,0,2,FRA,0,4,0,,118.8,1,N
70487,150,6,24,17,2,3,1,0,0,1,PRT,0,1,0,,120,0,Y
87879,90,4,17,23,2,3,2,0,0,2,PRT,0,4,1,,129.02,1,N
66213,87,4,15,15,2,2,2,0,0,2,PRT,0,1,0,,95,0,Y
100937,87,10,45,31,1,3,2,0,0,2,FRA,0,1,0,,90.23,1,N
51402,322,5,21,19,1,3,2,0,0,2,PRT,0,1,0,,80,0,Y
60351,277,11,46,7,1,2,2,0,0,2,PRT,0,1,0,,100,0,Y
84033,68,2,7,13,2,3,2,1,0,3,FRA,0,1,0,,58,1,N
82748,325,10,43,17,1,2,2,0,0,2,PRT,1,1,0,,95,0,Y
71729,450,7,28,11,0,1,2,0,0,2,PRT,0,1,0,,90,0,Y
52985,188,6,25,15,0,2,1,0,0,1,PRT,0,1,0,,130,0,Y
75478,334,9,38,16,0,2,1,0,0,1,PRT,1,1,0,,60,0,Y
57527,22,9,40,26,1,3,1,0,0,1,PRT,0,1,0,,106.4,0,Y
49931,288,4,17,21,0,1,1,0,0,1,PRT,0,1,0,,59,0,Y
95262,42,8,34,15,1,1,2,0,0,2,PRT,0,1,0,,76.5,0,N
80660,32,11,47,20,0,2,2,0,0,2,PRT,0,1,3,,85,0,N
59585,197,10,44,29,2,1,2,0,0,2,ITA,0,1,0,,96.3,0,Y
58250,74,10,42,9,2,1,2,0,0,2,GBR,0,1,0,,118.8,0,Y
42516,55,9,37,6,2,0,2,0,0,2,FRA,0,1,0,,75,0,N
96670,52,9,37,5,1,0,2,1,0,3,CN,0,1,0,,79.2,0,N
69033,225,5,21,24,0,4,2,0,0,2,DEU,0,1,0,,107.1,0,Y
106458,134,2,8,25,0,1,1,0,0,1,PRT,0,1,0,,75,0,N
46957,24,1,5,29,1,2,2,0,0,2,BRA,0,2,1,,77.25,1,Y
68499,175,5,20,19,0,1,1,0,0,1,PRT,0,1,0,,90,0,Y
91224,37,6,25,17,0,2,2,0,0,2,PRT,0,4,0,,96.3,0,N
114483,130,6,25,20,0,3,2,0,0,2,ITA,0,1,0,,151.2,0,N
74076,321,9,36,3,0,2,2,0,0,2,PRT,1,1,0,,62,0,Y
79113,14,10,43,19,1,2,1,0,0,1,SWE,0,1,0,,120,1,N
86674,55,4,15,6,0,1,2,0,0,2,PRT,0,1,0,,104,0,N
95943,47,8,35,22,1,3,2,0,0,2,ESP,0,1,0,,85,0,N
73124,11,8,33,15,0,2,2,0,0,2,PRT,0,1,0,,12,0,Y
116752,423,7,29,22,1,1,1,0,0,1,DEU,0,1,1,,95.5,0,N
104656,16,1,3,19,0,1,2,0,0,2,BRA,0,1,0,,98,0,N
100299,1,10,44,25,0,1,2,0,0,2,GBR,0,1,2,,123.33,0,N
52931,71,6,25,14,0,3,1,0,0,1,PRT,0,1,0,,120,0,Y
67608,121,5,18,5,1,2,2,0,0,2,BRA,0,1,0,,108,0,Y
108481,110,3,13,27,1,0,2,0,0,2,TUR,0,1,0,,79.2,1,N
78978,221,10,42,17,2,1,2,0,0,2,FRA,0,1,0,,65,0,N
71426,179,7,27,5,0,4,2,0,0,2,GBR,0,1,0,,89.1,0,Y
62149,231,1,1,2,1,4,2,0,0,2,RUS,0,1,0,,109.65,2,Y
92258,129,6,27,30,0,3,3,0,0,3,DEU,0,4,0,,164.87,2,N
108341,104,3,12,19,2,5,1,0,0,1,FRA,0,1,0,,65,0,N
115493,224,7,27,2,2,3,1,0,0,1,GBR,0,1,0,,89.1,0,N
48057,37,3,12,14,1,3,2,0,0,2,FRA,0,4,0,,95.4,1,Y
41740,138,8,34,22,2,1,2,0,0,2,ITA,0,1,0,,94.5,0,N
53849,20,7,27,1,0,1,2,1,0,3,MOZ,0,1,0,,169,1,Y
114869,25,6,26,27,0,1,1,0,0,1,PRT,0,1,1,280,95,0,N
90516,247,6,24,6,1,1,2,0,0,2,DEU,0,1,0,,115,0,N
77448,0,10,42,15,0,0,0,0,0,0,PRT,0,1,0,,0,0,N
113894,28,6,24,13,0,1,0,2,0,2,DEU,0,1,1,,109,2,N
70407,51,6,24,16,1,2,2,0,0,2,DEU,0,1,0,,140,1,Y
104873,64,1,3,19,2,3,1,0,0,1,FRA,0,1,2,,79.2,2,N
41086,5,8,33,12,0,1,2,0,0,2,DEU,0,1,0,,75,0,N
44722,79,10,41,10,1,1,2,0,0,2,PRT,0,1,0,,62,1,N
97886,0,9,39,19,1,2,1,0,0,1,FRA,0,4,0,174,110,0,N
65198,65,3,13,27,1,3,3,0,0,3,FRA,0,5,0,,125.8,2,Y
94075,149,7,31,28,0,3,2,0,0,2,GBR,0,4,0,,92.03,0,N
48284,127,3,12,19,2,5,2,0,0,2,PRT,0,2,0,,94.7,1,Y
118134,504,8,32,12,2,1,2,0,0,2,USA,0,1,0,,112.67,1,N
106219,73,2,7,18,2,3,2,0,0,2,FRA,0,1,0,,88.4,1,N
73077,105,8,33,14,1,0,2,0,0,2,DEU,0,4,0,,155,1,Y
43225,155,9,38,16,2,4,3,0,0,3,PRT,0,1,0,,126.48,0,Y
75270,299,8,33,12,0,2,2,0,0,2,PRT,1,1,0,,62,0,Y
46907,4,1,5,25,3,5,1,0,0,1,AGO,0,1,0,,64.08,1,Y
113618,146,6,23,5,1,4,2,0,0,2,NOR,0,4,0,,157.5,2,N
76051,364,10,42,16,0,2,2,0,0,2,PRT,1,1,0,,101.5,0,Y
83726,39,2,7,8,1,1,3,0,0,3,CHN,0,1,0,,98.94,2,N
119346,194,8,35,31,0,3,2,0,0,2,ZAF,0,1,0,,99,0,N
89762,5,5,22,24,0,2,2,0,0,2,URY,0,1,0,78,110,1,N
102809,0,12,50,6,0,0,2,1,0,3,PRT,0,1,0,,0,1,N
109293,66,4,14,6,0,3,2,0,0,2,GBR,0,1,0,,80.1,1,N
87789,148,4,17,23,2,1,2,0,0,2,NLD,0,1,2,,61.56,0,N
71489,307,7,27,6,0,3,2,0,0,2,PRT,0,1,0,,107.1,2,Y
117645,198,8,31,2,1,4,2,0,0,2,GBR,0,5,0,,103.5,1,N
114751,396,6,26,25,2,0,2,0,0,2,DEU,0,1,0,,122.4,1,N
58268,76,10,42,10,1,0,1,0,0,1,PRT,0,1,0,,120,0,Y
54768,38,7,31,26,0,2,2,0,0,2,ESP,0,1,0,,125.1,1,Y
58992,468,10,43,20,0,2,2,0,0,2,PRT,0,1,0,,62,0,Y
117522,39,8,31,2,0,3,2,0,0,2,USA,0,1,2,,150,3,N
70480,150,6,24,17,2,3,1,0,0,1,PRT,0,1,0,,120,0,Y
100071,1,10,43,21,0,2,2,0,0,2,SWE,0,1,0,,149,0,N
57878,42,10,41,2,2,1,2,0,0,2,CHN,0,1,0,,113.4,0,Y
77091,17,9,36,3,0,3,2,0,0,2,PRT,0,2,0,,89.25,1,N
67752,407,5,18,6,2,1,2,0,0,2,PRT,0,1,0,,90,0,Y
108453,15,3,13,26,2,0,2,0,0,2,FRA,0,1,1,,108,0,N
75975,301,8,33,14,0,2,2,0,0,2,PRT,1,1,0,,101.5,0,Y
43894,192,9,39,25,2,3,2,0,0,2,PRT,0,1,0,,102,0,N
96216,1,8,36,28,2,0,2,0,0,2,ITA,0,1,0,,85.5,0,N
43739,34,9,39,23,0,3,2,0,0,2,PRT,0,1,0,,224.67,0,N
52934,71,6,25,14,0,3,1,0,0,1,PRT,0,1,0,,120,0,Y
69851,96,6,23,7,2,5,2,0,0,2,FRA,0,1,0,,178.2,0,Y
101243,0,11,46,10,0,0,1,0,0,1,PRT,0,4,1,219,0,1,N
101058,8,11,45,5,0,1,2,0,0,2,CHN,0,1,0,,130,0,N
71226,135,6,26,30,0,1,1,0,0,1,PRT,0,1,0,,120,0,Y
47897,38,3,11,8,0,4,2,0,0,2,ESP,0,1,0,,81.9,1,Y
71820,199,7,28,13,0,2,3,0,0,3,BEL,0,1,0,,107.1,0,Y
80922,35,11,48,26,0,3,1,0,0,1,GBR,0,1,1,,103.5,2,N
106519,5,2,8,25,0,1,3,0,0,3,ESP,0,6,0,,193,0,N
91145,256,6,25,15,0,2,2,0,0,2,AUT,0,1,0,,115,1,N
54065,245,7,28,6,2,4,1,0,0,1,PRT,0,1,0,,110,0,Y
62518,38,1,2,14,0,1,1,0,0,1,PRT,0,1,0,67,75,0,Y
93846,8,9,38,13,0,1,1,0,0,1,PRT,0,1,0,72,40,1,N
45436,72,10,44,28,0,3,2,0,0,2,ISR,0,1,0,,85.67,0,N
105387,42,2,5,2,1,3,2,0,0,2,FRA,0,1,0,,90.1,1,N
73936,272,7,29,16,0,2,2,0,0,2,PRT,1,1,0,,62,0,Y
43823,56,9,39,25,2,2,2,0,0,2,PRT,0,1,0,,185,0,N
98829,9,10,41,2,2,1,2,0,0,2,FRA,0,1,0,,85,1,N
81811,211,5,23,31,0,3,2,0,0,2,PRT,1,1,0,,115,0,Y
55494,12,8,34,14,2,2,2,0,0,2,FRA,0,1,0,,131.5,3,Y
99595,53,10,42,14,0,1,1,0,0,1,PRT,0,1,0,,120,0,N
90674,118,6,24,6,1,3,1,0,0,1,RUS,0,1,1,,110,0,N
114973,223,6,25,24,2,4,2,0,0,2,AUT,0,4,0,,95.46,1,N
53558,234,6,26,24,0,2,2,0,0,2,PRT,0,1,0,,65,0,Y
41281,0,8,33,14,0,2,2,0,0,2,PRT,0,1,0,,109,0,Y
118014,80,8,32,6,2,5,3,0,0,3,ROU,0,5,1,,237.71,0,N
108177,0,3,12,24,0,1,2,0,0,2,GBR,0,1,0,,98,2,N
86798,58,4,15,7,0,2,2,0,0,2,ARG,0,1,0,,105.3,1,N
55365,398,8,33,11,0,2,2,0,0,2,PRT,0,1,0,,62,0,Y
89340,50,5,21,17,0,3,2,0,0,2,FRA,0,4,0,,140.4,1,N
72103,12,7,29,21,0,1,2,0,0,2,PRT,0,1,0,,118,1,Y
74094,321,9,36,3,0,2,2,0,0,2,PRT,1,1,0,,62,0,Y
108048,138,3,11,18,2,2,1,0,0,1,DEU,0,1,0,,61.52,1,N
66560,135,4,16,21,1,2,2,0,0,2,PRT,0,1,0,,90,0,Y
56157,46,8,36,30,1,5,2,0,0,2,MAR,0,4,0,,123.3,0,Y
73329,38,8,33,18,2,6,2,0,0,2,CN,0,1,0,,157.25,3,Y
54631,379,7,30,21,0,2,2,0,0,2,PRT,0,1,0,,62,0,Y
92554,55,7,28,7,0,1,1,0,0,1,PRT,0,1,0,219,79,0,N
59165,240,10,43,21,1,2,2,0,0,2,PRT,0,1,0,,110,0,Y
46824,151,1,4,19,0,4,1,0,0,1,BLR,0,1,2,,70.75,0,N
56330,420,9,36,3,2,2,2,0,0,2,PRT,0,1,0,,75,0,Y
66153,133,4,15,15,0,1,1,0,0,1,FRA,0,1,0,,118.8,0,Y
70253,36,6,24,12,1,4,2,0,0,2,BEL,0,1,0,,144,1,Y
101072,43,11,45,1,0,5,2,0,0,2,DEU,0,1,0,,68,0,N
76459,379,10,44,31,1,1,2,0,0,2,PRT,1,1,0,,62,0,Y
76739,0,8,32,6,0,1,2,0,0,2,BGR,0,1,2,,90,0,N
62227,545,1,1,5,0,2,2,0,0,2,PRT,0,1,0,,62,0,Y
98274,20,9,40,25,2,0,2,0,0,2,GBR,0,1,0,,85.5,1,N
76226,165,8,32,8,2,1,2,0,0,2,PRT,1,1,0,,86,0,Y
84601,8,2,9,26,1,2,3,0,0,3,PRT,0,4,0,,130,1,N
43993,96,9,40,28,1,1,2,0,0,2,PRT,0,5,1,,138,0,Y
44954,100,10,42,16,0,1,2,0,0,2,PRT,0,1,0,,108,0,Y
80973,25,11,49,30,9,24,2,0,0,2,PRT,0,1,1,,98.33,0,Y
100301,54,10,44,25,0,1,2,1,0,3,FRA,0,1,0,,123.3,2,N
82658,44,1,1,2,2,1,2,0,0,2,ITA,0,1,2,,98,0,N
69936,169,6,23,8,0,3,2,0,0,2,PRT,0,1,0,,170,0,Y
108183,3,3,12,23,0,1,1,0,0,1,ITA,0,1,0,446,88.2,0,N
111010,67,5,18,2,0,3,1,0,0,1,RUS,0,1,1,409,110,0,N
91033,9,6,25,13,1,1,2,0,0,2,FRA,0,1,0,,107,1,N
49190,88,4,15,7,0,2,2,0,0,2,NLD,0,1,0,,76.5,0,Y
106417,129,2,8,22,0,3,3,0,0,3,ESP,0,4,0,,126,1,N
112035,23,5,20,16,0,3,2,0,0,2,CHE,0,4,0,,176.67,1,N
98304,22,9,39,24,2,2,2,0,0,2,POL,0,4,0,,161.5,1,N
80390,34,12,50,8,0,2,1,0,0,1,PRT,1,1,0,,90,0,Y
40392,2,7,30,23,1,3,1,0,0,1,PRT,0,1,0,,17.6,0,Y
118970,0,8,35,27,1,0,2,0,0,2,PRT,0,1,0,,99,1,N
105592,61,2,6,8,0,4,2,0,0,2,ITA,0,1,0,,90.1,1,N
100909,41,11,45,2,0,2,2,0,0,2,BRA,0,4,0,,118,0,N
96511,0,9,36,2,0,1,2,0,0,2,USA,0,1,0,,94.1,0,N
117695,185,8,31,1,2,5,3,1,0,4,GBR,0,7,0,,207.33,1,N
54627,14,7,30,21,0,2,2,0,0,2,PRT,0,1,0,174,105,0,Y
86949,89,4,15,9,2,1,2,0,0,2,ITA,0,1,1,,79.5,1,N
42589,6,9,37,7,1,3,2,0,0,2,NLD,0,4,0,,77.57,1,N
60174,626,11,46,7,1,2,2,0,0,2,PRT,0,1,0,,62.8,0,Y
67158,270,4,17,29,1,1,2,0,0,2,ITA,0,1,0,,99,0,Y
44655,50,10,41,9,0,2,3,0,0,3,PRT,0,1,1,,120,0,N
78227,2,10,41,4,2,1,2,0,0,2,NLD,0,1,0,,114,0,N
118939,176,8,34,20,2,5,2,0,0,2,DEU,0,4,0,,126,0,N
56662,198,9,37,9,1,2,2,0,0,2,PRT,0,1,0,,120,0,Y
80090,333,9,39,20,0,2,2,0,0,2,PRT,1,1,0,,90,0,Y
59754,166,11,45,1,0,3,1,0,0,1,PRT,0,1,0,,110,0,Y
64905,175,3,12,20,1,3,2,0,0,2,BRA,0,1,0,,74.8,2,Y
97068,2,9,38,11,1,0,2,0,0,2,USA,0,4,0,,145,1,N
90964,147,6,24,11,2,1,2,0,0,2,CHE,0,1,0,,102.3,0,N
46649,40,1,3,14,0,3,0,2,0,2,ESP,0,2,0,,6,1,N
69786,67,6,23,6,0,3,2,0,0,2,FRA,0,4,0,,170,0,Y
62435,43,1,2,13,2,4,2,0,0,2,FRA,0,4,0,,94.5,3,Y
96890,40,9,37,5,1,4,2,0,0,2,FRA,0,5,0,,115.2,0,N
103047,6,12,50,10,0,1,2,0,0,2,PRT,0,1,0,,95,2,N
107306,63,3,10,10,0,1,2,0,0,2,PRT,0,1,3,,79.2,0,N
48941,108,4,14,2,2,5,2,0,0,2,FRA,0,2,0,,74.89,0,N
52939,71,6,25,14,0,3,1,0,0,1,PRT,0,1,0,,120,0,Y
100267,386,10,44,23,2,0,1,0,0,1,DEU,0,1,1,,90,0,N
95422,57,8,34,15,1,3,2,1,0,3,POL,0,1,0,,152.1,0,N
68513,151,5,20,19,0,1,2,0,0,2,USA,0,1,0,,140,1,Y
116861,218,7,29,21,2,3,3,0,0,3,BEL,0,4,0,,175.32,2,N
84745,0,3,10,2,0,1,2,0,0,2,PRT,0,1,1,,101,0,N
108576,206,3,13,26,2,1,2,0,0,2,CN,0,1,0,,72,0,N
106661,16,2,9,26,2,1,1,0,0,1,PRT,0,1,1,,60.06,0,N
81648,10,12,50,11,2,3,2,0,0,2,FRA,0,1,0,,58,0,N
94302,0,8,32,2,0,1,1,0,0,1,DEU,0,1,1,,120.7,0,N
70159,40,6,24,11,2,1,1,0,0,1,PRT,0,1,0,,95,0,Y
109484,93,4,15,10,1,1,2,1,0,3,GBR,0,5,0,,144,0,N
49013,50,4,15,4,1,3,2,0,0,2,FRA,0,4,0,,112.2,0,Y
67749,162,5,18,6,2,1,1,0,0,1,PRT,0,1,0,,80,0,Y
57239,440,9,39,22,0,2,2,0,0,2,PRT,0,1,0,,62,0,Y
45315,69,10,44,25,2,1,2,0,0,2,PRT,0,1,0,,85.67,0,N
112023,2,5,20,17,0,2,1,0,0,1,FRA,0,1,0,,130,0,N
87718,161,4,17,22,1,2,2,0,0,2,PRT,0,2,0,,80,0,N
96155,193,8,35,26,2,2,2,0,0,2,FRA,0,1,0,,95.2,0,N
89566,10,5,21,21,1,1,2,0,0,2,PRT,0,4,0,,107,0,N
99773,177,10,42,14,1,2,2,0,0,2,PRT,0,1,0,,80.75,0,N
74253,377,10,44,29,0,2,2,0,0,2,PRT,1,1,0,,62,0,Y
46466,150,1,1,2,2,1,2,0,0,2,PRT,0,1,0,,101,0,Y
43955,88,9,39,26,2,2,2,0,0,2,PRT,0,1,0,,170,0,Y
60772,13,11,48,20,2,2,2,0,0,2,ESP,0,1,0,,77.14,1,Y
104432,65,1,2,12,0,2,1,0,0,1,DEU,0,1,0,366,65,0,N
77158,1,3,10,1,0,2,1,0,0,1,PRT,3,5,0,45,0,1,N
49172,274,4,15,7,0,2,2,0,0,2,PRT,0,1,0,,62,0,Y
115604,62,7,27,4,0,4,2,0,0,2,CN,0,4,0,,110.2,1,N
57278,198,9,39,22,0,3,3,0,0,3,FRA,0,4,0,,159.3,3,Y
40754,84,8,32,6,0,3,2,0,0,2,PRT,0,1,0,,76.5,1,Y
90338,70,6,23,3,0,2,2,0,0,2,PRT,0,1,0,,100,0,N
69530,174,6,22,1,0,3,2,0,0,2,PRT,0,1,0,,110,0,Y
55533,120,8,34,15,1,3,2,0,0,2,ITA,0,4,0,,125.55,0,Y
47010,31,2,6,3,0,4,2,0,0,2,DEU,0,1,0,,80.3,0,N
87987,64,4,17,23,2,4,2,0,0,2,FRA,0,4,0,,112.48,1,N
59647,197,10,45,30,2,1,2,0,0,2,FRA,0,1,0,,82.5,0,Y
72455,157,7,30,28,2,7,2,0,0,2,NLD,0,4,0,,139.5,1,Y
92058,40,6,27,27,1,2,2,0,0,2,ISR,0,1,0,,85.5,0,N
101225,14,11,46,7,1,1,1,0,0,1,BEL,0,1,0,,189.5,1,N
44496,34,10,41,6,0,3,2,0,0,2,GBR,0,1,0,,94.5,2,N
73386,0,8,34,20,1,0,2,0,0,2,DEU,0,4,0,,203.6,0,Y
41579,11,8,34,18,0,2,1,0,0,1,PRT,0,1,2,48,67,0,Y
78057,2,10,40,1,0,1,1,0,0,1,PRT,0,1,0,,120,1,N
115755,29,7,27,7,1,2,2,0,0,2,GBR,0,1,0,,140,1,N
62532,38,1,2,14,0,1,1,0,0,1,PRT,0,1,0,67,75,0,Y
75822,330,9,37,12,2,2,2,0,0,2,PRT,1,1,0,,62,0,Y
76013,336,9,38,18,0,2,2,0,0,2,PRT,1,1,0,,101.5,0,Y
69600,129,6,22,2,1,2,2,0,0,2,PRT,0,1,0,,130,0,Y
114151,218,6,24,15,0,3,3,0,0,3,GBR,0,4,1,,180.5,2,N
95946,142,8,35,21,2,3,2,0,0,2,IRL,0,2,1,,95.79,1,N
117035,464,7,30,25,0,4,2,0,0,2,PRT,0,1,1,,107,1,N
98855,201,10,41,3,1,2,3,0,0,3,CHN,0,4,3,,142.56,2,N
119334,231,8,35,28,1,5,2,0,0,2,DEU,0,4,2,,134.58,0,N
69474,124,5,22,31,0,4,2,0,0,2,DEU,0,1,0,,117,0,Y
115682,95,7,27,6,0,3,2,0,0,2,ITA,0,1,0,,120,1,N
48511,106,3,13,24,1,3,2,0,0,2,ESP,0,4,2,,108.5,0,N
70494,150,6,24,17,2,3,1,0,0,1,PRT,0,1,0,,120,0,Y
116269,5,7,28,15,1,1,2,0,0,2,PRT,0,1,0,,99,1,N
52451,213,6,24,7,0,3,2,0,0,2,PRT,0,1,0,,130,0,Y
78298,26,6,27,28,0,2,1,0,0,1,PRT,1,1,0,40,65,1,N
109336,60,4,14,6,1,3,2,0,0,2,DEU,0,1,0,,99,0,N
59781,166,11,45,1,0,3,1,0,0,1,PRT,0,1,0,,110,0,Y
99463,17,10,42,10,1,3,2,0,0,2,FRA,0,1,0,,85,0,N
76671,0,1,2,4,1,2,1,0,0,1,PRT,2,1,0,40,66,0,N
51178,132,5,21,15,2,1,2,2,0,4,DEU,0,2,1,,171.9,0,N
60888,308,11,48,25,0,2,2,0,0,2,PRT,0,1,0,,52,0,Y
63125,56,2,5,1,0,3,2,0,0,2,PRT,0,1,0,,60,0,Y
58583,37,10,42,13,0,3,1,0,0,1,PRT,0,1,0,,95,0,Y
69584,189,6,22,2,0,2,2,0,0,2,PRT,0,1,0,,100,0,Y
66912,156,4,17,26,0,3,2,0,0,2,PRT,0,1,0,,100,0,Y
59238,152,10,44,23,2,2,2,0,0,2,GBR,0,1,0,,94.05,0,Y
52228,30,6,23,2,0,2,2,0,0,2,PRT,0,1,0,,140,0,Y
57152,280,9,39,19,1,2,2,0,0,2,PRT,0,1,0,,110,0,Y
114127,47,6,24,15,0,2,2,0,0,2,FRA,0,1,0,,130,1,N
74916,136,7,29,17,1,2,2,0,0,2,PRT,1,1,0,,60,0,Y
44597,210,10,41,8,1,3,2,0,0,2,FRA,0,1,0,,72.75,0,N
111491,38,5,19,8,1,2,2,0,0,2,FRA,0,1,1,,99,0,N
56065,30,8,36,28,1,0,1,0,0,1,LUX,0,1,0,,104.4,0,Y
98711,281,10,40,1,2,1,2,0,0,2,ITA,0,1,1,,96,0,N
113067,20,5,22,30,0,3,2,0,0,2,PRT,0,1,0,,133.33,1,N
103380,6,12,52,18,2,1,2,2,0,4,FRA,0,6,0,,148.39,2,N
118716,121,8,34,24,0,1,1,0,0,1,DEU,0,1,1,,115,0,N
40253,103,7,29,18,2,1,2,0,0,2,ITA,0,1,0,,94.5,0,Y
99234,0,10,42,10,1,0,2,0,0,2,AUS,0,1,0,,123.2,1,N
110116,120,4,16,20,0,3,2,0,0,2,BRA,0,4,1,,155,3,N
106067,4,2,7,17,1,2,2,0,0,2,FRA,0,1,1,,68,0,N
95456,35,8,34,16,0,4,3,0,0,3,AUT,0,4,0,,168.3,2,N
47231,36,2,7,13,0,1,2,0,0,2,CHN,0,1,0,,67.5,0,Y
99899,65,10,43,16,2,2,2,0,0,2,DEU,0,1,0,,80.75,0,N
104408,9,1,2,11,0,2,2,0,0,2,DEU,0,1,0,,67,1,N
60074,95,11,45,5,0,1,1,0,0,1,PRT,0,1,1,,75,0,Y
56014,48,8,35,26,2,3,2,0,0,2,DEU,0,4,0,,133.74,1,Y
71209,142,6,26,29,1,3,2,0,0,2,NOR,0,1,0,,94.05,0,Y
56212,28,9,36,1,0,2,2,0,0,2,ESP,0,1,0,,122,1,Y
40917,2,8,33,9,3,5,1,0,0,1,PRT,0,1,0,,80,1,N
42230,8,9,36,3,0,2,2,2,0,4,PRT,0,1,0,,174,2,N
44151,33,10,40,1,0,2,2,0,0,2,PRT,0,1,0,,79.35,1,Y
99648,120,10,42,13,0,3,2,0,0,2,SWE,0,4,0,,132.3,2,N
93700,94,7,30,21,1,3,2,0,0,2,PRT,0,4,0,,123.3,0,N
104553,19,1,2,13,2,2,2,0,0,2,ESP,0,1,2,,82.88,2,N
77280,80,12,49,4,2,2,2,0,0,2,PRT,1,1,1,,110.2,0,Y
60175,626,11,46,7,1,2,2,0,0,2,PRT,0,,0,,62.8,0,Y
73589,19,8,35,27,1,0,2,0,0,2,PRT,0,,0,,89,1,Y
44395,28,10,41,5,1,1,2,0,0,2,PRT,0,,0,,70,0,Y
111717,318,5,19,12,1,2,2,0,0,2,ITA,0,,0,,99,1,N
96632,43,9,36,2,1,2,2,0,0,2,PRT,0,,0,,123.3,2,N
92589,162,7,28,5,0,4,2,0,0,2,FRA,0,,0,,99.45,1,N
47232,37,2,7,13,0,1,2,0,0,2,DEU,0,,0,,69.53,0,N
98840,89,10,41,3,1,1,1,0,0,1,IRL,0,,0,,113.4,1,N
48843,173,3,14,31,0,3,2,0,0,2,PRT,0,,0,,100.8,2,Y
105658,33,2,6,10,1,2,2,1,0,3,FRA,0,1,0,,118,1,N
55538,186,8,34,15,1,4,3,0,0,3,SWE,0,4,0,,130.05,1,Y
84675,115,2,9,27,2,2,1,0,0,1,BRA,0,1,1,,76,0,N
75906,274,7,29,18,2,2,2,0,0,2,PRT,1,1,0,,62,0,Y
100363,66,10,44,24,1,2,2,2,0,4,NLD,0,7,0,,184.52,1,N
45074,102,10,42,16,0,2,2,0,0,2,DEU,0,1,0,,109,0,N
51608,160,5,22,22,2,2,2,0,0,2,GBR,0,1,0,,99.45,1,N
75935,301,8,33,14,0,2,2,0,0,2,PRT,1,1,0,,101.5,0,Y
47703,1,2,10,28,2,2,2,0,0,2,PRT,0,1,0,,70,0,Y
62728,126,1,3,20,0,2,3,0,0,3,BRA,0,4,0,,140,0,Y
76129,288,10,42,16,0,2,1,0,0,1,PRT,1,1,1,,80,0,Y
65154,166,3,12,25,2,2,2,0,0,2,AUT,0,1,0,,88.4,1,Y
75834,337,9,38,19,2,2,2,0,0,2,PRT,1,1,0,,62,0,Y
44570,35,10,41,8,0,2,1,0,0,1,GBR,0,1,0,,94.05,1,N
81346,11,12,49,5,2,2,2,0,0,2,PRT,0,1,0,,104,0,N
88697,1,5,20,10,0,1,2,0,0,2,DEU,0,1,0,47,83,0,N
53182,350,6,25,17,0,2,2,0,0,2,PRT,0,1,0,,140,0,Y
44010,68,9,40,29,0,2,2,0,0,2,FRA,0,1,0,,65,0,N
103911,20,12,53,31,1,1,2,0,0,2,GBR,0,6,1,,208,1,N
50738,29,5,19,6,2,2,2,1,0,3,ESP,0,1,0,,162.01,0,Y
96860,56,9,37,5,1,3,1,0,0,1,SWE,0,4,0,,123.98,2,N
112312,28,5,20,19,2,2,2,0,0,2,BRA,0,4,0,,190,0,N
105747,16,2,6,9,2,4,3,0,0,3,ITA,0,4,0,,135.8,1,N
88751,28,5,20,9,1,2,1,0,0,1,PRT,0,1,1,179,89,1,N
89836,132,5,22,24,0,3,2,0,0,2,FRA,0,4,0,,116.1,0,N
93683,175,7,30,23,1,1,2,0,0,2,BEL,0,1,0,,85.5,1,N
50548,123,5,19,4,0,3,2,0,0,2,FRA,0,1,0,,105.3,0,N
114577,97,6,25,21,0,3,2,1,0,3,BRA,0,1,1,,162,2,N
48096,86,3,12,16,2,5,1,0,0,1,FRA,0,1,0,,68.85,0,N
57038,145,9,38,16,2,2,2,0,0,2,GBR,0,1,0,,118.8,0,Y
76267,147,7,30,21,0,2,2,0,0,2,PRT,1,1,0,,75,0,Y
107066,33,3,9,2,2,3,2,0,0,2,FRA,0,4,0,,100.3,0,N
60798,57,11,48,21,1,2,2,0,0,2,ITA,0,1,0,,79.2,1,Y
43272,162,9,38,17,0,3,2,0,0,2,PRT,0,1,0,,70,0,N
98917,5,5,21,23,0,3,1,0,0,1,PRT,0,1,0,40,65,1,N
101750,49,11,47,13,2,3,2,0,0,2,FRA,0,1,0,,74.8,2,N
105450,39,2,5,4,2,3,2,0,0,2,BGR,0,1,0,,57.6,1,N
93879,59,7,31,24,2,2,2,0,0,2,NLD,0,1,0,,94.5,1,N
61476,117,12,51,13,0,5,2,0,0,2,ITA,0,1,0,,85,1,Y
89733,93,5,22,23,1,2,2,0,0,2,USA,0,5,1,,211,0,N
77043,262,11,46,9,1,2,2,0,0,2,PRT,1,1,0,,62.8,0,Y
115743,5,7,28,9,1,0,3,0,0,3,PRT,0,5,0,,198,0,N
83672,132,2,7,7,2,1,2,0,0,2,CHE,0,4,0,,62,0,N
48054,33,3,12,14,1,2,2,0,0,2,PRT,0,1,0,,85,0,Y
102627,14,12,49,2,0,1,2,2,0,4,GBR,0,6,0,,174,0,N
104047,7,1,1,1,2,2,3,0,0,3,ITA,0,5,0,,161.5,0,N
44847,43,10,42,13,0,1,2,0,0,2,PRT,0,1,0,,85,0,N
85286,21,3,11,10,0,2,2,0,0,2,NZL,0,1,0,,93,1,N
93519,292,7,30,21,0,2,1,0,0,1,DEU,0,1,1,,90,0,N
88909,85,5,20,13,0,1,2,0,0,2,DEU,0,1,0,,125.1,3,N
73295,12,8,33,18,0,2,3,0,0,3,ESP,0,4,0,,230,0,Y
53069,188,6,25,15,0,2,1,0,0,1,PRT,0,1,0,,130,0,Y
81348,4,12,49,5,2,2,2,0,0,2,ESP,0,1,0,,102,1,N
85200,81,5,21,17,0,3,1,0,0,1,PRT,0,5,1,51,106,0,N
100868,19,11,45,2,0,1,1,0,0,1,DEU,0,1,0,,75,0,N
59782,166,11,45,1,0,3,1,0,0,1,PRT,0,1,0,,110,0,Y
67121,140,4,17,28,2,2,2,0,0,2,PRT,0,1,0,,130,0,Y
107740,56,3,11,12,2,3,2,0,0,2,DEU,0,1,0,,74.8,1,N
114895,208,6,26,25,2,1,2,0,0,2,GBR,0,4,0,,121.5,0,N
106200,28,2,8,22,0,1,1,0,0,1,GHA,0,1,1,,73,0,N
110759,17,4,17,28,1,2,2,0,0,2,FRA,0,4,0,,130.5,1,N
75110,344,9,39,26,2,1,2,0,0,2,PRT,1,1,0,,170,0,Y
56652,198,9,37,9,1,2,2,0,0,2,PRT,0,1,0,,120,0,Y
92967,1,7,29,12,0,3,2,0,0,2,NLD,0,1,0,,116.27,1,N
62537,38,1,2,14,0,1,1,0,0,1,PRT,0,1,0,67,75,0,Y
88339,23,5,19,2,1,2,3,0,0,3,PRT,0,4,0,,143.99,1,N
80814,26,12,49,5,2,1,2,1,0,3,PRT,1,1,0,,84.5,1,Y
66603,393,4,16,22,2,1,2,0,0,2,PRT,0,1,0,,90,0,Y
41848,50,8,35,25,0,4,3,0,0,3,PRT,0,1,1,,84,1,N
63965,204,2,8,25,1,1,3,0,0,3,ITA,0,4,0,,122.4,2,Y
75799,330,9,37,12,2,2,2,0,0,2,PRT,1,1,0,,62,0,Y
77962,7,9,40,28,1,1,1,0,0,1,USA,0,1,0,,170,0,N
61572,56,12,51,16,2,2,2,0,0,2,CHN,0,1,0,,67.32,0,Y
45886,124,11,48,24,0,4,2,0,0,2,FRA,0,1,0,,72.25,1,N
62824,59,1,4,23,1,1,2,0,0,2,PRT,0,1,0,,80,0,Y
91127,256,6,25,15,0,2,2,0,0,2,PRT,0,1,0,,115,1,N
43152,27,9,38,16,0,1,2,0,0,2,PRT,0,1,0,,105,1,N
88396,1,9,39,21,0,1,1,0,0,1,PRT,0,4,0,219,110,0,N
53523,351,6,26,23,0,2,2,0,0,2,PRT,0,1,0,,62,0,Y
91594,107,6,26,20,1,3,2,0,0,2,DEU,0,1,0,,86.72,1,N
53828,85,6,27,30,0,3,2,0,0,2,TUR,0,1,0,,103.5,0,Y
55080,214,8,32,4,0,2,2,0,0,2,IRL,0,4,2,,105.3,1,N
67427,180,5,18,3,0,3,2,0,0,2,FRA,0,4,0,,130.5,1,Y
53537,351,6,26,23,0,2,2,0,0,2,PRT,0,1,0,,62,0,Y
107783,73,3,11,15,0,3,3,0,0,3,BEL,0,4,0,,142.2,1,N
111019,30,5,18,1,1,3,2,0,0,2,LUX,0,4,0,,179,0,N
99618,99,10,42,12,0,4,1,0,0,1,USA,0,5,3,,152.78,0,N
87465,83,4,16,16,2,2,2,0,0,2,GBR,0,4,0,,103.7,0,N
62651,29,1,3,18,0,3,1,0,0,1,PRT,0,1,0,,65,0,Y
98353,30,9,40,25,2,2,2,0,0,2,GBR,0,4,0,,92.25,1,N
84306,10,2,8,20,2,1,2,1,0,3,ITA,0,1,0,,109,2,N
44191,164,10,40,2,0,2,1,0,0,1,PRT,0,1,0,,100,0,N
77672,1,9,39,22,0,2,2,0,0,2,PRT,0,1,0,,145,1,N
50066,142,4,17,22,2,3,2,0,0,2,POL,0,1,0,,103,0,Y
85845,40,3,13,20,2,1,2,0,0,2,AUS,0,1,0,,88.2,1,N
72093,170,7,29,20,2,4,3,0,0,3,BEL,0,1,0,,122.7,0,Y
117846,113,8,32,6,2,3,2,0,0,2,ESP,0,2,1,,112.4,0,N
42207,16,9,36,2,0,3,2,0,0,2,NLD,0,1,0,,105,0,N
63256,67,2,5,3,1,2,2,0,0,2,DEU,0,1,0,,79.2,0,Y
60591,89,11,47,16,0,4,2,0,0,2,PRT,0,1,0,,57.6,0,Y
89717,6,5,22,23,1,1,1,0,0,1,FRA,0,1,0,,97.02,2,N
97883,82,9,38,13,2,7,2,0,0,2,PRT,0,4,0,,149.4,3,N
74111,328,9,37,10,0,2,2,0,0,2,PRT,1,1,0,,62,0,Y
117053,177,7,30,27,0,2,2,0,0,2,GBR,0,1,0,,89,1,N
66916,156,4,17,26,0,3,2,0,0,2,PRT,0,1,0,,100,0,Y
71768,451,7,28,12,0,3,2,0,0,2,PRT,0,1,0,,90,0,Y
51730,158,5,22,24,0,2,1,0,0,1,PRT,0,1,0,,130,0,Y
104304,75,1,2,8,2,1,1,0,0,1,USA,0,4,0,,67,2,N
90292,50,5,23,31,0,5,2,0,0,2,FRA,0,4,0,,149.4,1,N
76912,342,9,39,24,2,4,2,0,0,2,PRT,1,1,0,,170,0,Y
101706,20,11,47,14,1,2,2,0,0,2,ESP,0,1,0,,80,0,N
93143,5,7,29,14,1,3,2,0,0,2,FRA,0,1,0,,139,1,N
114519,97,6,25,18,2,3,2,1,0,3,GBR,0,1,0,,162,1,N
114761,23,6,26,25,2,0,1,0,0,1,DEU,0,1,2,,110,1,N
94945,274,8,33,9,0,3,2,0,0,2,BEL,0,1,0,,107,2,N
97195,97,9,37,8,2,3,2,0,0,2,FRA,0,1,0,,112.6,0,N
85662,15,3,12,18,0,2,2,1,0,3,FRA,0,1,1,,127,1,N
103991,246,12,53,27,2,5,3,0,0,3,ROU,0,1,3,395,93.36,2,N
107776,2,3,11,16,0,2,1,0,0,1,CHN,0,1,0,,108,1,N
60604,139,11,47,16,2,4,2,0,0,2,PRT,0,1,0,,68,0,Y
105055,27,1,4,24,0,5,3,0,0,3,BRA,0,5,0,,108.38,2,N
63160,56,2,5,1,0,3,2,0,0,2,PRT,0,1,0,,60,0,Y
111300,144,5,18,6,2,1,2,0,0,2,FRA,0,1,0,,90,1,N
74014,293,8,32,6,0,2,2,0,0,2,PRT,1,1,0,,62,0,Y
41265,0,8,33,14,0,2,2,0,0,2,PRT,0,1,0,,109,0,Y
55451,212,8,33,13,1,1,2,0,0,2,PRT,0,1,0,,96,0,Y
94776,144,8,32,4,2,3,2,0,0,2,NLD,0,1,0,,76.48,1,N
113938,173,6,24,12,1,2,2,0,0,2,GBR,0,1,0,,144,2,N
100321,4,10,44,25,0,1,1,0,0,1,FRA,0,1,0,153,95,0,N
63708,32,2,7,17,2,3,2,0,0,2,DEU,0,1,0,,120.02,1,Y
57270,198,9,39,22,0,3,3,0,0,3,FRA,0,4,0,,159.3,3,Y
107809,54,3,11,15,0,4,2,0,0,2,GBR,0,1,0,,57.6,1,N
78480,12,10,41,6,0,4,2,1,0,3,PRT,0,4,0,,123.3,1,N
89330,63,5,21,16,1,3,2,0,0,2,PRT,0,1,0,,92.28,1,N
73680,176,8,35,30,0,4,2,0,0,2,DEU,0,1,0,,137.25,0,Y
103107,18,12,51,11,1,0,2,0,0,2,PRT,0,1,0,,80,0,N
77784,2,9,40,27,2,0,1,0,0,1,PRT,0,1,0,40,65,0,Y
70645,451,6,25,20,0,1,2,0,0,2,PRT,0,1,0,,90,0,Y
75934,301,8,33,14,0,2,2,0,0,2,PRT,1,1,0,,101.5,0,Y
48097,49,3,12,17,0,1,2,0,0,2,ESP,0,1,0,,71.1,1,Y
64884,26,3,12,19,2,0,1,0,0,1,PRT,0,1,0,73,65,0,Y
105868,29,2,7,14,0,3,2,0,0,2,GBR,0,1,0,,80,2,N
88319,70,5,19,1,2,1,2,0,0,2,FRA,0,4,0,,135,0,N
41825,50,8,35,25,0,4,2,0,0,2,PRT,0,1,0,,62,0,Y
77191,195,9,37,7,1,5,2,0,0,2,FRA,0,1,1,,89.25,1,N
80023,0,11,46,9,1,0,1,0,0,1,PRT,0,1,0,137,65,0,N
90565,247,6,24,6,1,1,2,0,0,2,PRT,0,1,0,,115,1,N
94128,198,7,31,30,1,1,1,0,0,1,ITA,0,1,1,,0,1,N
107651,96,3,11,12,2,2,2,0,0,2,GBR,0,1,0,,79.2,0,N
104611,34,1,3,18,0,1,1,0,0,1,ESP,0,1,0,,75,0,N
110772,28,4,17,29,2,1,2,0,0,2,DEU,0,1,1,,146.33,2,N
103447,3,12,52,21,0,4,2,0,0,2,FRA,0,1,0,,67.57,1,N
104201,83,1,1,6,0,2,2,0,0,2,DEU,0,1,0,,79.2,2,N
44869,36,10,42,13,0,3,1,0,0,1,PRT,0,1,0,,91,0,N
43608,60,9,39,21,1,1,1,0,0,1,FRA,0,1,1,,0,0,N
64448,12,3,10,10,0,1,2,0,0,2,PER,0,1,0,,98,0,Y
111244,199,5,19,7,1,0,2,0,0,2,GBR,0,1,0,,126,1,N
78228,0,10,41,6,0,1,2,0,0,2,PRT,0,1,0,,114,2,N
45114,41,10,42,16,1,2,2,0,0,2,LUX,0,1,0,,105.9,2,N
79925,0,11,45,6,0,1,2,0,0,2,PRT,0,1,2,,95,1,N
102738,42,11,49,30,2,4,1,0,0,1,USA,0,1,0,,48.5,1,N
97035,277,9,37,5,2,5,2,0,0,2,NOR,0,1,0,,89.14,1,N
96600,65,8,36,31,1,4,0,0,0,0,ESP,0,1,1,,0,0,N
60699,50,11,47,18,1,2,1,0,0,1,LUX,0,1,0,,86.4,2,Y
110632,299,4,17,27,0,3,2,0,0,2,IRL,0,1,1,,109.8,1,N
68644,173,5,20,19,1,2,2,0,0,2,DEU,0,4,0,,139.5,2,Y
105327,1,2,5,4,0,1,2,0,0,2,PRT,0,4,0,,0,0,N
119006,34,8,35,27,1,0,2,0,0,2,FRA,0,1,0,,98,0,N
82890,68,2,8,17,0,2,2,0,0,2,PRT,1,1,0,,75,0,Y
106371,73,2,8,20,1,3,2,0,0,2,IRL,0,2,0,,88.6,1,N
111571,90,5,18,6,2,5,1,0,0,1,DEU,0,4,0,,137.57,1,N
105653,59,2,6,9,1,3,2,0,0,2,PRT,0,1,0,,79.2,1,N
116681,423,7,29,22,1,1,1,0,0,1,DEU,0,1,1,,95.5,0,N
66790,96,4,17,26,0,2,2,0,0,2,PRT,0,1,0,,130,0,Y
73872,314,8,35,27,0,2,2,0,0,2,PRT,1,1,0,,62.8,0,Y
90036,11,2,8,19,1,0,2,0,0,2,PRT,0,4,0,,110,2,N
82160,99,2,8,19,0,1,2,0,0,2,PRT,1,1,0,67,80,0,Y
55249,124,8,33,8,1,4,2,0,0,2,FRA,0,1,0,,114.3,0,Y
47061,28,2,6,5,2,2,1,0,0,1,GBR,0,1,0,,76.95,0,Y
77897,3,9,39,25,2,3,1,0,0,1,JPN,0,1,0,,170,0,N
69903,181,6,23,8,0,2,2,0,0,2,PRT,0,1,0,,100,0,Y
62392,19,1,2,12,0,3,2,0,0,2,FRA,0,1,0,,82.88,0,Y
55026,91,8,32,3,0,1,2,1,0,3,NLD,0,1,0,,135.9,0,Y
86723,0,4,15,7,0,1,2,0,0,2,PRT,0,1,0,,50,0,N
70167,40,6,24,11,2,2,2,0,0,2,PRT,0,4,0,,150,1,Y
75047,264,7,28,8,0,2,2,0,0,2,PRT,1,1,0,,62,0,Y
90293,11,6,23,2,0,3,2,0,0,2,GBR,0,4,0,,152.67,1,N
66147,125,4,15,14,2,2,2,1,0,3,ITA,0,1,0,,139.5,0,Y
79595,28,10,44,29,0,1,1,0,0,1,PRT,0,1,0,,130,0,N
56247,238,9,36,1,2,4,2,0,0,2,BEL,0,1,0,,94.07,1,N
95019,96,8,33,11,0,2,2,0,0,2,NOR,0,4,0,,82.45,0,N
53824,134,6,27,30,0,3,1,0,0,1,DEU,0,1,0,,90.9,0,Y
100744,1,10,45,31,1,0,2,0,0,2,AUS,0,1,0,,140,0,N
40532,74,7,31,27,3,7,2,1,0,3,GBR,0,1,0,,69.4,0,N
44902,193,10,42,15,0,3,2,0,0,2,,0,1,0,,65,0,Y
73606,25,8,35,27,2,1,3,0,0,3,PRT,0,7,0,,210.4,1,Y
105533,6,2,6,7,0,4,2,0,0,2,FRA,0,1,0,,91.8,0,N
59855,304,11,45,3,0,3,2,0,0,2,PRT,0,1,0,,89,0,Y
64434,241,3,10,9,0,3,2,0,0,2,DEU,0,1,0,,79.2,0,Y
92293,132,7,27,1,1,2,2,0,0,2,PRT,0,1,0,,72.25,0,N
51799,323,5,22,26,0,2,2,0,0,2,PRT,0,1,0,,62,0,Y
76222,165,8,32,8,2,1,2,0,0,2,PRT,1,1,0,,86,0,Y
105756,39,2,7,12,2,1,2,0,0,2,FRA,0,1,0,,156,1,N
100399,41,10,44,26,0,2,1,0,0,1,ESP,0,1,0,,123.5,0,N
73661,350,8,35,29,0,4,1,0,0,1,JPN,0,1,2,,125.25,1,Y
40554,100,7,31,31,0,2,2,0,0,2,DEU,0,1,0,,55.96,1,N
80602,5,2,5,1,0,1,1,0,0,1,PRT,2,1,0,40,67,0,N
97727,25,9,38,16,2,2,2,0,0,2,ESP,0,1,0,,154,0,N
78945,5,11,46,8,1,0,1,0,0,1,PRT,0,1,0,40,65,0,N
55469,139,8,33,13,2,2,2,0,0,2,ITA,0,1,0,,114.3,0,Y
109229,75,4,14,5,0,4,1,0,0,1,NLD,0,1,0,,85,0,N
109051,91,4,14,2,2,2,2,0,0,2,DEU,0,1,2,,117,4,N
75153,278,7,30,22,0,2,2,0,0,2,PRT,1,1,0,,62,0,Y
81241,47,12,49,5,2,1,2,0,0,2,PRT,0,1,0,,62,0,N
115293,160,7,26,1,2,1,2,0,0,2,DEU,0,1,0,,116.1,2,N
83305,16,1,5,27,0,1,1,0,0,1,FRA,0,1,1,,80,0,N
116058,248,7,28,11,0,4,2,1,0,3,DNK,0,1,0,,125.1,2,N
42394,16,9,36,5,2,1,2,2,0,4,ESP,0,6,0,,165,3,N
51034,309,5,20,13,1,2,2,0,0,2,PRT,0,1,0,,101,0,Y
96735,79,9,37,4,2,1,2,0,0,2,PRT,0,1,0,,76.5,0,N
52785,69,6,25,12,2,4,1,0,0,1,PRT,0,1,0,,120,0,Y
85853,1,3,13,20,2,1,1,0,0,1,IDN,0,1,0,,74.95,1,N
68807,178,5,20,20,2,2,1,0,0,1,KOR,0,4,0,,139.28,0,Y
118511,9,8,34,20,1,0,2,0,0,2,DEU,0,1,1,,198,0,N
89726,48,5,22,22,2,1,2,0,0,2,GBR,0,1,0,,92.83,2,N
77328,237,9,38,14,1,2,2,0,0,2,DEU,0,1,0,,89.25,0,N
106719,1,3,9,2,0,1,1,0,0,1,DEU,0,1,0,,85,1,N
111798,94,5,19,13,2,1,2,0,0,2,IRL,0,4,0,,147,2,N
79783,5,11,45,2,1,2,1,0,0,1,ISR,0,4,1,,105,1,N
61678,20,12,52,22,1,3,2,0,0,2,FRA,0,1,0,,74.8,1,Y
47239,159,2,7,13,0,1,2,0,0,2,FRA,0,1,0,,70,0,N
70067,178,6,23,9,0,2,2,0,0,2,PRT,0,1,0,,130,0,Y
85313,34,3,11,12,0,1,2,0,0,2,HUN,0,1,0,,81.9,1,N
99764,32,10,42,15,1,1,2,0,0,2,FRA,0,1,0,,85,0,N
45296,69,10,44,25,2,1,2,0,0,2,PRT,0,1,0,,85.67,0,N
86446,94,3,14,28,1,5,2,0,0,2,DEU,0,1,1,,110.75,1,N
56650,198,9,37,9,1,2,2,0,0,2,PRT,0,1,0,,120,0,Y
54301,171,7,29,11,1,4,2,0,0,2,GBR,0,1,1,,80.75,0,Y
105620,9,2,6,8,0,4,2,0,0,2,FRA,0,2,1,,91.1,0,N
42847,48,9,37,11,1,2,2,0,0,2,PRT,0,1,0,,60,0,N
110145,133,4,16,19,0,4,2,0,0,2,ISL,0,1,0,,124,0,N
42275,63,9,36,4,0,2,2,0,0,2,PRT,0,1,0,,116,0,Y
64655,259,3,11,14,0,4,2,0,0,2,DEU,0,1,0,,85,1,Y
51507,52,5,21,20,0,2,2,0,0,2,PRT,0,1,0,,140,0,Y
41842,50,8,35,25,0,4,2,0,0,2,PRT,0,1,0,,62,0,Y
69269,184,5,22,28,2,3,2,0,0,2,PRT,0,1,0,,130,0,Y
101901,2,11,47,18,0,2,2,0,0,2,ESP,0,1,0,,111,1,N
111044,103,5,18,2,0,4,2,0,0,2,FRA,0,1,0,,126,2,N
69308,25,5,22,30,0,1,2,0,0,2,PRT,0,1,0,,90,0,Y
59831,482,11,45,3,0,1,1,0,0,1,PRT,0,1,0,,51.4,0,Y
112508,0,5,21,22,1,2,1,0,0,1,PRT,0,1,1,,75,1,N
96872,67,9,37,7,0,3,2,0,0,2,USA,0,4,0,,114.34,1,N
42719,69,9,37,9,0,2,2,0,0,2,PRT,0,1,0,,62,0,N
73228,181,8,33,17,0,1,1,1,0,2,GBR,0,1,0,,121,0,Y
89218,59,5,20,14,2,3,2,0,0,2,DEU,0,1,0,,85.5,0,N
97585,20,9,38,16,0,2,2,0,0,2,FRA,0,4,0,,174,1,N
55471,103,8,33,13,2,3,2,1,0,3,ESP,0,1,0,,134.1,0,Y
51109,276,5,20,13,2,3,2,0,0,2,PRT,0,1,0,,61,0,Y
62949,61,1,4,25,0,2,2,0,0,2,PRT,0,1,0,,80,0,Y
99627,335,10,42,13,0,3,1,0,0,1,FRA,0,1,0,,80,0,N
68430,267,5,20,17,0,3,2,0,0,2,AUT,0,2,1,,108.95,2,Y
97209,122,9,37,7,2,4,2,0,0,2,FIN,0,4,0,,144.9,3,N
69883,183,6,23,8,0,2,1,0,0,1,PRT,0,1,0,,120,0,Y
75686,295,8,32,8,2,2,2,0,0,2,PRT,1,1,0,,62,0,Y
108516,158,3,13,27,1,1,2,0,0,2,ISR,0,1,0,,95,1,N
76993,4,8,35,23,2,1,1,0,0,1,PRT,0,1,1,45,0,1,N
84098,99,2,8,19,0,1,1,0,0,1,PRT,0,1,0,67,81,0,N
109318,127,4,14,7,0,2,2,2,0,4,SWE,0,4,1,,220,3,N
78358,23,10,41,8,0,2,1,0,0,1,PRT,0,1,0,,101,2,Y
102425,64,11,48,26,1,1,2,0,1,3,FRA,0,1,0,,75,1,N
59504,247,10,44,28,1,2,2,0,0,2,PRT,0,1,0,,110,0,Y
77813,32,10,43,20,1,5,1,0,0,1,PRT,1,1,0,,79.11,0,Y
88881,7,5,20,12,0,1,2,0,0,2,GBR,0,1,1,,110,0,N
110465,90,4,17,23,2,3,2,0,0,2,DEU,0,1,0,,77.68,0,N
70031,332,6,23,8,1,3,2,0,0,2,FRA,0,1,0,,109.8,2,Y
44639,80,10,41,9,0,2,1,0,0,1,PRT,0,4,0,,108,0,N
74769,241,10,43,19,1,2,1,0,0,1,USA,0,1,1,,50,0,N
90440,107,6,23,3,1,2,1,0,0,1,FRA,0,1,0,,75.33,0,N
105771,145,2,7,12,2,1,2,0,0,2,FRA,0,1,0,,75,0,N
116150,414,7,28,13,0,2,2,0,0,2,DEU,0,1,0,,122.4,1,N
106871,41,2,9,26,2,4,2,1,0,3,FRA,0,1,1,,127.5,1,N
44238,164,10,40,2,0,2,1,0,0,1,PRT,0,1,0,,100,0,N
44646,80,10,41,9,0,2,2,0,0,2,PRT,0,4,0,,136,0,N
94444,15,8,32,2,0,2,2,0,0,2,BEL,0,1,0,,124,0,N
84909,103,3,10,3,0,3,2,0,0,2,ESP,0,1,0,,61.5,1,N
84163,1,2,8,19,0,1,1,0,0,1,PRT,0,1,0,67,80,0,N
65259,109,3,13,30,0,3,2,0,0,2,FRA,0,1,4,,85.8,0,Y
72011,194,7,29,17,1,4,2,0,0,2,ESP,0,1,0,,89.1,3,Y
94114,117,7,31,27,1,4,2,0,0,2,DEU,0,1,0,,72.25,1,N
52559,26,6,24,8,0,1,2,0,0,2,PRT,0,1,0,,120,0,Y
108658,49,3,13,30,0,1,1,0,0,1,GBR,0,1,0,,79.2,0,N
72936,125,8,32,10,0,3,2,0,0,2,PRT,0,4,0,,114.39,0,Y
103530,20,12,52,23,2,2,2,0,0,2,FRA,0,1,0,,102.4,0,N
64648,67,3,11,14,0,3,2,0,0,2,NLD,0,4,0,,106.2,0,Y
40619,28,8,32,3,1,3,2,0,0,2,PRT,0,1,0,,62,0,Y
72300,357,7,30,26,0,1,2,0,0,2,DEU,0,4,2,,134,2,Y
65188,6,3,13,27,1,1,1,0,0,1,PRT,0,1,0,,108,2,Y
87662,62,4,17,21,0,3,2,0,0,2,CHE,0,4,0,,91.48,0,N
59705,166,11,45,1,0,3,1,0,0,1,PRT,0,1,0,,110,0,Y
74305,351,10,40,3,2,1,2,0,0,2,PRT,1,1,0,,62.8,0,Y
67047,111,4,17,27,1,3,2,0,0,2,PRT,0,1,0,,120,0,Y
79599,28,10,44,29,0,1,1,0,0,1,PRT,0,1,0,,130,0,N
61769,99,12,53,26,1,3,3,0,0,3,ESP,0,4,0,,127.71,3,Y
101632,4,11,47,13,2,0,1,0,0,1,GBR,0,1,0,,75,1,N
48806,88,3,14,31,0,1,2,0,0,2,BEL,0,1,0,,76.5,0,N
55912,109,8,35,24,0,4,3,0,0,3,ITA,0,4,0,,152.1,0,Y
107116,137,3,10,6,1,1,1,0,0,1,ISR,0,1,1,,65,0,N
99502,6,6,25,20,0,3,1,0,0,1,PRT,1,1,0,40,67,1,N
65778,99,4,14,8,2,1,3,0,0,3,ESP,0,4,0,,166.5,0,Y
64627,95,3,11,13,2,5,2,0,0,2,ARE,0,4,0,,109.3,1,Y
77175,0,9,37,9,0,1,1,0,0,1,PRT,0,1,0,,147,0,N
48153,98,3,12,17,2,3,2,0,0,2,ITA,0,1,0,,73.95,0,N
104563,61,1,3,16,1,0,2,0,0,2,FRA,0,1,1,,108.2,2,N
47982,36,3,11,11,1,2,3,0,0,3,ESP,0,4,0,,114.3,1,Y
107684,7,3,11,14,0,3,2,0,0,2,GBR,0,1,0,,98,0,N
103698,213,12,53,27,0,3,2,0,0,2,DEU,0,1,0,,78.3,0,N
119084,195,8,33,17,4,8,2,0,0,2,RUS,0,1,0,,118.43,1,N
94719,207,8,33,8,1,0,2,0,0,2,GBR,0,1,1,,63.75,0,N
90472,109,6,23,4,2,1,2,0,0,2,FRA,0,1,1,,89.75,0,N
45825,98,11,48,23,1,2,1,0,0,1,PRT,0,1,0,,70,0,Y
42080,5,8,36,30,2,5,2,0,0,2,FRA,0,1,0,,110.71,1,N
41341,4,8,33,14,1,2,2,2,0,4,PRT,0,6,0,,162,3,N
45138,41,10,43,18,2,3,1,0,0,1,CZE,0,1,0,,105,2,N
58739,163,10,42,15,2,1,1,0,0,1,PRT,0,1,0,,115,0,Y
64394,129,3,10,8,1,4,2,0,0,2,NLD,0,1,0,,88.4,1,Y
100592,37,10,44,28,0,2,2,0,0,2,JPN,0,1,0,,83.93,1,N
89740,6,5,22,23,1,2,1,0,0,1,DEU,0,1,0,,97.02,1,N
65488,112,4,14,4,0,2,2,0,0,2,PRT,0,1,0,385,95,0,Y
73944,272,7,29,16,0,2,2,0,0,2,PRT,1,1,0,,62,0,Y
104844,54,1,3,16,2,5,2,0,0,2,RUS,0,1,0,,88.4,0,N
42562,14,9,37,7,1,2,2,0,0,2,PRT,0,1,0,,111.33,1,N
71702,263,7,28,10,1,3,2,0,0,2,FRA,0,1,0,,89.1,1,Y
110090,18,4,16,18,0,4,2,0,0,2,GBR,0,4,0,,126,0,N
103763,16,12,53,29,0,2,2,0,0,2,BRA,0,4,0,,140,0,N
58597,37,10,42,13,0,3,2,0,0,2,PRT,0,1,0,,105,0,Y
82517,98,12,53,29,0,3,1,0,0,1,ITA,0,1,0,,52.7,1,N
80742,5,11,48,24,0,2,1,0,0,1,PRT,0,1,0,,70,0,N
113038,6,5,22,30,0,2,1,0,0,1,BEL,0,4,0,153,110,0,N
79013,3,6,27,27,1,0,1,0,0,1,PRT,2,1,0,45,0,3,N
99603,53,10,42,14,0,1,1,0,0,1,PRT,0,1,0,,120,0,N
47534,16,2,9,26,0,2,2,0,0,2,PRT,0,1,0,,2,0,Y
92381,241,7,28,3,2,1,2,0,0,2,AUT,0,1,0,,95,1,N
90804,67,6,24,9,0,3,2,0,0,2,FRA,0,1,0,,116.1,1,N
106937,135,3,9,3,0,2,2,0,0,2,GBR,0,1,0,,79.2,1,N
114615,129,6,25,18,2,5,2,0,0,2,FRA,0,1,0,,160.2,0,N
76429,358,10,41,10,1,1,2,0,0,2,PRT,1,1,0,,62,0,Y
114328,135,6,24,14,2,4,3,0,0,3,FRA,0,5,0,,198,3,N
64898,23,3,12,20,1,2,2,0,0,2,MAC,0,1,0,,79.2,0,Y
97978,87,9,39,21,0,2,2,0,0,2,AUT,0,4,0,,158.4,1,N
115002,219,6,25,20,2,8,2,0,0,2,DEU,0,4,0,,130.5,2,N
97253,138,9,38,11,2,1,2,0,0,2,IRL,0,1,0,,80.75,0,N
76984,200,8,34,22,0,1,2,0,0,2,ITA,0,1,0,,76.5,3,N
78319,0,7,30,19,0,1,1,0,0,1,PRT,3,1,0,40,65,0,N
53921,139,7,27,2,0,1,2,0,0,2,ESP,0,1,0,,85.5,0,Y
93576,292,7,30,21,0,2,1,0,0,1,DEU,0,1,1,,90,0,N
95729,106,8,34,20,2,1,3,0,0,3,ESP,0,1,0,,141.9,0,N
61777,36,12,53,26,1,3,2,0,0,2,ESP,0,1,0,,102,0,Y
42027,2,8,36,30,1,0,1,0,0,1,PRT,0,1,0,,96,1,N
63159,56,2,5,1,0,3,2,0,0,2,PRT,0,1,0,,60,0,Y
40942,0,8,33,10,1,0,2,0,0,2,PRT,0,1,0,,115,0,N
89204,9,5,21,18,0,1,2,0,0,2,PRT,0,1,0,,129,0,N
64819,67,3,11,17,0,1,2,0,0,2,CN,0,1,0,,79.2,0,Y
63923,134,2,8,25,0,1,1,0,0,1,PRT,0,1,0,,75,0,Y
71848,238,7,28,13,2,4,2,0,0,2,USA,0,4,2,,122.83,2,Y
72731,300,8,31,4,1,2,3,0,0,3,PRT,0,1,0,,109.2,2,Y
82943,58,1,5,27,0,2,1,0,0,1,PRT,1,1,0,,80,0,Y
61009,42,11,49,29,0,3,2,0,0,2,PRT,0,1,0,348,90,0,Y
65275,70,3,13,30,2,3,2,0,0,2,PRT,0,1,0,,89.32,0,Y
48146,75,3,12,17,1,3,2,0,0,2,PRT,0,1,0,,12,0,Y
63575,241,2,7,14,0,2,2,0,0,2,PRT,0,1,0,,69.3,1,Y
69559,181,6,22,2,0,2,3,0,0,3,DEU,0,4,0,,193.5,0,Y
83146,48,1,4,17,2,3,2,0,0,2,FRA,0,1,0,,60,1,N
105873,8,2,7,15,0,2,1,0,0,1,FRA,0,1,0,,65,0,N
60958,17,11,49,27,2,3,2,1,0,3,PRT,0,1,0,,97.7,0,Y
44105,27,9,40,30,0,2,2,0,0,2,PRT,0,1,0,,108,0,Y
42505,0,9,37,6,2,0,1,0,0,1,PRT,0,1,0,,6,0,Y
45083,102,10,42,16,0,2,2,0,0,2,PRT,0,1,0,,101.5,0,Y
90634,128,6,24,6,1,2,2,0,0,2,BEL,0,1,1,,126.9,1,N
118313,176,8,33,14,1,3,2,0,0,2,FRA,0,1,0,,130.5,0,N
70975,129,6,26,26,1,2,1,1,0,2,ITA,0,1,1,,99,1,Y
75792,323,9,36,5,2,2,2,0,0,2,PRT,1,1,0,,62,0,Y
88890,77,5,20,10,0,4,2,0,0,2,USA,0,4,0,,132.6,2,N
64695,92,3,11,15,0,3,2,0,0,2,PRT,0,1,0,,85,0,Y
108637,76,3,13,29,0,2,2,0,0,2,LVA,0,4,0,,108,1,N
51245,38,5,21,16,1,3,2,2,0,4,RUS,0,6,0,,198.9,0,Y
95639,219,8,34,20,1,1,3,0,0,3,ITA,0,1,1,,139.2,0,N
49790,103,4,17,19,0,2,1,0,0,1,PRT,0,1,0,,115,0,Y
46782,151,1,4,19,0,3,1,0,0,1,PRT,0,1,0,,80,0,Y
115576,294,7,26,1,2,5,2,0,0,2,CZE,0,1,0,,99,1,N
98247,5,9,40,26,1,0,1,0,0,1,PRT,0,1,0,,0,0,N
109594,98,4,15,10,1,3,2,0,0,2,FRA,0,1,0,,98.44,0,N
82635,68,12,53,31,0,3,2,0,0,2,FRA,0,1,0,,71.33,0,N
53194,350,6,25,17,0,2,2,0,0,2,PRT,0,1,0,,140,0,Y
92682,1,7,28,6,0,4,3,0,0,3,FRA,0,4,0,,189.5,0,N
42529,55,9,37,6,2,0,2,0,0,2,PRT,0,1,0,,75,0,N
92573,20,7,28,8,0,1,2,1,0,3,CN,0,5,0,,158.95,1,N
64081,9,3,9,1,0,3,3,0,0,3,CHE,0,4,0,,158,0,Y
80541,0,11,47,17,0,1,2,0,0,2,PRT,0,4,0,,60,0,N
63972,180,2,8,25,1,1,2,0,0,2,BRA,0,1,0,,79.2,0,Y
86717,124,4,15,4,1,3,2,0,0,2,PRT,0,1,2,,90,0,N
56493,258,9,37,8,0,1,2,0,0,2,PRT,0,1,0,,65,0,Y
113682,29,6,23,8,0,3,1,0,0,1,SWE,0,1,0,,156.67,1,N
69445,16,5,22,31,0,2,3,0,0,3,ISR,0,5,0,,230,1,Y
54186,173,7,28,8,0,1,2,2,0,4,ITA,0,6,1,,168.3,2,Y
42028,2,8,36,30,1,0,1,0,0,1,ISR,0,1,1,,65,2,N
42397,61,9,36,5,2,2,2,0,0,2,PRT,0,1,0,,62,0,Y
108017,34,3,11,14,2,5,2,0,0,2,GBR,0,4,0,,76.5,2,N
98813,95,10,41,2,2,1,2,0,0,2,BEL,0,1,0,,108,2,N
98658,193,9,40,30,1,2,2,0,0,2,DEU,0,1,0,,132,0,N
70332,41,6,24,15,0,3,2,0,0,2,PRT,0,1,0,,122.67,0,Y
100263,78,10,43,21,2,2,2,1,0,3,FRA,0,1,0,,130.58,3,N
110887,16,5,18,1,1,1,2,0,0,2,AUT,0,1,0,,120,2,N
95750,32,8,35,21,2,1,2,0,0,2,ITA,0,5,0,,137.52,0,N
116023,93,7,28,12,0,2,2,0,0,2,GBR,0,4,0,,130.5,0,N
47848,40,3,10,5,2,3,2,0,0,2,ITA,0,1,0,,81.9,0,Y
41081,107,8,33,12,0,1,2,0,0,2,PRT,0,2,1,,76.5,0,N
90732,45,6,24,8,0,3,2,0,0,2,FRA,0,4,0,,128.4,0,N
100983,67,11,45,1,0,4,2,0,0,2,IRL,0,1,0,,79.2,1,N
68251,164,5,20,15,1,2,1,0,0,1,PRT,0,1,0,,160,0,Y
67316,157,5,18,1,1,3,2,0,0,2,PRT,0,1,0,,130,0,Y
59469,189,10,44,28,1,2,2,0,0,2,AUT,0,4,0,,109.8,0,Y
106529,0,2,8,24,0,2,2,0,0,2,ESP,0,1,0,,67.31,0,N
102723,21,12,49,1,1,3,2,0,0,2,DEU,0,1,0,,122.19,1,N
85698,28,3,12,18,0,2,2,0,0,2,ESP,0,1,0,,70,2,N
106445,34,2,8,22,0,4,2,0,0,2,BEL,0,4,0,,98.6,0,N
91901,53,6,26,24,1,2,2,0,0,2,PRT,0,1,1,,32.5,1,N
116925,104,7,30,23,2,2,3,0,0,3,BEL,0,4,0,,204,2,N
110276,61,4,16,22,2,1,2,0,0,2,FRA,0,4,0,,135,1,N
56370,62,9,37,4,1,0,2,0,0,2,DEU,0,1,0,,99,0,Y
45129,38,10,42,17,2,3,2,0,0,2,PRT,0,1,0,,105.12,2,Y
46388,148,12,53,30,1,4,2,0,0,2,PRT,0,1,0,,67,0,Y
49285,98,4,15,9,2,1,2,0,0,2,CHE,0,1,0,,82.5,0,N
57414,53,9,40,26,1,0,2,0,0,2,UKR,0,1,0,,125.1,1,Y
59256,200,10,44,24,1,3,2,0,0,2,NLD,0,4,0,,100.3,0,Y
94775,103,8,32,2,2,5,2,3,0,5,IRL,0,7,0,,198.98,1,N
60019,305,11,45,4,1,2,2,0,0,2,PRT,0,1,0,,89,0,Y
77173,344,9,39,26,0,1,1,0,0,1,PRT,1,1,1,,170,0,Y
100875,13,11,45,2,0,1,1,0,0,1,ESP,0,1,0,,112,2,N
113802,114,6,23,10,1,1,2,0,0,2,BRA,0,1,0,,126,1,N
107702,0,3,11,15,0,2,1,0,0,1,FRA,0,1,0,,107.2,0,N
118807,121,8,34,20,2,4,2,0,0,2,CHN,0,1,0,,100,1,N
62471,38,1,2,14,0,1,1,0,0,1,PRT,0,1,0,67,75,0,Y
62598,21,1,3,16,1,5,2,0,0,2,USA,0,4,0,,95.16,0,Y
84528,12,2,9,24,0,4,3,0,0,3,FRA,0,4,1,,184,3,N
113608,74,6,23,9,0,2,1,0,0,1,FRA,0,1,3,,0,0,N
55582,37,8,34,17,0,1,2,1,0,3,DEU,0,1,0,,164.25,0,Y
64385,258,3,10,8,0,4,2,0,0,2,DEU,0,1,0,,85,0,Y
73232,275,8,33,17,0,2,2,1,0,3,BEL,0,1,0,,125.1,0,Y
83964,0,2,8,15,1,0,3,0,0,3,FRA,0,4,0,,127,0,N
83869,29,2,7,12,0,2,2,0,0,2,PRT,0,1,0,,78.5,1,N
100378,97,10,43,22,2,3,2,0,0,2,GBR,0,4,0,,121.14,3,N
99564,6,10,42,13,0,1,1,0,0,1,ESP,0,1,0,,95,0,N
57401,24,9,40,25,2,2,2,0,0,2,NLD,0,1,0,,119,1,Y
82352,94,3,10,4,0,2,2,0,0,2,PRT,1,1,0,,80,0,Y
118022,144,8,32,10,0,3,1,0,0,1,PRT,0,1,1,,130.5,1,N
86029,2,3,13,23,0,3,2,0,0,2,ESP,0,1,0,,136,1,N
71951,161,7,28,15,2,5,2,0,0,2,LUX,0,1,0,,107.1,0,Y
108736,74,3,13,28,0,4,2,0,0,2,CHE,0,4,0,,102,0,N
116097,414,7,28,13,0,2,2,0,0,2,DEU,0,1,0,,122.4,1,N
69652,348,6,22,3,2,1,2,0,0,2,PRT,0,1,0,,90,0,Y
106349,15,2,8,20,1,3,2,0,0,2,FRA,0,1,0,,63.42,1,N
60224,626,11,46,7,1,2,2,0,0,2,PRT,0,1,0,,62.8,0,Y
92262,46,7,27,1,0,2,2,0,0,2,LBN,0,1,0,,107.1,1,N
40479,25,7,31,27,1,1,2,0,0,2,ESP,0,1,0,,62,0,N
46419,148,12,53,31,1,3,2,0,0,2,PRT,0,1,0,,77.5,0,Y
90761,0,6,24,9,0,2,3,0,0,3,NZL,0,4,1,,157,1,N
96520,66,9,36,3,0,1,2,0,0,2,ESP,0,1,1,,96.3,1,N
105572,24,2,6,5,2,5,1,0,0,1,MAR,0,1,1,407,75,0,N
77378,19,10,41,6,0,3,2,0,0,2,PRT,1,1,0,,90,0,Y
50457,71,5,19,1,2,2,2,0,0,2,GBR,0,4,0,,132.6,0,Y
75386,313,8,35,26,0,2,1,0,0,1,PRT,1,1,0,,60,0,Y
62752,305,1,3,21,2,2,2,0,0,2,BRA,0,1,0,,77.35,0,Y
98299,35,9,40,25,2,1,2,0,0,2,FRA,0,1,0,,117,1,N
48313,60,3,13,20,2,2,2,0,0,2,PRT,0,1,0,,75,0,Y
96198,5,8,35,27,2,1,2,0,0,2,AUT,0,1,0,,114.92,0,N
53981,50,7,28,4,1,1,2,2,0,4,PRT,0,7,0,,260.9,0,Y
45184,70,10,43,22,0,1,2,0,0,2,FRA,0,1,0,,85,0,N
61520,6,12,51,15,1,3,2,0,0,2,IDN,0,1,0,,66.3,0,Y
80361,51,11,46,12,2,3,2,0,0,2,FRA,0,4,0,,60,0,N
110816,109,4,17,28,2,2,1,0,0,1,DEU,0,1,1,,112.05,0,N
52750,4,6,24,10,2,4,2,1,0,3,FIN,0,4,0,,145.25,0,Y
83631,10,2,6,6,2,1,3,0,0,3,ITA,0,4,0,,132.5,2,N
56698,71,9,37,10,2,2,3,0,0,3,COL,0,4,0,,168.3,2,Y
40623,28,8,32,3,1,3,2,0,0,2,PRT,0,1,0,,62,0,Y
47477,24,2,9,24,0,1,1,0,0,1,CN,0,1,0,,85,2,Y
51266,286,5,21,17,0,1,2,0,0,2,PRT,0,1,0,,65,0,Y
80176,41,11,46,8,2,3,2,0,0,2,FRA,0,4,0,,60,1,N
66896,156,4,17,26,0,3,2,0,0,2,PRT,0,1,0,,100,0,Y
81767,113,2,9,25,0,3,2,0,0,2,PRT,1,1,0,,75,0,Y
88366,52,5,19,4,0,1,2,0,0,2,FRA,0,4,0,,140.4,1,N
108764,23,3,13,29,0,3,1,0,0,1,CZE,0,4,0,,128,1,N
64048,10,2,9,27,1,3,2,0,0,2,DEU,0,1,0,,74.8,0,Y
43092,30,9,38,14,1,3,2,0,0,2,CHE,0,1,0,,94.5,2,N
93070,134,7,29,12,0,4,2,0,0,2,FRA,0,1,1,,89.85,2,N
43604,60,9,39,21,1,1,2,0,0,2,PRT,0,1,0,,65,0,N
78295,6,6,24,8,0,1,1,0,0,1,PRT,1,1,0,40,65,1,N
51187,134,5,21,15,2,2,2,0,0,2,FRA,0,1,0,,89.25,1,N
44351,61,10,41,4,2,0,2,0,0,2,FRA,0,1,0,,91,0,N
58364,128,10,42,11,0,5,2,0,0,2,NOR,0,4,0,,132.3,0,Y
98017,299,9,38,17,2,5,2,0,0,2,GBR,0,1,1,,100.3,0,N
109515,90,4,15,10,1,2,2,2,0,4,ESP,0,7,0,,216,0,N
105575,12,2,6,10,0,2,2,0,0,2,ESP,0,1,0,,88,0,N
118575,38,8,33,19,2,1,1,0,0,1,ITA,0,1,0,,140,0,N
105751,82,2,7,12,2,1,2,0,0,2,FRA,0,1,0,,68.47,0,N
97592,32,9,38,17,0,1,2,0,0,2,GBR,0,1,0,,85.5,2,N
74027,300,8,33,13,0,2,2,0,0,2,PRT,1,1,0,,62,0,Y
103391,3,12,52,19,1,2,1,0,0,1,MYS,0,1,0,,79.5,0,N
89104,0,5,21,17,0,0,2,0,0,2,PRT,0,1,0,,0,0,N
70512,150,6,24,17,2,3,1,0,0,1,PRT,0,1,0,,120,0,Y
111470,30,5,19,10,0,1,1,0,0,1,NLD,0,1,2,,130,1,N
107491,2,3,11,12,1,0,1,0,0,1,FRA,0,1,0,,88.2,1,N
79293,28,10,43,19,1,4,2,0,0,2,FRA,0,4,0,,75,0,N
71573,178,7,27,7,2,4,2,0,0,2,PRT,0,1,0,,68.61,1,Y
116885,176,7,29,22,2,2,2,1,0,3,GBR,0,1,0,,148.5,2,N
119287,177,8,35,27,2,4,2,0,0,2,FRA,0,4,0,,175.95,1,N
103720,209,12,53,26,1,3,2,0,0,2,ESP,0,4,1,,84.07,0,N
45831,98,11,48,23,1,2,1,0,0,1,PRT,0,1,0,,84,0,Y
71715,340,7,28,10,1,5,2,0,0,2,BEL,0,1,0,,99.9,0,Y
96191,15,8,36,28,2,0,2,0,0,2,PRT,0,1,0,,130,1,N
84655,2,2,9,26,2,3,1,0,0,1,FRA,0,4,0,,110.6,1,N
50729,54,5,19,6,0,2,2,0,0,2,FRA,0,1,0,,116.1,0,Y
113977,328,6,23,9,2,4,2,0,0,2,CHE,0,1,0,,109.8,4,N
67147,20,4,17,29,0,1,3,0,0,3,POL,0,5,0,,215,1,Y
70166,41,6,24,11,2,2,2,0,0,2,DEU,0,1,0,,140,1,Y
71013,138,6,26,27,0,3,2,0,0,2,DEU,0,1,0,,117,0,Y
100714,123,10,44,28,2,2,2,0,0,2,DEU,0,1,0,,68,0,N
46775,151,1,4,19,0,3,1,0,0,1,PRT,0,1,0,,80,0,Y
112940,112,5,22,28,2,1,2,0,0,2,BRA,0,1,0,,137.21,1,N
54528,1,7,30,19,0,1,2,0,0,2,FRA,0,1,0,,139,1,Y
111959,0,5,20,17,0,1,1,0,0,1,PRT,0,1,0,,159,0,N
71686,121,7,28,10,1,2,1,0,0,1,DEU,0,1,0,,117,0,Y
118236,208,8,33,14,1,2,2,2,0,4,ESP,0,5,0,,249,0,N
53767,166,6,27,29,0,4,2,0,0,2,ITA,0,4,0,,99.45,0,Y
50811,110,5,20,9,1,1,2,0,0,2,DEU,0,1,0,,105.3,0,Y
41553,4,8,34,18,0,1,1,0,0,1,PRT,0,1,0,51,84,0,Y
64524,57,3,10,11,2,5,2,0,0,2,PRT,0,1,0,,125.8,0,Y
46566,6,1,2,7,0,3,2,0,0,2,ESP,0,1,0,,89,0,N
43286,42,9,38,17,0,3,2,0,0,2,BEL,0,1,0,,111.6,3,N
110474,93,4,17,24,1,3,2,0,0,2,GBR,0,1,0,,123.75,0,N
93105,127,7,29,14,0,3,3,0,0,3,PRT,0,1,0,,96.9,1,N
109392,248,4,15,9,2,0,2,0,0,2,DEU,0,1,0,,80,1,N
82964,1,1,5,30,0,1,1,0,0,1,PRT,0,4,1,,46,0,N
110180,133,4,16,19,0,4,2,0,0,2,POL,0,1,0,,124,0,N
95633,219,8,34,20,1,1,2,0,0,2,ITA,0,1,0,,96,0,N
83287,33,1,5,25,1,1,2,0,0,2,BRA,0,1,0,,64,0,N
108507,89,3,13,27,1,1,2,0,0,2,IRL,0,1,0,,79.2,1,N
118421,156,8,33,19,0,1,2,0,0,2,FRA,0,1,0,,130.5,2,N
97993,147,9,39,18,2,3,2,0,0,2,FIN,0,4,0,,143.1,2,N
83255,33,1,5,25,1,1,2,0,0,2,ITA,0,1,0,,64,0,N
109765,147,4,15,13,1,3,2,0,0,2,DEU,0,4,0,,105.68,1,N
47661,116,2,10,28,2,1,2,0,0,2,PRT,0,1,1,,70,0,Y
110938,83,5,18,1,1,2,2,0,0,2,DEU,0,1,0,,80.1,0,N
109675,22,4,15,14,0,1,2,0,0,2,BRA,0,5,0,,174,1,N
52414,163,6,24,5,2,2,1,0,0,1,PRT,0,1,0,,100,0,Y
107157,32,3,10,5,2,2,2,0,0,2,FRA,0,1,0,,74.8,0,N
100503,20,10,44,26,0,3,1,0,0,1,PRT,0,1,0,,105,0,N
79673,2,10,44,30,0,2,2,0,0,2,FIN,0,4,0,,72.25,2,N
102361,33,11,48,26,0,1,2,0,0,2,PRT,0,1,0,,113,1,N
61092,47,12,49,2,0,1,2,0,0,2,ESP,0,1,0,,93.6,1,Y
76005,336,9,38,18,0,2,2,0,0,2,PRT,1,1,0,,101.5,0,Y
97903,159,9,39,19,1,2,2,0,0,2,BRA,0,1,0,,144,0,N
85057,1,3,11,8,0,1,1,0,0,1,ZAF,0,1,0,,80,0,N
114340,35,6,24,13,2,5,2,0,0,2,ROU,0,1,2,,196.14,1,N
96548,53,9,36,1,0,3,2,0,0,2,DEU,0,4,0,,123.3,2,N
63399,13,2,6,10,2,5,2,0,0,2,FRA,0,4,0,,134.3,0,Y
53547,81,6,26,23,0,1,1,0,0,1,ISR,0,1,0,,90.9,0,Y
109631,82,4,15,11,0,4,2,0,0,2,FRA,0,1,0,,85,0,N
114027,32,6,24,11,2,3,2,0,0,2,PRT,0,1,0,,108,0,N
46659,38,1,3,14,0,3,2,0,0,2,FRA,0,1,0,,78.3,1,Y
46315,140,12,53,29,0,5,2,0,0,2,PRT,0,1,0,,70,0,Y
111892,71,5,19,13,2,2,2,0,0,2,BEL,0,1,0,,130.5,2,N
65680,55,4,14,6,0,3,3,0,0,3,FRA,0,4,0,,171,0,Y
103575,15,12,53,27,0,1,2,0,0,2,BRA,0,1,0,,65,0,N
75248,297,8,33,10,1,1,2,0,0,2,PRT,1,1,0,,62,0,Y
55730,303,8,34,19,2,3,2,0,0,2,PRT,0,1,0,,78,0,Y
45910,84,11,48,27,1,2,1,0,0,1,PRT,0,1,1,,0,0,N
78080,0,10,40,2,0,0,3,0,0,3,PRT,0,4,0,,0,1,N
60044,305,11,45,4,1,2,2,0,0,2,PRT,0,1,0,,89,0,Y
107132,21,3,10,6,1,1,2,0,0,2,FRA,0,4,0,,118,0,N
95963,133,8,35,21,2,3,2,0,0,2,IRL,0,1,0,,70.04,2,N
101850,16,11,47,16,0,3,1,0,0,1,ROU,0,1,0,,75,0,N
96916,45,9,37,9,0,1,2,0,0,2,GBR,0,4,0,,149.4,1,N
76965,342,9,39,24,2,4,2,0,0,2,PRT,1,1,0,,170,0,Y
103807,249,12,53,27,0,5,2,0,0,2,FRA,0,1,0,,120.55,0,N
69642,170,6,22,3,2,1,2,0,0,2,NLD,0,1,0,,126,2,Y
89594,45,5,21,21,1,1,2,0,0,2,ESP,0,1,0,,126.9,2,N
56738,15,9,38,12,1,0,1,0,0,1,PRT,0,1,0,,89,0,Y
59148,304,10,43,21,1,2,2,0,0,2,FRA,0,1,0,,74.15,0,N
71952,307,7,28,15,2,5,3,0,0,3,DEU,0,4,0,,155,3,Y
44683,66,10,41,9,1,2,2,0,0,2,PRT,0,1,0,,75,0,Y
108875,57,4,13,1,1,1,2,0,0,2,GBR,0,1,0,,99,2,N
50329,119,4,18,28,2,4,2,0,0,2,PRT,0,4,0,,103.7,0,Y
112585,208,5,21,24,0,2,2,0,0,2,DEU,0,1,0,,114.4,0,N
88409,2,5,19,5,0,1,1,0,0,1,PRT,0,4,0,,156,0,N
49021,34,4,15,4,1,4,2,0,0,2,SWE,0,4,0,,131.4,0,Y
73975,286,7,31,30,0,2,2,0,0,2,PRT,1,1,0,,62,0,Y
67277,231,5,18,1,1,1,2,0,0,2,PRT,0,1,0,,110,1,Y
55198,214,8,33,7,2,2,2,2,0,4,NLD,0,6,2,,158.95,1,N
46956,23,1,5,29,1,2,2,0,0,2,BRA,0,2,0,,77.25,1,Y
59228,115,10,43,22,2,3,2,0,0,2,TUR,0,1,0,,107.64,3,Y
104035,0,1,1,3,0,1,2,0,0,2,PRT,0,1,1,,88,0,N
117730,43,8,32,7,1,1,2,0,0,2,CHE,0,1,0,,160,1,N
50576,133,5,19,4,0,4,2,0,0,2,FRA,0,4,0,,116.95,0,Y
52959,71,6,25,14,0,3,1,0,0,1,PRT,0,1,0,,120,0,Y
89108,0,5,21,17,0,0,2,0,0,2,PRT,0,1,0,,0,0,N
102086,64,11,48,20,2,1,2,0,0,2,HUN,0,1,0,,79.2,1,N
48026,79,3,11,12,2,5,2,0,0,2,FRA,0,1,0,,56.94,1,N
57989,7,10,41,4,0,5,1,0,0,1,LTU,0,1,0,,140,2,Y
109812,7,4,15,13,1,3,2,0,0,2,IRL,0,1,0,,157.5,2,N
102673,29,12,49,2,0,2,2,0,0,2,PRT,0,1,0,,85,0,N
107754,55,3,10,11,2,5,2,0,0,2,FRA,0,4,0,,102,1,N
95512,320,8,34,18,0,2,2,0,0,2,DEU,0,1,0,,115,1,N
117950,181,8,31,5,2,5,2,0,0,2,PRT,0,1,0,,82.3,1,N
90107,13,5,23,29,2,2,2,1,0,3,NLD,0,4,0,,118.51,1,N
83506,0,2,6,3,0,2,1,0,0,1,PRT,0,2,1,,22.5,0,N
66334,74,4,16,17,1,3,3,0,0,3,GBR,0,4,0,,171,0,Y
113325,102,6,22,1,2,3,2,0,0,2,NLD,0,5,0,,176.4,2,N
90261,112,6,23,2,0,2,2,0,0,2,FRA,0,1,0,,100,0,N
66030,7,4,15,13,0,3,2,0,0,2,HKG,0,1,0,,160,1,Y
41827,50,8,35,25,0,4,1,0,0,1,PRT,0,1,0,,0,0,N
117557,84,8,31,5,0,1,2,0,0,2,NLD,0,1,0,,125,2,N
118878,457,8,34,25,0,2,2,0,0,2,DEU,0,1,1,,122.4,1,N
116923,132,7,29,22,2,3,2,0,0,2,PRT,0,4,0,,148.5,2,N
79953,21,11,45,5,0,3,2,0,0,2,PRT,0,1,1,,37.07,1,N
107151,137,3,10,6,1,1,1,0,0,1,PRT,0,1,2,,80,1,N
53580,121,6,26,24,1,2,2,0,0,2,PRT,0,1,1,,90,0,Y
114587,226,6,25,22,0,3,2,0,0,2,AUT,0,1,0,,99,1,N
110019,16,4,16,17,1,3,2,0,0,2,FRA,0,1,0,,115,1,N
65851,248,4,15,9,2,0,2,0,0,2,PRT,0,1,0,,80,1,Y
77746,0,9,39,23,0,2,2,0,0,2,BRA,0,1,0,,119.97,0,N
67652,117,5,18,5,1,2,2,0,0,2,IRL,0,1,0,,108,1,Y
75060,276,7,30,20,1,1,2,0,0,2,PRT,1,1,0,,62,0,Y
52647,27,6,24,9,0,1,2,0,0,2,PRT,0,1,0,,120,0,Y
96549,46,8,36,28,2,5,2,0,0,2,TUR,0,4,0,,124.46,0,N
113414,4,6,22,3,2,2,2,0,0,2,DEU,0,1,0,,99,0,N
98395,75,9,40,26,1,2,2,0,0,2,BEL,0,1,0,,135.9,3,N
108351,73,3,12,24,0,2,1,0,0,1,FRA,0,1,1,,90,0,N
80324,33,12,50,9,0,2,2,0,0,2,PRT,1,1,0,,110,0,Y
51278,45,5,21,17,0,2,2,0,0,2,PRT,0,6,0,,159.12,1,Y
45506,100,10,44,31,1,1,2,0,0,2,ESP,0,1,0,,62,0,N
62891,62,1,4,23,3,5,2,2,0,4,BRA,0,6,0,,147.9,0,Y
116987,260,7,30,24,1,3,2,0,0,2,FRA,0,1,0,,107.1,4,N
79167,8,10,43,20,0,3,1,0,0,1,AUT,0,1,0,,129,1,N
100911,68,10,45,30,2,3,2,0,1,3,BEL,0,1,1,,79.56,2,N
114946,1,6,26,27,0,2,2,0,0,2,PRT,0,4,0,,184,2,N
48002,64,3,11,11,2,2,2,0,0,2,FRA,0,1,0,,73.95,0,Y
41879,4,8,35,25,0,4,1,0,0,1,ESP,0,1,0,,60,0,N
65650,62,4,14,6,0,3,1,0,0,1,PRT,0,1,0,,135,0,Y
72083,45,7,29,20,0,3,2,0,0,2,PRT,0,1,0,,117,0,Y
105776,152,2,7,13,1,1,2,0,0,2,FRA,0,1,0,,75,0,N
99149,85,10,41,6,1,3,2,0,0,2,SWE,0,1,0,,85,2,N
41839,50,8,35,25,0,4,2,0,0,2,PRT,0,1,0,,62,0,Y
104575,4,1,3,15,2,1,2,0,0,2,FRA,0,1,0,,83.8,0,N
66014,53,4,15,13,0,1,2,0,0,2,ECU,0,1,0,,108,0,Y
113126,19,5,22,28,2,4,1,0,0,1,AGO,0,1,0,,145,0,N
40430,16,7,30,25,2,1,2,0,0,2,PRT,0,1,0,,86,0,N
44763,174,10,41,10,1,1,2,0,0,2,PRT,0,1,0,,70,0,Y
83306,9,12,52,21,0,2,1,0,0,1,FRA,0,1,0,,79,0,N
71893,53,7,28,15,1,1,2,0,0,2,ESP,0,1,0,,135,1,Y
77312,8,3,10,1,0,3,1,0,0,1,PRT,0,1,0,72,41,1,N
77598,4,6,25,18,2,0,1,0,0,1,PRT,1,1,0,40,67,1,N
66047,141,4,15,13,0,3,2,0,0,2,PRT,0,1,0,,80.1,0,Y
56054,183,8,35,27,2,2,2,0,0,2,CHE,0,1,0,,90.95,0,Y
44737,79,10,41,10,1,1,2,0,0,2,ESP,0,1,0,,62,0,N
70652,451,6,25,20,0,1,2,0,0,2,PRT,0,1,0,,90,0,Y
100027,27,10,43,19,0,3,2,0,0,2,FRA,0,1,0,,85,0,N
98288,100,9,40,25,2,1,2,0,0,2,DEU,0,1,0,,80.75,0,N
43151,13,9,38,16,0,1,2,0,0,2,IND,0,1,0,,98.4,0,N
97684,0,9,38,16,1,2,2,0,0,2,PRT,0,4,0,,0,2,N
81351,1,12,50,6,2,1,1,0,0,1,ESP,0,1,0,,66,1,N
117100,188,7,30,28,0,2,2,0,0,2,GBR,0,1,0,,121.5,0,N
79334,37,10,43,22,0,3,2,0,0,2,HUN,0,1,0,,96.3,1,N
96188,8,8,36,28,2,0,2,0,0,2,ESP,0,1,0,,127,1,N
49639,82,4,16,16,2,2,3,0,0,3,CN,0,4,0,,121.55,1,Y
86215,11,3,13,26,2,2,2,0,0,2,FRA,0,1,1,,133.5,1,N
40565,117,8,31,1,2,1,2,0,0,2,ITA,0,1,0,,94.5,0,Y
48671,92,3,13,26,2,1,2,0,0,2,PRT,0,1,0,,100,0,Y
70356,320,6,24,15,0,3,2,0,0,2,PRT,0,1,0,,90,0,Y
109817,94,4,15,14,1,2,2,0,0,2,DEU,0,1,0,,98.1,0,N
55981,46,8,35,26,0,1,2,0,0,2,FRA,0,1,0,,125.1,0,Y
66672,152,4,16,22,2,2,2,0,0,2,PRT,0,1,0,,105,0,Y
110334,8,4,16,21,2,3,1,0,0,1,DEU,0,1,1,,75,0,N
80917,0,11,48,28,2,1,2,0,0,2,FRA,0,1,0,,65,0,Y
114369,90,6,25,18,2,1,2,0,0,2,ITA,0,1,0,,126,1,N
82452,40,12,52,26,2,2,2,0,0,2,ESP,0,1,0,,63,1,N
68257,103,5,20,15,1,2,2,0,0,2,DEU,0,1,0,,144,0,Y
92026,0,6,27,28,0,1,1,0,0,1,PRT,0,1,0,,149,1,N
65243,629,3,13,30,0,2,2,0,0,2,PRT,0,1,0,,62,0,Y
64607,52,3,11,13,1,1,1,0,0,1,PRT,0,1,0,,80,0,Y
64185,289,3,9,2,0,3,2,0,0,2,GBR,0,1,0,,81.9,0,Y
55736,151,8,34,19,2,3,2,2,0,4,POL,0,2,2,,198.59,0,Y
40620,28,8,32,3,1,3,2,0,0,2,PRT,0,1,0,,62,0,Y
108984,111,4,14,3,1,1,2,0,0,2,ISR,0,1,0,,95,1,N
42792,44,9,37,10,0,2,2,0,0,2,PRT,0,1,0,,126,0,Y
52032,30,5,23,29,2,1,1,0,0,1,CHN,0,1,0,,129.9,0,Y
110518,94,4,17,27,0,1,2,0,0,2,IRL,0,4,0,,126,0,N
50064,142,4,17,22,2,3,2,0,0,2,POL,0,1,0,,103,0,Y
59610,75,10,45,30,2,0,2,0,0,2,PRT,0,1,0,,105,0,Y
114567,16,6,25,21,0,3,2,1,0,3,BRA,0,1,0,,200,2,N
43172,76,9,38,16,0,2,2,0,0,2,ESP,0,1,0,,62,0,N
55898,106,8,35,24,0,4,3,0,0,3,ITA,0,4,0,,152.1,0,Y
104377,101,1,2,9,1,2,2,0,0,2,GBR,0,1,0,,72.07,1,N
65977,221,4,15,11,2,5,2,0,0,2,GRC,0,1,0,,99,0,Y
81570,192,5,20,12,0,3,2,0,0,2,PRT,1,1,0,,135,0,Y
47226,4,2,7,12,6,14,1,0,0,1,AGO,0,4,2,,108.35,0,Y
104935,7,1,4,25,0,1,1,0,0,1,ESP,0,1,0,,78.4,0,N
109490,2,4,15,11,0,1,2,0,0,2,GBR,0,1,1,,135,0,N
74079,321,9,36,3,0,2,2,0,0,2,PRT,1,1,0,,62,0,Y
117638,23,8,31,3,1,3,2,0,0,2,RUS,0,1,1,,147,1,N
66171,127,4,15,15,1,1,3,0,0,3,ITA,0,4,0,,171,1,Y
55651,405,8,34,18,0,2,2,0,0,2,PRT,0,1,0,,62,0,Y
89812,9,5,22,25,0,1,2,0,0,2,PRT,0,1,0,,99,0,N
117591,300,8,31,4,1,2,3,0,0,3,GBR,0,1,0,,98.28,2,N
49443,281,4,16,14,0,2,2,0,0,2,PRT,0,1,0,,62,0,Y
116301,7,7,28,15,2,1,2,0,0,2,PRT,0,1,1,,105,1,N
84136,99,2,8,19,0,1,1,0,0,1,PRT,0,1,0,67,80,0,N
111902,6,5,20,14,2,1,1,0,0,1,CN,0,1,0,169,110,0,N
78276,14,10,42,15,0,1,1,0,0,1,PRT,1,1,0,,100,0,Y
53993,105,7,28,4,1,4,2,1,0,3,BEL,0,1,0,,123.25,0,Y
85650,87,3,12,14,1,4,2,0,0,2,FRA,0,1,0,,72.25,2,N
85972,61,3,13,21,1,3,2,0,0,2,ESP,0,4,0,,102,0,N
95129,149,8,33,12,1,2,2,2,0,4,FRA,0,6,0,,195.3,1,N
80591,2,11,47,19,0,1,1,0,0,1,PRT,0,1,0,,98,0,N
43885,87,9,39,25,2,3,2,0,0,2,PRT,0,1,0,,170,0,Y
82870,68,2,8,17,0,2,2,0,0,2,PRT,1,1,0,,75,0,Y
62581,46,1,3,15,4,8,2,0,0,2,PRT,0,4,0,,96.91,0,Y
72495,468,7,30,29,2,1,2,0,0,2,PRT,0,1,0,,112.67,0,Y
114447,2,6,25,19,1,2,3,0,0,3,CHN,0,5,0,,260,1,N
119315,230,8,35,31,0,3,2,0,0,2,GBR,0,5,0,,109.5,0,N
108154,159,3,12,21,0,3,2,0,0,2,DEU,0,1,0,,72,0,N
111333,42,5,18,3,2,4,2,0,0,2,FRA,0,1,0,,141.55,2,N
99676,377,10,42,14,0,2,2,0,0,2,DEU,0,1,0,,115,1,N
43492,32,9,38,18,2,2,1,0,0,1,USA,0,1,0,,141.53,2,N
111022,15,5,18,3,0,2,2,0,0,2,RUS,0,1,0,,120,2,N
48431,61,3,13,23,0,2,2,0,0,2,ESP,0,1,1,,117,0,Y
61330,517,12,50,8,0,2,2,0,0,2,PRT,0,1,0,,62.8,0,Y
116844,55,7,30,24,1,1,3,0,0,3,ESP,0,4,0,,184,0,N
105931,114,2,6,9,2,7,2,0,0,2,BRA,0,5,0,,121,0,N
47117,44,2,7,8,1,1,2,2,0,4,PRT,0,6,3,,173,0,N
77241,7,9,39,21,1,3,2,0,0,2,PRT,1,1,0,,92.17,1,Y
44538,40,10,41,7,0,3,3,0,0,3,BRA,0,1,0,,99.71,2,N
44197,164,10,40,2,0,2,1,0,0,1,PRT,0,1,0,,100,0,N
89193,7,5,21,18,0,1,1,0,0,1,GBR,0,5,0,,150.45,0,N
41580,47,8,34,18,0,2,1,0,0,1,DEU,0,1,0,,100,1,N
47543,24,2,9,26,1,2,2,0,0,2,GBR,0,4,0,,109.33,1,Y
75401,323,9,36,5,1,1,2,0,0,2,PRT,1,1,0,,62,0,Y
84615,0,3,10,2,0,1,1,0,0,1,PRT,0,1,0,,84,0,N
44436,97,10,41,5,1,3,1,0,0,1,PRT,0,1,0,,140,0,Y
67537,143,5,18,4,0,3,2,0,0,2,PRT,0,1,0,,100,0,Y
43412,74,9,38,18,0,2,2,0,0,2,PRT,0,1,0,,101.5,0,Y
40629,28,8,32,3,1,3,3,0,0,3,ESP,0,1,1,,84,0,N
75041,264,7,28,8,0,2,2,0,0,2,PRT,1,1,0,,62,0,Y
96290,8,6,22,1,0,1,1,0,0,1,PRT,0,1,0,40,67,1,N
54441,8,7,29,16,1,1,2,0,0,2,PRT,0,1,0,,139,0,Y
109295,75,4,14,5,0,4,1,0,0,1,NLD,0,1,0,,85,0,N
110354,93,4,16,22,2,3,2,0,0,2,FRA,0,1,0,,85,0,N
100079,6,10,43,20,0,3,2,0,0,2,GBR,0,1,0,,160,2,N
100804,88,10,45,30,2,1,2,0,0,2,USA,0,1,0,,75.4,3,N
55394,9,8,33,12,0,2,2,0,0,2,FRA,0,1,1,,156,1,Y
41989,145,8,35,29,2,1,2,0,0,2,ITA,0,1,0,,94.5,0,N
63529,60,2,7,13,1,2,2,0,0,2,DEU,0,1,0,,95.4,0,Y
68461,140,5,20,18,0,3,2,2,0,4,BEL,0,6,0,,198,1,Y
81624,130,4,16,13,0,4,2,0,0,2,PRT,1,1,0,,100,0,Y
61259,280,12,50,6,0,3,2,1,0,3,ITA,0,1,0,,94.5,2,Y
42980,65,9,37,12,2,1,2,0,0,2,PRT,0,1,0,,86,0,Y
99197,338,10,41,7,1,2,2,0,0,2,FRA,0,1,0,,90.67,1,N
105012,78,1,4,25,0,3,1,0,0,1,LTU,0,1,1,365,85,0,N
114864,7,6,26,27,0,1,1,0,0,1,GBR,0,1,0,,130,1,N
115590,6,7,27,6,0,2,2,0,0,2,GBR,0,1,0,,129,0,N
41206,0,8,33,14,0,2,2,0,0,2,PRT,0,1,0,,109,0,Y
86277,36,3,14,29,0,2,2,0,0,2,LUX,0,1,0,,67.32,1,N
96668,62,9,36,3,2,1,2,0,0,2,USA,0,1,0,,109.8,2,N
109811,143,4,15,15,1,1,2,0,0,2,BEL,0,1,0,,89.1,0,N
54161,68,7,28,7,0,3,3,0,0,3,BRA,0,4,0,,149.1,0,Y
86384,64,3,14,28,1,4,3,0,0,3,DEU,0,4,0,,115.77,1,N
102672,28,11,49,28,1,5,2,1,0,3,DEU,0,1,1,,105.9,3,N
85809,49,3,12,19,2,1,2,0,0,2,NLD,0,4,0,,121.5,0,N
94043,0,7,31,29,0,1,2,0,0,2,PRT,0,1,0,,119,0,N
94448,174,8,32,2,0,2,3,0,1,4,ESP,0,4,1,,166.7,2,N
113289,122,6,22,2,1,2,2,0,0,2,DEU,0,1,0,,99,1,N
108247,93,3,12,21,0,4,2,0,0,2,USA,0,1,2,,91.93,1,N
118490,323,8,33,18,1,2,2,0,0,2,ITA,0,1,0,,89.1,1,N
42502,55,9,37,6,2,0,2,0,0,2,FRA,0,1,0,,75,0,N
74269,281,7,30,25,2,1,2,0,0,2,PRT,1,1,0,,62.8,0,Y
79350,32,10,43,24,1,1,1,0,0,1,GBR,0,1,0,,120,1,N
79601,9,10,44,30,0,1,1,0,0,1,PRT,0,1,0,,95,0,N
114070,8,6,24,15,0,2,1,0,0,1,PRT,0,4,0,153,110,0,N
49638,94,4,16,16,2,2,2,0,0,2,IRL,0,1,0,,76.5,0,Y
87201,47,4,16,12,0,4,2,0,0,2,CHE,0,4,0,,114.33,1,N
115781,28,7,28,9,2,0,2,0,0,2,FRA,0,1,2,,149,1,N
112855,231,5,21,25,1,3,2,0,0,2,GBR,0,1,0,,82.47,1,N
98165,33,9,40,25,1,0,2,0,0,2,GBR,0,1,0,,99,2,N
98686,91,9,40,30,1,2,1,0,0,1,FRA,0,1,0,,75,0,N
91939,0,6,27,27,1,0,1,0,0,1,PRT,0,1,0,,106.4,0,N
44323,89,10,40,3,2,2,2,0,0,2,PRT,0,1,0,,62,0,Y
51409,322,5,21,19,1,3,2,0,0,2,PRT,0,1,0,,80,0,Y
85952,1,3,13,24,0,1,2,1,0,3,PRT,0,1,0,,159,2,N
85572,18,3,12,17,0,1,2,0,0,2,PRT,0,4,0,,95.48,1,N
59623,150,10,45,30,2,0,2,0,0,2,BRA,0,1,0,,80.1,0,Y
84049,4,2,8,17,0,2,1,0,0,1,DEU,0,1,1,,80,0,N
97295,97,9,37,10,2,3,2,0,0,2,DEU,0,1,0,,135.9,1,N
68799,75,5,20,20,2,1,2,0,0,2,PRT,0,1,0,,90,0,Y
118505,268,8,33,18,1,2,2,1,0,3,ESP,0,1,0,,125.1,0,N
99840,359,10,42,14,2,3,2,0,0,2,DEU,0,1,0,,78,1,N
70437,153,6,24,17,0,1,3,0,0,3,BEL,0,4,0,,163.8,0,Y
115669,88,7,27,5,0,4,3,0,0,3,CZE,0,4,0,,190,0,N
50214,88,4,18,26,0,3,1,0,0,1,DEU,0,1,0,,90.9,1,Y
73324,186,8,33,18,2,4,2,0,0,2,ITA,0,1,0,,151.8,0,Y
91641,52,6,26,20,1,3,2,0,0,2,NLD,0,1,0,,99.9,1,N
91534,120,6,25,18,2,3,2,0,0,2,DEU,0,1,0,,80.75,3,N
40201,62,7,29,15,2,7,1,0,0,1,PRT,0,1,0,,68,1,Y
59384,120,10,44,28,0,1,2,0,0,2,FRA,0,4,0,,104.4,1,Y
68101,8,5,19,13,0,1,2,0,0,2,RUS,0,1,0,,160,1,Y
99759,32,10,42,15,1,1,2,0,0,2,FRA,0,1,0,,85,0,N
43626,60,9,39,21,1,1,2,0,0,2,FRA,0,1,0,,65,0,N
60725,45,11,47,19,1,1,1,0,0,1,DEU,0,1,2,,86.4,0,Y
83608,73,2,6,4,1,3,2,0,0,2,PRT,0,1,0,,65.75,0,N
104275,9,1,1,6,2,2,1,0,0,1,CHE,0,1,0,,45.86,1,N
45539,80,11,45,2,1,1,2,0,0,2,PRT,0,1,0,37,111,0,Y
88534,1,5,19,6,0,2,2,0,0,2,FRA,0,1,1,,158,0,N
40195,0,7,29,15,0,1,2,0,0,2,PRT,0,1,0,,0,0,Y
48490,78,3,13,24,1,3,2,0,0,2,DEU,0,1,0,,70.03,1,N
108538,158,3,13,27,1,1,2,0,0,2,ISR,0,1,0,,95,1,N
61832,15,12,53,27,0,1,2,0,0,2,PRT,0,1,0,,65,0,Y
54141,187,7,28,7,0,2,0,2,0,2,PRT,0,2,0,,86.5,1,N
87077,14,4,16,13,0,1,2,0,0,2,PRT,0,1,0,,90,1,N
68143,151,5,19,13,2,2,2,0,0,2,PRT,0,1,0,,95,0,Y
40273,12,7,29,18,2,2,2,0,0,2,PRT,0,1,0,,62,0,Y
96307,94,6,22,2,0,1,2,0,0,2,PRT,0,7,1,45,0,4,N
49860,265,4,17,20,0,4,2,0,0,2,AUT,0,1,0,,99,0,N
95769,146,8,34,20,2,2,3,0,0,3,DEU,0,5,0,,181,1,N
99431,180,10,42,10,1,2,1,0,0,1,GBR,0,1,1,,120,0,N
42630,5,9,37,8,0,4,1,0,0,1,PRT,0,1,1,,114,2,N
117589,300,8,31,4,1,2,3,0,0,3,PRT,0,1,2,,98.28,2,N
44042,92,9,40,30,0,1,2,0,0,2,PRT,0,1,0,,170,0,Y
66442,125,4,16,20,0,3,2,0,0,2,PRT,0,1,0,,85,0,Y
82489,109,12,53,28,1,3,2,0,0,2,FRA,0,1,0,,43.5,2,N
96925,7,9,37,7,0,3,2,0,0,2,CHE,0,1,0,,149,2,N
93440,3,7,30,21,0,1,1,0,0,1,PRT,0,1,0,40,67,0,N
93579,170,7,30,19,0,4,1,0,0,1,GBR,0,1,0,,85,1,N
48839,267,3,14,31,0,2,2,0,0,2,PRT,0,1,0,,62,0,Y
64239,25,3,9,2,2,3,2,0,0,2,DEU,0,1,0,,91.8,0,Y
43247,56,9,38,17,0,2,1,0,0,1,PRT,0,1,1,,58,0,N
81899,178,4,18,28,0,3,2,0,0,2,PRT,1,1,0,,120,0,Y
81774,113,2,9,25,0,3,2,0,0,2,PRT,1,1,0,,75,0,Y
91163,256,6,25,15,0,2,1,0,0,1,DEU,0,1,1,,90,0,N
71401,465,7,27,4,0,1,2,0,0,2,PRT,0,1,0,,90,0,Y
103422,1,12,52,20,0,3,1,0,0,1,HUN,0,1,0,,89.5,1,N
114857,0,6,26,27,0,1,2,0,0,2,PRT,0,1,0,,102,1,N
63392,46,2,6,10,2,3,3,0,0,3,BRA,0,5,0,,115.6,0,Y
41951,0,8,35,27,2,6,2,0,0,2,PRT,0,1,0,,62.8,0,Y
89680,34,5,22,22,2,1,1,0,0,1,DEU,0,1,1,,98.1,1,N
81037,86,1,4,22,0,1,2,0,0,2,PRT,1,1,0,,85,0,Y
64953,77,3,12,21,0,3,2,0,0,2,ITA,0,4,0,,106.2,0,Y
56969,422,9,38,16,0,2,2,0,0,2,PRT,0,1,0,,65,0,Y
72794,111,8,32,6,2,5,3,0,0,3,AUT,0,4,0,,195,0,Y
85448,41,3,12,13,2,1,1,0,0,1,POL,0,1,0,193,70.33,0,N
101187,0,11,46,8,0,0,1,0,0,1,PRT,0,1,1,153,0,0,N
79381,16,10,44,30,0,2,1,0,0,1,PRT,1,1,1,,110.5,0,Y
73499,185,8,34,24,0,3,2,0,0,2,NLD,0,4,0,,126,0,Y
49675,275,4,17,17,2,0,2,0,0,2,PRT,0,1,0,,110,0,Y
49892,265,4,17,20,0,4,2,0,0,2,PRT,0,1,0,,101,0,Y
65218,57,3,13,29,0,2,2,0,0,2,ITA,0,1,0,,97.2,0,Y
46117,110,12,50,9,0,4,2,0,0,2,FRA,0,1,0,,70,0,N
87393,29,4,17,18,1,0,2,0,0,2,FRA,0,1,0,,101,1,N
47961,39,3,11,11,0,1,2,0,0,2,PRT,0,1,0,,71.1,0,Y
61929,16,12,53,28,2,4,2,0,0,2,PRT,0,1,0,,76.67,0,Y
79691,8,10,44,31,1,1,2,0,0,2,PRT,0,1,0,,62,0,N
89881,70,5,22,25,0,4,2,0,0,2,BEL,0,4,0,,102.1,2,N
89753,119,5,22,23,1,2,1,0,0,1,SWE,0,1,0,,90,1,N
112675,151,5,21,23,0,4,1,0,0,1,FRA,0,5,1,,187,3,N
68245,164,5,20,15,1,2,1,0,0,1,PRT,0,1,0,,160,0,Y
111275,121,5,18,6,2,1,2,0,0,2,NLD,0,1,0,,126,2,N
91467,93,6,26,20,1,1,2,0,0,2,CHN,0,1,0,,126.9,1,N
91273,18,6,25,17,0,2,2,0,0,2,PRT,0,1,0,,129,0,N
103113,123,12,50,9,1,2,2,0,0,2,ITA,0,1,0,,90,2,N
70943,213,6,26,26,1,1,2,0,0,2,PRT,0,1,0,,115,0,Y
65444,73,4,14,3,1,3,2,0,0,2,PRT,0,1,0,,105,0,Y
99317,32,10,42,9,2,1,2,0,0,2,GBR,0,1,0,,85.5,0,N
104858,54,1,3,18,2,4,2,0,0,2,TUR,0,1,0,,88.4,1,N
99911,55,10,43,18,0,2,2,1,0,3,ISR,0,1,0,,142.2,2,N
50601,148,5,19,5,0,3,2,0,0,2,DEU,0,1,0,,105.3,0,N
51110,57,5,20,13,2,3,2,0,0,2,NLD,0,1,0,,109.65,0,Y
71020,27,6,26,27,0,3,2,0,0,2,IDN,0,1,0,,126.33,0,Y
96999,21,9,37,7,0,4,3,1,0,4,PRT,0,7,0,,345,0,N
111167,5,5,18,6,0,1,2,1,0,3,PRT,0,1,2,,160,2,N
104549,5,1,2,14,2,1,2,0,0,2,NLD,0,1,0,,58.52,1,N
66183,87,4,15,15,2,2,2,0,0,2,PRT,0,1,0,,95,0,Y
45175,50,10,43,21,0,2,2,0,0,2,PRT,0,1,0,,94.5,1,N
64362,68,3,10,7,0,4,2,0,0,2,DEU,0,1,0,,74.8,2,Y
81689,95,1,1,1,0,2,2,0,0,2,PRT,1,1,0,,106.2,1,Y
46522,2,1,2,4,1,1,2,0,0,2,ITA,0,1,0,,75,1,N
55746,4,8,34,20,0,1,2,0,0,2,PRT,0,1,0,47,121.6,0,Y
74550,339,9,39,21,1,1,2,0,0,2,PRT,1,1,0,,62,0,Y
71805,229,7,28,12,1,4,2,0,0,2,PRT,0,1,0,,110,0,Y
73804,286,7,31,30,0,2,2,0,0,2,PRT,1,1,0,,62.8,0,Y
95807,5,8,35,22,1,1,2,0,0,2,FRA,0,1,0,,138,2,N
103864,20,1,1,1,1,0,1,0,0,1,PRT,0,1,1,,65,0,N
53359,68,6,25,18,2,1,2,0,0,2,ESP,0,1,0,,92.83,0,Y
105502,63,2,6,5,2,3,2,0,0,2,FRA,0,1,0,,88.4,2,N
63688,15,2,7,17,0,2,2,0,0,2,PRT,0,1,0,,95,0,Y
104795,2,1,3,21,0,1,2,0,0,2,PRT,0,1,0,,88,0,N
92838,27,7,29,11,1,1,2,0,0,2,SWE,0,1,0,,139,1,N
47372,0,2,8,18,0,1,1,0,0,1,PRT,0,1,0,,79,0,Y
86083,127,3,13,23,0,4,2,0,0,2,ESP,0,1,1,,61.5,2,N
94196,179,7,31,28,1,3,2,0,0,2,NLD,0,1,0,,85,0,N
40741,0,8,32,6,0,1,2,0,0,2,PRT,0,1,0,,70,0,N
108193,26,3,12,20,1,3,2,0,0,2,GBR,0,4,0,,100.3,0,N
42083,0,8,36,31,1,0,2,0,0,2,PRT,0,1,1,,85,0,N
67768,167,5,18,6,2,5,3,0,0,3,BRA,0,4,0,,174.21,0,Y
95748,167,8,34,18,2,4,2,0,0,2,DEU,0,1,0,,72.25,0,N
48672,92,3,13,26,2,1,2,0,0,2,PRT,0,1,0,,100,0,Y
50580,204,5,19,5,0,3,1,0,0,1,PRT,0,1,0,,90,0,Y
105945,7,2,7,15,0,3,3,0,0,3,FRA,0,4,0,,163,1,N
68068,84,5,19,12,0,2,3,0,0,3,ITA,0,4,0,,189,0,Y
99754,108,10,42,14,1,2,1,2,0,3,DEU,0,6,0,,190.8,1,N
48943,50,4,15,3,1,0,2,0,0,2,SWE,0,1,0,,96.3,0,Y
56231,419,9,36,1,0,2,2,0,0,2,PRT,0,1,0,,62,0,Y
93266,2,2,5,1,0,2,1,0,0,1,PRT,0,1,0,221,80,1,N
73932,265,7,28,9,0,2,2,0,0,2,PRT,1,1,0,,62,0,Y
97576,24,9,38,17,0,1,1,0,0,1,PRT,0,5,0,,170.63,0,N
60939,12,11,48,26,2,1,3,0,0,3,PRT,0,5,1,,180.33,2,Y
44701,66,10,41,9,1,2,2,0,0,2,PRT,0,1,0,,75,0,Y
80238,28,11,46,11,0,4,2,0,0,2,FRA,0,1,0,,85.6,0,N
47516,10,2,9,25,0,3,2,0,0,2,USA,0,1,0,,93,0,Y
84602,1,2,9,27,1,1,2,0,0,2,ESP,0,4,0,,117,0,N
105847,245,2,7,13,1,2,2,0,0,2,GBR,0,1,1,,50.2,1,N
113919,48,6,24,11,2,1,2,0,0,2,ROU,0,1,0,,89.1,0,N
41187,87,8,33,14,0,1,2,0,0,2,PRT,0,1,0,,12,0,Y
85589,42,3,12,15,0,3,2,0,0,2,HUN,0,2,0,,71.1,1,N
65137,278,3,12,25,2,1,2,0,0,2,PRT,0,1,0,,90,0,Y
101590,26,11,46,12,2,1,2,0,0,2,BEL,0,4,0,,128.33,1,N
69511,174,6,22,1,0,3,2,0,0,2,PRT,0,1,0,,110,0,Y
51764,158,5,22,24,0,2,1,0,0,1,PRT,0,1,0,,130,0,Y
93428,1,7,30,21,0,1,2,0,0,2,NOR,0,1,0,,80,0,N
105701,10,2,6,10,2,2,2,0,0,2,GBR,0,1,0,,74.8,2,N
68222,164,5,20,15,1,2,1,0,0,1,PRT,0,1,0,,160,0,Y
89237,64,5,21,17,0,2,1,0,0,1,RUS,0,1,0,218,130,0,N
49874,270,4,17,20,0,4,2,0,0,2,PRT,0,1,0,,62.8,0,Y
77168,343,9,39,25,2,3,2,0,0,2,PRT,1,1,1,,170,0,Y
70976,177,6,26,26,1,2,2,0,0,2,FRA,0,4,0,,220.5,2,Y
43058,11,9,38,13,1,0,2,1,0,3,BRA,0,1,1,,87.4,1,N
97427,4,9,38,13,0,3,2,0,0,2,FRA,0,4,0,,174.67,1,N
48879,36,4,14,1,0,2,2,0,0,2,GBR,0,4,0,,131.4,0,Y
84332,17,2,9,22,1,1,2,0,0,2,BEL,0,1,0,,87,1,N
82406,23,1,1,2,2,1,2,0,0,2,PRT,1,1,0,,107,0,Y
45581,233,11,45,7,1,1,2,0,0,2,FRA,0,1,0,,60,0,N
110718,29,4,17,29,1,1,2,0,0,2,ESP,0,1,0,,115,0,N
114439,21,6,25,18,2,2,2,0,0,2,ITA,0,1,0,,99,0,N
74059,314,8,35,27,0,2,2,0,0,2,PRT,1,1,0,,62,0,Y
55504,158,8,34,14,2,4,2,0,0,2,ESP,0,1,0,,138.83,0,Y
45977,88,12,49,4,0,2,2,0,0,2,PRT,0,1,0,,0,1,N
107064,286,3,9,4,2,1,2,0,0,2,USA,0,1,0,,63.06,1,N
45395,72,10,44,28,0,3,2,0,0,2,ISR,0,1,0,,85.67,1,N
106517,134,2,8,25,0,1,1,0,0,1,PRT,0,1,0,,75,0,N
85973,0,3,13,23,0,2,2,1,0,3,ITA,0,1,0,,134,0,N
91813,192,6,26,24,0,2,1,0,0,1,SRB,0,1,1,,95,0,N
72980,283,8,32,11,1,2,3,0,0,3,GBR,0,4,0,,156.6,0,Y
47243,30,2,7,13,0,1,2,0,0,2,PRT,0,1,0,,81.9,0,Y
70081,219,6,23,9,1,2,2,0,0,2,PRT,0,1,0,,105,0,Y
49926,10,4,17,20,0,3,1,0,0,1,PRT,0,4,0,,104.72,1,Y
48723,26,3,14,28,1,5,1,0,0,1,GBR,0,1,0,,119.7,0,Y
61461,26,12,51,12,2,5,2,0,0,2,PRT,0,1,0,,75,0,Y
98490,91,9,40,26,1,3,2,0,0,2,GBR,0,1,0,,95,1,N
101021,26,11,45,2,0,3,2,0,0,2,BEL,0,1,0,,109,2,N
108761,23,3,13,29,0,3,1,0,0,1,SVK,0,1,0,,108,1,N
83362,59,1,5,28,0,1,1,0,0,1,PRT,0,1,1,,81,0,N
112826,122,5,21,27,1,1,1,0,0,1,BEL,0,1,0,,104,0,N
75406,323,9,36,5,1,1,2,0,0,2,PRT,1,1,0,,62,0,Y
42446,14,9,36,5,2,5,2,0,1,3,PRT,0,1,1,,113.14,3,Y
93295,117,7,29,16,2,2,3,0,0,3,SWE,0,4,0,,130.05,2,N
79228,444,12,49,1,0,3,1,0,0,1,PRT,1,1,0,,75,0,Y
74244,377,10,44,29,0,2,2,0,0,2,PRT,1,1,0,,62,0,Y
103239,9,12,51,16,0,1,2,1,0,3,PRT,0,4,1,,106,1,N
96457,0,9,36,2,0,1,1,0,0,1,JPN,0,2,0,,150,0,N
103730,80,12,53,27,0,3,1,1,0,2,DEU,0,4,0,,114.9,1,N
44121,30,9,40,30,0,2,2,0,0,2,PRT,0,1,0,,121,0,Y
78337,5,6,26,28,0,1,1,0,0,1,PRT,4,1,0,40,65,0,N
48094,55,3,12,16,1,4,2,0,0,2,PRT,0,1,0,,74.8,0,Y
96803,10,9,37,7,0,1,2,0,0,2,DEU,0,1,0,,114.73,1,N
100046,18,10,43,21,0,1,2,0,0,2,FRA,0,1,0,,160,1,N
55976,152,8,35,25,2,3,2,0,0,2,DEU,0,1,0,,96.3,0,Y
48594,90,3,13,25,1,2,2,0,0,2,DEU,0,1,0,,96.3,0,N
106629,0,2,9,28,0,0,1,0,0,1,PRT,0,1,1,,0,0,N
96344,48,8,36,29,1,2,2,0,0,2,GBR,0,1,0,,112.5,0,N
75265,299,8,33,12,0,2,2,0,0,2,PRT,1,1,0,,62,0,Y
58856,53,10,43,16,2,2,3,0,0,3,IRL,0,4,0,,158.4,2,Y
106644,277,2,9,28,0,1,1,0,0,1,PRT,0,1,0,,,2,N
44058,92,9,40,30,0,1,2,0,0,2,PRT,0,1,0,,,0,Y
64155,28,3,9,2,0,3,2,0,0,2,PRT,0,1,0,,,0,Y
116769,48,7,29,19,1,4,2,2,0,4,USA,0,7,0,,,1,N
111232,147,5,18,5,1,2,2,0,0,2,DEU,0,1,0,,,0,N
77109,219,9,36,4,1,2,1,0,0,1,DNK,0,1,0,,,0,N
105025,0,1,4,25,0,3,1,0,0,1,CHN,0,2,0,120,,0,N
70398,226,6,24,16,1,2,2,0,0,2,PRT,0,1,0,,,0,Y
67938,6,5,19,10,0,1,2,0,0,2,PRT,0,1,0,,,0,Y
56313,40,9,36,3,1,1,2,0,0,2,PRT,0,1,0,,,0,Y
56039,226,8,35,27,1,1,2,0,0,2,PRT,0,1,0,,,0,Y
44503,60,10,41,6,2,7,2,0,0,2,BRA,0,1,0,,,3,N
58078,454,10,41,6,0,1,1,0,0,1,PRT,0,1,0,,,0,Y
71409,282,7,27,5,0,2,2,0,0,2,ITA,0,1,0,,,1,Y
62203,9,1,1,4,0,4,3,0,0,3,SWE,0,5,0,,,0,Y
48599,78,3,13,25,1,2,2,0,0,2,PRT,0,1,0,,100,0,Y
51832,316,5,22,26,0,3,2,0,0,2,AUT,0,1,0,,110,0,N
119324,136,8,35,29,0,5,1,0,0,1,JPN,0,1,0,,131,2,N
80358,7,11,47,16,1,0,1,0,0,1,ESP,0,1,0,,91,2,N
52317,177,6,23,3,0,2,2,0,0,2,PRT,0,1,0,,100,0,Y
103128,89,12,50,10,1,1,1,0,0,1,ITA,0,1,0,,96,2,N
49765,103,4,17,19,0,2,1,0,0,1,PRT,0,1,0,,115,0,Y
88626,0,5,20,8,1,0,2,0,0,2,POL,0,1,0,,79,1,N
101504,66,11,46,10,0,3,2,0,0,2,FRA,0,1,0,,106.5,1,N
50338,443,4,18,29,0,1,2,0,0,2,PRT,0,1,0,,65,0,Y
53646,6,6,27,26,2,3,2,0,0,2,PRT,0,1,0,,103.64,0,Y
115501,15,7,27,6,0,1,1,0,0,1,HUN,0,1,1,,125,0,N
111588,44,5,19,10,0,3,2,0,0,2,CHE,0,4,0,,199.67,0,N
44929,100,10,42,16,0,1,2,0,0,2,PRT,0,1,0,,108,0,Y
64827,52,3,11,17,0,2,3,1,0,4,ESP,0,4,0,,142.2,0,Y
88561,31,5,19,5,0,3,1,0,0,1,FRA,0,1,1,,0,0,N
93107,162,7,29,14,0,3,2,0,0,2,FRA,0,1,0,,112,1,N
55415,144,8,33,12,2,5,3,0,0,3,FRA,0,4,0,,140.76,0,Y
78915,41,10,43,23,0,1,2,0,0,2,PRT,1,1,0,,96.3,2,Y
110254,129,4,16,22,1,1,2,0,0,2,GBR,0,4,0,,130.5,2,N
61958,193,12,53,29,0,3,2,1,0,3,BRA,0,6,0,,160.2,0,Y
100849,28,11,45,2,0,1,1,0,0,1,POL,0,1,0,,120,0,N
79843,34,12,50,8,0,2,1,0,0,1,PRT,1,1,0,,90,0,Y
99515,47,10,42,11,0,3,2,0,0,2,GBR,0,1,0,,108,0,N
116831,307,7,30,25,0,1,2,0,0,2,GBR,0,1,0,,89.1,2,N
61591,52,12,51,17,2,4,3,0,0,3,ITA,0,4,0,,130.9,1,Y
67293,206,5,18,1,1,2,2,0,0,2,BEL,0,1,0,,117,0,Y
105262,15,2,5,3,0,1,1,0,0,1,ESP,0,1,1,396,89,0,N
40562,117,8,31,1,2,1,2,0,0,2,ITA,0,2,1,,89.75,0,N
103862,32,12,53,27,1,5,1,0,0,1,BRA,0,1,1,,63.33,0,N
85797,68,3,12,19,2,1,2,0,0,2,KAZ,0,4,0,,105.3,2,N
94638,107,8,32,5,1,2,2,0,0,2,DEU,0,1,0,,111.3,1,N
76221,165,8,32,8,2,1,2,0,0,2,PRT,1,1,0,,86,0,Y
84227,6,2,8,20,0,1,2,0,0,2,PRT,0,1,0,,80,1,N
56268,120,9,36,2,1,2,1,0,0,1,PRT,0,1,0,,115,0,Y
45027,102,10,42,16,0,2,1,0,0,1,PRT,0,1,0,,80,0,Y
96455,30,8,36,31,0,3,2,0,0,2,ESP,0,1,2,,120.53,2,N
106494,134,2,8,25,0,1,1,0,0,1,PRT,0,1,0,,75,0,N
101121,54,11,45,4,0,2,2,0,0,2,GBR,0,1,0,,88,1,N
102076,215,11,48,21,1,1,1,0,0,1,GBR,0,1,1,233,75,0,N
63437,67,2,7,12,2,0,2,0,0,2,PRT,0,1,0,,80,0,Y
96425,0,8,36,31,0,2,2,0,0,2,CHE,0,1,0,,139,2,N
79775,14,11,45,4,0,1,2,0,0,2,PRT,0,1,0,,87,1,Y
118778,181,8,34,21,1,3,2,0,0,2,IRL,0,1,2,,101.75,1,N
71652,107,7,28,9,2,2,3,0,0,3,NOR,0,4,0,,171,0,Y
67415,67,5,18,3,0,3,2,0,0,2,GBR,0,4,0,,153,0,Y
96263,196,8,36,28,2,1,3,0,0,3,DEU,0,4,0,,128.7,0,N
116785,13,7,30,23,2,0,1,0,0,1,PRT,0,1,0,40,65,0,N
64991,56,3,12,21,0,3,2,0,0,2,PRT,0,1,0,,85,0,Y
43333,74,9,38,18,0,2,1,0,0,1,PRT,0,1,0,,87,0,N
75303,304,8,34,17,1,1,2,0,0,2,PRT,1,1,0,,62,0,Y
84022,25,2,8,16,0,2,1,0,0,1,PRT,0,1,0,,66.22,1,N
100951,96,11,45,2,0,2,2,0,0,2,POL,0,1,0,,79.2,3,N
81204,25,12,49,4,1,2,2,0,0,2,DEU,0,1,0,,69,0,N
79168,28,10,43,19,1,3,2,0,0,2,FRA,0,4,0,,75,0,N
62159,2,1,1,3,0,2,2,0,0,2,ESP,0,1,0,,88,0,Y
86310,72,3,14,28,1,3,3,0,0,3,DEU,0,4,0,,115.85,2,N
64138,28,3,9,2,0,3,2,0,0,2,PRT,0,1,0,,95,0,Y
100336,85,10,44,26,0,1,2,0,0,2,BRA,0,1,0,,90.9,3,N
77775,16,9,39,25,0,2,1,0,0,1,GBR,0,1,0,,170,0,N
79744,43,10,44,31,2,1,2,0,0,2,FRA,0,4,0,,65,0,N
47746,7,3,10,2,0,3,3,0,0,3,GBR,0,4,0,,133,0,Y
112219,103,5,20,19,1,2,1,0,0,1,AUT,0,1,0,,135,1,N
59461,8,10,44,28,1,2,2,0,0,2,ITA,0,4,0,,155,1,Y
104759,16,1,3,15,2,5,2,0,0,2,GBR,0,4,0,,98.12,0,N
53105,188,6,25,15,0,2,1,0,0,1,PRT,0,1,0,,130,0,Y
95947,130,8,35,24,0,2,2,0,0,2,FRA,0,1,0,,100.8,1,N
115251,4,7,27,3,1,0,1,0,0,1,ESP,0,1,0,,98,1,N
48689,81,3,14,27,1,0,2,0,0,2,GBR,0,1,1,,96.3,0,N
47008,20,2,6,3,0,3,2,0,0,2,PRT,0,1,0,,91,0,Y
113257,28,6,22,2,1,2,2,0,0,2,FRA,0,1,0,,159.33,1,N
96234,19,8,36,28,2,1,2,0,0,2,USA,0,1,0,,113,2,N
94055,0,7,31,29,0,1,2,0,1,3,DEU,0,1,1,,121,2,N
66772,17,4,17,25,0,2,2,0,0,2,GBR,0,5,0,,210,0,Y
96774,137,9,37,6,0,2,2,0,0,2,DEU,0,1,0,,135.9,2,N
90345,93,6,23,3,0,2,2,0,0,2,PRT,0,1,0,,80.75,1,N
83230,11,1,5,24,2,0,1,0,0,1,CHE,0,1,0,,70.3,1,N
83002,30,1,2,6,1,4,2,0,0,2,FRA,0,1,0,,60,0,N
97219,14,9,38,13,0,1,1,0,0,1,GBR,0,5,0,,209,0,N
101787,68,11,47,14,1,3,2,0,0,2,PRT,0,1,0,,75.9,2,N
55855,40,8,35,22,3,5,3,1,0,4,PRT,0,5,0,277,183.74,3,Y
44080,83,9,40,30,0,1,2,0,0,2,ITA,0,1,0,,112.2,0,N
44896,193,10,42,15,0,3,2,0,0,2,,0,1,0,,65,0,Y
114784,396,6,26,25,2,0,2,0,0,2,DEU,0,1,0,,122.4,1,N
40877,16,8,32,8,2,2,2,0,0,2,ESP,0,1,0,,62,0,N
45686,140,11,47,18,0,3,2,0,0,2,PRT,0,1,1,,75,0,N
112038,75,5,20,16,0,3,2,0,0,2,IRL,0,1,0,,126,0,N
109525,76,4,14,7,2,4,2,0,0,2,FRA,0,4,0,,126,2,N
111614,9,5,19,9,0,4,2,0,0,2,DEU,0,4,0,,159,0,N
77465,5,9,38,19,1,1,2,0,0,2,PRT,0,1,0,,135.5,0,N
82668,66,12,53,31,2,3,3,0,0,3,BRA,0,1,0,,111.92,0,N
97646,75,9,38,17,1,1,2,0,0,2,DEU,0,1,0,,80.75,0,N
81478,6,12,50,10,0,2,1,0,0,1,DEU,0,1,0,,0,0,N
65731,26,4,14,7,0,1,2,0,0,2,CHN,0,1,0,,126,0,Y
80500,221,6,24,10,1,2,2,0,0,2,PRT,1,1,0,,80,0,Y
105423,0,2,6,6,1,1,2,0,0,2,ITA,0,1,0,,117,0,N
91217,2,6,25,17,0,1,2,0,0,2,PRT,0,1,0,,141,1,N
89958,12,5,23,29,2,0,1,0,0,1,NLD,0,1,0,,97.02,1,N
56023,162,8,35,27,0,1,2,0,0,2,PRT,0,1,0,,96.3,0,Y
49616,72,4,16,16,0,1,2,0,0,2,FRA,0,1,0,,105.3,0,Y
44919,100,10,42,16,0,1,2,0,0,2,PRT,0,1,0,,108,0,Y
52753,18,6,24,11,0,1,2,0,0,2,ESP,0,4,0,,156,0,Y
108329,116,3,12,24,0,2,2,0,0,2,FRA,0,1,0,,100,1,N
84775,114,2,9,26,2,4,2,0,0,2,PRT,0,1,2,,85,1,N
70541,145,6,24,17,2,5,2,0,0,2,GBR,0,1,0,,117,0,Y
110080,75,4,16,18,0,3,2,0,0,2,DEU,0,1,0,,89.1,1,N
100056,2,10,43,19,0,4,1,0,0,1,IND,0,1,0,,134,0,N
72246,128,7,30,24,1,3,2,1,0,3,PRT,0,1,0,,93.6,1,Y
88559,117,5,19,5,0,3,2,0,0,2,HRV,0,1,1,,105.3,1,N
118989,290,8,34,21,2,5,2,0,0,2,FRA,0,1,2,,99,2,N
84588,0,2,9,24,1,4,2,0,0,2,PRT,0,4,0,,101.28,2,N
85905,4,3,13,23,0,1,2,0,0,2,PRT,0,1,1,,2,1,N
97633,315,9,38,17,1,1,2,0,0,2,AUT,0,1,0,,65,1,N
83340,58,1,5,27,0,2,1,0,0,1,PRT,0,1,0,,85.5,0,N
77298,256,9,38,14,1,2,2,0,0,2,SWE,0,1,0,,76.67,0,N
59769,166,11,45,1,0,3,1,0,0,1,PRT,0,1,0,,110,0,Y
74426,297,8,33,10,1,1,2,0,0,2,PRT,1,1,0,,62,0,Y
49088,105,4,15,6,0,1,2,0,0,2,PRT,0,1,0,,75,0,Y
49962,288,4,17,21,0,2,2,0,0,2,PRT,0,1,0,,62,0,Y
65114,200,3,12,24,2,2,0,2,0,2,HUN,0,2,0,,77.86,2,Y
40895,16,8,32,8,2,2,2,0,0,2,ESP,0,1,0,,62,0,N
77985,45,10,44,29,0,3,2,0,0,2,PRT,1,1,0,,70,0,Y
108136,31,3,12,19,2,2,2,0,0,2,PRT,0,1,0,,90.78,0,N
41609,0,8,34,19,0,2,2,0,0,2,ESP,0,1,0,,97,1,N
102314,64,11,48,21,1,4,2,0,0,2,FRA,0,1,0,,88.4,2,N
94105,78,7,31,27,0,4,1,0,0,1,FRA,0,1,4,,126.38,1,N
60512,255,11,46,12,2,5,0,2,0,2,TUR,0,2,0,,72,0,Y
45035,102,10,42,16,0,2,2,0,0,2,DEU,0,1,0,,109,0,N
52301,57,6,23,3,0,1,2,0,0,2,CHN,0,4,0,,126.36,0,Y
43347,74,9,38,18,0,2,2,0,0,2,PRT,0,1,0,,101.5,0,Y
67410,82,5,18,3,0,3,2,0,0,2,USA,0,1,0,,108,0,Y
97454,9,9,38,15,0,1,2,0,0,2,USA,0,1,0,,149,3,N
87321,94,4,16,15,1,2,2,0,0,2,FRA,0,4,0,,90.08,0,N
51392,161,5,21,19,0,3,2,0,0,2,PRT,0,4,0,,128.7,0,Y
80166,2,11,46,11,0,1,1,0,0,1,FRA,0,5,0,,90,0,N
105872,8,2,7,15,0,2,1,0,0,1,FRA,0,1,0,,65,0,N
103597,43,12,53,27,0,1,2,0,0,2,ESP,0,1,0,,74.88,0,N
109691,82,4,15,12,0,3,2,0,0,2,PRT,0,1,0,,105,1,N
92751,10,7,28,9,1,1,1,0,0,1,PRT,0,1,1,,73,0,N
102117,215,11,48,21,1,1,1,0,0,1,CHE,0,1,1,233,75,0,N
52575,56,6,24,8,0,1,2,0,0,2,PRT,0,1,0,,120,0,Y
79870,34,12,50,8,0,2,1,0,0,1,PRT,1,1,0,,90,0,Y
112454,19,5,21,23,0,1,2,0,0,2,GBR,0,1,0,,140,1,N
84088,7,2,8,15,1,4,3,0,0,3,FRA,0,1,0,,115,1,N
116990,12,7,30,23,2,3,2,0,0,2,NLD,0,1,0,,131.6,1,N
64940,136,3,12,21,0,3,2,0,0,2,AUT,0,1,0,,93.6,1,Y
73104,204,8,33,14,2,5,2,0,0,2,ITA,0,1,0,,161.23,0,Y
98420,25,8,33,18,0,1,2,0,0,2,PRT,0,1,1,,140,2,N
59582,18,10,44,29,2,1,2,0,0,2,ESP,0,1,0,,120,1,Y
58229,102,10,42,9,1,0,2,0,0,2,FRA,0,1,0,,108,1,Y
49610,27,4,16,15,2,6,3,0,0,3,EST,0,4,0,,141.46,0,Y
80658,32,11,47,20,0,2,1,0,0,1,PRT,0,1,0,,73,0,N
104778,31,1,3,20,0,2,2,0,0,2,FRA,0,4,0,,154.75,2,N
111325,108,5,18,4,2,3,2,0,0,2,FRA,0,1,0,,108,0,N
79779,5,11,45,2,0,2,1,0,0,1,FRA,0,4,0,91,94,1,N
45420,72,10,44,28,0,3,2,0,0,2,ISR,0,1,0,,85.67,0,N
118671,61,8,34,23,0,1,2,0,0,2,DEU,0,1,0,,125,1,N
95680,1,8,34,20,1,1,2,0,0,2,FRA,0,1,0,,139,0,N
50282,295,4,18,28,0,2,2,0,0,2,PRT,0,1,0,,62,0,Y
43774,86,9,39,24,0,2,1,0,0,1,FRA,0,1,1,,87.5,0,N
47427,5,2,8,20,2,5,1,0,0,1,CHN,0,1,0,,85,0,Y
89304,2,5,21,19,0,1,2,0,0,2,GBR,0,1,0,,0,2,N
53064,188,6,25,15,0,2,1,0,0,1,PRT,0,1,0,,130,0,Y
79787,8,11,45,4,0,1,2,0,0,2,ESP,0,1,0,,83,0,N
68181,345,5,20,15,1,0,2,0,0,2,BRA,0,1,0,,109.8,1,Y
81581,197,6,23,3,1,2,2,0,0,2,PRT,1,1,0,,80,0,Y
66250,99,4,15,15,2,4,2,0,0,2,PRT,0,1,0,,105,0,Y
42333,0,9,36,5,0,1,2,0,0,2,ESP,0,1,0,,143,1,N
80161,226,6,25,15,0,4,2,0,0,2,PRT,1,4,0,,149,1,Y
40678,34,8,32,5,0,2,2,0,0,2,PRT,0,1,0,,62,0,Y
102884,10,12,49,3,2,3,2,0,0,2,CHE,0,1,0,,89.59,0,N
55154,31,8,32,6,2,1,2,0,0,2,CHN,0,1,0,,125.1,0,Y
68578,178,5,20,19,0,2,2,0,0,2,GBR,0,4,0,,139.5,0,Y
108490,206,3,13,26,2,1,2,0,0,2,CN,0,1,0,,72,0,N
110473,92,4,17,24,1,3,2,0,0,2,FRA,0,1,0,,90.53,1,N
118043,204,8,32,7,2,5,2,0,0,2,ITA,0,1,0,,112.5,1,N
78208,17,10,40,2,2,2,2,0,0,2,FRA,0,4,0,,121.75,1,N
116682,423,7,29,22,1,1,1,0,0,1,DEU,0,1,1,,22,0,N
75407,323,9,36,5,1,1,2,0,0,2,PRT,1,1,0,,62,0,Y
81551,223,6,25,14,0,2,2,0,0,2,PRT,1,1,0,,135,0,Y
89965,95,5,23,29,2,0,1,0,0,1,ISR,0,1,1,,57.5,0,N
52270,118,6,23,2,0,3,3,0,0,3,BEL,0,4,0,,159.3,0,Y
61675,14,12,52,22,0,3,2,0,0,2,TUR,0,1,0,,84.67,0,Y
81518,2,12,49,5,3,6,1,0,0,1,GBR,0,1,0,149,91.67,0,N
71565,257,7,27,7,1,2,1,0,0,1,PRT,0,1,0,,99.9,1,Y
43458,74,9,38,18,0,2,2,0,0,2,PRT,0,1,0,,101.5,0,Y
116388,243,7,28,14,2,3,2,0,0,2,BEL,0,1,0,,107.1,1,N
85967,2,3,13,20,2,3,2,0,0,2,ESP,0,1,1,,130,1,N
92771,128,7,28,7,2,3,2,0,0,2,FRA,0,1,0,,81.25,0,N
40694,12,8,32,5,0,3,2,0,0,2,RUS,0,1,0,38,65,0,N
102452,30,11,48,26,2,1,2,0,0,2,FRA,0,1,0,,73.37,1,N
56514,426,9,37,8,0,2,2,0,0,2,PRT,0,1,0,,62,0,Y
108549,158,3,13,27,1,1,2,0,0,2,ISR,0,1,0,,95,1,N
103077,0,12,50,8,0,3,2,0,0,2,BRA,0,1,0,,128,0,N
75802,330,9,37,12,2,2,2,0,0,2,PRT,1,1,0,,62,0,Y
92116,154,6,27,28,0,3,2,0,0,2,DEU,0,1,0,,85.5,0,N
68736,420,5,20,20,2,1,2,0,0,2,PRT,0,1,0,,90,0,Y
70640,451,6,25,20,0,1,2,0,0,2,PRT,0,1,0,,90,0,Y
50429,42,4,18,30,2,1,1,0,0,1,LTU,0,1,0,,116.1,0,Y
57807,261,10,40,1,1,1,2,0,0,2,PRT,0,1,0,,96,0,Y
69051,138,5,21,24,1,4,2,0,0,2,PRT,0,1,0,,89.1,1,Y
49282,101,4,15,9,1,1,2,0,0,2,ITA,0,1,0,,96.3,1,Y
65240,629,3,13,30,0,2,2,0,0,2,PRT,0,1,0,,62,0,Y
72529,63,7,31,30,2,1,3,0,0,3,BEL,0,4,0,,189.33,1,Y
64781,615,3,11,16,0,2,2,0,0,2,PRT,0,1,0,,62,0,Y
97936,0,9,39,21,0,1,2,0,0,2,PRT,0,1,0,,120,0,N
82939,58,1,5,27,0,2,1,0,0,1,PRT,1,1,0,,80,0,Y
112755,159,5,21,24,0,4,0,3,0,3,FRA,0,1,5,,129.6,0,N
113657,48,6,23,6,0,4,2,0,0,2,GBR,0,4,2,,180,1,N
64918,18,3,12,20,1,3,2,0,0,2,FRA,0,4,0,,100.3,0,Y
89080,10,5,21,16,1,0,2,0,0,2,ESP,0,1,0,,103,0,N
65382,68,4,13,1,2,5,2,0,0,2,CHE,0,4,0,,162,0,Y
96536,213,8,36,31,0,4,2,0,0,2,DEU,0,4,0,,118.15,1,N
93706,18,7,30,23,1,1,1,2,0,3,NLD,0,4,1,,187,0,N
90886,98,6,24,10,1,2,2,0,0,2,PRT,0,1,0,,116.1,3,N
72757,98,8,31,5,2,1,2,0,0,2,CN,0,4,0,,155,1,Y
70504,150,6,24,17,2,3,1,0,0,1,PRT,0,1,0,,120,0,Y
73996,293,8,32,6,0,2,2,0,0,2,PRT,1,1,0,,62,0,Y
65824,248,4,15,9,2,0,2,0,0,2,PRT,0,1,0,,80,0,Y
44560,92,10,41,7,0,4,2,0,0,2,PRT,0,1,0,,70,0,N
66311,21,4,16,16,2,3,2,0,0,2,DEU,0,5,0,,174,0,Y
91583,0,6,26,23,0,1,2,0,0,2,PRT,0,1,0,,97,1,N
46637,17,1,3,13,0,4,1,0,0,1,PRT,0,1,0,,63.37,0,N
46925,58,1,5,27,0,3,1,0,0,1,PRT,0,1,1,,81,0,Y
109174,1,4,14,5,0,3,2,0,0,2,BRA,0,4,0,,157.5,2,N
80539,53,11,46,14,2,2,2,0,0,2,FRA,0,4,0,,60,0,N
117408,192,7,31,31,1,2,2,0,0,2,FRA,0,4,2,,144.67,0,N
100675,93,10,44,29,1,1,2,0,0,2,ESP,0,2,1,,81.5,2,N
67839,170,5,19,8,1,1,2,0,0,2,DEU,0,4,0,,130.5,0,Y
103246,4,12,51,16,0,1,1,0,0,1,PRT,0,1,0,,70,0,N
89932,133,5,22,24,1,5,2,0,0,2,GBR,0,4,0,,127.15,1,N
105943,18,2,7,14,0,4,2,0,0,2,BRA,0,4,0,,100.3,0,N
107038,26,3,9,2,2,3,2,0,0,2,AUT,0,1,0,,91.8,1,N
110418,40,4,17,25,0,2,1,0,0,1,NLD,0,1,1,280,110,0,N
86256,2,5,20,18,0,1,1,0,0,1,ESP,0,1,0,174,144,0,N
61867,41,12,53,27,2,5,2,0,0,2,PRT,0,1,0,,69.29,0,Y
113301,135,6,22,1,1,3,2,0,0,2,ITA,0,1,0,,85,0,N
109390,248,4,15,9,2,0,2,0,0,2,DEU,0,1,0,,80,1,N
77458,0,9,39,20,2,0,2,0,0,2,ISR,0,1,1,,133,0,N
86687,23,3,11,12,1,0,2,0,0,2,USA,0,1,0,197,85,1,N
112031,15,5,20,17,0,2,2,0,0,2,GBR,0,4,0,,190,1,N
58053,275,10,41,5,1,4,2,0,0,2,PRT,0,1,0,,90,0,Y
62102,189,1,1,1,2,4,3,0,0,3,BRA,0,4,0,,115.6,2,Y
100427,78,10,44,26,0,2,2,0,0,2,GBR,0,4,0,,138.6,1,N
44524,97,10,41,7,0,2,2,0,0,2,PRT,0,1,0,,62,0,N
86205,3,3,13,26,2,2,2,1,0,3,ITA,0,1,0,,136.5,1,N
63313,41,2,6,7,0,2,3,0,0,3,CHN,0,4,0,,140.4,1,Y
86306,49,3,14,27,2,2,2,0,0,2,BEL,0,4,0,,107.1,1,N
109212,111,4,14,5,0,3,2,0,0,2,FRA,0,1,0,,99,1,N
52082,56,5,23,30,1,0,1,0,0,1,PRT,0,1,0,,120,0,Y
95547,219,8,34,17,0,3,2,0,0,2,DEU,0,1,0,,72.25,0,N
51784,144,5,22,25,1,4,2,0,0,2,DEU,0,4,0,,92.55,0,N
109751,0,4,15,15,0,1,1,0,0,1,HRV,0,1,1,,149,0,N
105378,17,1,5,30,2,5,3,0,0,3,PRT,0,1,0,,98.94,1,N
73550,209,8,34,26,0,1,3,0,0,3,ISR,0,4,0,,162,0,Y
40360,132,7,30,23,0,1,2,0,0,2,PRT,0,1,0,,90,0,N
64027,14,2,9,26,2,2,2,1,0,3,ITA,0,1,0,,108.8,0,Y
50296,295,4,18,28,0,2,2,0,0,2,PRT,0,1,0,,62,0,Y
80453,34,12,50,8,0,2,1,0,0,1,PRT,1,1,0,,90,0,Y
80478,25,12,50,8,0,2,1,0,0,1,PRT,1,1,0,,90,0,Y
73878,321,9,36,3,0,2,2,0,0,2,PRT,1,1,0,,62.8,0,Y
88240,77,5,19,1,2,0,2,0,0,2,NLD,0,4,0,,140.4,0,N
59427,199,10,44,28,0,2,2,0,0,2,PRT,0,1,0,,95,0,Y
70420,226,6,24,16,1,2,2,0,0,2,PRT,0,1,0,,105,0,Y
99242,23,10,44,24,1,0,2,0,0,2,PRT,0,1,0,334,0,1,N
75096,283,7,31,27,1,1,2,0,0,2,PRT,1,1,0,,62,0,Y
118325,174,8,33,17,0,1,2,2,0,4,DEU,0,6,0,,244,0,N
42864,168,9,37,11,0,2,1,0,0,1,PRT,0,1,1,,50,0,N
88411,88,5,19,3,0,3,2,0,0,2,PRT,0,1,0,,117,1,N
91468,0,6,26,21,0,1,2,0,0,2,ESP,0,1,1,,121.5,1,N
85410,34,3,12,13,2,0,2,0,0,2,FRA,0,1,0,,71.1,0,N
113016,97,5,22,30,0,2,2,0,0,2,FRA,0,4,0,,144,1,N
84993,56,3,10,3,1,3,2,0,0,2,ESP,0,1,0,,72,0,N
106207,2,2,8,22,0,1,1,0,0,1,PRT,0,1,0,219,89,2,N
84113,4,2,8,19,0,1,1,0,0,1,PRT,0,1,0,67,81,0,N
116108,233,7,28,12,0,3,2,0,1,3,BEL,0,1,0,,80.1,0,N
92070,35,6,27,27,1,2,2,0,0,2,PRT,0,1,0,,76.5,0,N
67324,197,5,18,1,1,3,2,0,0,2,FRA,0,1,0,,117,2,Y
43802,56,9,39,25,1,2,2,0,0,2,GRC,0,1,0,,185,0,N
58448,279,10,42,12,0,3,2,0,0,2,PRT,0,1,0,,110,0,Y
94003,186,7,31,28,0,2,2,0,0,2,GBR,0,1,0,,96.3,1,N
83211,8,1,4,20,0,4,2,0,0,2,GBR,0,1,2,,79,2,N
41937,13,8,35,27,0,1,2,2,0,4,FRA,0,6,2,,153,2,N
107093,137,3,10,6,1,1,2,0,0,2,ISR,0,1,0,,80,1,N
113778,28,6,23,9,1,2,2,0,0,2,FRA,0,1,0,,181,0,N
56364,52,9,37,4,1,0,2,0,0,2,CHN,0,1,0,,98.82,0,Y
95148,7,8,33,12,1,2,2,0,0,2,PRT,0,1,0,,175.67,1,N
90035,22,12,51,14,0,2,2,0,0,2,PRT,0,4,0,,114,1,N
64437,241,3,10,9,0,3,2,0,0,2,DEU,0,1,0,,79.2,0,Y
66769,396,4,17,25,0,1,2,0,0,2,PRT,0,1,0,,90,0,Y
111041,89,5,18,1,1,3,2,0,0,2,DEU,0,1,0,,92.17,1,N
68764,420,5,20,20,2,1,2,0,0,2,PRT,0,1,0,,90,0,Y
41909,55,8,35,26,0,2,2,0,0,2,ESP,0,1,0,,62,0,N
53046,188,6,25,15,0,2,1,0,0,1,PRT,0,1,0,,130,0,Y
98640,159,9,40,28,1,4,2,0,0,2,DEU,0,4,0,,133.2,1,N
111039,55,5,18,4,0,1,3,0,0,3,GBR,0,4,0,,189,1,N
70343,320,6,24,15,0,3,2,0,0,2,PRT,0,1,0,,90,0,Y
57557,44,9,40,27,0,2,2,0,0,2,EGY,0,4,0,,149.4,1,Y
102422,19,11,48,24,1,3,2,0,0,2,FRA,0,1,0,,74.8,2,N
40331,20,7,30,22,0,2,3,0,0,3,PRT,0,1,1,,84,0,N
99887,95,10,43,17,1,2,3,0,0,3,DEU,0,4,0,,151.2,2,N
46970,29,1,5,30,2,1,2,0,0,2,GBR,0,4,0,,77.6,0,Y
69362,186,5,22,30,0,2,2,0,0,2,PRT,0,1,0,,130,0,Y
102966,4,12,50,9,0,1,1,0,0,1,FRA,0,1,0,,105,0,N
56258,220,9,36,2,0,2,2,0,0,2,RUS,0,1,0,,85.5,0,Y
55547,0,8,34,16,0,1,2,2,0,4,PRT,0,6,0,,283,3,Y
96322,181,8,36,30,0,2,2,0,0,2,ITA,0,1,0,,96.3,2,N
42557,4,9,37,7,1,1,2,0,0,2,POL,0,1,0,,133.5,2,N
95149,9,8,33,13,1,1,2,0,0,2,FRA,0,1,0,,165,3,N
67052,2,4,17,28,0,1,2,0,0,2,PRT,0,1,0,,144,2,Y
41681,0,8,34,21,1,2,2,0,0,2,PRT,0,1,0,,90,0,Y
107571,120,3,10,11,2,2,2,0,0,2,DEU,0,1,0,,88.4,3,N
70296,201,6,24,14,0,4,2,0,0,2,PRT,0,1,0,,110,0,Y
70529,42,6,24,17,2,4,2,0,0,2,NOR,0,1,0,,133.33,1,Y
100257,386,10,44,23,2,0,2,0,0,2,DEU,0,1,0,,115,1,N
104203,119,1,1,2,1,5,2,0,0,2,DEU,0,4,0,,96.9,2,N
72866,170,8,32,8,0,4,3,0,0,3,FRA,0,1,0,,130.5,0,Y
76445,358,10,41,10,1,1,1,0,0,1,PRT,1,1,0,,60,0,Y
115831,92,7,27,8,2,2,2,0,0,2,DEU,0,1,0,,120,2,N
106270,6,2,8,23,0,1,2,0,0,2,GBR,0,1,0,,88,1,N
68484,48,5,20,18,1,3,2,0,0,2,CHE,0,1,0,,160,1,Y
54113,186,7,28,7,0,2,2,2,0,4,NOR,0,6,0,,168.3,2,N
101743,14,11,47,14,1,2,1,0,0,1,FRA,0,1,1,,88,1,N
98174,336,9,39,21,1,4,1,0,0,1,DEU,0,1,1,,70,0,N
44031,20,9,40,29,0,3,2,0,0,2,PRT,0,1,0,,136.67,2,Y
79283,37,10,43,22,0,2,2,0,0,2,ITA,0,4,0,,105.3,2,N
68893,59,5,21,22,1,1,2,0,0,2,PRT,0,1,0,,128,0,Y
48181,46,3,12,18,0,2,2,0,0,2,ESP,0,4,0,,112.5,0,Y
112208,6,5,20,19,0,2,2,0,0,2,FRA,0,1,0,,160,2,N
73276,213,8,33,18,0,2,2,0,0,2,GBR,0,1,1,,100.8,1,Y
62800,59,1,4,23,1,1,2,0,0,2,PRT,0,1,0,,80,0,Y
60128,97,11,45,5,1,1,2,0,0,2,GBR,0,1,0,,79.2,1,Y
75720,302,8,33,15,2,2,2,0,0,2,PRT,1,1,0,,62,0,Y
72915,148,8,32,9,0,4,2,0,0,2,PRT,0,1,0,,71.1,1,Y
105912,48,2,7,14,0,3,2,0,0,2,FRA,0,1,2,,98.93,0,N
49111,105,4,15,6,0,1,2,0,0,2,PRT,0,1,0,,75,0,Y
59649,97,10,45,30,2,1,2,0,0,2,FRA,0,1,0,,79.8,1,Y
98557,328,9,40,30,0,2,2,0,0,2,FRA,0,1,0,,65,1,N
52701,282,6,24,9,0,3,2,0,0,2,FRA,0,1,0,,73.33,1,N
64491,127,3,10,11,1,1,2,0,0,2,PRT,0,1,0,,80,0,Y
83641,12,2,7,7,2,0,2,1,0,3,PRT,0,6,0,,136.5,1,N
67194,313,4,17,29,2,1,2,0,0,2,PRT,0,1,0,,90,0,Y
69769,437,6,23,6,0,1,2,0,0,2,PRT,0,1,0,,90,0,Y
83550,1,2,6,6,0,1,2,0,0,2,PRT,0,4,0,,102,0,N
49934,288,4,17,21,0,1,1,0,0,1,PRT,0,1,0,,59,0,Y
50005,168,4,17,22,1,2,2,0,0,2,PRT,0,1,0,,85,0,Y
40521,27,7,31,27,1,1,2,0,0,2,PRT,0,1,0,,62,0,Y
51313,323,5,21,17,0,4,2,0,0,2,PRT,0,1,0,,112,1,N
67552,143,5,18,4,0,3,2,0,0,2,PRT,0,1,0,,100,0,Y
44243,164,10,40,2,0,2,1,0,0,1,PRT,0,1,0,,100,0,N
108902,73,3,13,30,1,3,2,0,0,2,IRL,0,1,0,,104.4,1,N
95354,0,8,34,17,0,1,2,0,0,2,AUS,0,1,0,,150,1,N
61005,42,11,49,29,0,3,2,0,0,2,PRT,0,1,0,348,90,0,Y
82641,44,1,1,2,1,1,2,0,0,2,PRT,0,1,0,,2,0,N
50353,443,4,18,29,0,1,2,0,0,2,PRT,0,1,0,,65,0,Y
85436,1,3,12,14,1,1,1,0,0,1,PRT,0,1,0,,106,0,N
65887,79,4,15,9,2,2,2,0,0,2,IRL,0,1,0,,99,2,Y
55581,184,8,34,17,0,1,2,1,0,3,DEU,0,1,2,,164.25,1,Y
96056,48,8,35,24,0,4,3,0,0,3,NLD,0,4,0,,168.3,1,N
90186,29,5,23,31,0,3,2,0,0,2,GBR,0,1,0,,82.61,1,N
86377,17,3,14,30,0,3,2,0,0,2,BEL,0,1,1,,149,1,N
45557,123,11,45,6,1,2,2,0,0,2,SEN,0,1,0,,60,0,N
60726,44,11,47,19,1,1,2,0,0,2,DEU,0,1,0,,98.8,1,Y
116565,244,7,28,15,2,5,2,0,0,2,BEL,0,1,0,,107.1,1,N
118829,148,8,34,21,1,4,3,0,0,3,ESP,0,5,0,,142.2,1,N
54963,224,8,32,1,1,2,2,0,0,2,NLD,0,2,0,,86.63,1,N
69439,55,5,22,31,0,2,2,0,0,2,PRT,0,1,0,,135,0,Y
110808,222,4,17,29,2,1,2,0,0,2,DEU,0,1,0,,99,3,N
55935,412,8,35,25,0,2,2,0,0,2,PRT,0,1,0,,62,0,Y
102956,71,12,50,6,0,4,3,0,0,3,ESP,0,1,0,,105,0,N
55235,204,8,33,8,1,3,2,0,0,2,FRA,0,4,0,,99.45,0,Y
84928,26,3,10,3,0,3,2,0,0,2,ROU,0,1,0,,67.87,0,N
53953,132,7,27,2,2,5,2,1,0,3,ITA,0,1,0,,114.75,2,Y
59608,23,10,45,30,1,0,2,0,0,2,DEU,0,1,0,,130,0,Y
59418,286,10,44,28,0,2,2,0,0,2,PRT,0,1,0,,65,0,Y
107379,33,3,10,10,0,2,3,0,0,3,PRT,0,4,0,,168,0,N
41464,0,8,34,17,1,0,2,0,0,2,AGO,0,1,2,,124,0,N
110674,6,4,17,27,0,3,2,1,0,3,NLD,0,4,0,,144.4,1,N
57605,447,9,40,29,0,1,1,0,0,1,PRT,0,1,0,,59,0,Y
59791,70,11,45,1,0,4,3,0,0,3,BEL,0,4,0,,126,1,Y
101595,67,11,46,11,2,2,2,0,0,2,HRV,0,1,0,,79.2,3,N
89509,30,5,21,21,0,1,2,0,0,2,PRT,0,1,0,,135.9,1,N
107703,28,3,11,13,1,3,2,0,0,2,FRA,0,1,1,,68,0,N
102092,215,11,48,21,1,1,1,0,0,1,NOR,0,1,0,233,75,0,N
114873,0,6,26,26,1,1,2,0,0,2,PRT,0,1,1,,100,0,N
57907,157,10,41,3,1,2,2,0,0,2,MEX,0,1,0,,108,0,Y
81563,223,6,25,14,0,2,2,0,0,2,PRT,1,1,0,,135,0,Y
93856,3,7,31,25,1,2,2,2,0,4,ESP,0,5,0,,205.33,2,N
107033,47,3,9,1,2,4,2,0,0,2,BRA,0,4,0,,102,1,N
117127,76,7,30,27,0,3,2,0,0,2,PRT,0,1,0,439,114,0,N
58469,76,10,42,12,2,4,2,1,0,3,CHE,0,1,0,,135,1,Y
99819,359,10,42,14,2,3,2,0,0,2,DEU,0,1,0,,78,1,N
43097,17,9,38,14,1,3,2,0,0,2,ITA,0,4,0,,74.61,1,N
49950,288,4,17,21,0,2,2,0,0,2,PRT,0,1,0,,62,0,Y
75055,271,7,29,15,0,2,2,0,0,2,PRT,1,1,0,,62,0,Y
48632,81,3,13,25,2,2,2,0,0,2,PRT,0,1,0,,65,0,Y
55863,94,8,35,23,0,2,2,0,0,2,GBR,0,1,0,,117.9,0,Y
75529,355,10,41,7,0,2,2,0,0,2,PRT,1,1,0,,62,0,Y
78288,12,10,41,7,0,1,1,0,0,1,PRT,0,1,0,40,65,0,N
74486,318,8,36,31,1,1,2,0,0,2,PRT,1,1,0,,62,0,Y
109417,80,4,14,8,2,1,1,2,0,3,FRA,0,1,0,,122,0,N
100440,32,10,44,25,0,3,2,0,0,2,FRA,0,1,0,,85,1,N
77992,45,10,44,29,0,3,2,0,0,2,PRT,1,1,0,,70,0,Y
91000,15,6,25,14,0,1,1,0,0,1,CHE,0,1,0,,89,1,N
55837,21,8,35,22,1,3,2,2,0,4,ESP,0,6,0,,231,0,Y
49353,57,4,16,11,1,2,2,0,0,2,POL,0,1,0,,105.3,0,Y
62907,65,1,4,24,1,5,2,0,0,2,SGP,0,4,0,,96.9,0,Y
100508,3,10,44,26,0,3,2,0,0,2,FRA,0,1,0,,110.83,1,N
49460,281,4,16,14,0,2,2,0,0,2,PRT,0,1,0,,62,0,Y
95846,31,8,35,22,1,2,2,0,0,2,ESP,0,1,1,,147.72,0,N
53217,350,6,25,17,0,2,2,0,0,2,PRT,0,1,0,,140,0,Y
100520,91,10,44,23,2,4,1,0,0,1,FRA,0,4,1,,132.6,1,N
71873,207,7,28,14,2,2,2,0,0,2,NLD,0,1,0,,89.1,0,Y
95358,14,8,34,16,0,2,2,0,0,2,FRA,0,1,2,,143,1,N
105352,0,2,5,4,0,1,0,2,0,2,PRT,0,1,1,,6,0,N
80974,0,11,49,30,1,0,1,0,0,1,PRT,0,5,0,,0,0,Y
49766,103,4,17,19,0,2,1,0,0,1,PRT,0,1,0,,115,0,Y
80794,7,2,8,18,0,1,1,0,0,1,PRT,0,1,0,40,66,0,Y
40758,1,8,32,6,2,3,1,0,0,1,DEU,0,1,0,,67,1,N
59141,41,10,43,21,0,2,2,0,0,2,ESP,0,1,0,,160,1,Y
70995,25,6,26,27,0,1,2,0,0,2,PRT,0,1,0,280,100,0,Y
68377,70,5,20,16,0,1,1,0,0,1,PRT,0,1,1,169,110,0,Y
110255,129,4,16,22,1,1,2,0,0,2,GBR,0,4,0,,130.5,2,N
65550,373,4,14,5,0,3,2,0,0,2,PRT,0,1,0,,90,0,Y
107705,13,3,11,14,0,3,2,0,0,2,PRT,0,4,0,,75,1,N
112436,18,5,21,22,1,1,2,0,0,2,PRT,0,1,0,,120,1,N
113762,212,6,23,9,0,2,2,0,0,2,GBR,0,1,0,,99,1,N
56978,43,9,38,16,0,2,2,0,0,2,PRT,0,1,0,,130,0,Y
86353,30,3,14,30,0,2,2,0,0,2,NLD,0,1,0,,85.5,0,N
63936,134,2,8,25,0,1,1,0,0,1,PRT,0,1,0,,75,0,Y
64566,11,3,11,13,1,1,2,0,0,2,PRT,0,1,0,,105,0,Y
53992,183,7,28,4,1,3,2,0,0,2,DEU,0,1,1,,98.25,1,Y
118678,161,8,33,18,2,4,2,0,0,2,GBR,0,1,0,,71.1,1,N
118251,47,8,33,16,0,1,1,2,0,3,GBR,0,2,1,,145,0,N
70176,40,6,24,11,2,2,1,0,0,1,PRT,0,1,0,,110,1,Y
68598,105,5,20,19,0,2,1,0,0,1,PRT,0,1,0,,160,0,Y
77882,16,9,39,25,2,3,1,0,0,1,ITA,0,1,2,,170,0,N
114386,60,6,25,18,2,1,2,0,0,2,GBR,0,1,0,,80.1,0,N
77846,17,9,39,26,2,1,2,0,0,2,ITA,0,1,2,,170,0,N
69437,55,5,22,31,0,2,2,0,0,2,PRT,0,1,0,,135,0,Y
95574,162,8,34,14,2,5,2,1,0,3,ITA,0,1,0,,120.82,1,N
100414,100,10,44,24,1,3,2,1,0,3,DEU,0,6,0,,221.18,0,N
44483,42,10,41,6,0,1,2,0,0,2,PRT,0,1,1,,86.4,1,Y
94777,0,8,33,8,1,0,2,0,0,2,PRT,0,1,0,,93.81,0,N
56741,13,9,38,12,1,1,2,1,0,3,PRT,0,4,0,,202.54,1,Y
49081,105,4,15,6,0,1,2,0,0,2,PRT,0,1,0,,75,0,Y
50859,91,5,20,10,0,2,2,0,0,2,PRT,0,1,0,,75,0,Y
109406,62,4,15,9,2,0,2,0,0,2,FRA,0,1,0,,99,1,N
95338,9,8,34,15,1,2,2,0,0,2,DEU,0,1,0,,159,2,N
73224,126,8,33,16,2,6,2,0,0,2,ITA,0,4,0,,155,1,Y
117927,221,8,32,10,0,2,2,1,0,3,GBR,0,1,0,,148.5,1,N
68174,68,5,20,14,2,1,1,0,0,1,PRT,0,1,1,169,110,0,Y
117665,70,8,31,5,2,1,3,0,0,3,ESP,0,7,0,,270,1,N
88813,71,5,20,10,0,3,2,0,0,2,DEU,0,1,0,,126,1,N
61233,73,12,50,5,1,2,3,0,0,3,ITA,0,4,0,,140,2,Y
102424,19,11,48,24,1,3,2,0,0,2,FRA,0,1,0,,74.8,2,N
94930,141,8,33,10,0,2,2,0,0,2,ITA,0,1,0,,114.3,1,N
82260,72,12,53,31,0,1,2,0,0,2,PRT,1,1,0,,276.53,1,Y
102267,2,11,48,22,0,4,2,0,0,2,FRA,0,1,0,,97.54,1,N
114200,278,6,24,14,0,4,2,0,0,2,DEU,0,1,1,,110,2,N
75609,145,7,27,4,2,1,2,0,0,2,PRT,0,1,0,,76.5,2,Y
49000,101,4,15,4,1,2,2,0,0,2,PRT,0,1,0,,80,0,Y
91519,30,6,26,19,2,2,2,0,0,2,DEU,0,1,0,,85.5,0,N
40674,34,8,32,5,0,2,2,0,0,2,PRT,0,1,0,,62,0,Y
57053,315,9,38,17,1,1,2,0,0,2,PRT,0,1,0,,65,0,Y
90113,133,5,23,29,2,2,2,0,0,2,BEL,0,1,0,,99.66,2,N
67072,23,4,17,28,1,2,2,2,0,4,ESP,0,6,0,,225,1,Y
51111,276,5,20,13,2,3,2,0,0,2,PRT,0,1,0,,61,0,Y
54259,195,7,29,10,2,2,2,2,0,4,PRT,0,2,4,,81.81,1,N
108463,39,3,12,24,2,2,2,0,0,2,BRA,0,1,0,,96.05,1,N
71657,10,7,28,9,2,2,2,0,0,2,IRN,0,1,0,,130,1,Y
78980,230,6,24,5,2,0,2,0,0,2,PRT,1,2,0,,89,1,Y
81759,113,2,9,25,0,3,2,0,0,2,PRT,1,1,0,,75,0,Y
115306,13,7,27,3,1,0,2,0,0,2,DEU,0,1,1,,120,1,N
77909,9,9,40,27,2,1,2,0,0,2,ITA,0,1,0,,155.08,1,N
80260,13,11,47,15,1,0,1,0,0,1,PRT,0,1,0,40,65,0,N
51462,211,5,21,20,0,2,2,0,0,2,PRT,0,1,0,,100,0,Y
112681,139,5,21,24,0,3,2,0,0,2,BEL,0,1,1,,128,1,N
115598,268,7,27,6,0,2,2,0,0,2,NLD,0,2,0,,106.4,0,N
65876,122,4,15,9,2,1,2,0,0,2,ESP,0,1,0,,99,1,Y
45096,102,10,42,16,0,2,2,0,0,2,DEU,0,1,0,,109,0,N
50397,115,4,18,29,2,3,2,0,0,2,POL,0,4,1,,104.55,1,Y
64743,92,3,11,15,0,3,2,0,0,2,PRT,0,1,0,,85,0,Y
112222,112,5,20,20,1,1,2,0,0,2,ISR,0,1,0,,126,0,N
84871,0,3,10,4,0,1,2,0,0,2,PRT,0,1,0,,89,1,N
62702,559,1,3,19,0,2,2,0,0,2,PRT,0,1,0,,62,0,Y
102390,132,11,48,25,0,2,2,0,0,2,NLD,0,1,0,,79.2,0,N
107461,66,3,10,10,1,2,2,0,0,2,FRA,0,1,0,,80,1,N
82047,13,12,51,17,0,2,1,0,0,1,BRA,0,1,0,,79,1,N
68466,115,5,20,18,0,3,2,0,0,2,PRT,0,1,0,,190,0,Y
75412,323,9,36,5,1,1,2,0,0,2,PRT,1,1,0,,62,0,Y
57196,13,9,39,20,0,3,1,0,0,1,PRT,0,4,1,280,110,0,Y
68778,113,5,20,20,2,1,1,0,0,1,PRT,0,1,0,,190,0,Y
70753,164,6,25,21,2,6,2,2,0,4,POL,0,6,2,,246.38,0,Y
49987,58,4,17,22,0,2,2,0,0,2,CZE,0,4,2,,118.8,0,Y
78461,20,10,41,4,2,4,2,0,0,2,ISR,0,1,0,,107,1,N
52509,56,6,24,8,0,1,2,0,0,2,PRT,0,1,0,,120,0,Y
42048,104,8,36,30,2,1,2,0,0,2,ESP,0,1,0,,90,0,Y
87444,34,4,16,16,2,2,3,0,0,3,FRA,0,4,0,,135.45,1,N
47580,115,2,9,27,2,6,1,0,0,1,PRT,0,1,1,,64.75,0,Y
74362,276,7,30,20,1,1,2,0,0,2,PRT,1,1,0,,62,0,Y
105293,5,1,5,31,0,5,2,0,0,2,FRA,0,1,0,,54.71,0,N
63367,64,2,6,10,0,2,2,0,0,2,FRA,0,4,0,,104.4,0,Y
104281,146,1,1,2,3,5,2,0,0,2,DEU,0,4,0,,97.75,2,N
92868,132,7,28,6,2,5,3,0,0,3,IRL,0,1,0,,96.9,0,N
80728,0,11,48,22,1,0,2,0,0,2,MAR,0,1,0,,89,0,N
52466,213,6,24,7,0,3,2,0,0,2,PRT,0,1,0,,130,0,Y
105109,193,1,4,26,1,3,3,0,0,3,GBR,0,1,1,,68,0,N
71319,38,7,27,2,2,0,2,0,0,2,ESP,0,1,0,,119,1,Y
86031,2,3,13,24,0,2,3,0,0,3,ESP,0,1,1,,184.67,2,N
47405,34,2,8,19,4,9,2,0,0,2,AGO,0,1,2,,84.69,0,Y
113018,4,5,22,28,2,2,1,0,0,1,GRC,0,4,0,153,110,0,N
74879,153,8,32,3,1,2,2,0,0,2,PRT,1,1,0,,60,0,Y
88253,101,4,18,28,2,3,2,0,0,2,PRT,0,1,0,,101.15,1,N
116663,18,7,29,22,0,1,2,0,0,2,DNK,0,1,0,,128,1,N
95646,123,8,35,21,1,0,2,0,0,2,DEU,0,4,0,,146.7,0,N
81098,24,12,49,5,2,1,2,0,0,2,PRT,1,1,0,143,50,0,Y
73510,138,8,34,24,1,3,2,0,0,2,IRL,0,4,0,,155,1,Y
45995,134,12,49,4,2,2,2,0,0,2,PRT,0,1,0,,65,0,Y
63712,1,2,7,18,0,1,1,0,0,1,PRT,0,1,0,,0,0,Y
103130,17,12,50,8,1,3,2,0,0,2,FRA,0,1,0,,91.38,0,N
87995,67,4,18,26,0,3,3,0,0,3,FIN,0,1,0,,121.1,1,N
97095,48,9,37,6,1,5,2,2,0,4,AUS,0,6,0,,195.3,2,N
102516,25,11,49,29,0,1,1,0,0,1,ESP,0,1,0,,75.2,0,N
118995,213,8,35,28,1,3,1,0,0,1,PRT,0,1,1,,104,0,N
70614,92,6,25,19,1,3,2,0,0,2,LUX,0,1,0,,126,0,Y
63408,15,2,6,11,1,1,2,0,0,2,ESP,0,1,0,,88,0,Y
79005,9,10,43,22,0,1,2,2,0,4,PRT,0,6,0,,174.25,0,N
105688,41,2,6,10,2,2,2,0,0,2,ITA,0,1,0,,90.1,0,N
79613,0,10,44,30,0,1,2,0,0,2,PRT,0,1,0,,95,0,Y
118148,176,8,32,10,2,3,2,0,0,2,GBR,0,5,0,,103.5,0,N
55131,171,8,32,5,2,2,2,0,0,2,ITA,0,1,0,,99.45,0,Y
49038,95,4,15,5,0,2,1,0,0,1,USA,0,1,0,,72.8,0,Y
105226,1,2,5,2,0,1,1,0,0,1,PRT,0,4,0,,118,1,N
107718,43,3,11,13,1,3,2,0,0,2,FRA,0,1,0,,91.8,3,N
44720,174,10,41,10,1,1,2,0,0,2,PRT,0,1,0,,70,0,Y
53341,91,6,25,18,1,1,2,0,0,2,FRA,0,1,0,,116.1,0,Y
66592,332,4,16,22,1,1,3,1,0,4,BEL,0,4,0,,141.3,0,Y
52183,61,6,23,1,0,4,3,0,0,3,ITA,0,4,4,,159.3,1,Y
45348,61,10,44,26,1,1,2,0,0,2,PRT,0,1,0,,72.24,1,N
59569,219,10,44,29,2,1,2,0,0,2,PRT,0,1,0,,96.3,1,Y
50598,288,5,19,5,0,3,2,0,0,2,FRA,0,1,0,,65,0,N
80822,62,11,48,24,0,1,1,0,0,1,PRT,0,1,1,,70,0,N
115838,168,7,28,9,2,1,3,0,0,3,NOR,0,4,0,,121.68,0,N
75712,302,8,33,15,2,2,2,0,0,2,PRT,1,1,0,,62,0,Y
57817,180,10,40,1,2,1,2,0,0,2,IRL,0,1,0,,108.9,0,Y
105147,10,1,4,27,2,2,2,0,0,2,ESP,0,1,0,,63.2,1,N
103540,0,12,53,26,1,0,2,0,0,2,MEX,0,4,0,,83.16,1,N
71846,22,7,28,13,2,3,3,0,0,3,ARG,0,4,0,,162,1,Y
79208,23,10,43,18,2,3,3,0,0,3,FRA,0,4,0,,105,1,N
69155,235,5,21,26,1,2,2,0,0,2,GBR,0,1,0,,142.1,1,Y
84187,13,2,8,18,0,2,1,0,0,1,PRT,0,1,0,,94,1,N
95838,141,8,35,22,1,2,2,1,0,3,FRA,0,1,2,,94.56,0,N
82742,325,10,43,17,1,2,2,0,0,2,PRT,1,1,0,,95,0,Y
96311,216,8,36,30,0,2,2,0,0,2,GBR,0,1,0,,80.75,0,N
63204,573,2,5,2,0,2,2,0,0,2,PRT,0,1,0,,62,0,Y
76857,239,10,42,17,0,1,2,0,0,2,PRT,1,1,0,,60,0,Y
67196,222,4,17,29,2,1,2,0,0,2,ESP,0,1,0,,99,0,Y
115858,59,7,28,10,1,1,2,0,0,2,FRA,0,1,0,,149,1,N
114670,58,6,25,21,0,4,2,0,0,2,NLD,0,1,0,,135,1,N
41017,39,8,33,10,1,1,2,0,0,2,PRT,0,1,0,,62,1,N
52840,9,6,25,12,2,1,2,0,0,2,ESP,0,1,0,,123.33,0,Y
115835,81,7,27,7,2,3,2,0,0,2,BEL,0,1,0,,120,1,N
44237,164,10,40,2,0,2,1,0,0,1,PRT,0,1,0,,100,0,N
106588,30,2,8,24,2,2,3,0,0,3,IRN,0,5,0,,125.8,1,N
52805,69,6,25,12,2,4,1,0,0,1,PRT,0,1,0,,120,0,Y
78640,29,10,44,29,0,3,2,0,0,2,PRT,1,1,0,,126,3,Y
104452,65,1,2,12,0,2,2,0,0,2,DEU,0,1,1,366,75,0,N
104944,89,1,4,25,0,1,2,0,0,2,ASM,0,1,0,,72.07,1,N
42050,104,8,36,30,2,1,2,0,0,2,ESP,0,1,0,,90,0,Y
54574,67,7,30,20,0,2,3,0,0,3,DEU,0,4,0,,142.2,1,Y
86034,5,3,13,23,0,3,2,0,0,2,ESP,0,1,0,,133,0,N
115686,33,7,27,8,1,1,2,0,0,2,BRA,0,1,0,,86.63,0,N
94731,26,8,33,8,1,0,1,0,0,1,PRT,0,1,0,40,65,0,N
111442,0,5,19,10,0,1,1,0,0,1,NLD,0,1,2,,285,0,N
98962,170,10,41,3,1,3,2,0,0,2,NLD,0,1,1,,108.9,2,N
50725,101,5,19,6,0,2,2,0,0,2,ESP,0,1,0,,126.9,0,Y
75947,301,8,33,14,0,2,2,0,0,2,PRT,1,1,0,,101.5,0,Y
111851,6,5,20,14,2,1,1,0,0,1,MEX,0,1,0,169,110,0,N
68155,309,5,19,13,2,3,2,0,0,2,PRT,0,1,0,,89.1,0,Y
67710,169,5,18,6,2,1,2,0,0,2,GBR,0,1,0,,117,0,Y
56526,426,9,37,8,0,2,2,0,0,2,PRT,0,1,0,,62,0,Y
41931,118,8,35,26,0,4,2,0,0,2,PRT,0,1,0,,58.9,1,Y
60525,50,11,47,13,2,1,2,0,0,2,BEL,0,4,0,,114,2,Y
84613,117,2,10,29,1,1,1,0,0,1,LBY,0,1,2,,75,0,N
95500,20,8,34,19,0,1,2,2,0,4,ESP,0,6,0,,240,1,N
94297,5,1,2,10,0,2,1,0,0,1,PRT,1,1,0,40,65,1,N
107195,103,3,10,5,2,2,2,0,0,2,USA,0,1,0,,72.94,0,N
71948,162,7,28,15,2,5,1,0,0,1,LUX,0,1,0,,98.1,0,Y
92672,3,7,28,9,0,1,2,0,0,2,PRT,0,1,0,,139,1,N
52312,177,6,23,3,0,2,2,0,0,2,PRT,0,1,0,,100,0,Y
70779,17,6,25,22,1,3,2,0,0,2,ARE,0,1,0,,160,1,Y
62250,25,1,1,6,1,2,2,0,0,2,IRL,0,1,2,,106,1,Y
45665,140,11,47,18,0,3,1,0,0,1,PRT,0,1,1,,65,0,N
51936,316,5,22,26,0,3,2,0,0,2,AUT,0,1,0,,110,0,N
91579,38,6,26,20,1,3,2,0,0,2,PRT,0,1,0,,99.9,2,N
71189,0,6,26,29,0,2,3,0,0,3,USA,0,4,0,,149.4,1,Y
59555,52,10,44,29,1,1,2,0,0,2,ESP,0,1,0,,99,1,Y
108841,53,3,13,30,0,3,2,0,0,2,FRA,0,4,0,,91.47,1,N
113212,0,6,22,3,0,1,1,0,0,1,TUR,0,1,0,,170,0,N
78206,52,1,1,6,2,2,2,0,0,2,ITA,1,1,0,,88.4,2,Y
107247,3,3,10,9,0,1,2,0,0,2,PRT,0,1,0,,86.4,0,N
58452,279,10,42,12,0,3,2,0,0,2,PRT,0,1,0,,110,0,Y
45735,98,11,48,23,1,2,2,0,0,2,IND,0,1,1,,75,1,N
105826,7,2,7,15,0,1,2,0,0,2,ESP,0,4,0,,123,1,N
81137,46,12,52,22,4,12,2,0,0,2,AGO,1,1,0,,72.25,0,Y
97184,23,9,38,11,2,0,2,0,0,2,RUS,0,1,1,,100.1,2,N
106671,48,2,9,27,1,1,2,0,0,2,GBR,0,1,0,,95.4,1,N
40484,27,7,31,27,1,1,2,0,0,2,PRT,0,1,0,,62,0,Y
84551,42,2,9,26,0,2,2,0,0,2,PRT,0,1,0,,74,0,N
53506,26,6,26,23,0,1,2,0,0,2,PRT,0,1,0,,101,0,Y
57914,41,10,41,3,1,2,1,0,0,1,CHN,0,1,0,,105.3,0,Y
113755,130,6,23,8,0,3,3,0,0,3,GBR,0,4,0,,189,3,N
110642,172,4,17,27,0,3,2,0,0,2,DEU,0,4,0,,95.46,1,N
108078,151,3,12,20,1,1,2,0,0,2,PRT,0,1,0,,95,2,N
118969,326,8,34,26,1,1,2,0,0,2,DEU,0,1,0,,89.1,0,N
103048,17,12,50,8,0,3,2,0,0,2,GBR,0,1,0,,92.67,0,N
95336,81,8,33,13,2,3,2,0,0,2,ESP,0,1,1,,117.9,1,N
67386,16,5,18,3,0,2,2,0,0,2,DEU,0,1,0,,140,1,Y
113548,51,6,23,5,1,3,2,0,0,2,BEL,0,4,0,,170,1,N
100215,386,10,44,23,2,0,2,0,0,2,DEU,0,1,0,,115,1,N
61446,16,12,50,10,4,7,2,2,0,4,CHN,0,6,0,,133.6,0,Y
68397,183,5,20,16,0,4,2,0,0,2,FRA,0,1,0,,107.33,1,Y
53811,358,6,27,30,0,2,2,0,0,2,PRT,0,1,0,,62,0,Y
49450,281,4,16,14,0,2,2,0,0,2,PRT,0,1,0,,62,0,Y
74680,365,10,42,17,1,1,2,0,0,2,PRT,1,1,0,,62.8,0,Y
105927,0,2,7,17,0,1,2,0,0,2,PRT,0,1,0,,99,1,N
88670,104,5,19,5,2,3,2,0,0,2,DEU,0,1,0,,80.75,0,N
47794,15,3,10,4,0,2,2,0,0,2,PRT,0,4,0,,88.8,0,Y
119217,29,8,35,30,0,2,1,0,0,1,DEU,0,1,1,,95,0,N
72044,479,7,29,18,0,3,2,0,0,2,PRT,0,1,0,,90,0,Y
40957,39,8,33,10,1,1,2,0,0,2,PRT,0,1,0,,62,0,N
75294,304,8,34,17,1,1,2,0,0,2,PRT,1,1,0,,62,0,Y
43516,40,9,38,19,2,1,2,0,0,2,AUS,0,1,0,,72.76,0,N
80364,22,11,46,14,2,1,2,0,0,2,BEL,0,1,0,,87,1,N
76034,336,9,38,18,0,2,2,0,0,2,PRT,1,1,0,,101.5,0,Y
75027,190,7,28,10,2,2,2,0,0,2,PRT,1,4,0,,65.29,0,Y
64168,28,3,9,2,0,3,2,0,0,2,PRT,0,1,0,,95,0,Y
54985,186,8,32,1,2,5,2,1,0,3,ITA,0,1,1,,164.25,2,Y
109743,0,4,15,15,0,1,2,0,0,2,PRT,0,4,4,,144,0,N
111791,78,5,19,9,1,5,2,0,0,2,ARG,0,1,0,,132,1,N
102804,29,11,49,30,2,4,2,0,0,2,ITA,0,1,0,,104,1,N
43887,87,9,39,25,2,3,2,0,0,2,PRT,0,1,0,,170,0,Y
67735,407,5,18,6,2,1,2,0,0,2,PRT,0,1,0,,90,0,Y
118105,225,8,32,11,2,2,2,0,0,2,BEL,0,1,0,,130.5,2,N
95332,161,8,34,16,0,2,3,0,0,3,PRT,0,4,6,,82.35,2,N
72174,13,7,30,23,1,0,2,0,0,2,GBR,0,1,0,,140,0,Y
78594,5,7,31,25,1,0,1,0,0,1,PRT,0,1,0,40,65,1,N
61874,41,12,53,27,2,5,2,0,0,2,PRT,0,1,0,,69.29,0,Y
59456,245,10,44,28,1,2,3,0,0,3,FRA,0,1,0,,128.7,0,Y
79585,13,10,44,28,0,2,2,0,0,2,NLD,0,1,0,,135,1,N
110652,232,4,17,28,0,2,2,0,0,2,CZE,0,4,0,,145,2,N
95383,161,8,34,14,2,3,3,0,0,3,ESP,0,4,1,,145.85,2,N
82263,44,1,1,2,2,1,2,0,0,2,PRT,0,1,0,,98,0,N
89788,79,5,22,24,0,2,2,0,0,2,FRA,0,1,0,,116.1,1,N
60442,54,11,46,11,0,2,2,0,0,2,GBR,0,1,0,,79.2,0,Y
67694,162,5,18,6,2,1,1,0,0,1,PRT,0,1,0,,80,0,Y
43094,12,9,38,14,1,3,1,0,0,1,PRT,0,1,0,40,65,0,Y
109950,34,4,16,16,2,2,2,0,0,2,DEU,0,1,0,,115.2,0,N
99953,256,10,43,16,2,3,2,0,0,2,DEU,0,1,0,333,100.75,0,N
107094,137,3,10,6,1,1,2,0,0,2,ISR,0,1,0,,80,1,N
117881,312,8,32,6,2,4,1,0,0,1,GBR,0,1,0,,107.1,1,N
118244,27,8,33,14,1,2,2,0,0,2,IRL,0,1,0,,160,3,N
50039,169,4,17,22,2,2,2,0,0,2,PRT,0,1,0,,106,0,Y
41022,0,8,33,11,0,0,2,0,0,2,PRT,0,1,1,,0,0,N
105587,60,2,6,8,0,4,2,0,0,2,GBR,0,1,2,,74.8,3,N
43656,69,9,39,22,0,2,2,0,0,2,ITA,0,1,0,,106,0,N
50591,148,5,19,5,0,3,2,0,0,2,DEU,0,1,0,,105.3,0,N
64210,14,3,9,2,0,3,2,0,0,2,PRT,0,1,0,,79.2,1,Y
68766,113,5,20,20,2,1,1,0,0,1,PRT,0,1,0,,190,0,Y
117295,4,7,31,31,1,1,1,0,0,1,PRT,0,1,0,40,65,1,N
109689,102,4,15,14,0,1,2,0,0,2,DEU,0,4,1,,139.5,1,N
71538,270,7,27,7,0,2,2,0,0,2,ITA,0,4,0,,154.8,1,Y
54981,146,8,32,1,1,5,2,1,0,3,ESP,0,1,0,,116.17,2,Y
77490,263,9,39,21,1,0,1,0,0,1,PRT,0,1,1,,59.5,0,N
48045,66,3,12,13,2,5,2,0,0,2,ESP,0,1,0,,85.38,0,Y
106931,41,3,9,2,0,3,2,0,0,2,GBR,0,1,0,,70,0,N
64303,204,3,10,5,1,0,2,0,0,2,BRA,0,1,0,,90,1,Y
111268,99,5,18,4,1,3,2,0,0,2,IRL,0,4,0,,135,2,N
44034,83,9,40,30,0,1,2,0,0,2,PRT,0,1,0,,112.2,0,N
86867,115,4,15,8,0,2,2,0,0,2,FRA,0,1,1,,65,1,N
69660,348,6,22,3,2,1,2,0,0,2,PRT,0,1,0,,90,0,Y
107947,24,3,11,15,1,4,2,0,0,2,FRA,0,4,0,,139.4,0,N
104579,0,1,3,16,1,1,1,0,0,1,IRL,0,1,5,,93,0,N
101928,60,11,47,18,0,2,2,0,0,2,ESP,0,1,0,,75,0,N
47518,51,2,9,25,0,3,2,0,0,2,GBR,0,1,0,,80.3,1,N
43898,87,9,39,25,2,3,2,0,0,2,PRT,0,1,0,,170,0,Y
45551,56,11,45,6,1,2,2,0,0,2,ESP,0,4,0,,60,1,N
111953,47,5,20,15,1,2,2,0,0,2,PRT,0,1,0,,164,2,N
60399,10,11,46,10,0,1,1,0,0,1,PRT,0,1,0,,120,0,Y
84417,1,2,9,25,0,1,1,0,0,1,PRT,0,1,0,,80,0,N
61625,35,12,52,20,0,2,2,0,0,2,JPN,0,1,0,,93.6,0,Y
112446,187,5,21,21,2,1,2,0,0,2,BEL,0,1,0,,159.9,3,N
104369,74,1,1,7,2,3,1,0,0,1,USA,0,4,1,,67,2,N
112596,208,5,21,24,0,2,2,0,0,2,DEU,0,1,0,,114.4,0,N
42310,23,9,36,4,2,2,2,1,0,3,PRT,0,4,0,,110.5,1,N
56458,230,9,37,6,0,5,2,0,0,2,PRT,0,1,0,,137,0,Y
52565,56,6,24,8,0,1,2,0,0,2,PRT,0,1,0,,120,0,Y
73783,279,7,30,23,0,2,2,0,0,2,PRT,1,1,0,,62.8,0,Y
112513,0,7,27,3,1,1,1,0,0,1,PRT,0,1,2,485,75,2,N
91279,140,6,25,15,0,4,2,0,0,2,CHE,0,1,0,,80.75,0,N
44767,79,10,41,10,1,1,2,0,0,2,ESP,0,1,0,,62,1,N
84791,5,3,9,1,0,1,1,0,0,1,PRT,1,1,1,219,89,1,N
66254,99,4,15,15,2,4,2,0,0,2,PRT,0,1,0,,105,0,Y
70841,233,6,25,23,1,2,2,0,0,2,PRT,0,1,0,,105,0,Y
71996,175,7,29,17,1,2,3,0,0,3,BEL,0,4,0,,152.1,0,Y
57224,440,9,39,22,0,1,1,0,0,1,PRT,0,1,0,,59,0,Y
76756,0,8,32,8,0,1,2,0,0,2,PRT,0,1,0,,85,0,N
106287,2,2,8,23,0,1,1,0,0,1,PRT,0,1,1,,85,0,N
83208,85,1,4,22,0,2,2,0,0,2,GBR,0,4,0,,66.6,0,N
98229,1,9,39,22,1,3,3,0,0,3,BRA,0,4,0,,198,0,N
93824,0,10,41,3,1,0,1,0,0,1,PRT,0,1,0,40,65,0,N
53237,245,6,25,17,0,2,2,0,0,2,PRT,0,1,0,,75,0,Y
87813,68,4,18,24,2,0,2,1,0,3,PRT,0,1,0,,117,2,N
54131,365,7,28,7,0,2,2,0,0,2,PRT,0,1,0,,62,0,Y
43451,74,9,38,18,0,2,2,0,0,2,PRT,0,1,0,,109,0,N
84028,8,2,8,16,0,2,2,0,0,2,ESP,0,1,0,,88,1,N
48452,81,3,13,23,1,4,2,0,0,2,SWE,0,4,0,,97.75,1,Y
51209,451,5,21,16,1,2,2,0,0,2,PRT,0,1,0,,60,0,Y
51710,158,5,22,24,0,2,1,0,0,1,PRT,0,1,0,,130,0,Y
96419,10,9,36,1,0,1,3,0,0,3,PRT,0,1,0,,124,2,N
73929,265,7,28,9,0,2,2,0,0,2,PRT,1,1,0,,62,0,Y
95554,32,8,34,20,0,1,2,0,0,2,GBR,0,1,2,,96.33,1,N
106938,167,3,9,2,0,3,2,0,0,2,FRA,0,1,0,,75,0,N
110803,168,4,17,29,2,1,2,0,0,2,DEU,0,1,0,,117,2,N
41255,39,8,33,14,0,2,2,0,0,2,DEU,0,1,0,,109,0,N
117504,0,8,31,3,0,2,2,0,0,2,RUS,0,1,0,,111.6,1,N
117791,148,8,32,7,1,2,2,1,0,3,CHE,0,1,0,,148.5,1,N
42417,61,9,36,5,2,2,2,0,0,2,ESP,0,1,2,,62,0,N
114352,12,6,25,20,0,1,2,0,0,2,DEU,0,1,0,,160,1,N
81382,8,12,50,9,0,1,1,0,0,1,FRA,0,1,0,,79,0,N
92313,130,6,27,28,1,5,3,0,0,3,BRA,0,1,4,,125.51,2,N
43211,167,9,38,16,0,4,2,0,0,2,PRT,0,4,0,,102,0,N
50814,75,5,20,9,1,1,2,0,0,2,LUX,0,1,0,,116.1,0,Y
116036,451,7,28,12,0,3,1,0,0,1,AUS,0,1,1,,91.33,1,N
78118,13,10,40,1,0,3,2,0,0,2,PRT,0,1,0,,176.67,1,N
68025,183,5,19,11,1,3,2,0,0,2,PRT,0,1,0,,130,0,Y
75666,290,8,32,3,1,3,2,0,0,2,PRT,1,1,0,,62,0,Y
83184,43,1,4,21,0,3,2,0,0,2,BEL,0,1,0,,60,0,N
65530,54,4,14,5,0,2,2,0,0,2,PRT,0,1,0,,110,0,Y
98139,174,9,39,22,0,3,1,0,0,1,DEU,0,1,0,,95.67,0,N
64584,52,3,11,13,1,1,1,0,0,1,PRT,0,1,0,,80,0,Y
74470,311,8,35,24,1,1,2,0,0,2,PRT,1,1,0,,62,0,Y
55137,218,8,32,6,0,1,2,0,0,2,FRA,0,1,0,,96.3,1,Y
42783,44,9,37,10,0,2,2,0,0,2,PRT,0,1,0,,126,0,Y
42815,44,9,37,10,0,2,2,0,0,2,PRT,0,1,0,,126,0,Y
70647,46,6,25,20,0,1,2,0,0,2,PRT,0,1,0,,90,0,Y
41539,1,8,34,18,0,1,2,0,0,2,PRT,0,1,0,,114,0,Y
80353,61,11,46,14,2,1,2,0,0,2,TUR,0,4,0,,81.9,2,N
116677,186,7,29,22,0,1,2,0,0,2,PRT,0,1,0,,89,1,N
48376,251,3,13,22,0,3,1,0,0,1,PRT,0,1,0,,90,0,Y
58814,164,10,43,16,1,0,1,0,0,1,PRT,0,1,0,,115,0,Y
79153,5,10,43,19,1,2,2,0,0,2,POL,0,1,0,,90,0,N
47605,1,2,10,28,2,1,1,0,0,1,PRT,0,1,0,,60,0,Y
50990,131,5,20,13,0,1,2,0,0,2,GBR,0,4,0,,114.3,1,Y
86736,64,4,15,4,1,3,2,0,0,2,PRT,0,1,0,,107.25,0,N
69625,111,6,22,2,1,2,2,0,0,2,BEL,0,1,0,,126,0,Y
107128,6,3,10,6,1,1,1,0,0,1,ESP,0,1,0,435,80,0,N
70545,12,6,25,18,1,0,2,0,0,2,PRT,0,1,0,,160,1,Y
68439,105,5,20,17,1,4,2,0,0,2,NOR,0,1,0,,120.6,0,Y
52966,71,6,25,14,0,3,1,0,0,1,PRT,0,1,0,,120,0,Y
83503,3,2,6,4,0,1,2,0,0,2,CHE,0,1,0,,93,1,N
88653,0,5,20,9,1,0,2,0,0,2,ITA,0,1,0,,89,0,N
75750,312,8,35,25,0,4,2,0,0,2,PRT,1,1,0,,62,0,Y
67045,232,4,17,27,2,3,0,2,0,2,POL,0,2,0,,103.05,3,Y
105595,24,2,6,5,2,5,1,0,0,1,MAR,0,1,1,407,75,0,N
63443,67,2,7,12,2,0,2,0,0,2,PRT,0,1,0,,80,0,Y
107624,7,3,11,15,0,1,1,0,0,1,ITA,0,4,0,174,95,0,N
56543,433,9,37,8,0,3,2,0,0,2,PRT,0,1,0,,70,0,Y
73362,162,8,33,19,1,1,2,0,0,2,PRT,0,1,0,,140,0,Y
81053,86,1,4,22,0,1,1,0,0,1,PRT,1,1,0,,75,0,Y
65944,85,4,15,10,1,3,2,0,0,2,FRA,0,1,0,,119.25,0,Y
115441,405,7,27,4,0,2,2,0,0,2,DEU,0,1,0,,114.4,0,N
116954,3,7,30,27,0,1,2,1,0,3,DEU,0,4,0,,210,1,N
59330,475,10,44,27,0,2,2,0,0,2,PRT,0,1,0,,62,0,Y
89949,41,5,22,28,1,1,2,0,0,2,CHE,0,4,0,,131.4,1,N
82213,317,9,37,9,1,2,2,0,0,2,PRT,1,1,0,,90,0,Y
101656,276,11,47,13,2,1,2,0,0,2,CHN,0,1,2,,60.29,3,N
64158,28,3,9,2,0,3,2,0,0,2,PRT,0,1,0,,95,0,Y
47466,13,2,9,23,0,1,3,0,0,3,CHE,0,4,0,,127,1,Y
88851,30,5,20,11,0,2,2,0,0,2,ESP,0,1,0,,116.1,1,N
41134,1,8,33,12,3,9,1,0,0,1,AGO,0,1,2,,75,0,N
78561,2,5,19,4,0,1,1,0,0,1,PRT,0,1,0,40,67,0,N
62092,101,1,1,1,2,2,2,0,0,2,ITA,0,1,0,,81.6,2,Y
110449,155,4,17,24,1,3,2,0,0,2,BRA,0,1,0,,135,1,N
45330,69,10,44,25,2,1,2,0,0,2,PRT,0,1,0,,85.67,0,N
81934,278,8,33,11,0,1,2,0,0,2,PRT,1,1,0,,65,0,Y
59080,74,10,43,21,0,2,2,0,0,2,ESP,0,4,0,,132.3,0,Y
96492,6,8,36,31,0,3,2,0,0,2,BEL,0,1,0,,119,1,N
83701,59,2,6,6,2,2,2,0,0,2,AUT,0,1,0,,62,0,N
42826,115,9,37,10,1,3,2,0,0,2,DEU,0,1,0,,89.25,0,N
75680,295,8,32,8,2,2,2,0,0,2,PRT,1,1,0,,62,0,Y
41018,0,8,33,10,2,5,2,0,0,2,TUN,0,1,0,,75,1,N
82861,68,2,8,17,0,2,2,0,0,2,PRT,1,1,0,,75,0,Y
114083,423,6,24,14,0,3,2,0,0,2,AUS,0,1,0,,112.67,1,N
107940,170,3,11,17,1,2,2,1,0,3,PRT,0,1,0,,86.4,1,N
61161,47,12,49,2,2,6,2,0,0,2,CPV,0,1,0,,88.4,1,Y
94963,221,8,33,12,0,1,1,0,0,1,DEU,0,1,0,,73,0,N
78145,224,10,40,2,1,2,2,0,0,2,FRA,0,1,0,,65,0,N
59204,202,10,43,22,2,1,2,0,0,2,DEU,0,4,0,,109.8,0,Y
74037,307,8,34,20,0,2,2,0,0,2,PRT,1,1,0,,62,0,Y
71753,209,7,28,11,0,4,2,0,0,2,PRT,0,4,0,,121.1,0,Y
84204,15,2,8,18,0,3,1,0,0,1,PRT,0,1,0,,86,0,N
57467,418,9,40,26,1,2,2,0,0,2,PRT,0,1,0,,75,0,Y
54778,230,7,31,26,0,3,0,2,0,2,BEL,0,2,0,,86.5,1,Y
49005,101,4,15,4,1,2,2,0,0,2,PRT,0,1,0,,80,0,Y
86332,80,3,13,26,2,4,2,0,0,2,DEU,0,1,0,,80.75,0,N
114502,140,6,25,19,1,3,2,0,0,2,DEU,0,1,0,,93.6,0,N
85786,5,3,12,19,2,1,2,0,0,2,USA,0,1,0,,93.33,0,N
81770,113,2,9,25,0,3,2,0,0,2,PRT,1,1,0,,75,0,Y
117689,122,8,31,5,2,1,2,0,0,2,USA,0,1,0,,80.1,0,N
93325,100,7,30,18,1,1,3,0,0,3,FRA,0,4,0,,137.7,2,N
78732,1,10,42,14,0,1,2,0,0,2,PRT,0,1,0,,114,0,N
71461,10,7,27,6,0,1,2,0,0,2,PRT,0,1,0,,138,1,Y
63882,6,2,8,24,0,2,3,0,0,3,ESP,0,4,0,,163,0,Y
52049,21,5,23,29,2,2,3,0,0,3,ITA,0,4,0,,130.9,0,Y
90431,191,6,23,3,1,2,2,0,0,2,PRT,0,1,1,,49.5,0,N
94725,177,8,32,5,2,2,2,0,0,2,ROU,0,1,0,,72.25,1,N
83095,191,4,16,10,2,0,2,0,0,2,PRT,3,1,0,,12,0,Y
56679,23,9,37,9,2,2,2,0,0,2,CHL,0,4,0,,135,0,Y
69230,183,5,22,28,2,0,2,0,0,2,DEU,0,4,0,,139.5,0,Y
111782,191,5,19,12,1,2,2,0,0,2,NLD,0,1,0,,137.1,1,N
99510,24,10,42,11,0,3,2,0,0,2,DEU,0,4,0,,160,0,N
64790,246,3,11,16,0,3,3,0,0,3,IRL,0,4,0,,122.4,0,Y
72444,141,7,30,28,1,2,2,0,0,2,FRA,0,1,0,,164.7,0,Y
87681,166,4,17,21,0,3,2,2,0,4,FRA,0,2,1,,73.6,2,N
95015,151,8,33,10,0,3,2,1,0,3,FRA,0,1,0,,130.5,2,N
90518,247,6,24,6,1,1,2,0,0,2,AUT,0,1,0,,115,1,N
47332,44,2,8,17,0,3,2,0,0,2,PRT,0,1,0,,75,0,Y
62840,59,1,4,23,1,1,2,0,0,2,PRT,0,1,0,,80,0,Y
105611,3,2,6,10,0,2,2,0,0,2,GBR,0,1,0,,88,3,N
92121,228,6,27,26,2,3,2,0,0,2,GBR,0,1,0,,77.23,1,N
99524,185,10,42,10,1,3,2,0,0,2,NLD,0,1,0,,113.4,2,N
103340,101,12,51,15,2,3,2,0,0,2,USA,0,7,0,,200,0,N
104912,9,1,3,21,2,2,1,0,0,1,USA,0,1,1,,65,0,N
88107,80,4,18,28,0,3,2,0,0,2,GBR,0,4,0,,130.2,1,N
89140,4,5,22,23,1,0,1,0,0,1,PRT,0,1,0,40,65,0,N
95892,12,10,42,12,0,2,1,0,0,1,PRT,0,1,0,40,65,1,Y
62700,559,1,3,19,0,1,1,0,0,1,PRT,0,1,0,,59,0,Y
78488,22,10,41,9,0,1,2,0,0,2,USA,0,1,0,,82.39,2,N
113964,99,6,24,11,2,2,2,0,0,2,SWE,0,1,0,,144,0,N
80628,53,11,47,18,0,3,1,0,0,1,PRT,0,1,1,,65,0,N
66812,156,4,17,26,0,3,2,0,0,2,PRT,0,1,0,,100,0,Y
50293,0,4,18,28,0,1,1,0,0,1,PRT,0,1,0,,45,2,Y
54401,132,7,29,14,2,4,2,1,0,3,FRA,0,1,0,,114.75,0,Y
117072,7,7,30,27,0,2,2,0,0,2,MEX,0,5,0,485,125,1,N
67203,110,4,17,29,2,1,2,0,0,2,POL,0,1,0,,120,1,Y
115378,462,7,26,1,2,3,2,0,0,2,AUS,0,1,1,,103.6,1,N
42021,17,8,35,29,2,4,1,0,0,1,PRT,0,1,1,,87.5,1,Y
90888,54,6,24,10,1,2,2,0,0,2,FRA,0,4,0,,111.11,1,N
68615,105,5,20,19,0,2,1,0,0,1,PRT,0,1,0,,160,0,Y
99891,13,10,43,17,1,2,2,0,0,2,NLD,0,1,0,,140,2,N
50847,298,5,20,10,0,2,2,0,0,2,NZL,0,1,0,,93,0,N
73582,71,8,34,26,2,2,2,0,0,2,ITA,0,5,0,,200,0,Y
50787,49,5,19,7,2,5,2,0,0,2,USA,0,1,0,,119.85,0,Y
103773,39,12,53,28,0,4,2,0,0,2,BEL,0,1,0,,192.95,0,N
100435,152,10,44,25,0,3,2,0,0,2,GBR,0,4,0,,95.2,0,N
108633,91,3,13,29,0,2,2,0,0,2,CN,0,1,0,,60.98,1,N
44731,174,10,41,10,1,1,2,0,0,2,PRT,0,1,0,,70,0,Y
106054,6,2,8,19,1,0,1,0,0,1,ITA,0,1,0,,72,0,N
60214,277,11,46,7,1,2,2,0,0,2,PRT,0,1,0,,100,0,Y
111193,19,5,18,6,1,1,2,0,0,2,CHE,0,1,0,,150,4,N
48037,67,3,12,13,2,2,2,0,0,2,GBR,0,1,0,,49.09,1,N
108812,190,3,13,29,0,4,2,0,0,2,FRA,0,1,0,,75,0,N
109616,29,4,15,11,0,3,2,0,0,2,DEU,0,1,0,,149,2,N
92858,152,7,29,11,1,1,2,0,1,3,CN,0,1,2,,119,2,N
87600,9,5,22,26,0,1,1,0,0,1,ITA,0,4,0,153,110,0,N
94254,272,7,31,28,2,3,2,0,0,2,DEU,0,1,0,,90.1,0,N
63505,38,2,7,12,2,2,2,0,0,2,FRA,0,1,0,,69.7,1,Y
63054,61,1,4,27,2,3,2,0,0,2,BRA,0,1,0,,88.4,2,Y
45111,84,10,42,16,1,2,2,0,0,2,NOR,0,1,0,,89.25,2,N
56339,420,9,36,3,2,2,2,0,0,2,PRT,0,1,0,,75,0,Y
85329,42,3,11,10,0,3,3,0,0,3,GBR,0,1,0,,83.61,1,N
92580,126,7,28,3,2,4,3,0,0,3,ESP,0,1,0,,131.47,0,N
102611,42,11,49,29,0,3,2,0,0,2,DEU,0,1,0,,104,2,N
78560,3,2,9,25,0,1,1,0,0,1,PRT,0,1,0,40,66,0,N
112801,179,5,21,25,1,3,2,0,0,2,AUT,0,1,0,,111,1,N
93479,4,7,30,19,0,3,1,0,0,1,BRA,0,5,0,278,147,0,N
70945,213,6,26,26,1,1,2,0,0,2,PRT,0,1,0,,115,0,Y
88346,28,8,33,16,0,1,1,0,0,1,PRT,0,1,0,40,77,1,N
111770,79,5,19,12,1,2,2,0,0,2,ITA,0,1,0,,120,1,N
56496,258,9,37,8,0,1,2,0,0,2,PRT,0,1,0,,65,0,Y
69791,95,6,23,6,0,4,2,0,0,2,GBR,0,1,0,,129.5,0,Y
41284,39,8,33,14,0,2,2,0,0,2,PRT,0,1,0,,101.5,0,Y
57552,40,9,40,27,0,2,2,0,0,2,CHN,0,4,1,,149.4,1,Y
40669,0,8,32,5,0,2,2,0,0,2,ITA,0,1,0,,75,0,N
72212,89,7,30,23,2,3,2,0,0,2,ITA,0,4,0,,155,1,Y
113426,17,6,23,5,1,1,3,0,0,3,NOR,0,4,0,,200,2,N
82410,1,12,53,29,0,1,1,0,0,1,PRT,0,1,0,,79,0,N
100084,26,10,43,21,0,2,2,0,0,2,FRA,0,1,0,,119,2,N
75427,327,9,37,9,0,2,2,0,0,2,PRT,1,1,0,,62,0,Y
102735,128,11,49,30,1,4,2,0,0,2,ALB,0,1,0,,79.2,0,N
72310,171,7,30,26,0,3,2,0,0,2,DEU,0,1,6,,132.5,1,Y
90573,247,6,24,6,1,1,2,0,0,2,DEU,0,1,0,,115,1,N
64028,11,2,9,26,2,2,2,0,0,2,NLD,0,1,0,,74.8,0,Y
87186,52,4,16,15,0,1,2,0,0,2,CHN,0,4,0,,127.8,0,N
58792,258,10,43,16,1,0,2,0,0,2,PRT,0,1,0,,110,0,Y
102851,8,12,50,7,0,1,1,0,0,1,PRT,0,1,0,,88,1,N
72015,263,7,29,17,1,4,2,0,0,2,DEU,0,1,0,,107.1,1,Y
52135,113,5,23,31,0,3,1,0,0,1,PRT,0,1,0,202,100,0,Y
90290,16,6,23,1,0,4,2,0,0,2,GBR,0,4,0,,135.8,0,N
98478,36,9,40,25,2,3,2,0,0,2,FRA,0,1,0,,123.84,2,N
81511,25,12,50,12,0,1,3,0,0,3,PRT,0,1,1,40,81,1,N
109567,185,4,15,13,0,1,2,1,0,3,CN,0,1,0,,117,2,N
66418,313,4,16,19,2,6,2,0,0,2,BRA,0,1,0,,109.8,0,Y
106231,8,2,8,20,1,2,2,0,0,2,DEU,0,4,0,,124,1,N
114380,1,6,25,20,0,1,1,0,0,1,AUT,0,4,0,153,110,0,N
114286,122,6,24,16,1,2,2,0,0,2,FIN,0,5,0,,153,0,N
46035,198,12,49,5,2,1,2,0,0,2,ESP,0,1,0,,90,0,Y
50279,295,4,18,28,0,2,2,0,0,2,PRT,0,1,0,,62,0,Y
93265,3,7,30,18,1,1,1,0,0,1,PRT,0,1,1,221,79,1,N
118231,141,8,33,15,0,2,2,0,0,2,NLD,0,1,0,,80.1,2,N
89060,81,5,21,15,2,0,2,0,0,2,PRT,0,1,0,,90,1,N
100074,44,10,43,18,0,5,2,0,0,2,DEU,0,4,0,,133.44,3,N
87270,74,4,16,13,0,4,2,0,0,2,DEU,0,1,0,,99.45,1,N
110689,3,4,17,27,1,3,2,0,0,2,RUS,0,1,0,,189,2,N
73829,300,8,33,13,0,2,2,0,0,2,PRT,1,1,0,,62.8,0,Y
74867,164,8,33,14,0,1,2,0,0,2,PRT,1,1,0,,60,0,Y
82475,46,12,52,26,2,3,2,0,0,2,DEU,0,1,0,,69,2,N
112608,208,5,21,24,0,2,2,0,0,2,DEU,0,1,0,,114.4,0,N
60508,294,11,46,12,2,3,2,0,0,2,BRA,0,1,0,,70.55,2,Y
76176,261,10,42,16,0,1,2,0,0,2,PRT,1,1,0,,120,0,Y
88711,21,5,20,9,1,1,2,0,0,2,FRA,0,1,0,,72.42,1,N
65313,67,3,13,31,0,2,2,0,0,2,ESP,0,1,0,,89.1,0,Y
46422,119,1,1,1,0,1,2,0,0,2,PRT,0,1,1,,74.25,0,Y
79499,26,7,29,11,1,0,1,0,0,1,PRT,1,1,1,40,65,0,Y
105265,0,2,5,3,0,1,2,0,0,2,PRT,0,1,3,,88,0,N
52371,59,6,23,4,1,1,2,0,0,2,CHN,0,4,0,,153.09,1,Y
91758,235,6,26,24,0,2,2,0,0,2,FRA,0,1,0,,65,1,N
83167,9,1,4,17,2,4,2,0,0,2,HRV,0,1,1,,83,1,N
60008,305,11,45,4,1,2,2,0,0,2,PRT,0,1,0,,89,0,Y
118494,0,8,34,20,1,0,1,0,0,1,PRT,0,1,0,,115,0,N
61123,163,12,49,2,0,2,2,0,0,2,FRA,0,1,0,,79.2,0,Y
85479,29,3,11,12,2,2,2,0,0,2,FRA,0,1,0,,68,0,N
76909,342,9,39,24,2,4,2,0,0,2,PRT,1,1,0,,170,0,Y
113195,135,6,22,1,0,3,2,0,0,2,PRT,0,1,0,,85,0,N
104339,65,1,3,21,1,1,2,0,0,2,BRA,0,1,0,,79.2,1,N
117924,207,8,32,10,0,2,2,0,0,2,GBR,0,1,0,,112.5,2,N
41455,1,8,34,16,2,1,2,0,0,2,FRA,0,1,0,,138,2,N
75324,304,8,34,17,1,1,1,0,0,1,PRT,1,1,0,,60,0,Y
98401,35,9,39,24,2,3,2,0,0,2,GBR,0,4,0,,139.14,1,N
60152,216,11,46,6,2,5,1,0,0,1,PRT,0,1,2,,172.23,0,Y
68627,105,5,20,19,0,2,1,0,0,1,PRT,0,1,0,,160,0,Y
111526,53,5,19,8,1,3,2,0,0,2,NLD,0,4,0,,168.08,2,N
61875,246,12,53,27,2,5,2,0,0,2,PRT,0,1,0,,58.36,1,Y
81301,10,12,49,5,2,1,2,1,0,3,ESP,0,1,0,,79.39,1,N
95924,11,8,35,25,0,1,2,0,0,2,DEU,0,4,0,,155,1,N
59280,144,10,44,25,0,5,3,0,0,3,BRA,0,4,0,,123.3,0,Y
53535,351,6,26,23,0,2,2,0,0,2,PRT,0,1,0,,62,0,Y
45218,61,10,43,24,0,1,1,0,0,1,PRT,0,1,0,,80.75,1,N
76924,342,9,39,24,2,4,2,0,0,2,PRT,1,1,0,,170,0,Y
81072,68,12,49,2,0,1,1,0,0,1,PRT,0,1,0,40,65,1,Y
97710,220,9,38,17,2,1,1,0,0,1,ITA,0,1,1,,128,0,N
114532,106,6,25,19,1,3,1,0,0,1,FRA,0,1,0,,117,1,N
67228,313,4,17,29,2,1,2,0,0,2,PRT,0,1,0,,90,0,Y
45880,98,11,48,23,1,5,2,0,0,2,LBN,0,1,4,,75,0,N
67404,152,5,18,3,0,3,2,0,0,2,PRT,0,1,0,,100,0,Y
51259,286,5,21,17,0,1,2,0,0,2,PRT,0,1,0,,65,0,Y
46018,135,12,49,5,2,1,1,0,0,1,PRT,0,1,1,,0,0,N
74864,164,8,33,14,0,1,2,0,0,2,PRT,1,1,0,,60,0,Y
49717,54,4,17,18,1,0,2,0,0,2,ISR,0,1,0,,85.5,0,Y
73001,0,8,32,12,0,1,2,0,0,2,PRT,0,4,0,,219,0,Y
53962,14,7,28,3,2,1,2,0,0,2,BRA,0,4,1,,187,0,Y
115325,34,7,27,3,1,0,2,0,0,2,CN,0,1,0,,98.1,3,N
66045,7,4,15,13,0,3,2,0,0,2,HKG,0,1,0,,160,1,Y
113981,41,6,23,8,2,5,2,0,0,2,FIN,0,1,0,,125.71,1,N
79269,28,10,44,29,0,1,1,0,0,1,PRT,1,1,0,,130,0,Y
74398,290,8,32,3,1,1,2,0,0,2,PRT,1,1,0,,62,0,Y
114545,1,6,25,20,0,4,2,0,0,2,ESP,0,4,1,,191.75,2,N
117391,89,7,31,31,1,2,2,0,0,2,BEL,0,1,0,,123.33,1,N
115427,405,7,27,4,0,2,2,0,0,2,DEU,0,1,0,,114.4,0,N
105492,124,2,6,5,2,3,3,0,0,3,FRA,0,4,0,,119,3,N
103682,0,12,53,28,0,1,2,2,0,4,CHL,0,7,0,,143,0,N
82400,302,10,41,6,0,3,2,0,0,2,PRT,1,1,0,,105,0,Y
47128,20,2,7,8,3,5,1,0,0,1,AGO,0,1,0,,86,1,Y
54950,132,7,32,31,2,5,3,0,0,3,ESP,0,4,0,,140.27,0,Y
64069,17,2,9,28,0,4,2,0,0,2,SAU,0,1,0,,74.8,0,Y
64691,37,3,11,15,0,2,2,0,0,2,PRT,0,1,0,,110,0,Y
114234,184,6,24,16,1,2,2,0,0,2,DEU,0,1,0,,89.1,1,N
109831,11,4,15,14,1,2,2,0,0,2,BEL,0,1,0,,124.5,0,N
56614,266,9,37,9,0,2,2,0,0,2,PRT,0,1,0,,105,0,Y
111720,318,5,19,12,1,2,3,0,0,3,ITA,0,4,0,,142.2,1,N
70493,150,6,24,17,2,3,1,0,0,1,PRT,0,1,0,,120,0,Y
43903,192,9,39,25,2,3,2,0,0,2,PRT,0,1,0,,102,0,N
110683,110,4,17,28,1,2,3,0,0,3,IRL,0,4,0,,166.5,0,N
99206,88,10,41,7,1,2,1,0,0,1,POL,0,1,1,,68,0,N
72835,152,8,32,7,1,5,2,1,0,3,FRA,0,1,0,,148.5,0,Y
41559,11,8,34,18,0,2,2,0,0,2,PRT,0,1,1,48,75,0,Y
70260,422,6,24,13,0,1,2,0,0,2,PRT,0,1,0,,90,0,Y
73784,279,7,30,23,0,2,2,0,0,2,PRT,1,1,0,,62.8,0,Y
57702,219,9,40,30,1,2,2,0,0,2,PRT,0,1,0,,120,0,Y
69532,16,6,22,1,0,3,2,0,0,2,ITA,0,1,0,,133.33,1,Y
50125,31,4,18,24,1,0,2,0,0,2,CHN,0,1,0,,94.5,0,Y
100217,386,10,44,23,2,0,2,0,0,2,DEU,0,1,0,,115,1,N
74643,374,10,44,26,1,1,2,0,0,2,PRT,1,1,0,,62,0,Y
65036,95,3,12,23,0,1,2,0,0,2,PRT,0,1,0,,79.2,0,Y
82200,3,12,52,21,1,1,2,0,0,2,PRT,0,2,0,,37.5,1,N
68322,104,5,20,15,1,2,1,0,0,1,PRT,0,1,0,,160,0,Y
69389,186,5,22,30,0,2,2,0,0,2,PRT,0,1,0,,130,0,Y
89863,2,5,22,27,0,1,3,0,0,3,PRT,0,4,0,,197,1,N
50340,443,4,18,29,0,1,1,0,0,1,PRT,0,1,0,,60,0,Y
82491,2,12,53,28,1,3,2,0,0,2,BEL,0,4,0,,101.53,0,N
73022,283,8,32,12,2,2,2,0,0,2,ITA,0,1,0,,107.1,0,Y
59634,75,10,45,30,2,0,2,0,0,2,PRT,0,1,0,,105,0,Y
78102,0,10,40,2,0,2,1,0,0,1,PRT,0,1,2,,145,0,N
119076,518,8,34,26,2,1,2,0,0,2,GBR,0,1,0,,112.67,1,N
97283,346,9,38,13,0,2,2,0,0,2,DEU,0,1,0,,115,1,N
44357,61,10,41,4,2,0,2,0,0,2,FRA,0,1,0,,91,0,N
64036,46,2,9,26,2,4,2,0,0,2,BRA,0,1,0,,74.8,2,Y
43047,18,9,38,13,2,2,2,0,0,2,SWE,0,1,0,,96,2,N
94894,112,8,33,9,0,3,3,0,0,3,SWE,0,4,0,,146.7,1,N
73169,15,8,33,16,0,1,2,0,0,2,DEU,0,1,0,,160,1,Y
95297,6,8,34,17,0,1,1,0,0,1,ESP,0,1,0,174,79,0,N
98554,1,9,40,29,0,3,1,0,0,1,CHE,0,4,0,,157.85,1,N
77039,262,11,46,9,1,2,2,0,0,2,PRT,1,1,0,,62.8,0,Y
54603,292,7,30,21,0,2,2,0,0,2,PRT,0,1,0,,109,0,Y
104332,8,1,1,7,2,2,2,0,0,2,FRA,0,1,0,,84.69,1,N
57096,30,9,39,18,2,3,2,0,0,2,PRT,0,5,0,277,170.63,1,Y
80807,53,12,53,28,1,2,2,0,0,2,PRT,1,2,0,,102.33,0,Y
68288,104,5,20,15,1,2,1,0,0,1,PRT,0,1,0,,160,0,Y
93342,5,7,30,20,0,1,2,0,0,2,PRT,0,1,0,,111,1,N
77590,0,3,13,21,1,1,1,0,0,1,PRT,0,1,0,40,65,0,N
104948,18,1,4,22,2,2,2,0,0,2,FRA,0,1,0,,68,1,N
74199,363,10,42,15,0,2,2,0,0,2,PRT,1,1,0,,62,0,Y
99316,28,10,42,10,1,1,2,0,0,2,CHE,0,1,0,,139,2,N
108173,116,8,34,21,1,2,1,0,0,1,ESP,0,4,3,,125,0,N
93251,112,7,29,11,3,5,2,0,0,2,NLD,0,1,0,,95.63,1,N
67380,21,5,18,3,0,1,2,0,0,2,PRT,0,1,0,,120,1,Y
97951,1,9,39,22,0,1,1,0,0,1,PRT,0,4,0,,210,1,N
98205,336,9,39,21,1,4,2,0,0,2,DEU,0,1,0,,78,0,N
68821,183,5,20,20,2,5,2,0,0,2,FRA,0,4,0,,139.11,0,Y
56547,190,9,37,8,0,3,2,0,0,2,FRA,0,1,4,,165.6,0,Y
87326,90,4,16,15,1,2,2,0,0,2,CHE,0,1,0,,96.3,1,N
42573,5,9,37,7,1,2,1,0,0,1,VEN,0,1,0,,78.03,0,N
52102,57,5,23,31,0,1,1,0,0,1,PRT,0,1,0,,120,0,Y
58111,154,10,41,6,0,2,2,0,0,2,IND,0,1,4,,118.8,1,Y
118687,159,8,34,20,2,2,2,0,0,2,FRA,0,1,0,,130.5,0,N
116533,151,7,29,19,0,3,2,0,0,2,GBR,0,1,0,,71.28,1,N
104213,4,1,1,5,0,3,2,1,0,3,ITA,0,4,0,,141.91,2,N
98271,5,9,40,26,1,0,2,0,0,2,PRT,0,1,0,40,84,0,N
75698,295,8,32,8,2,2,2,0,0,2,PRT,1,1,0,,62,0,Y
41815,14,8,35,24,1,3,2,0,0,2,ESP,0,1,0,,90,1,N
53673,146,6,27,27,1,1,2,0,0,2,ITA,0,1,0,,85.5,1,Y
112524,0,5,21,23,0,2,2,0,0,2,PRT,0,1,2,,180,0,N
61723,34,12,52,24,1,1,1,0,0,1,GBR,0,1,0,,96,0,Y
97061,240,9,37,10,1,1,2,0,0,2,ITA,0,1,0,,96,1,N
79871,34,12,50,8,0,2,1,0,0,1,PRT,1,1,0,,90,0,Y
94541,156,8,32,2,0,4,2,0,0,2,ESP,0,1,0,,99.45,0,N
81135,146,3,14,30,0,3,1,0,0,1,PRT,1,1,0,,80,0,Y
42111,145,8,36,31,1,2,2,0,0,2,ISR,0,1,0,,80,1,N
115658,18,7,27,8,0,1,2,0,0,2,PRT,0,5,1,,195,2,N
71831,156,7,28,13,0,3,2,0,0,2,FRA,0,4,0,,116.1,0,Y
55621,405,8,34,18,0,2,2,0,0,2,PRT,0,1,0,,62,0,Y
40491,25,7,31,27,1,1,2,0,0,2,ESP,0,1,0,,62,0,N
78785,21,10,42,12,1,3,2,0,0,2,FRA,0,4,0,,75,0,N
69923,169,6,23,8,0,3,2,0,0,2,PRT,0,1,0,,170,0,Y
92207,99,6,27,27,1,4,2,0,0,2,DEU,0,1,1,,94.35,1,N
78983,30,10,42,16,2,2,2,0,0,2,ESP,0,4,0,,118.58,1,N
95556,80,8,34,18,0,3,2,0,0,2,GBR,0,5,1,,168.3,1,N
104289,75,1,2,8,2,1,1,0,0,1,USA,0,4,0,,67,2,N
107551,20,3,11,13,1,1,1,0,0,1,ESP,0,1,0,,178,0,N
45908,84,11,48,27,1,2,2,0,0,2,PRT,0,1,0,,64,0,N
47980,8,3,11,11,1,2,2,0,0,2,FRA,0,4,0,,124,0,Y
42455,55,9,37,6,2,0,2,0,0,2,ESP,0,1,0,,75,0,N
41725,138,8,34,22,2,1,2,0,0,2,ITA,0,1,0,,94.5,0,Y
73200,136,8,33,16,0,4,2,0,0,2,ITA,0,4,0,,195,0,Y
118905,457,8,34,25,0,2,2,0,0,2,DEU,0,1,1,,122.4,1,N
115909,214,7,27,6,2,5,3,0,0,3,FRA,0,4,0,,156.6,2,N
52161,113,5,23,31,0,3,1,0,0,1,PRT,0,1,0,202,100,0,Y
75440,327,9,37,9,0,2,2,0,0,2,PRT,1,1,0,,62,0,Y
50923,286,5,20,11,0,4,2,0,0,2,AUT,0,1,1,,99,1,N
42000,145,8,35,29,2,1,1,0,0,1,ITA,0,1,1,,72.5,0,N
71651,226,7,28,9,2,1,2,0,0,2,PRT,0,1,0,,110,0,Y
106773,16,3,9,2,0,1,2,2,0,4,PRT,0,4,2,,64,0,N
105738,18,2,7,14,0,1,2,0,0,2,PRT,0,1,0,40,75,0,N
70030,34,6,23,8,0,3,2,0,0,2,PRT,0,1,0,,117.33,0,Y
83966,16,2,8,14,2,0,2,0,0,2,PRT,0,4,0,,104,3,N
71913,476,7,28,15,2,1,2,0,0,2,PRT,0,1,0,,112.67,0,Y
101784,32,11,46,12,2,4,2,0,0,2,DEU,0,1,0,,92.08,0,N
40304,20,7,30,22,0,2,2,0,0,2,PRT,0,1,0,,62,0,Y
46794,151,1,4,19,0,3,1,0,0,1,DEU,0,1,1,,71,0,N
114478,140,6,25,18,2,3,2,0,0,2,PRT,0,1,2,,100.8,3,N
66301,16,4,16,16,2,1,2,0,0,2,DEU,0,1,0,,115,2,Y
68759,420,5,20,20,2,1,2,0,0,2,PRT,0,1,0,,90,0,Y
76880,239,10,42,17,0,1,2,0,0,2,PRT,1,1,0,,60,0,Y
105723,27,2,7,12,2,1,2,0,0,2,FRA,0,1,0,,75,0,N
65309,114,3,13,31,0,2,2,0,0,2,FRA,0,1,0,,107.1,1,Y
66805,156,4,17,26,0,3,2,0,0,2,PRT,0,1,0,,100,0,Y
73008,143,8,32,12,2,1,2,0,0,2,BEL,0,1,0,,130.5,0,Y
48275,393,3,12,19,2,1,2,0,0,2,PRT,0,1,0,,70.53,0,Y
95106,65,8,33,12,1,2,2,0,0,2,FRA,0,1,0,,85,1,N
76058,364,10,42,16,0,2,2,0,0,2,PRT,1,1,0,,101.5,0,Y
119246,213,8,35,28,1,3,1,0,0,1,PRT,0,1,1,,104,0,N
99261,15,10,41,6,2,3,0,0,0,0,FRA,0,1,2,314,0,0,N
101956,64,11,47,18,1,2,2,0,0,2,FRA,0,1,0,,75,0,N
66105,178,4,15,14,1,2,2,1,0,3,PRT,0,1,0,,90.09,1,Y
67679,31,5,18,6,1,1,2,0,0,2,GBR,0,1,0,,169,1,Y
84810,6,3,10,2,0,2,1,0,0,1,DEU,0,1,0,,80,1,N
58297,111,10,42,10,1,0,1,0,0,1,PRT,0,5,0,,120,0,Y
63846,58,2,8,23,1,3,2,0,0,2,PRT,0,1,0,,78,0,Y
88589,103,5,19,5,1,3,2,0,0,2,PRT,0,4,0,,95.88,1,N
49267,268,4,15,8,2,3,2,0,0,2,PRT,0,1,0,,78,0,Y
64360,163,3,10,7,0,4,2,0,0,2,ITA,0,1,0,,74.8,1,Y
61961,151,12,53,29,0,3,2,1,0,3,ESP,0,1,0,,143.28,1,Y
80259,13,11,47,15,1,0,1,0,0,1,PRT,0,1,0,40,65,0,N
111182,0,5,18,6,0,1,3,0,0,3,AGO,0,5,0,,250,1,N
89057,7,5,21,16,1,0,1,0,0,1,ITA,0,1,0,,97,0,N
96395,121,8,35,26,2,5,3,0,0,3,FRA,0,6,0,,187,2,N
107561,1,3,11,14,0,1,1,0,0,1,ITA,0,1,0,,70.4,1,N
116286,25,7,28,14,1,2,3,0,0,3,GBR,0,4,0,,196.67,1,N
40891,16,8,32,8,2,2,2,0,0,2,ESP,0,1,0,,62,0,N
115958,170,7,28,9,2,2,3,0,0,3,AUT,0,4,0,,152.1,0,N
89805,91,5,22,22,2,2,2,0,0,2,FRA,0,1,0,,109.65,1,N
103631,93,12,53,25,2,2,3,0,0,3,FRA,0,4,0,,119,1,N
101046,4,11,45,5,0,1,2,0,0,2,GBR,0,1,0,,120,2,N
64058,121,2,9,27,1,3,2,1,0,3,BEL,0,6,0,,147.9,2,Y
108629,0,3,13,30,0,0,1,0,0,1,PRT,0,1,0,,0,0,N
105692,26,2,6,11,2,1,2,0,0,2,ESP,0,1,0,,75,0,N
69069,181,5,21,25,0,2,2,0,0,2,PRT,0,1,0,,130,0,Y
46928,39,1,5,27,0,3,2,0,0,2,IRL,0,4,0,,69.22,1,N
44355,29,10,41,4,2,0,2,0,0,2,DEU,0,1,0,,76.81,0,N
100576,229,10,44,27,0,3,2,0,0,2,GBR,0,1,0,,70.44,0,N
71283,255,7,26,1,2,1,2,1,0,3,ESP,0,1,0,,102.1,0,Y
86153,113,3,13,25,1,2,2,0,0,2,FRA,0,1,0,,58,1,N
108197,0,3,12,23,0,1,2,0,0,2,BEL,0,1,0,,89,0,N
52149,113,5,23,31,0,3,1,0,0,1,PRT,0,1,0,202,100,0,Y
56209,419,9,36,1,0,2,2,0,0,2,PRT,0,1,0,,62,0,Y
114891,0,6,26,27,0,1,2,0,0,2,FRA,0,1,0,,102,0,N
99453,82,10,42,9,2,2,2,0,0,2,GBR,0,4,0,,99.96,0,N
89728,0,5,22,24,0,1,2,0,0,2,PRT,0,1,0,255,125.1,0,N
85063,0,3,11,8,0,1,2,2,0,4,PRT,0,2,0,,83.03,0,N
116983,274,7,29,18,2,8,3,1,0,4,DNK,0,6,1,,204.6,1,N
79989,52,11,45,6,1,2,2,0,0,2,ESP,0,1,0,,79.2,2,N
101004,156,10,44,26,2,9,2,0,0,2,CN,0,4,3,,104.32,1,N
54553,49,7,30,20,0,2,2,1,0,3,ARG,0,6,0,,198.9,0,Y
78526,23,10,42,11,1,0,1,0,0,1,PRT,0,1,0,,114,1,N
70894,319,6,25,24,2,1,2,0,0,2,PRT,0,1,0,,90,0,Y
100888,87,10,45,31,1,2,2,0,0,2,BEL,0,1,0,,69.53,2,N
87144,98,4,16,12,0,3,3,0,0,3,FRA,0,4,0,,115.6,1,N
71286,260,7,26,1,2,1,2,0,0,2,AUT,0,2,0,,93.65,2,Y
85363,88,3,11,12,1,1,2,0,0,2,PRT,0,1,0,,58,0,N
46818,151,1,4,19,0,3,1,0,0,1,PRT,0,1,0,,80,0,Y
58392,314,10,42,12,0,3,2,0,0,2,PRT,0,1,0,,75,0,Y
44107,27,9,40,30,0,2,2,0,0,2,PRT,0,1,0,,108,0,Y
115345,199,7,27,2,2,1,2,1,0,3,ITA,0,1,1,,125.1,2,N
103354,24,12,52,18,2,1,1,0,0,1,NLD,0,1,0,,104,1,N
103600,81,12,52,23,2,3,3,0,0,3,ESP,0,4,0,,119,0,N
74496,325,9,37,7,1,1,2,0,0,2,PRT,1,1,0,,62,0,Y
84508,32,2,9,22,1,5,1,0,0,1,PRT,0,1,1,,49.67,1,N
56993,302,9,38,16,1,2,2,0,0,2,PRT,0,1,0,,100,0,Y
114884,168,6,25,23,2,3,2,0,0,2,GBR,0,4,0,,100.48,1,N
114941,7,6,26,27,0,2,1,0,0,1,NLD,0,1,0,,130,0,N
43075,12,9,38,14,1,2,2,0,0,2,ROU,0,1,0,,124,3,N
116698,423,7,29,22,1,1,1,0,0,1,DEU,0,1,1,,95.5,0,N
71106,368,6,26,28,0,3,2,0,0,2,PRT,0,1,0,,90,0,Y
113196,213,6,22,1,0,3,2,0,0,2,ITA,0,1,1,,107.1,1,N
103943,1,12,53,27,2,5,3,0,0,3,BRA,0,1,0,,86.43,1,N
110311,43,4,17,23,2,1,2,0,0,2,GBR,0,4,0,,145,0,N
80798,44,7,28,8,0,1,2,0,0,2,PRT,2,1,2,40,75,0,N
90644,18,6,24,8,0,1,2,0,0,2,TUR,0,1,0,,92.65,0,N
53727,77,6,27,28,0,1,2,0,0,2,PRT,0,4,0,,98.41,0,Y
58117,80,10,41,6,0,3,2,0,0,2,CHN,0,4,0,,119.07,0,Y
77351,191,4,16,10,2,0,2,0,0,2,PRT,13,1,0,,12,0,Y
118063,2,8,32,12,1,1,2,0,0,2,PRT,0,1,0,,180,1,N
101205,51,11,45,4,2,2,2,1,0,3,NLD,0,1,0,,148.75,1,N
43798,2,9,39,25,0,0,1,0,0,1,PRT,0,1,0,,0,0,N
87707,186,4,17,22,1,2,2,0,0,2,ITA,0,1,0,,80,0,N
110270,56,4,17,23,2,0,3,0,0,3,CHE,0,4,0,,180,1,N
91886,87,6,27,26,1,0,2,0,0,2,USA,0,1,0,,85.5,1,N
110741,106,4,17,26,1,4,1,0,0,1,NOR,0,1,1,,100.8,0,N
102470,1,11,49,28,1,0,2,0,0,2,FRA,0,1,0,,97,1,N
83066,50,1,3,14,0,3,2,0,0,2,FRA,0,1,0,,52,1,N
69493,174,6,22,1,0,2,2,0,0,2,PRT,0,1,0,,100,0,Y
60881,73,11,48,25,0,2,1,0,0,1,BEL,0,1,0,,88,2,Y
79496,1,4,15,6,0,1,1,0,0,1,PRT,0,1,0,40,67,0,N
79525,192,5,19,5,0,3,2,0,0,2,PRT,1,4,0,,115.2,1,Y
93296,62,7,30,17,2,1,2,0,0,2,FRA,0,1,0,,105.3,1,N
89723,98,5,21,21,2,2,2,0,0,2,BEL,0,1,0,,119.85,0,N
48717,7,3,14,28,1,3,2,0,0,2,ESP,0,1,0,,109,1,Y
42197,49,9,36,2,0,3,2,0,0,2,PRT,0,1,0,,76.5,0,Y
64757,107,3,11,15,2,4,2,0,0,2,ITA,0,1,0,,91.8,2,Y
53877,180,7,27,1,0,2,2,0,0,2,FRA,0,4,0,,105.3,0,N
63918,134,2,8,25,0,1,1,0,0,1,PRT,0,1,0,,75,0,Y
67066,206,4,17,28,0,2,2,0,0,2,AUT,0,4,0,,130.5,3,Y
118116,34,8,33,14,1,0,2,0,0,2,FRA,0,1,2,,160,2,N
70401,226,6,24,16,1,2,2,0,0,2,PRT,0,1,0,,105,0,Y
99893,159,10,43,16,2,2,2,0,0,2,GBR,0,1,0,,108,0,N
116454,60,7,29,19,0,1,3,0,0,3,NOR,0,4,0,,152,1,N
81729,109,2,9,21,2,1,2,0,0,2,PRT,1,1,0,,75,0,Y
43745,42,9,39,24,0,1,2,0,0,2,LBN,0,1,1,,85,1,N
76769,395,3,13,21,1,2,2,0,0,2,PRT,1,1,0,,62.8,0,Y
81946,272,8,32,5,0,1,2,0,0,2,PRT,1,1,0,,65,0,Y
67295,157,5,18,1,1,3,2,0,0,2,PRT,0,1,0,,130,0,Y
97736,92,9,39,19,1,0,2,0,0,2,DEU,0,1,0,,125.1,2,N
100585,178,10,44,26,0,4,2,0,0,2,DEU,0,1,0,,90.9,2,N
69411,186,5,22,30,0,2,2,0,0,2,PRT,0,1,0,,130,0,Y
115790,290,7,27,3,3,5,1,0,0,1,DEU,0,1,0,,99.9,1,N
74763,241,10,43,19,1,2,2,0,0,2,USA,0,1,0,,60,0,N
68654,175,5,20,19,1,2,2,0,0,2,PRT,0,1,0,,110,0,Y
57403,20,9,40,25,2,4,2,0,0,2,PRT,0,4,0,,127.2,3,Y
102068,215,11,48,21,1,1,1,0,0,1,SVK,0,1,0,233,75,0,N
57712,273,9,40,30,1,2,2,0,0,2,DEU,0,1,0,,106.2,0,Y
77999,3,9,39,24,2,4,0,0,0,0,ITA,0,1,0,,0,0,N
79757,0,11,45,3,0,1,1,0,0,1,ESP,0,1,0,,101,0,N
112541,14,5,21,23,0,2,2,2,0,4,GBR,0,6,1,,249,0,N
66573,82,4,16,21,2,2,3,0,0,3,ITA,0,4,0,,171,0,Y
107088,13,3,10,5,2,1,2,0,0,2,FRA,0,4,0,,122,0,N
45428,72,10,44,28,0,3,1,0,0,1,PRT,0,1,1,,75.33,0,N
105489,11,2,6,5,2,3,2,0,0,2,FRA,0,1,0,,75,0,N
73171,36,8,33,16,0,1,2,0,0,2,PRT,0,1,1,,100,0,Y
44972,102,10,42,16,0,2,2,0,0,2,DEU,0,1,0,,109,0,N
58243,48,10,42,9,2,0,2,0,0,2,ECU,0,4,0,,139.5,1,Y
82633,72,12,52,23,2,9,2,0,0,2,ROU,0,1,0,,58.91,1,N
76265,147,7,30,21,0,2,2,0,0,2,PRT,1,1,0,,75,0,Y
87542,95,4,17,20,0,2,2,0,0,2,AUT,0,1,0,,98,0,N
116683,16,7,29,21,1,2,2,0,0,2,GBR,0,1,0,,103.32,1,N
104643,34,1,3,18,0,1,1,0,0,1,ESP,0,1,0,,75,0,N
57423,24,9,40,26,1,1,2,0,0,2,CHN,0,1,0,,107.1,0,Y
53932,26,7,27,2,2,1,3,0,0,3,TUR,0,4,0,,187,0,Y
77440,23,10,41,7,0,1,1,0,0,1,PRT,1,1,1,,90,0,Y
106256,12,2,8,21,0,3,1,0,0,1,DEU,0,1,0,,76.33,0,N
109369,124,4,14,8,1,1,2,0,0,2,GBR,0,1,0,,99,1,N
102626,2,12,49,1,0,2,2,0,0,2,PRT,0,1,0,,142,2,N
58258,265,10,42,9,2,3,2,0,0,2,DEU,0,1,0,,100.3,0,Y
103182,217,12,50,5,3,7,2,0,0,2,BRA,0,1,0,,46.63,1,N
119131,278,8,34,25,2,3,2,0,0,2,DEU,0,1,0,,89.1,2,N
98310,29,9,40,25,2,1,2,0,0,2,ESP,0,1,0,,111.67,2,N
61068,49,12,49,1,1,3,2,0,0,2,ESP,0,1,0,,74.8,2,Y
96506,46,8,36,29,1,4,2,0,0,2,PRT,0,1,0,,100.62,0,N
71303,203,7,26,1,2,3,2,0,0,2,DEU,0,4,2,,120.6,1,Y
68773,113,5,20,20,2,1,1,0,0,1,PRT,0,1,0,,190,0,Y
83907,137,2,7,12,1,2,2,0,0,2,FRA,0,4,0,,102,0,N
56591,178,9,37,9,0,2,1,0,0,1,PRT,0,1,0,,135,0,Y
86371,39,3,14,31,0,2,2,0,0,2,FRA,0,1,1,,161.1,0,N
56515,426,9,37,8,0,2,2,0,0,2,PRT,0,1,0,,62,0,Y
82254,97,3,13,20,2,5,1,0,0,1,PRT,1,1,0,,79.43,0,Y
63441,67,2,7,12,2,0,2,0,0,2,PRT,0,1,0,,80,0,Y
92756,25,7,28,8,1,2,2,0,0,2,PRT,0,1,0,,85,0,N
104496,30,1,2,13,0,2,2,1,0,3,PRT,0,1,1,,136,0,N
109506,96,4,15,9,2,2,2,0,0,2,IRL,0,1,0,,99,0,N
113747,175,6,23,9,0,2,2,0,0,2,PRT,0,1,0,,130,0,N
93565,292,7,30,21,0,2,2,0,0,2,DEU,0,1,0,,115,0,N
69688,54,6,23,4,1,0,2,0,0,2,PRT,0,1,0,,89.1,1,Y
100481,4,10,44,25,0,3,2,0,0,2,PRT,0,1,0,,95,0,N
49924,39,4,17,20,1,4,3,0,0,3,POL,0,4,0,,139.5,0,Y
53873,179,7,27,1,0,2,2,0,0,2,PRT,0,1,0,,65,0,Y
97201,0,9,38,12,1,0,1,0,0,1,BEL,0,1,0,,159,1,N
101403,51,11,46,9,0,3,2,0,0,2,FRA,0,1,0,,75,0,N
63509,19,2,7,12,2,2,2,1,0,3,PRT,0,4,0,,90.71,0,Y
54938,139,7,32,31,2,2,2,0,0,2,FRA,0,4,0,,114.33,0,Y
41675,1,8,34,21,1,2,2,0,0,2,ESP,0,1,0,,90,0,N
92379,0,7,28,5,0,1,1,0,0,1,TUR,0,1,0,,135,1,N
103535,16,12,52,22,2,3,2,0,0,2,FRA,0,4,0,,77.53,0,N
63312,59,2,6,7,0,2,2,1,0,3,CHN,0,1,0,,102.06,2,Y
92403,107,6,27,28,2,6,2,0,0,2,PRT,0,1,0,,140.25,1,N
85712,115,3,12,18,0,2,2,0,0,2,PRT,0,1,0,,90,0,N
67242,114,4,17,29,2,5,3,0,0,3,POL,0,5,0,,184.57,1,Y
102113,215,11,48,21,1,1,1,0,0,1,ISL,0,1,0,233,75,0,N
43669,25,9,39,22,0,3,2,0,0,2,BRA,0,4,0,,107.03,1,N
71979,206,7,29,16,2,4,3,0,0,3,AUT,0,1,1,,145.1,0,Y
117840,306,8,32,7,1,3,1,1,0,2,BEL,0,2,1,,122.9,0,N
41090,2,8,33,12,0,1,2,0,0,2,FRA,0,1,0,,114,1,N
116200,44,7,28,15,0,1,2,1,0,3,NOR,0,1,0,,147.6,0,N
53131,344,6,25,16,0,2,2,0,0,2,PRT,0,1,0,,62,0,Y
63650,34,2,7,16,2,6,1,0,0,1,PRT,0,1,0,,61.52,0,Y
90669,118,6,24,6,1,2,1,0,0,1,TUR,0,1,0,,110,0,N
100891,28,10,44,29,2,3,2,0,0,2,FRA,0,1,0,,103.4,2,N
91466,123,6,25,16,2,4,2,0,0,2,GBR,0,1,0,,116.59,2,N
100663,36,10,44,28,1,2,2,0,0,2,ITA,0,1,0,,109,1,N
95312,43,8,34,15,1,2,2,1,0,3,PRT,0,1,0,,203.85,1,N
104639,32,1,3,16,1,2,1,0,0,1,ESP,0,1,2,,75,0,N
59199,71,10,43,22,1,1,2,0,0,2,PRT,0,4,0,,110.5,0,Y
112542,192,5,21,23,0,2,2,0,0,2,ISR,0,1,2,,117.1,2,N
73019,172,8,32,12,2,2,2,0,0,2,GBR,0,1,0,,130.5,1,Y
79607,11,10,43,23,2,5,1,0,0,1,BEL,0,4,1,,138.71,3,N
70164,30,6,24,11,2,2,1,0,0,1,GBR,0,1,0,,115,0,Y
69578,189,6,22,2,0,2,2,0,0,2,PRT,0,1,0,,100,0,Y
91831,192,6,26,24,0,2,1,0,0,1,SRB,0,1,0,,95,0,N
92059,2,6,27,29,0,1,1,0,0,1,PRT,0,1,0,238,65,0,N
88222,24,5,19,2,1,0,1,0,0,1,DEU,0,1,0,,124,1,N
104734,29,1,3,18,0,3,1,0,0,1,BEL,0,1,0,,65,0,N
45811,98,11,48,23,1,2,1,0,0,1,PRT,0,1,0,,70,0,Y
107607,25,3,11,13,1,2,2,0,0,2,FRA,0,1,0,,81.44,0,N
119020,206,8,34,23,1,4,2,1,0,3,ESP,0,1,0,,177.75,3,N
72254,344,7,30,24,1,5,2,0,0,2,HUN,0,1,0,,89.1,1,Y
73563,518,8,34,26,2,1,1,0,0,1,PRT,0,1,0,,80,0,Y
57677,10,9,40,30,0,1,1,0,0,1,ESP,0,4,0,,195,2,Y
85565,31,3,12,17,0,1,2,0,0,2,PRT,0,1,0,,71.1,1,N
115103,88,6,26,28,0,4,2,0,0,2,BRA,0,1,0,,120,1,N
100670,240,10,44,27,1,3,2,0,0,2,DNK,0,1,1,,90.95,2,N
111119,82,5,18,3,0,3,2,0,0,2,USA,0,1,0,,108,1,N
103520,4,12,53,26,1,0,2,0,0,2,PRT,0,1,0,,98,1,N
118685,184,8,33,17,2,5,3,0,0,3,FRA,0,4,0,,164.44,0,N
78331,2,12,52,21,0,2,1,0,0,1,PRT,3,1,0,40,67,0,N
58141,83,10,41,6,1,3,1,0,0,1,DEU,0,4,0,,132.3,0,Y
64108,601,3,9,2,0,2,2,0,0,2,PRT,0,1,0,,62,0,Y
49949,288,4,17,21,0,2,2,0,0,2,PRT,0,1,0,,62,0,Y
89379,0,5,21,20,0,1,2,0,0,2,BRA,0,1,0,,155,1,N
67951,35,5,19,10,0,1,2,0,0,2,PRT,0,1,0,,130,0,Y
61122,315,12,49,2,0,2,2,0,0,2,PRT,0,1,0,,52,0,Y
58954,68,10,43,18,0,3,2,0,0,2,NLD,0,4,0,,132.3,2,Y
85254,3,3,11,11,0,1,1,0,0,1,PRT,0,1,0,215,75,0,N
93011,136,7,29,10,2,4,2,0,0,2,BRA,0,1,0,,72.25,1,N
67730,407,5,18,6,2,1,2,0,0,2,PRT,0,1,0,,90,0,Y
47497,77,2,9,24,0,2,2,0,0,2,PRT,0,1,0,,64,0,Y
113477,61,6,23,4,2,2,2,0,0,2,SWE,0,4,0,,170,0,N
43835,56,9,39,25,2,2,2,0,0,2,PRT,0,1,0,,185,0,N
43918,87,9,39,25,2,3,2,0,0,2,PRT,0,1,0,,170,0,Y
74607,360,10,42,12,1,1,2,0,0,2,PRT,1,1,0,,62,0,Y
45739,89,11,48,23,1,2,2,0,0,2,PRT,0,1,0,,72.25,2,Y
40340,20,7,30,22,0,2,2,0,0,2,PRT,0,1,0,,62,0,N
48728,1,3,14,29,0,1,2,0,0,2,PRT,0,1,0,,89,1,Y
71112,368,6,26,28,0,3,2,0,0,2,PRT,0,1,0,,90,0,Y
65268,64,3,13,30,0,3,2,0,0,2,PRT,0,1,0,,72,0,Y
57052,315,9,38,17,1,1,2,0,0,2,PRT,0,1,0,,65,0,Y
86574,0,4,15,5,0,1,1,0,0,1,DEU,0,1,0,,84,0,N
82930,177,5,20,8,2,0,2,0,0,2,PRT,1,1,0,,121,0,Y
59616,65,10,45,30,1,0,2,0,0,2,CHN,0,1,0,,72.09,1,Y
44289,198,10,40,3,1,1,2,0,0,2,FRA,0,1,0,,60,0,N
104137,6,1,1,3,0,3,2,0,0,2,FRA,0,1,0,,90.1,1,N
87647,13,4,17,19,0,4,1,0,0,1,ESP,0,1,0,,95,0,N
76213,151,7,30,25,2,1,2,0,0,2,PRT,1,1,0,,86,0,Y
59558,287,10,44,29,2,1,2,0,0,2,BEL,0,4,0,,105.3,1,Y
63351,186,2,6,9,1,3,2,0,0,2,FRA,0,1,0,,85,0,Y
52257,330,6,23,2,0,2,2,0,0,2,PRT,0,1,0,,62,0,Y
80695,32,11,47,20,0,2,1,0,0,1,PRT,0,1,0,,73,0,N
84992,10,3,11,6,1,0,2,0,0,2,CHN,0,1,0,,93,0,N
46487,2,1,2,3,1,0,2,0,0,2,PRT,0,4,0,,79.6,0,N
104916,99,1,3,19,2,4,2,0,0,2,POL,0,1,0,,88.4,2,N
104573,81,1,3,17,0,1,2,0,0,2,DEU,0,1,0,,72.07,1,N
68876,99,5,21,22,1,1,2,0,0,2,GBR,0,4,0,,139.5,0,Y
67436,152,5,18,3,0,3,2,0,0,2,PRT,0,1,0,,100,0,Y
80585,1,11,47,20,4,10,1,0,0,1,PRT,0,4,3,,117.43,1,N
60369,277,11,46,7,1,2,2,0,0,2,PRT,0,1,0,,100,0,Y
118992,45,8,35,27,1,0,1,0,0,1,USA,0,1,0,,115,0,N
49360,24,4,16,11,1,3,2,0,0,2,ITA,0,4,0,,123.5,0,Y
82808,68,2,8,17,0,2,2,0,0,2,PRT,1,1,0,,75,0,Y
73238,92,8,33,17,0,2,2,0,0,2,BLR,0,1,0,,130,1,Y
89408,198,5,21,20,0,1,2,0,0,2,PRT,0,1,0,,65,0,N
105403,12,2,6,5,2,0,1,0,0,1,PRT,0,1,0,,60.06,0,N
110085,91,4,16,17,1,4,2,1,0,3,FRA,0,1,0,,137.5,0,N
86038,2,3,13,24,0,2,2,0,0,2,ESP,0,1,0,,134,1,N
89894,6,5,22,28,0,1,3,0,0,3,GBR,0,4,0,,202,1,N
66904,156,4,17,26,0,3,2,0,0,2,PRT,0,1,0,,100,0,Y
56485,258,9,37,8,0,1,2,0,0,2,PRT,0,1,0,,65,0,Y
94167,301,7,31,30,1,1,1,0,0,1,DEU,0,1,1,,90,0,N
67905,5,5,19,9,0,1,2,0,0,2,PRT,0,1,0,,90,0,Y
75257,297,8,33,10,1,1,2,0,0,2,PRT,1,1,0,,62,0,Y
64205,28,3,9,2,0,3,2,0,0,2,PRT,0,1,0,,95,0,Y
67074,94,4,17,28,1,2,2,0,0,2,FRA,0,1,0,,99,0,Y
81877,178,4,18,28,0,3,1,0,0,1,PRT,1,1,0,,110,0,Y
40687,119,8,32,5,0,2,2,0,0,2,ISR,0,1,0,,76.5,0,N
67916,316,5,19,9,0,2,3,0,0,3,USA,0,4,0,,142.2,1,Y
57626,447,9,40,29,0,2,2,0,0,2,PRT,0,1,0,,62,0,Y
112787,180,5,21,25,0,3,2,0,0,2,FRA,0,1,0,,108,2,N
102879,23,12,50,7,0,1,2,0,0,2,ESP,0,1,1,,88,2,N
104357,4,1,2,10,0,2,1,0,0,1,ESP,0,1,0,405,70,0,N
58172,443,10,41,7,0,2,2,0,0,2,PRT,0,1,0,,65,0,Y
92999,133,7,29,12,0,3,3,0,0,3,PRT,0,1,0,,137.7,2,N
111192,109,5,18,5,1,2,2,0,0,2,FRA,0,1,0,,85,0,N
53564,265,6,26,24,0,2,2,0,0,2,PRT,0,1,0,,109,0,Y
115390,405,7,27,4,0,2,1,0,0,1,DEU,0,1,1,,91.5,0,N
86887,10,4,15,9,1,1,2,0,0,2,PRT,0,1,0,,90,1,N
68945,209,5,21,23,0,4,2,0,0,2,BRA,0,1,0,,107.1,1,Y
95058,39,8,33,13,0,1,2,2,0,4,DEU,0,7,0,,223.76,1,N
92571,181,7,28,8,0,1,2,0,0,2,IRL,0,1,0,,85.5,1,N
75697,295,8,32,8,2,2,2,0,0,2,PRT,1,1,0,,62,0,Y
71558,240,7,27,7,0,2,2,0,0,2,ITA,0,1,0,,141.3,1,Y
101351,25,11,46,7,1,3,1,0,0,1,FRA,0,4,0,,146.2,0,N
94665,67,8,32,4,1,3,2,0,0,2,FRA,0,1,0,,135.9,1,N
113017,127,5,22,28,2,2,3,0,0,3,GBR,0,4,2,,171,1,N
65973,84,4,15,11,0,4,3,0,0,3,FRA,0,4,0,,166.5,0,Y
46461,150,1,1,2,2,1,2,0,0,2,PRT,0,1,0,,101,0,Y
96602,226,9,36,1,1,3,2,0,0,2,DEU,0,1,1,,80.75,1,N
57750,219,9,40,30,1,2,2,0,0,2,PRT,0,1,0,,120,0,Y
57519,250,9,40,26,1,3,2,0,0,2,PRT,0,1,0,,95,0,Y
104102,28,1,1,3,0,3,1,0,0,1,NLD,0,1,0,,96,1,N
107501,10,3,11,12,1,0,2,0,0,2,PRT,0,1,0,,40,0,N
103074,0,12,50,10,0,1,2,1,0,3,PRT,0,6,0,45,0,1,N
78168,224,10,40,2,1,2,2,0,0,2,FRA,0,1,0,,65,0,N
45361,116,10,44,27,0,3,2,0,0,2,NLD,0,1,0,,89.25,0,N
93587,226,7,30,22,0,2,2,0,0,2,USA,0,1,0,,76.5,1,N
50623,302,5,19,5,0,2,2,0,0,2,PRT,0,1,0,,62,0,Y
86173,24,3,13,26,2,1,2,0,0,2,DEU,0,1,0,,100,0,N
85052,35,3,10,3,2,3,2,0,0,2,GBR,0,1,0,,83.9,1,N
87666,66,4,17,23,0,1,2,0,0,2,FRA,0,1,0,,105.3,2,N
79355,38,10,43,23,1,2,2,0,0,2,PRT,0,4,1,,80,1,N
53124,37,6,25,16,0,1,2,0,0,2,GBR,0,1,0,,116.1,0,Y
77855,235,5,20,11,0,1,1,0,0,1,PRT,1,3,0,,112,1,Y
84943,0,3,10,2,0,4,1,0,0,1,MOZ,0,1,0,,99,0,N
49682,275,4,17,17,2,0,2,0,0,2,PRT,0,1,0,,110,0,Y
93464,0,7,30,18,1,3,2,0,0,2,DEU,0,1,0,,139,0,N
94205,301,7,31,30,1,1,1,0,0,1,DEU,0,1,1,,90,0,N
53401,31,6,26,20,1,1,2,0,0,2,KOR,0,4,0,,107.1,0,Y
111938,27,5,20,17,0,1,1,0,0,1,ESP,0,1,0,150,95,1,N
99327,181,10,42,11,0,1,1,0,0,1,ITA,0,1,0,,120,1,N
78352,23,10,41,4,2,2,2,0,0,2,ITA,0,1,0,,105,2,N
82246,97,3,13,20,2,5,1,0,0,1,PRT,1,1,0,,79.43,0,Y
76292,147,7,30,21,0,2,1,0,0,1,PRT,1,1,0,,64.5,0,Y
72953,112,8,32,10,1,3,3,0,0,3,DNK,0,1,0,,125,0,Y
46598,27,1,3,10,1,0,2,0,0,2,IRL,0,1,0,,89,1,N
49086,105,4,15,6,0,1,2,0,0,2,PRT,0,1,0,,75,0,Y
62137,138,1,1,2,1,3,3,0,0,3,ITA,0,4,0,,164.05,3,Y
46000,134,12,49,4,2,2,2,0,0,2,PRT,0,1,0,,65,0,Y
111563,123,5,19,8,1,4,2,0,0,2,NOR,0,1,0,,129.6,1,N
57454,418,9,40,26,1,2,2,0,0,2,PRT,0,1,0,,75,0,Y
70519,150,6,24,17,2,3,1,0,0,1,PRT,0,1,0,,120,0,Y
101106,47,10,45,30,2,5,2,0,0,2,FRA,0,1,0,,75,0,N
62546,38,1,2,14,0,1,1,0,0,1,PRT,0,1,0,67,75,0,Y
91771,265,6,26,24,0,2,2,0,0,2,DEU,0,1,0,,115,1,N
77680,18,10,41,4,2,1,1,0,0,1,PRT,1,1,0,,110,0,Y
89260,121,5,21,16,1,2,2,0,0,2,BEL,0,4,0,,123.3,1,N
53202,350,6,25,17,0,2,1,0,0,1,PRT,0,1,0,,130,0,Y
64842,120,3,11,17,1,2,2,0,0,2,BRA,0,1,0,,93.6,2,Y
68737,113,5,20,20,2,1,1,0,0,1,PRT,0,1,0,,190,0,Y
104953,3,1,4,23,1,2,2,0,0,2,PRT,0,1,0,,75,0,N
53354,58,6,25,18,1,1,2,0,0,2,GBR,0,1,0,,116.1,0,Y
56486,426,9,37,8,0,1,1,0,0,1,PRT,0,1,0,,59,0,Y
50404,148,4,18,29,2,7,2,0,0,2,FRA,0,1,0,,71.37,0,N
118380,27,8,33,15,0,4,2,0,0,2,GBR,0,1,0,,169,1,N
57852,180,10,40,1,2,1,2,0,0,2,IRL,0,1,0,,108.9,0,Y
96334,8,8,36,31,0,1,2,2,0,4,ESP,0,5,0,,177.13,0,N
57332,112,9,39,23,1,2,2,0,0,2,DEU,0,1,0,,134.1,1,Y
47851,60,3,10,5,2,6,1,0,0,1,PAK,0,1,0,,63.75,0,Y
70517,150,6,24,17,2,3,1,0,0,1,PRT,0,1,0,,120,0,Y
95980,142,8,35,24,0,3,2,0,0,2,SWE,0,1,2,,108.3,0,N
53054,239,6,25,15,0,2,2,0,0,2,PRT,0,1,0,,112.2,0,Y
54653,101,7,30,22,0,2,2,0,0,2,ITA,0,4,0,,123.3,0,Y
90847,66,6,24,9,1,3,2,0,0,2,SWE,0,1,0,,126.9,1,N
53874,44,7,27,1,0,2,3,0,0,3,BEL,0,4,0,,150.3,0,Y
119018,206,8,34,23,1,4,2,1,0,3,ESP,0,1,0,,177.75,3,N
55680,291,8,34,19,0,2,2,0,0,2,PRT,0,1,0,,115,0,Y
73258,101,8,33,17,1,3,2,0,0,2,GBR,0,1,0,,125,1,Y
42004,145,8,35,29,2,1,1,0,0,1,ITA,0,1,0,,36.25,0,N
43737,34,9,39,23,0,3,2,0,0,2,PRT,0,1,0,,224.67,0,N
78396,1,4,16,10,2,1,1,0,0,1,PRT,0,1,0,40,65,1,N
115972,11,7,28,10,1,2,2,0,0,2,FRA,0,1,0,,111.47,0,N
112433,122,5,21,21,2,1,1,0,0,1,NLD,0,1,0,,117,1,N
66322,34,4,16,17,1,1,1,0,0,1,USA,0,1,0,,129,0,Y
65702,69,4,14,6,0,3,1,0,0,1,PRT,0,1,0,197,85,0,Y
60260,277,11,46,7,1,2,2,0,0,2,PRT,0,1,0,,100,0,Y
103249,292,12,51,13,0,4,2,0,0,2,ITA,0,4,0,,81.6,1,N
46692,18,1,3,15,2,3,2,0,0,2,IRQ,0,1,1,,89,1,N
96504,2,9,36,2,0,1,2,2,0,4,PRT,0,6,0,,258,1,N
81546,218,6,24,9,0,2,2,0,0,2,PRT,1,1,0,,135,0,Y
107996,21,3,12,19,2,0,2,0,0,2,PRT,0,4,0,,94.4,1,N
87520,47,4,17,18,1,2,2,0,0,2,PRT,0,5,0,,132.9,1,N
117385,195,7,31,31,1,2,2,0,0,2,PRT,0,1,0,,104.4,0,N
118188,203,8,32,7,3,6,2,0,0,2,BEL,0,1,0,,80.1,0,N
118809,22,8,34,24,0,2,2,0,0,2,POL,0,1,0,,149.5,1,N
90703,0,6,24,8,0,2,1,0,0,1,FRA,0,1,0,,110,0,N
89934,13,5,23,29,1,0,2,0,0,2,PRT,0,1,0,,94.35,1,N
89045,93,5,20,12,2,3,3,0,0,3,DEU,0,1,1,,150.45,3,N
76820,0,2,8,16,0,1,1,0,0,1,PRT,2,1,0,40,65,0,N
68955,20,5,21,24,0,1,2,0,0,2,PRT,0,1,0,,120,0,Y
47613,1,2,10,28,2,1,1,0,0,1,PRT,0,1,0,,60,0,Y
64441,91,3,10,9,1,3,2,0,0,2,BEL,0,1,0,,74.8,0,Y
55229,99,8,33,8,1,2,3,0,0,3,ESP,0,4,1,,166.4,2,Y
117370,263,8,31,1,0,2,3,0,0,3,ESP,0,1,3,,130.63,0,N
74547,339,9,39,21,1,1,2,0,0,2,PRT,1,1,0,,62,0,Y
93018,131,7,29,11,1,4,1,0,0,1,GBR,0,1,0,273,101.15,1,N
89027,3,5,20,12,2,3,2,0,0,2,CN,0,1,0,,121,0,N
84081,22,2,7,13,2,4,1,2,0,3,PRT,0,1,0,,108.5,0,N
95749,0,8,35,23,0,1,2,0,0,2,USA,0,1,0,,139,0,N
94667,159,8,32,4,1,3,2,0,0,2,FRA,0,1,0,,93.5,1,N
108273,35,3,12,22,0,3,2,0,0,2,ESP,0,4,0,,125.33,0,N
49391,72,4,16,12,0,3,2,0,0,2,FRA,0,1,0,,105.3,0,Y
73786,279,7,30,23,0,2,2,0,0,2,PRT,1,1,0,,62.8,0,Y
65457,38,4,14,3,1,4,2,0,0,2,DEU,0,1,0,,140,0,Y
63014,566,1,4,26,0,2,2,0,0,2,PRT,0,1,0,,62,0,Y
100978,67,11,45,1,0,4,2,0,0,2,IRL,0,1,0,,93.6,3,N
84677,18,2,10,28,2,1,1,0,0,1,EGY,0,4,0,,145,1,N
60936,95,11,48,26,1,1,3,0,0,3,IRL,0,4,0,,126,1,Y
114662,116,6,25,22,0,3,2,0,0,2,SWE,0,1,0,,99,2,N
48229,18,3,12,19,1,1,2,0,0,2,ITA,0,1,0,,109,0,Y
78676,0,10,42,13,0,1,2,0,0,2,PRT,0,1,0,,114,1,N
80488,25,12,50,8,0,2,1,0,0,1,PRT,1,1,0,,90,0,Y
56081,51,8,36,28,2,3,2,0,0,2,GBR,0,4,0,,123.3,1,Y
77331,32,10,43,18,2,2,2,0,0,2,PRT,1,1,0,,96.3,2,Y
65222,73,3,13,29,0,3,2,0,0,2,GBR,0,4,0,,144,0,Y
101669,0,11,47,15,0,1,1,0,0,1,PRT,0,1,1,,88,0,N
41650,7,8,34,20,1,3,2,1,0,3,PRT,0,1,0,,119.5,1,Y
81002,86,1,4,22,0,1,2,0,0,2,PRT,1,1,0,,85,0,Y
57774,179,9,40,30,2,2,2,0,0,2,FRA,0,1,0,,113.4,0,Y
83418,81,1,5,29,1,2,2,0,0,2,KOR,0,2,0,,62.37,2,N
50937,309,5,20,12,0,2,2,0,0,2,PRT,0,1,0,,62,0,Y
113529,21,6,23,6,0,3,1,0,0,1,FRA,0,1,0,,120,1,N
114356,6,6,25,19,1,1,1,0,0,1,NLD,0,1,0,,144,0,N
115936,27,7,28,9,2,2,2,1,0,3,DEU,0,1,0,,104,0,N
62576,2,1,3,15,2,3,1,0,0,1,BEL,0,1,0,153,79,0,Y
61514,58,12,51,15,0,3,2,0,0,2,LUX,0,1,0,,79.2,1,Y
73183,84,8,33,16,0,3,2,0,0,2,GBR,0,1,0,,130,1,Y
100161,84,10,43,21,1,2,2,0,0,2,DEU,0,1,0,,80.75,2,N
114190,156,6,24,15,0,3,2,0,0,2,NLD,0,5,2,,162,1,N
46003,112,12,49,4,2,2,2,0,0,2,ESP,0,1,0,,52.85,1,N
66235,87,4,15,15,2,2,2,0,0,2,PRT,0,1,0,,95,0,Y
58782,286,10,43,16,1,0,2,0,0,2,PRT,0,1,0,,90,0,Y
59512,229,10,44,28,1,2,3,0,0,3,DEU,0,4,0,,128.7,0,Y
102783,8,12,49,3,2,1,2,2,0,4,ESP,0,5,0,,185.33,1,N
48769,112,3,14,30,0,2,2,0,0,2,PRT,0,1,0,,64,0,Y
50836,134,5,20,9,1,4,2,0,0,2,FRA,0,1,0,,76.58,1,N
94603,92,8,32,1,1,5,2,0,0,2,ESP,0,1,0,,116.1,0,N
102621,0,12,49,1,0,2,1,0,0,1,FRA,0,1,0,,96,1,N
76283,147,7,30,21,0,2,2,0,0,2,PRT,1,1,0,,75,0,Y
65253,629,3,13,30,0,2,2,0,0,2,PRT,0,1,0,,62,0,Y
97965,57,9,39,21,0,2,2,0,0,2,GBR,0,1,0,,101.52,0,N
84622,24,2,9,27,2,1,2,0,0,2,DEU,0,4,0,,48.67,0,N
76848,204,8,33,12,0,4,2,0,0,2,PRT,0,1,0,,76.5,3,N
92390,21,7,28,5,0,1,1,0,0,1,FRA,0,1,0,91,84,0,N
116908,147,7,30,24,1,2,2,0,0,2,GBR,0,1,0,,80.1,0,N
91035,8,6,25,14,0,1,2,0,0,2,ECU,0,1,0,,101,2,N
58224,113,10,41,8,2,2,2,2,0,4,ESP,0,6,0,,190.8,1,Y
91877,192,6,26,24,0,2,1,0,0,1,SRB,0,1,0,,95,0,N
67974,316,5,19,10,0,2,2,0,0,2,PRT,0,1,0,,109.8,1,Y
74648,374,10,44,26,1,1,2,0,0,2,PRT,1,1,0,,62,0,Y
78186,18,10,40,2,2,2,2,0,0,2,FRA,0,1,0,,111.75,0,N
59936,64,11,45,3,1,3,2,0,0,2,CN,0,4,0,,106.2,1,Y
76079,364,10,42,16,0,2,2,0,0,2,PRT,1,1,0,,101.5,0,Y
66383,68,4,16,18,0,4,2,0,0,2,ITA,0,4,0,,135,0,Y
119106,14,8,34,24,2,3,2,0,0,2,GBR,0,1,0,,125.6,1,N
46491,31,1,2,3,1,0,2,0,0,2,BRA,0,2,4,,71.52,1,N
109280,84,4,14,6,0,3,2,0,0,2,GBR,0,4,0,,127.8,3,N
84151,15,2,8,19,0,1,1,0,0,1,PRT,0,1,0,67,81,0,N
66959,110,4,17,26,1,4,3,0,0,3,NOR,0,1,0,,100.8,0,Y
108108,1,3,12,22,0,1,1,0,0,1,GBR,0,1,0,,89,1,N
95416,210,8,34,18,0,1,1,0,0,1,AUT,0,1,0,,96.3,0,N
54890,188,7,31,28,2,5,2,0,0,2,BGR,0,1,0,,90.95,0,Y
55248,128,8,33,8,1,4,2,0,0,2,FRA,0,1,4,,119.7,0,Y
42968,168,9,37,11,0,2,2,0,0,2,PRT,0,1,0,,60,0,N
70202,34,6,24,12,1,0,2,0,0,2,NLD,0,1,0,,140,2,Y
81910,181,5,19,5,2,4,2,0,0,2,PRT,1,1,0,,90,0,Y
51048,273,5,20,13,1,2,2,0,0,2,PRT,0,1,0,,95,0,Y
68733,420,5,20,20,2,1,2,0,0,2,PRT,0,1,0,,90,0,Y
96488,42,8,36,30,0,4,3,0,0,3,BEL,0,4,0,,142.2,2,N
97709,95,9,38,13,2,5,2,0,0,2,IRL,0,4,0,,183.6,1,N
72045,287,7,29,18,0,3,2,0,0,2,PRT,0,1,0,,90,0,Y
52314,177,6,23,3,0,2,2,0,0,2,PRT,0,1,0,,100,0,Y
42332,0,9,36,5,0,1,2,0,0,2,ESP,0,1,0,,143,0,N
77116,219,9,36,4,1,2,1,0,0,1,SWE,0,1,0,,76.67,0,N
115962,46,7,28,10,1,2,2,0,0,2,NOR,0,1,0,,120,2,N
112757,159,5,21,24,0,4,2,0,0,2,FRA,0,1,4,,129.6,0,N
47091,38,2,6,6,2,2,2,0,0,2,NLD,0,1,0,,53.97,2,N
81777,113,2,9,25,0,3,2,0,0,2,PRT,1,1,0,,75,0,Y
82529,96,12,53,27,2,3,2,1,0,3,FRA,0,4,0,,75,1,N
63731,234,2,8,19,2,1,2,0,0,2,AUS,0,1,0,,90,1,Y
94711,151,8,32,5,1,2,2,0,0,2,DEU,0,1,0,,72.25,0,N
86085,10,3,13,22,0,5,2,0,0,2,DEU,0,4,0,,160,0,N
112537,21,5,21,21,2,2,2,0,0,2,NLD,0,1,0,,110,1,N
108726,186,3,12,25,2,5,2,0,0,2,DEU,0,1,0,,68,0,N
70532,239,6,24,17,2,4,2,0,0,2,ROU,0,1,0,,99,0,Y
97314,346,9,38,13,0,2,1,0,0,1,DEU,0,1,1,,90,0,N
62057,280,12,53,31,2,1,2,0,0,2,ROU,0,1,0,,86.7,0,Y
84860,6,3,10,4,0,1,3,0,0,3,FRA,0,1,0,,140,0,N
93014,25,7,29,12,0,4,2,0,0,2,IRL,0,1,0,,84,0,N
41768,12,8,35,23,2,2,2,0,0,2,ESP,0,1,0,,99,3,N
115186,169,7,27,2,1,0,2,0,0,2,HUN,0,1,0,,107.1,0,N
103899,356,1,1,1,1,0,2,0,0,2,GBR,0,4,0,,87.3,3,N
68637,105,5,20,19,0,2,1,0,0,1,PRT,0,1,0,,160,0,Y
85378,13,4,16,15,0,1,2,0,0,2,PRT,0,1,3,,125,0,N
89361,0,12,52,21,0,0,0,0,0,0,PRT,2,1,0,,0,2,N
96426,0,8,35,26,2,5,2,0,0,2,FRA,0,4,0,,159,0,N
115118,103,7,26,1,0,1,3,0,0,3,ESP,0,5,0,,198,0,N
108404,2,3,12,25,0,1,2,0,0,2,PRT,0,1,0,,98,2,N
105219,0,2,5,2,0,0,1,0,0,1,PRT,0,1,1,,0,1,N
73257,151,8,33,17,1,3,2,0,0,2,BEL,0,4,0,,139.5,0,Y
83493,12,2,6,3,0,2,1,0,0,1,PRT,0,6,0,,86,0,N
65598,77,4,14,5,1,4,2,0,0,2,CZE,0,4,0,,126,2,Y
101146,38,11,45,4,1,2,2,0,0,2,SWE,0,4,0,,118,2,N
61201,23,12,50,4,2,0,1,0,0,1,ESP,0,1,0,,96,1,Y
97265,82,9,37,5,3,7,2,0,0,2,DEU,0,4,0,,90.95,0,N
56278,71,9,36,2,1,2,2,1,0,3,POL,0,1,0,,152.1,2,Y
90131,16,5,23,29,2,3,2,0,0,2,FRA,0,1,0,,110.75,0,N
117545,148,7,30,29,2,6,2,0,0,2,FRA,0,1,0,,121.88,1,N
116507,150,7,29,19,0,2,2,0,0,2,BEL,0,1,0,,98.1,1,N
90572,247,6,24,6,1,1,2,0,0,2,DEU,0,1,0,,115,1,N
81025,86,1,4,22,0,1,2,0,0,2,PRT,1,1,0,,85,0,Y
115505,15,7,27,6,0,1,1,0,0,1,FRA,0,1,1,,125,0,N
79280,37,10,43,22,0,2,2,0,0,2,ITA,0,4,0,,105.3,2,N
56435,60,9,37,5,1,5,2,0,0,2,ITA,0,4,0,,132.45,1,Y
95565,115,8,34,14,2,5,3,0,0,3,RUS,0,4,0,,144.13,3,N
72710,92,8,31,3,2,3,2,0,0,2,FRA,0,1,0,,183,1,Y
56545,183,9,37,8,0,3,2,0,0,2,PRT,0,1,0,,110,0,Y
117916,143,8,32,8,0,4,2,1,0,3,GRC,0,1,0,,155.25,1,N
41564,1,8,34,18,0,4,2,0,0,2,ITA,0,1,0,,109.8,0,N
48881,89,4,14,1,0,2,2,0,0,2,DEU,0,1,0,,87.3,1,N
113182,118,5,22,29,1,5,2,0,0,2,LTU,0,1,0,,145.67,2,N
108275,30,3,12,24,0,1,1,0,0,1,FRA,0,1,1,,90,0,N
97655,31,9,38,16,1,2,2,0,0,2,DEU,0,1,0,,75,0,N
44419,97,10,41,5,1,3,1,0,0,1,PRT,0,1,0,,140,0,Y
103126,93,12,50,10,1,1,2,0,0,2,PRT,0,1,0,,68,1,N
100108,90,10,43,19,0,4,3,0,0,3,FRA,0,1,0,,105.4,0,N
46531,28,1,2,4,1,3,2,0,0,2,ESP,0,1,0,,87,1,N
66579,169,4,16,21,2,3,2,1,0,3,FRA,0,1,0,,117,1,Y
71130,368,6,26,28,0,3,2,0,0,2,PRT,0,1,0,,90,0,Y
58940,72,10,43,18,0,2,2,0,0,2,ISR,0,1,0,,108,1,Y
74618,367,10,43,19,1,1,2,0,0,2,PRT,1,1,0,,62,0,Y
100242,386,10,44,23,2,0,2,0,0,2,DEU,0,1,0,,115,1,N
46349,1,12,53,30,0,3,2,0,0,2,FRA,0,1,0,,127,1,N
108452,15,3,13,26,2,0,1,0,0,1,FRA,0,1,2,,108,0,N
81794,117,2,10,29,1,2,2,0,0,2,PRT,1,1,0,,75,0,Y
105616,98,2,6,9,0,3,2,0,0,2,GBR,0,1,0,,79.2,2,N
64472,56,3,10,10,1,2,2,0,0,2,NLD,0,1,0,,97.2,0,Y
87377,45,4,17,17,2,0,1,0,0,1,PRT,0,1,0,,99,0,N
110618,28,4,17,29,0,1,2,0,0,2,HKG,0,1,0,,115,3,N
113020,143,5,22,29,1,2,3,0,0,3,GBR,0,4,0,,175.5,0,N
100314,22,10,44,25,0,1,1,0,0,1,PRT,0,1,0,,95,0,N
53861,49,7,27,1,0,2,2,0,0,2,RUS,0,1,0,,107.1,0,Y
50750,140,5,19,7,0,1,2,2,0,4,ESP,0,6,0,,177.3,0,Y
87760,40,4,17,22,1,2,2,1,0,3,ESP,0,4,0,,128.4,0,N
73389,143,8,34,20,2,1,2,0,0,2,ESP,0,1,0,,125,0,Y
86148,81,3,13,25,1,2,2,0,0,2,PRT,0,1,1,,65,0,N
54687,199,7,30,23,2,1,2,0,0,2,NOR,0,4,2,,105.3,2,N
106578,34,2,8,23,1,3,2,0,0,2,DEU,0,4,2,,100.3,0,N
64244,8,3,9,2,2,6,2,2,0,4,PRT,0,6,0,,255,0,Y
41223,39,8,33,14,0,2,2,0,0,2,DEU,0,1,0,,109,0,N
97966,1,9,39,22,0,1,2,0,0,2,DEU,0,4,0,,107,0,N
55807,22,8,35,21,2,3,3,0,0,3,DZA,0,4,0,,191,0,Y
88789,8,7,29,20,0,1,1,0,0,1,PRT,1,4,0,219,104,2,N
102864,19,12,50,5,1,2,2,0,0,2,FRA,0,1,0,,104,1,N
87902,81,4,18,24,2,2,2,0,0,2,CHE,0,4,1,,111.78,1,N
93006,150,7,29,11,1,3,1,0,0,1,FRA,0,4,0,,109.23,0,N
71327,286,7,27,2,2,1,2,1,0,3,BRA,0,1,0,,123.3,1,Y
49153,82,4,15,6,1,4,2,0,0,2,TWN,0,4,0,,99.45,0,Y
58112,454,10,41,6,0,2,2,0,0,2,PRT,0,1,0,,62,0,Y
102123,63,11,48,22,0,1,2,0,0,2,PRT,0,1,0,,79.2,1,N
56956,2,9,38,16,0,1,2,0,0,2,USA,0,1,0,,169,0,Y
74498,325,9,37,7,1,1,2,0,0,2,PRT,1,1,0,,62,0,Y
43629,60,9,39,21,1,1,1,0,0,1,PRT,0,1,0,,0,0,Y
54875,386,7,31,28,0,2,2,0,0,2,PRT,0,1,0,,62,0,Y
57045,3,9,38,17,0,1,2,0,0,2,PRT,0,1,0,,159,0,Y
94736,126,8,32,6,2,1,2,1,0,3,CN,0,1,1,,93.17,1,N
113135,409,5,22,31,0,3,2,0,0,2,GBR,0,1,0,,112.67,1,N
108191,27,3,12,19,2,3,2,0,0,2,PRT,0,4,0,,76.23,0,N
87343,7,4,16,16,1,1,2,1,0,3,ISR,0,1,0,,134,1,N
112988,0,5,22,29,1,2,2,0,0,2,GBR,0,4,0,,153,2,N
72199,64,7,30,23,2,1,2,0,0,2,ARG,0,5,0,,174.33,1,Y
49431,30,4,16,13,0,4,2,0,0,2,KHM,0,1,0,,99,0,Y
62026,244,12,53,30,1,2,2,0,0,2,ITA,0,1,0,,80.7,0,Y
118340,0,8,33,18,0,1,2,0,0,2,PRT,0,1,1,,89.5,0,N
108583,74,3,13,26,2,2,2,0,0,2,FRA,0,1,1,,94.8,0,N
81791,117,2,10,29,1,2,2,0,0,2,PRT,1,1,0,,75,0,Y
89393,198,5,21,20,0,1,2,0,0,2,PRT,0,1,0,,65,0,N
62515,38,1,2,14,0,1,1,0,0,1,PRT,0,1,0,67,75,0,Y
95449,169,8,34,18,0,2,2,0,0,2,BEL,0,2,0,,97.54,2,N
65057,101,3,12,23,0,3,2,0,0,2,HUN,0,4,0,,106.2,0,Y
45858,98,11,48,23,1,3,2,0,0,2,JOR,0,1,1,,75,0,N
92000,41,6,27,28,0,1,2,0,0,2,PRT,0,1,0,,85.6,0,N
102134,47,11,48,22,0,1,3,0,0,3,PRT,0,1,1,,98.1,0,N
52745,65,6,24,10,3,7,2,1,0,3,AGO,0,6,0,,214.83,0,Y
59573,57,10,44,29,2,1,2,0,0,2,FRA,0,1,0,,141.3,1,Y
83645,0,2,7,8,1,0,2,0,0,2,PRT,0,4,0,,0,0,N
54543,203,7,30,19,0,5,2,0,0,2,ITA,0,1,2,,90.95,1,Y
60637,79,11,47,17,0,3,2,0,0,2,GBR,0,4,0,,102.6,1,Y
70465,150,6,24,17,2,3,1,0,0,1,PRT,0,1,0,,120,0,Y
91277,238,6,25,18,0,1,2,0,0,2,GBR,0,2,0,,114.48,2,N
108218,67,3,12,19,2,3,2,0,0,2,GBR,0,1,0,,68,0,N
62179,100,1,1,3,0,5,2,0,0,2,SWE,0,1,0,,74.8,1,Y
50879,27,5,20,10,0,3,2,0,0,2,TJK,0,1,0,,141,0,Y
108036,151,3,12,20,1,1,2,0,0,2,PRT,0,1,0,,95,0,N
108502,78,3,12,25,2,2,2,0,0,2,BRA,0,4,0,,77.23,1,N
107741,68,3,11,15,0,2,1,0,0,1,PRT,0,1,0,,65,0,N
97107,69,9,37,8,1,3,3,0,0,3,FRA,0,4,0,,168.3,2,N
52134,113,5,23,31,0,3,1,0,0,1,PRT,0,1,0,202,100,0,Y
118867,136,8,34,20,2,5,2,0,0,2,FRA,0,4,0,,109.39,1,N
49794,1,4,17,19,0,2,1,0,0,1,PRT,0,1,0,,107,0,Y
110889,28,4,17,29,2,2,2,0,0,2,SYR,0,1,0,,137,3,N
72053,183,7,29,18,0,4,2,0,0,2,FRA,0,4,0,,153.9,0,Y
103788,6,12,53,28,0,4,2,0,0,2,NLD,0,1,0,,110.5,2,N
89938,73,5,22,25,1,4,2,0,0,2,USA,0,4,2,,129.96,1,N
109107,127,4,14,7,0,2,2,0,0,2,SWE,0,4,0,,130.5,2,N
69501,174,6,22,1,0,2,2,0,0,2,PRT,0,1,0,,100,0,Y
101719,56,11,47,14,1,2,2,0,0,2,FRA,0,1,0,,75,0,N
78256,16,10,41,7,0,1,1,0,0,1,PRT,0,1,0,,85.5,1,Y
111527,56,5,19,11,0,1,2,0,0,2,GBR,0,1,0,,89.1,0,N
116442,136,7,28,14,2,4,1,0,0,1,DNK,0,4,4,,173,0,N
60146,86,11,46,6,2,2,1,0,0,1,PRT,0,4,0,,146.6,1,Y
88302,6,5,19,3,0,1,1,0,0,1,PRT,0,4,0,227,110,0,N
119030,205,8,34,23,1,4,2,0,0,2,ESP,0,1,1,,101,0,N
107903,173,3,11,17,1,2,2,0,0,2,FRA,0,1,0,,79.2,0,N
57618,447,9,40,29,0,2,2,0,0,2,PRT,0,1,0,,62,0,Y
45288,69,10,44,25,2,1,2,0,0,2,PRT,0,1,0,,85.67,0,N
106672,40,2,8,25,2,2,3,0,0,3,ITA,0,5,0,,125.8,2,N
88614,10,5,19,6,1,2,2,0,0,2,FRA,0,4,0,,146,2,N
52773,69,6,25,12,2,4,1,0,0,1,PRT,0,1,0,,120,0,Y
65040,622,3,12,23,0,2,2,0,0,2,PRT,0,1,0,,62,0,Y
92248,32,6,27,26,2,5,2,0,0,2,ROU,0,4,0,,126.26,1,N
91950,1,6,27,26,2,0,2,0,0,2,ECU,0,1,0,,124,0,N
43065,135,9,38,14,1,2,2,0,0,2,PRT,0,1,0,,90,0,Y
50000,168,4,17,22,1,2,2,0,0,2,PRT,0,1,0,,85,0,Y
71706,181,7,28,10,1,3,2,0,0,2,GBR,0,4,0,,120.6,0,Y
41994,145,8,35,29,2,1,2,0,0,2,ITA,0,1,0,,94.5,0,N
98453,40,9,40,26,1,3,1,0,0,1,BEL,0,4,0,,149.4,2,N
71678,62,7,28,10,1,1,2,2,0,4,HUN,0,6,1,,230,0,Y
119152,0,8,35,29,0,1,2,2,0,4,NLD,0,7,0,,270,0,N
57941,223,10,41,3,1,3,2,0,0,2,ISR,0,1,0,,102.85,0,Y
96186,37,8,36,28,2,0,3,0,0,3,PRT,0,1,0,,111.6,0,N
61751,288,12,53,25,2,4,2,0,0,2,NLD,0,1,0,,66.58,0,Y
93119,84,7,29,15,0,2,2,1,0,3,ESP,0,1,0,,121.5,2,N
77379,19,10,41,6,0,3,2,0,0,2,PRT,1,1,0,,90,0,Y
41239,39,8,33,14,0,2,2,0,0,2,DEU,0,1,1,,109,0,N
97124,34,9,38,11,2,0,2,0,0,2,USA,0,1,0,,125.1,2,N
42522,55,9,37,6,2,0,2,0,0,2,FRA,0,1,0,,75,0,N
74853,335,9,38,17,0,1,1,0,0,1,PRT,1,1,0,,55,0,Y
49783,103,4,17,19,0,2,1,0,0,1,PRT,0,1,0,,115,0,Y
85708,115,3,12,18,0,2,2,0,0,2,PRT,0,1,0,,90,0,N
47949,39,3,11,10,1,3,1,0,0,1,PRT,0,1,0,,51.28,1,Y
40151,3,7,28,11,2,1,1,0,0,1,PRT,0,1,0,,72.5,0,N
98357,80,9,40,26,1,2,1,0,0,1,PRT,0,1,0,,86,0,N
114456,134,6,24,15,2,5,2,1,0,3,SWE,0,1,0,,138.86,1,N
69841,95,6,23,7,0,3,2,0,0,2,PRT,0,1,0,,89.1,1,Y
69108,185,5,21,25,0,3,2,0,0,2,DEU,0,4,0,,138.9,0,Y
93116,31,7,29,10,2,5,2,0,0,2,FRA,0,1,2,,127.15,2,N
79297,13,10,43,20,0,4,2,0,0,2,DEU,0,1,0,,54.75,0,N
56909,317,9,38,15,0,2,2,0,0,2,PRT,0,1,0,,120,0,Y
115354,2,6,26,30,2,3,2,0,0,2,SWE,0,1,0,,163.2,1,N
48713,52,3,14,28,1,3,2,0,0,2,FIN,0,1,0,,85.85,0,Y
64562,52,3,11,13,1,1,1,0,0,1,PRT,0,1,0,,80,0,Y
81420,0,12,50,10,0,1,1,0,0,1,PRT,0,4,2,,50,0,N
117860,211,8,31,4,2,5,2,1,0,3,LUX,0,1,0,,191.25,2,N
56924,113,9,38,15,0,3,2,0,0,2,CHE,0,1,0,,112.2,0,Y
56566,433,9,37,8,0,3,2,0,0,2,PRT,0,1,0,,70,0,Y
97092,18,9,38,11,1,0,2,0,0,2,GBR,0,1,0,,89,2,N
45475,99,10,44,30,2,2,2,0,0,2,PRT,0,1,0,,65,0,Y
108977,111,4,14,3,1,1,2,0,0,2,ISR,0,1,0,,95,0,N
103382,93,12,52,19,1,2,2,0,0,2,GBR,0,1,0,,98,0,N
69762,238,6,23,5,2,5,0,2,0,2,FRA,0,2,0,,106.35,1,Y
61661,531,12,52,22,0,2,2,0,0,2,PRT,0,1,0,,62.8,0,Y
83355,1,1,5,27,0,2,1,0,0,1,DEU,0,1,1,,71.2,0,N
41056,0,8,33,11,0,4,2,0,0,2,PRT,0,1,2,,114,0,N
72357,102,7,30,27,0,1,2,2,0,4,NLD,0,6,0,,235,0,Y
97534,65,9,38,14,0,4,2,0,0,2,GBR,0,4,0,,149.4,1,N
49472,281,4,16,14,0,2,2,0,0,2,PRT,0,1,0,,62,0,Y
63528,61,2,7,13,1,2,2,0,0,2,DEU,0,1,0,,95.4,0,Y
50797,15,5,20,8,2,1,2,0,0,2,HUN,0,1,0,,111,0,Y
49140,74,4,15,6,0,3,2,1,0,3,ITA,0,1,0,,112.5,1,Y
101203,10,11,45,4,2,2,2,0,0,2,FRA,0,1,0,,114.85,0,N
45397,72,10,44,28,0,3,2,0,0,2,ISR,0,1,0,,85.67,1,N
82480,61,12,53,27,2,3,2,0,0,2,PRT,0,4,0,,56,0,N
76497,414,12,49,5,2,1,2,0,0,2,PRT,1,1,0,,62,0,Y
52442,0,6,24,7,0,1,2,1,0,3,BRA,0,4,0,,139,0,Y
49933,68,4,17,21,0,1,3,0,0,3,FRA,0,4,0,,137.7,1,Y
52238,330,6,23,2,0,2,2,0,0,2,PRT,0,1,0,,62,0,Y
51458,22,5,21,20,0,2,2,0,0,2,PRT,0,1,0,,140,0,Y
86941,0,4,15,9,2,1,1,0,0,1,PRT,0,1,0,222,104,0,N
59969,305,11,45,4,1,2,2,0,0,2,PRT,0,1,0,,89,0,Y
90876,57,6,24,10,1,2,1,0,0,1,PRT,0,1,1,,75.33,1,N
103977,269,12,53,29,2,3,1,0,0,1,SWE,0,1,0,,70,0,N
66080,155,4,15,13,1,3,2,0,0,2,PRT,0,1,0,,130,0,Y
79901,43,11,45,4,0,3,2,0,0,2,FRA,0,4,0,,60,0,N
69609,129,6,22,2,1,2,2,0,0,2,PRT,0,1,0,,130,0,Y
49148,91,4,15,6,0,4,2,0,0,2,DEU,0,1,0,,76.5,0,N
97058,47,9,37,10,1,1,2,0,0,2,ITA,0,1,1,,96,1,N
78808,14,10,42,15,0,2,1,0,0,1,ROU,0,1,0,,100,0,N
41205,39,8,33,14,0,2,2,0,0,2,PRT,0,1,0,,101.5,0,Y
97451,0,9,38,14,0,2,2,0,0,2,AGO,0,1,1,305,90,0,N
105524,23,2,6,7,0,4,2,0,0,2,GBR,0,1,0,,74.8,2,N
66438,125,4,16,20,0,3,2,0,0,2,PRT,0,1,0,,85,0,Y
110820,168,4,18,30,2,0,3,0,0,3,BRA,0,4,0,,166.5,2,N
42166,8,9,36,1,0,3,3,0,0,3,PRT,0,1,0,,113,2,N
116899,239,7,30,24,1,2,2,0,0,2,ESP,0,1,2,,104.86,0,N
48362,32,3,13,22,0,1,2,1,0,3,FRA,0,1,0,,115.2,2,Y
53924,8,7,27,2,0,1,2,0,0,2,GBR,0,1,0,,151,1,Y
97826,10,9,39,19,1,1,1,0,0,1,ITA,0,1,0,,149,2,N
109589,68,4,15,10,1,3,2,0,0,2,DEU,0,1,0,,89.1,0,N
55850,112,8,35,22,1,4,3,0,0,3,ESP,0,4,0,,150.3,0,Y
106112,133,2,7,17,2,2,2,0,0,2,AUT,0,1,0,,88.4,2,N
56894,433,9,38,15,0,2,2,0,0,2,PRT,0,1,0,,62,0,Y
92946,45,11,49,28,1,0,1,0,0,1,PRT,0,1,1,40,67,0,N
107733,1,3,11,16,0,1,1,0,0,1,ESP,0,1,0,,80,0,N
70506,150,6,24,17,2,3,1,0,0,1,PRT,0,1,0,,120,0,Y
57378,50,9,39,24,2,4,2,0,0,2,PRT,0,1,0,,145.8,3,Y
63485,67,2,7,12,2,0,2,0,0,2,PRT,0,1,0,,80,0,Y
77829,5,9,40,28,1,0,1,0,0,1,PRT,0,1,0,40,65,0,N
86428,50,3,14,31,0,3,2,0,0,2,ISR,0,1,0,,65,1,N
91763,265,6,26,24,0,2,2,0,0,2,DEU,0,1,0,,115,1,N
107943,6,3,11,18,1,1,2,0,0,2,ESP,0,1,0,,107,0,N
42079,18,8,36,30,2,3,2,0,0,2,PRT,0,1,0,,89,1,Y
70773,97,6,25,22,0,3,3,0,0,3,FRA,0,4,0,,183,0,Y
65679,31,4,14,6,0,3,3,0,0,3,NLD,0,5,0,,220,0,Y
52011,16,5,23,29,1,0,2,0,0,2,GBR,0,1,0,,111,0,Y
89463,189,5,21,19,0,3,2,0,0,2,FRA,0,1,0,,65,1,N
43434,74,9,38,18,0,2,2,0,0,2,PRT,0,1,0,,109,0,N
63698,90,2,7,17,1,2,2,0,0,2,AUS,0,4,1,,102.6,0,Y
67920,305,5,19,9,0,3,2,0,0,2,PRT,0,1,0,,89.1,0,Y
102944,58,12,50,9,0,1,2,0,0,2,ESP,0,1,0,,88.2,2,N
89791,62,5,22,25,0,1,2,0,0,2,FRA,0,1,0,,116.1,1,N
52672,130,6,24,9,0,2,3,0,0,3,ITA,0,4,0,,159.3,0,Y
47431,3,2,9,21,2,0,2,0,0,2,NLD,0,4,0,,105,0,N
83702,59,2,6,6,2,2,2,0,0,2,AUT,0,1,0,,62,0,N
104024,84,1,1,1,2,1,2,0,0,2,RUS,0,4,0,,112.2,0,N
88945,81,5,20,12,0,3,2,1,0,3,BEL,0,1,0,,143.1,2,N
88119,9,4,18,29,0,2,2,0,0,2,PRT,0,1,0,,110,0,N
111942,9,5,20,14,2,2,2,0,0,2,PRT,0,4,0,,179,2,N
51421,322,5,21,19,1,3,2,0,0,2,PRT,0,1,0,,80,0,Y
115675,95,7,27,6,0,3,3,0,0,3,ITA,0,1,1,,146.67,1,N
49651,130,4,16,16,2,3,2,0,0,2,FRA,0,1,1,,82.59,2,N
77678,17,10,40,3,2,2,1,0,0,1,PRT,1,1,0,,110,0,Y
60316,277,11,46,7,1,2,2,0,0,2,PRT,0,1,0,,100,0,Y
45340,60,10,44,25,2,4,2,0,0,2,NLD,0,2,0,,85.43,1,N
58072,275,10,41,5,1,4,2,0,0,2,PRT,0,1,0,,90,0,Y
70213,139,6,24,12,1,1,2,0,0,2,PRT,0,1,0,,110,0,Y
43421,74,9,38,18,0,2,2,0,0,2,PRT,0,1,0,,101.5,0,Y
64035,98,2,9,26,2,4,2,0,0,2,FIN,0,1,0,,74.8,0,Y
48184,115,3,12,18,0,2,2,0,0,2,PRT,0,1,0,,112.2,0,Y
58986,468,10,43,20,0,1,1,0,0,1,PRT,0,1,0,,59,0,Y
90031,88,5,23,30,1,1,2,0,0,2,NLD,0,1,0,,104,1,N
48470,31,3,13,24,0,2,1,0,0,1,GBR,0,4,1,,144.9,0,Y
55372,123,8,33,11,0,3,2,1,0,3,ESP,0,1,0,,139.5,2,Y
106352,5,2,7,17,2,5,2,0,0,2,FRA,0,4,0,,102.97,0,N
64070,11,2,9,28,0,4,2,0,0,2,ROU,0,1,0,,91.8,0,Y
79682,6,10,44,30,1,2,2,0,0,2,PRT,0,1,0,,87.27,1,N
58183,3,10,41,7,1,2,1,0,0,1,PRT,0,4,0,153,110,0,Y
40607,28,8,32,3,1,3,2,0,0,2,PRT,0,1,0,,62,0,Y
58209,196,10,41,8,1,1,2,0,0,2,USA,0,4,0,,122.4,0,Y
54364,60,7,29,14,0,2,2,2,0,4,FRA,0,6,0,,177.3,0,Y
63321,32,2,6,8,0,4,2,0,0,2,PRT,0,1,0,,66.64,0,Y
51231,451,5,21,16,1,2,2,0,0,2,PRT,0,1,0,,60,0,Y
106303,48,2,8,22,0,2,1,0,0,1,ESP,0,1,0,,65,1,N
95400,203,8,34,17,0,2,3,0,0,3,PRT,0,4,0,,133.2,1,N
118766,2,8,34,24,0,1,2,1,0,3,PRT,0,1,0,,113.98,1,N
110017,257,4,15,13,2,6,2,2,0,4,USA,0,2,3,,201.66,1,N
59169,81,10,43,21,1,2,2,1,0,3,PRT,0,1,0,,135,0,Y
50407,43,4,18,30,0,1,2,0,0,2,PRT,0,1,0,,126.9,0,Y
99946,3,11,49,28,1,0,1,0,0,1,PRT,0,1,0,219,88,0,N
99218,102,10,42,9,1,0,2,0,0,2,FRA,0,1,0,,108,1,N
57146,280,9,39,19,1,2,2,0,0,2,PRT,0,1,0,,110,0,Y
71936,8,7,28,15,2,3,2,0,0,2,GBR,0,1,0,,110.88,0,Y
44222,164,10,40,2,0,2,1,0,0,1,PRT,0,1,0,,100,0,N
79326,37,10,43,22,0,3,2,0,0,2,ITA,0,1,0,,96.3,1,N
55754,65,8,34,20,1,1,2,1,0,3,PRT,0,1,0,,152.1,0,Y
49378,47,4,16,12,0,1,1,0,0,1,ESP,0,1,1,,99.9,0,Y
86789,5,4,15,8,0,1,2,0,0,2,FRA,0,1,0,,108,0,N
68978,357,5,21,24,0,2,2,0,0,2,GBR,0,1,0,,109.8,1,Y
64001,127,2,9,26,1,0,2,0,0,2,ITA,0,1,0,,93.6,2,Y
92139,102,6,27,27,1,3,2,2,0,4,PRT,0,6,0,,173.95,2,N
44494,81,10,41,6,0,3,1,0,0,1,PRT,0,1,0,,80.75,1,Y
76351,273,7,29,17,0,2,2,0,0,2,PRT,0,1,1,,109,0,N
113043,131,5,22,28,2,3,2,0,0,2,FRA,0,1,0,,85,1,N
87112,19,4,16,13,0,1,2,0,0,2,DEU,0,1,0,,119,1,N
117157,156,7,30,28,0,2,2,0,0,2,GBR,0,1,0,,112.5,1,N
53206,245,6,25,17,0,2,2,0,0,2,PRT,0,1,0,,75,0,Y
60551,29,11,47,14,1,3,2,0,0,2,ESP,0,4,1,,100.38,2,Y
63360,48,2,6,9,1,3,3,0,0,3,GBR,0,5,0,,147.9,1,Y
92148,46,6,27,29,0,2,2,1,0,3,ESP,0,1,0,,134.1,1,N
55946,412,8,35,25,0,2,2,0,0,2,PRT,0,1,0,,62,0,Y
84034,21,2,8,17,0,1,1,0,0,1,BRA,0,1,0,,85,1,N
117634,143,7,31,31,2,5,2,0,0,2,ITA,0,4,0,,139.5,1,N
74584,353,10,41,5,1,1,2,0,0,2,PRT,1,1,0,,62,0,Y
82473,39,12,53,27,2,2,2,1,0,3,BRA,0,2,2,,99.86,1,N
102632,53,11,49,29,0,4,2,0,0,2,ROU,0,2,2,,77.86,2,N
72882,201,8,32,8,2,8,2,0,0,2,ITA,0,5,0,,166.5,0,Y
111238,173,5,18,5,1,2,2,0,0,2,DEU,0,4,0,,130.5,1,N
115970,53,7,28,10,1,2,2,0,0,2,GBR,0,1,0,,95.76,0,N
114629,109,6,25,22,0,3,2,0,0,2,PRT,0,1,0,,108,2,N
93303,141,7,30,17,2,1,2,0,0,2,PRT,0,1,0,,105.3,2,N
89575,47,5,21,21,1,1,2,0,0,2,BEL,0,1,0,,125.1,1,N
55498,44,8,34,14,2,2,3,0,0,3,FRA,0,4,0,,168.3,2,Y
42464,55,9,37,6,2,0,1,0,0,1,FRA,0,1,1,,75,0,N
54861,386,7,31,28,0,2,2,0,0,2,PRT,0,1,0,,62,0,Y
69261,132,5,22,28,2,2,2,0,0,2,PRT,0,1,0,,99,0,Y
48221,47,3,12,18,2,2,3,0,0,3,AUT,0,4,0,,124.1,1,Y
79635,0,10,44,26,1,4,2,0,0,2,PRT,0,1,3,,133,0,N
96503,0,9,36,2,0,1,1,0,0,1,JPN,0,2,0,,150,0,N
55102,41,8,32,4,1,3,2,2,0,4,BRA,0,5,0,,183.3,0,Y
87683,194,4,17,21,0,3,2,0,0,2,FRA,0,1,1,,73.46,0,N
82807,68,2,8,17,0,2,2,0,0,2,PRT,1,1,0,,75,0,Y
49204,79,4,15,7,1,3,1,0,0,1,PAK,0,1,0,,80.75,0,Y
58463,279,10,42,12,0,3,2,0,0,2,PRT,0,1,0,,110,0,Y
45439,72,10,44,28,0,3,2,0,0,2,ISR,0,1,0,,85.67,0,N
59049,43,10,43,20,0,3,2,0,0,2,BEL,0,1,0,,146.33,2,Y
112818,246,5,21,27,1,1,2,0,0,2,PRT,0,1,0,,128,1,N
91341,1,6,25,17,1,2,1,0,0,1,QAT,0,1,0,,70,0,N
44944,180,10,42,16,0,1,2,0,0,2,PRT,0,1,0,,70,0,Y
117443,54,8,31,1,0,3,2,0,0,2,ESP,0,1,0,,140,1,N
49491,126,4,16,14,0,3,1,0,0,1,PRT,0,1,0,,57.5,0,Y
70454,44,6,24,17,2,1,2,0,0,2,NLD,0,1,0,,160,1,Y
80168,36,12,49,4,1,2,2,0,0,2,PRT,1,1,1,,62.8,1,Y
65213,106,3,13,28,0,5,2,0,0,2,USA,0,1,0,,79.64,2,Y
84208,15,2,8,18,0,3,1,0,0,1,PRT,0,1,0,,86,0,N
98365,62,9,40,27,0,2,1,0,0,1,NLD,0,4,0,,115.04,1,N
80577,0,11,47,16,1,2,2,0,0,2,PRT,0,1,0,40,75,0,N
95086,150,8,33,10,0,4,3,0,0,3,FRA,0,4,0,,107.57,1,N
105390,0,2,5,4,1,1,2,0,0,2,PRT,0,1,0,,44,1,N
97897,145,9,39,19,1,2,2,0,0,2,FRA,0,1,1,,80.75,0,N
109100,68,4,14,5,0,2,1,0,0,1,PRT,0,1,0,418,100,0,N
53536,351,6,26,23,0,2,2,0,0,2,PRT,0,1,0,,62,0,Y
50833,135,5,20,9,1,4,2,0,0,2,PRT,0,1,0,,79.72,1,Y
61586,13,12,51,17,1,1,2,0,0,2,PRT,0,1,0,,88,0,Y
64834,85,3,11,17,1,2,2,0,0,2,PRT,0,1,0,,74.84,0,Y
70498,150,6,24,17,2,3,1,0,0,1,PRT,0,1,0,,120,0,Y
62415,29,1,2,13,0,2,2,1,0,3,FRA,0,1,0,,126,0,Y
54506,103,7,30,18,1,3,2,0,0,2,PRT,0,1,0,,72.25,0,Y
53843,113,6,27,30,1,3,2,0,0,2,PRT,0,1,0,,85,0,Y
73598,17,8,35,27,1,0,2,0,0,2,USA,0,1,0,,89,1,Y
74046,307,8,34,20,0,2,2,0,0,2,PRT,1,1,0,,62,0,Y
85232,10,3,11,11,0,1,2,0,0,2,PRT,0,1,1,,75,0,N
100421,2,10,44,27,0,1,1,0,0,1,PRT,0,1,0,40,75,0,N
72954,94,8,32,10,1,3,2,0,0,2,DNK,0,4,1,,155,0,Y
88449,85,5,19,3,0,3,2,0,0,2,CHE,0,4,0,,140.4,0,N
77949,19,9,40,28,1,1,1,0,0,1,PRT,0,1,2,,170,0,N
84571,1,2,9,27,0,1,2,0,0,2,PRT,0,1,0,,91,1,N
72896,36,8,32,9,0,3,2,0,0,2,PRT,0,1,1,,112.67,0,Y
76706,9,10,43,19,0,1,1,0,0,1,PRT,5,1,0,40,65,0,Y
63242,23,2,5,3,0,2,1,0,0,1,CHE,0,1,0,,88,0,Y
104937,0,1,4,25,0,1,1,0,0,1,PRT,0,1,0,,102,0,N
96099,5,8,35,26,1,2,2,0,0,2,PRT,0,1,0,,96.76,1,N
71372,237,7,27,3,3,8,2,0,1,3,BEL,0,4,1,,120.6,2,Y
74775,241,10,43,19,1,2,1,0,0,1,PRT,1,1,0,,0,0,Y
114162,39,6,24,16,0,2,1,0,0,1,IRL,0,1,0,,108,0,N
68233,104,5,20,15,1,2,1,0,0,1,PRT,0,1,0,,160,0,Y
77701,1,9,39,22,0,2,1,0,0,1,GBR,0,1,1,,111.65,0,N
40549,102,7,31,29,2,5,2,0,0,2,SWE,0,1,0,,46.66,0,N
90264,111,6,23,1,0,3,2,0,0,2,FRA,0,1,1,,96.67,0,N
116620,21,7,29,20,0,3,2,0,0,2,GBR,0,4,0,,159.33,1,N
44119,27,9,40,30,0,2,2,0,0,2,PRT,0,1,0,,108,0,Y
80762,176,4,15,9,1,1,2,0,0,2,PRT,1,1,0,,125,0,Y
90439,14,5,23,30,2,5,1,0,0,1,GBR,0,4,1,,131.7,1,N
93045,107,7,28,9,2,5,2,0,0,2,ITA,0,1,0,,109.16,1,N
109062,111,4,14,3,1,2,2,0,0,2,BEL,0,1,0,,117,2,N
56367,18,9,37,4,1,0,2,0,0,2,BEL,0,1,0,,118,0,Y
54132,188,7,28,7,0,2,2,0,0,2,GBR,0,2,1,,86.75,1,N
68911,122,5,21,22,1,3,3,0,0,3,LUX,0,5,0,,198,1,Y
90946,147,6,24,11,2,1,2,0,0,2,ESP,0,1,0,,102.3,0,N
82509,0,12,53,31,0,1,1,0,0,1,PRT,0,3,0,45,0,0,N
56304,193,9,36,3,0,1,2,0,0,2,USA,0,1,1,,108.9,1,Y
48565,161,3,13,25,1,2,2,0,0,2,PRT,0,1,0,,130,0,Y
87635,26,4,17,18,1,4,2,0,0,2,MAR,0,1,0,,133.8,0,N
115680,95,7,27,6,0,3,1,0,0,1,PRT,0,1,0,,110,1,N
53686,59,6,27,27,1,2,2,0,0,2,USA,0,1,0,,101.1,0,Y
83351,1,1,5,27,0,2,1,0,0,1,DEU,0,1,1,,71.7,0,N
40823,1,8,32,8,0,1,2,0,0,2,FRA,0,1,2,,75,2,N
42045,104,8,36,30,2,1,2,0,0,2,ESP,0,1,0,,90,0,Y
49535,126,4,16,14,0,3,2,0,0,2,PRT,0,1,0,,65,0,Y
61363,33,12,50,8,0,3,2,0,0,2,ESP,0,1,0,,104,1,Y
64100,601,3,9,2,0,2,2,0,0,2,PRT,0,1,0,,62,0,Y
105317,64,2,5,4,0,1,2,0,0,2,CHE,0,1,0,,67.5,0,N
57741,315,9,40,30,1,2,2,0,0,2,PRT,0,1,0,,160,0,Y
100767,3,10,45,31,1,0,1,0,0,1,NLD,0,1,0,,115.5,1,N
62259,103,1,1,6,1,2,2,0,0,2,AUS,0,1,0,,104,2,Y
74063,314,8,35,27,0,2,2,0,0,2,PRT,1,1,0,,62,0,Y
50439,123,4,18,30,2,5,2,0,0,2,FIN,0,1,0,,70.73,0,N
52098,141,5,23,30,1,4,2,0,0,2,BRA,0,1,0,,99.96,0,Y
97349,346,9,38,13,0,2,2,0,0,2,DEU,0,1,0,,115,1,N
116046,414,7,28,13,0,2,2,0,0,2,DEU,0,1,0,,122.4,1,N
115759,65,7,28,10,1,1,2,2,0,4,FRA,0,5,1,,18,0,N
57143,280,9,39,19,1,2,2,0,0,2,PRT,0,1,0,,110,0,Y
102794,41,12,49,2,2,2,3,0,0,3,ESP,0,4,0,,130.9,2,N
96746,61,9,36,1,2,5,2,0,0,2,RUS,0,1,0,,95.66,1,N
98363,13,9,40,27,0,2,1,0,0,1,GBR,0,6,0,,176.33,0,N
108031,151,3,12,20,1,1,2,0,0,2,PRT,0,1,0,,95,1,N
82308,60,12,52,23,0,4,3,0,0,3,BRA,0,1,0,,96.98,2,N
82806,68,2,8,17,0,2,2,0,0,2,PRT,1,1,0,,75,0,Y
45899,84,11,48,27,1,2,2,0,0,2,PRT,0,1,0,,64,0,N
102930,119,12,50,4,2,3,2,0,0,2,BEL,0,1,0,,79.2,1,N
118709,0,8,33,19,2,4,2,0,0,2,PRT,0,1,0,,125,0,N
45163,63,10,43,19,1,4,1,0,0,1,PRT,0,1,0,,80.75,2,Y
92452,77,7,28,5,0,2,2,0,0,2,AUS,0,1,0,,107.1,1,N
62703,559,1,3,19,0,2,2,0,0,2,PRT,0,1,0,,62,0,Y
71990,7,7,29,17,1,1,3,0,0,3,USA,0,4,0,,210,0,Y
41212,39,8,33,14,0,2,2,0,0,2,DEU,0,1,0,,109,0,N
105488,8,2,5,4,2,4,2,0,0,2,BEL,0,1,0,,77,0,N
41892,55,8,35,26,0,2,2,0,0,2,PRT,0,1,0,,62,0,Y
115609,80,7,27,7,0,1,2,0,0,2,DNK,0,1,0,,108,1,N
68302,104,5,20,15,1,2,1,0,0,1,PRT,0,1,0,,160,0,Y
79203,36,11,48,25,0,4,2,0,0,2,PRT,1,1,0,,94.99,2,Y
60956,11,11,49,27,2,2,2,0,0,2,DEU,0,1,0,,76.29,1,Y
104899,43,1,4,24,0,1,1,0,0,1,ESP,0,1,0,,96,0,N
54418,210,7,29,15,2,2,2,0,0,2,PRT,0,1,0,,96,0,Y
63372,18,2,6,10,0,2,2,0,0,2,PRT,0,1,0,,88,0,Y
66027,315,4,15,13,0,3,3,0,0,3,PRT,0,1,0,,144.8,0,Y
82560,69,12,53,30,0,3,2,0,0,2,ESP,0,2,0,,93.52,0,N
76766,395,3,13,21,1,2,2,0,0,2,PRT,1,1,0,,62.8,0,Y
67140,8,4,17,29,0,1,2,0,0,2,DEU,0,1,0,,180,1,Y
79752,7,11,45,5,0,1,1,0,0,1,PRT,1,1,0,40,65,0,Y
44708,204,10,41,9,2,2,2,0,0,2,PRT,0,1,0,,72.75,0,N
40993,3,8,33,10,1,2,2,0,0,2,ESP,0,1,0,,63.5,1,N
71567,78,7,27,7,1,2,2,0,0,2,POL,0,4,0,,150,0,Y
42278,63,9,36,4,0,2,1,0,0,1,PRT,0,1,1,,80.5,0,N
45909,84,11,48,27,1,2,2,0,0,2,PRT,0,1,0,,64,0,N
107230,16,3,10,8,0,2,1,0,0,1,ITA,0,1,1,,88.2,1,N
107056,36,3,9,4,2,1,3,0,0,3,FRA,0,5,0,,248,1,N
63697,183,2,7,17,1,2,2,2,0,4,IRL,0,6,0,,156.6,2,Y
75506,341,9,39,23,0,2,2,0,0,2,PRT,1,1,0,,62,0,Y
68813,178,5,20,20,2,2,1,0,0,1,KOR,0,4,0,,139.28,0,Y
69880,181,6,23,8,0,2,2,0,0,2,PRT,0,1,0,,100,0,Y
91946,57,6,27,27,1,0,2,0,0,2,PRT,0,4,0,,87.32,1,N
49281,134,4,15,9,1,1,2,0,0,2,PRT,0,1,0,,90,0,Y
85892,48,3,13,20,2,2,2,0,0,2,DEU,0,1,0,,93.5,2,N
107679,54,3,11,14,0,3,2,0,0,2,FRA,0,1,0,,75,0,N
53530,351,6,26,23,0,2,2,0,0,2,PRT,0,1,0,,62,0,Y
61384,51,12,50,9,0,2,2,0,0,2,PRT,0,1,0,,79.2,1,Y
46357,160,12,53,30,0,3,2,0,0,2,PRT,0,1,0,,70,0,Y
93278,32,7,30,18,1,1,1,0,0,1,PRT,0,1,1,,85,0,N
85606,0,3,11,7,3,8,1,0,0,1,GNB,0,1,6,,90,0,N
114607,101,6,25,22,0,3,2,0,0,2,FRA,0,1,0,,120,0,N
57515,418,9,40,26,1,2,2,0,0,2,DEU,0,1,0,,107,0,N
95676,24,8,34,20,1,1,2,0,0,2,POL,0,1,0,,139,2,N
117034,465,7,30,26,0,3,2,0,0,2,AUS,0,1,0,,112.67,0,N
55795,104,8,35,21,2,1,2,0,0,2,ESP,0,1,0,,107.1,0,Y
104037,291,12,53,28,2,5,2,0,0,2,DEU,0,1,0,,68,0,N
89691,14,5,22,30,0,3,1,0,0,1,ITA,0,1,0,186,95,1,N
90105,9,5,23,31,0,2,2,0,0,2,IRL,0,1,0,,110.15,0,N
91540,44,6,26,22,0,1,2,0,0,2,CHE,0,1,0,,87.31,1,N
56665,198,9,37,9,1,2,2,0,0,2,PRT,0,1,0,,90,0,Y
44370,29,10,41,4,2,2,2,0,0,2,DEU,0,1,0,,46.54,0,N
96158,42,8,35,21,4,5,3,0,0,3,PRT,0,4,0,,162.5,2,N
85743,4,3,12,17,1,3,2,1,0,3,ITA,0,4,0,,149,0,N
115845,34,7,28,10,1,1,2,0,0,2,DEU,0,1,0,,89,0,N
61612,103,12,52,19,1,2,3,0,0,3,GLP,0,4,0,,140,1,Y
98517,22,9,40,25,2,4,2,2,0,4,BEL,0,6,0,,224,1,N
96078,110,8,35,21,2,5,2,2,0,4,FRA,0,7,0,,205.38,2,N
52951,71,6,25,14,0,3,1,0,0,1,PRT,0,1,0,,120,0,Y
95839,5,8,35,24,0,1,1,0,0,1,PRT,0,1,0,40,65,1,N
42932,48,9,37,11,0,1,1,0,0,1,PRT,0,1,0,,80,0,N
53144,344,6,25,16,0,2,2,0,0,2,PRT,0,1,0,,62,0,Y
109705,139,4,15,12,0,3,2,1,0,3,DEU,0,1,0,,141,2,N
49133,105,4,15,6,0,1,2,0,0,2,PRT,0,1,0,,75,0,Y
105256,8,2,5,2,0,2,1,0,0,1,FRA,0,1,1,,75,0,N
83707,59,2,6,6,2,2,2,0,0,2,AUT,0,1,0,,62,0,N
74662,359,10,42,11,2,0,2,0,0,2,PRT,1,1,0,,60,0,Y
93985,146,7,31,27,0,3,2,0,0,2,DEU,0,1,0,,94.5,1,N
64444,303,3,10,9,1,3,2,0,0,2,DEU,0,4,0,,90.1,2,Y
88357,41,4,18,30,2,3,2,0,0,2,NLD,0,2,1,,127.83,2,N
103944,44,1,1,1,2,0,2,0,0,2,PRT,0,1,1,,65,1,N
62514,38,1,2,14,0,1,1,0,0,1,PRT,0,1,0,67,75,0,Y
68312,164,5,20,15,1,2,1,0,0,1,PRT,0,1,0,,160,0,Y
74334,262,7,28,6,1,1,2,0,0,2,PRT,1,1,0,,62,0,Y
116452,191,7,29,16,2,2,2,0,0,2,PRT,0,4,0,421,120.6,2,N
55301,405,8,33,10,0,2,2,0,0,2,PRT,0,1,0,,65,0,Y
42349,65,9,36,5,1,1,2,0,0,2,PRT,0,1,0,,62,0,Y
53423,193,6,26,20,1,2,2,0,0,2,PRT,0,1,0,,120,0,Y
74086,321,9,36,3,0,2,2,0,0,2,PRT,1,1,0,,62,0,Y
43644,98,9,39,21,1,3,2,0,0,2,PRT,0,1,0,,71.4,0,Y
49807,85,4,17,19,0,4,2,0,0,2,AUT,0,4,0,,124.53,0,Y
89251,30,5,21,15,2,2,2,0,0,2,NLD,0,1,0,,126.9,1,N
85756,68,3,12,18,1,2,2,0,0,2,DEU,0,1,0,,105.3,0,N
58703,162,10,42,14,2,2,1,0,0,1,PRT,0,1,0,,115,0,Y
41225,39,8,33,14,0,2,1,0,0,1,PRT,0,1,1,,87,0,N
102232,4,11,48,21,1,3,2,0,0,2,ESP,0,1,1,,87.78,0,N
77876,1,9,40,30,0,2,1,0,0,1,PRT,1,1,0,,98.1,0,Y
45762,98,11,48,23,1,2,1,0,0,1,FRA,0,1,0,,70,0,N
79347,32,10,43,24,1,1,1,0,0,1,GBR,0,4,0,,136,1,N
114461,96,6,25,21,0,1,2,1,0,3,USA,0,1,2,,162,2,N
93485,72,7,30,17,2,4,3,0,0,3,FRA,0,1,0,,96.9,1,N
91101,256,6,25,15,0,2,2,0,0,2,DEU,0,1,0,,115,1,N
45674,140,11,47,18,0,3,1,0,0,1,PRT,0,1,1,,65,0,N
97015,47,9,37,9,0,2,2,0,0,2,GBR,0,1,0,,125.1,1,N
64364,58,3,10,7,0,4,2,0,0,2,PRT,0,1,0,,91.8,1,Y
84314,1,2,8,20,2,1,2,0,0,2,CHN,0,1,0,,81,0,N
98757,210,10,41,3,1,0,2,0,0,2,BRA,0,1,0,,83.85,1,N
111412,173,5,19,7,2,2,2,0,0,2,GBR,0,1,0,,89.1,1,N
51288,134,5,21,17,0,3,2,0,0,2,NLD,0,1,0,,94.5,0,Y
110959,6,5,18,2,0,3,1,0,0,1,ESP,0,1,0,186,95,0,N
46941,23,1,5,28,1,3,2,0,0,2,ITA,0,1,0,,78.3,1,Y
103836,127,12,53,29,1,3,2,0,0,2,ITA,0,1,0,,84.15,0,N
91020,1,6,25,14,0,1,2,0,0,2,PRT,0,1,0,,111,1,N
58240,104,10,42,9,1,0,2,0,0,2,FRA,0,1,0,,108,1,Y
113870,60,6,24,11,2,0,2,0,0,2,PRT,0,1,0,,89.1,3,N
107057,97,3,9,3,2,2,2,0,0,2,ITA,0,1,0,,74.8,0,N
115056,6,6,26,30,0,1,2,0,0,2,SWE,0,1,0,,160,1,N
55773,41,8,34,20,2,5,2,0,0,2,HUN,0,1,0,,135.9,0,Y
97503,114,9,38,12,1,4,2,0,0,2,NLD,0,1,0,,129.6,1,N
48363,40,3,13,22,0,1,3,0,0,3,IRL,0,4,0,,131.4,1,Y
102889,1,12,50,7,0,1,2,0,0,2,PRT,0,1,0,,122.6,1,N
99460,180,10,42,10,1,2,1,0,0,1,BRA,0,1,1,,120,0,N
111880,14,5,20,15,1,1,2,0,0,2,FRA,0,4,0,,120,1,N
87382,3,4,17,17,2,0,2,0,0,2,EST,0,1,0,,75.65,0,N
107662,34,3,11,13,1,2,2,0,0,2,CHE,0,1,0,,80,0,N
84755,5,5,18,4,0,1,1,0,0,1,PRT,1,5,0,,125,2,N
106919,29,2,9,26,2,5,2,0,0,2,DEU,0,1,0,,68,2,N
57946,285,10,41,3,1,3,2,0,0,2,PRT,0,1,0,,100,0,Y
81313,49,12,49,5,2,1,2,0,0,2,PRT,0,1,0,,115.2,2,N
56645,17,9,37,9,1,2,0,2,0,2,NLD,0,2,0,,109.45,2,Y
94354,2,8,32,2,0,1,2,0,0,2,NLD,0,1,0,,121,2,N
110408,110,4,16,22,2,3,2,0,0,2,FRA,0,4,0,,175.5,0,N
42155,20,9,36,1,2,5,2,0,0,2,FRA,0,1,0,,76.81,0,N
64597,11,3,11,13,1,1,2,0,0,2,PRT,0,1,0,,105,0,Y
99415,181,10,42,11,0,2,1,0,0,1,FRA,0,1,0,,120,0,N
60735,45,11,47,19,1,1,2,0,0,2,DEU,0,1,0,,93.6,0,Y
60359,277,11,46,7,1,2,2,0,0,2,PRT,0,1,0,,100,0,Y
79248,444,12,49,1,0,3,1,0,0,1,PRT,1,1,0,,75,0,Y
42733,85,9,37,9,0,2,1,0,0,1,FRA,0,1,0,68,90,0,N
45711,79,11,47,18,0,4,2,0,0,2,PRT,0,1,0,,52.85,2,N
57925,49,10,41,3,1,3,2,0,0,2,DEU,0,1,0,,108,0,Y
43088,25,9,38,14,1,3,2,0,0,2,ESP,0,4,0,,78.54,1,N
70873,149,6,25,24,0,1,2,0,0,2,PRT,0,1,0,,130,0,Y
43790,86,9,39,24,0,2,1,0,0,1,FRA,0,1,1,,87.5,0,N
115489,34,7,27,5,0,2,1,0,0,1,AUT,0,1,1,,115,0,N
77555,2,9,38,19,2,1,3,0,0,3,PRT,0,4,1,,165,1,N
107481,66,3,10,10,1,2,2,0,0,2,FRA,0,1,0,,80,1,N
63924,134,2,8,25,0,1,1,0,0,1,PRT,0,1,0,,75,0,Y
67025,111,4,17,27,1,3,2,0,0,2,PRT,0,1,0,,120,0,Y
107139,44,3,10,5,2,1,2,0,0,2,FRA,0,1,0,,75,0,N
85883,3,3,13,22,0,1,2,0,0,2,PRT,0,1,0,,101,0,N
85942,0,3,13,24,0,1,1,0,0,1,FRA,0,1,0,,75,0,N
94661,144,8,32,3,1,4,2,0,0,2,PRT,0,1,0,,92.65,0,N
81087,6,11,49,29,2,2,2,0,0,2,ESP,0,1,1,,84,1,N
75036,219,9,36,4,1,2,2,0,0,2,PRT,1,1,0,,80,0,Y
95715,107,8,34,20,2,1,2,0,0,2,NLD,0,1,1,,127.1,1,N
95453,320,8,34,18,0,2,2,0,0,2,DEU,0,1,0,,115,1,N
113708,175,6,23,9,0,2,2,0,0,2,PRT,0,1,0,,130,0,N
47576,16,2,9,27,2,5,1,0,0,1,NGA,0,4,0,,101,0,Y
94792,4,8,33,8,1,1,2,0,0,2,PRT,0,1,0,,168,2,N
69081,161,5,21,25,0,3,2,0,0,2,PRT,0,4,0,,102.04,1,Y
79435,137,1,5,27,0,2,1,0,0,1,PRT,1,1,0,,70,0,Y
61264,280,12,50,6,0,3,2,0,0,2,ITA,0,1,0,,78.3,2,Y
50992,3,5,20,13,0,1,1,0,0,1,PRT,0,1,0,,95.48,0,Y
57337,59,9,39,24,1,1,3,0,0,3,GBR,0,4,0,,168.3,0,Y
94549,206,8,32,5,0,1,2,2,0,4,GBR,0,6,0,,168.3,1,N
81081,68,11,49,29,2,2,2,0,0,2,GBR,0,4,0,,60,0,N
43489,27,9,38,18,1,2,2,0,0,2,PRT,0,1,0,,115,1,N
98662,193,9,40,30,1,2,2,0,0,2,DEU,0,1,0,,132,0,N
109608,62,4,15,12,0,2,2,1,0,3,PRT,0,1,0,,144,2,N
87550,95,4,17,20,0,2,2,0,0,2,AUT,0,1,0,,98,0,N
117458,14,8,31,2,0,2,2,1,0,3,ESP,0,4,0,,214.4,1,N
71317,39,7,27,2,2,0,2,0,0,2,PRT,0,1,0,,129,1,Y
90351,134,5,23,30,1,5,2,0,0,2,BEL,0,5,0,,101.18,0,N
68977,357,5,21,24,0,2,2,0,0,2,GBR,0,1,0,,109.8,1,Y
91893,53,6,26,24,1,2,2,0,0,2,PRT,0,1,0,,65,1,N
116369,178,7,29,16,2,1,3,0,0,3,DEU,0,1,0,,107.1,0,N
89161,80,5,21,16,1,1,2,0,0,2,DEU,0,1,0,,89.75,0,N
77776,16,9,39,25,0,2,2,0,0,2,ITA,0,1,1,,170,0,N
108262,147,3,12,23,0,2,2,0,0,2,CN,0,1,0,,88.2,0,N
68465,115,5,20,18,0,3,2,0,0,2,PRT,0,1,0,,190,0,Y
76235,179,8,34,22,2,1,2,0,0,2,PRT,1,1,0,,86,0,Y
94605,45,8,32,3,0,4,2,1,0,3,ESP,0,1,0,,161.1,1,N
104333,1,1,2,8,2,2,2,0,0,2,FRA,0,1,0,,54.06,0,N
103358,5,12,52,19,1,1,1,0,0,1,DEU,0,1,0,,68,0,N
76498,414,12,49,5,2,1,2,0,0,2,PRT,1,1,0,,62,0,Y
86897,159,4,15,9,1,1,2,0,0,2,FRA,0,1,0,,70,1,N
73986,286,7,31,30,0,2,2,0,0,2,PRT,1,1,0,,62,0,Y
95902,4,5,22,28,2,0,1,0,0,1,PRT,1,1,0,40,65,1,N
42678,85,9,37,9,0,2,1,0,0,1,FRA,0,1,0,68,90,0,N
108313,116,3,12,24,0,2,1,0,0,1,FRA,0,1,0,,90,0,N
59066,192,10,43,21,0,2,2,0,0,2,PRT,0,1,0,,95,0,Y
69946,169,6,23,8,0,3,2,0,0,2,PRT,0,1,0,,170,0,Y
93715,0,7,31,24,2,0,1,0,0,1,PRT,0,1,1,,119,0,N
56850,317,9,38,15,0,2,2,0,0,2,PRT,0,1,0,,120,0,Y
62768,52,1,3,21,2,3,2,1,0,3,PRT,0,1,0,,78.15,0,Y
90114,24,5,23,29,2,2,2,0,0,2,FRA,0,4,0,,117.3,1,N
105825,7,2,7,15,0,1,1,0,0,1,PRT,0,4,0,,123,0,N
71364,163,7,27,3,1,5,2,0,0,2,ESP,0,4,0,,116.1,1,Y
51745,158,5,22,24,0,2,1,0,0,1,PRT,0,1,0,,130,0,Y
54494,78,7,30,18,1,1,2,0,0,2,AUT,0,1,0,,105.3,0,Y
43237,15,9,38,17,0,1,2,0,0,2,CHN,0,4,0,,115,3,N
72384,36,7,30,27,1,3,2,0,0,2,PRT,0,1,0,,79,0,Y
77685,18,10,41,4,2,1,1,0,0,1,PRT,1,1,0,,110,0,Y
43785,86,9,39,24,0,2,2,0,0,2,FRA,0,1,0,,105,0,N
95611,0,8,34,20,0,1,1,0,0,1,MAR,0,1,0,,109.65,0,N
63203,573,2,5,2,0,2,2,0,0,2,PRT,0,1,0,,62,0,Y
62941,61,1,4,25,0,2,2,0,0,2,PRT,0,1,0,,80,0,Y
41690,151,8,34,21,2,3,2,0,0,2,DEU,0,1,0,,76.5,2,N
86990,14,4,16,11,1,1,2,0,0,2,PRT,0,1,0,,0,0,N
43069,135,9,38,14,1,2,2,0,0,2,CN,0,1,0,,90,0,N
106859,118,3,9,1,0,3,2,0,0,2,PRT,0,1,0,,68.47,1,N
118077,195,8,32,12,1,1,2,0,0,2,DEU,0,1,0,,130.5,1,N
79043,28,10,43,20,0,1,2,0,0,2,PRT,0,1,0,,134,3,N
43559,141,9,39,20,1,0,2,0,0,2,CN,0,1,0,,90,0,N
72425,17,7,30,28,0,2,2,0,0,2,FRA,0,1,0,,140,0,Y
44345,61,10,41,4,2,0,2,0,0,2,FRA,0,1,0,,91,0,N
117007,60,7,30,25,0,4,2,0,0,2,BRA,0,1,0,,120,0,N
75771,323,9,36,5,2,2,2,0,0,2,PRT,1,1,0,,62,0,Y
43056,76,9,38,13,2,4,1,0,0,1,PRT,0,1,0,,80.75,0,N
105347,0,2,5,4,0,1,1,0,0,1,ESP,0,1,0,,98,0,N
42331,3,9,36,5,0,1,2,0,0,2,USA,0,1,0,,143,1,N
48327,78,3,13,20,2,5,1,1,0,2,DEU,0,4,0,,69.2,1,N
54750,160,7,31,25,1,2,2,0,0,2,NLD,0,1,0,,94.5,0,Y
85466,1,4,16,18,0,1,1,0,0,1,PRT,1,1,0,179,95,1,Y
117985,101,8,31,3,2,8,2,0,0,2,FRA,0,1,1,,157.5,2,N
110265,63,4,16,22,2,1,2,0,0,2,IRL,0,5,0,,162,2,N
93797,167,7,31,25,1,1,2,0,0,2,GBR,0,1,0,,72.25,1,N
93723,148,7,30,21,2,3,2,1,0,3,CN,0,1,1,,118.15,0,N
77836,18,9,40,27,2,0,2,0,0,2,ITA,0,1,1,,170,0,N
104943,11,1,4,23,1,2,1,0,0,1,DEU,0,1,1,,65,0,N
78692,4,11,47,17,0,3,1,0,0,1,PRT,0,1,1,40,65,0,N
108537,158,3,13,27,1,1,2,0,0,2,ISR,0,1,0,,95,1,N
74573,346,9,40,28,1,1,2,0,0,2,PRT,1,1,0,,62,0,Y
94401,0,8,34,23,0,1,1,0,0,1,PRT,5,1,0,45,0,3,N
44451,97,10,41,5,1,3,1,0,0,1,PRT,0,1,0,,140,0,Y
59261,219,10,44,24,1,5,1,1,0,2,GBR,0,1,0,,106.25,0,Y
65238,629,3,13,30,0,2,2,0,0,2,PRT,0,1,0,,62,0,Y
78554,282,10,41,10,2,1,2,0,0,2,SWE,0,1,0,,76.67,0,N
103109,18,12,51,11,1,0,2,0,0,2,PRT,0,1,0,,89,0,N
95099,169,8,33,11,1,3,3,0,0,3,ROU,0,4,0,,130.05,0,N
94031,168,7,31,26,0,4,2,0,0,2,PRT,0,1,0,,76.58,1,N
114939,175,6,26,26,1,2,2,0,0,2,GBR,0,1,0,,117,1,N
95319,145,8,34,15,1,2,2,0,0,2,FRA,0,2,1,,115.32,0,N
90359,111,6,23,2,0,3,2,0,0,2,BEL,0,4,0,,117.11,1,N
80959,18,12,49,4,1,2,2,0,0,2,PRT,1,2,0,,93.08,1,Y
46650,40,1,3,14,0,3,2,0,0,2,ESP,0,2,0,,77.55,1,N
80967,1,11,48,27,1,2,2,0,0,2,FRA,0,1,0,,80,0,N
60210,277,11,46,7,1,2,2,0,0,2,PRT,0,1,0,,100,0,Y
51750,158,5,22,24,0,2,1,0,0,1,PRT,0,1,0,,130,0,Y
52975,71,6,25,14,0,3,1,0,0,1,PRT,0,1,0,,120,0,Y
97087,58,9,37,8,1,3,2,0,0,2,DEU,0,4,0,,90.95,1,N
42316,162,9,36,4,1,2,2,0,0,2,FRA,0,1,0,,85.17,1,N
98879,4,10,41,3,1,2,2,0,0,2,PRT,0,1,0,,160,1,N
75759,312,8,35,25,0,4,2,0,0,2,PRT,1,1,0,,62,0,Y
58025,48,10,41,5,0,2,2,0,0,2,PRT,0,1,0,,120,0,Y
41511,4,8,34,17,1,3,2,0,0,2,ESP,0,1,0,,122,3,N
100532,198,10,43,22,2,5,2,0,0,2,DEU,0,1,0,,80.75,0,N
92336,147,6,27,28,2,5,2,1,0,3,ROU,0,1,0,,106.25,2,N
50363,117,4,18,29,0,2,2,2,0,4,PRT,0,5,0,,123.62,0,Y
75786,323,9,36,5,2,2,2,0,0,2,PRT,1,1,0,,62,0,Y
90038,9,5,23,31,0,1,2,0,0,2,GBR,0,1,0,,131,2,N
73444,117,8,34,22,0,2,1,0,0,1,PRT,0,4,3,,115,0,Y
80314,33,12,50,9,0,2,2,0,0,2,PRT,1,1,0,,110,0,Y
91388,93,6,25,16,2,3,2,0,0,2,ROU,0,1,0,,157.25,1,N
47158,21,2,7,11,0,1,1,0,0,1,ITA,0,1,0,,85,0,Y
63381,24,2,6,10,1,2,2,0,0,2,PRT,0,4,0,,94.4,0,Y
50938,309,5,20,12,0,2,2,0,0,2,PRT,0,1,0,,62,0,Y
114650,38,6,25,21,0,4,2,0,0,2,HUN,0,4,0,,170,2,N
93484,0,7,30,20,0,2,2,2,0,4,BEL,0,6,0,,206,0,N
116847,55,7,30,24,1,1,2,1,0,3,ESP,0,1,0,,154,0,N
109305,74,4,14,7,0,2,3,0,0,3,GBR,0,5,0,,189,0,N
78272,14,10,42,15,0,1,1,0,0,1,PRT,1,1,0,,100,0,Y
81930,278,8,33,11,0,1,2,0,0,2,PRT,1,1,0,,65,0,Y
68595,178,5,20,19,0,2,2,1,0,3,GBR,0,1,0,,165.38,0,Y
119197,213,8,35,28,1,3,1,0,0,1,PRT,0,1,1,,104,0,N
42410,61,9,36,5,2,2,2,0,0,2,PRT,0,1,0,,62,0,Y
111354,2,5,21,24,0,1,1,0,0,1,PRT,0,1,0,238,74,0,N
77844,19,9,40,28,1,0,1,0,0,1,PRT,0,1,1,,170,0,N
63329,580,2,6,9,0,2,2,0,0,2,PRT,0,1,0,,62,0,Y
67855,83,5,19,8,1,2,3,0,0,3,USA,0,4,0,,171,0,Y
62905,20,1,4,24,0,4,2,0,0,2,ITA,0,1,0,,83.3,2,Y
64825,129,3,11,17,0,2,2,0,0,2,PRT,0,1,0,,93.6,1,Y
92752,5,7,28,8,1,2,2,0,0,2,CN,0,1,0,,160,0,N
71046,141,6,26,27,2,5,1,0,0,1,PRT,0,1,0,,130,0,Y
82732,39,1,1,1,2,3,2,0,0,2,FIN,0,1,0,,60.97,0,N
65694,93,4,14,6,0,3,2,0,0,2,PRT,0,1,0,,95,0,Y
93481,47,7,30,17,2,3,3,0,0,3,GBR,0,4,0,,161.1,2,N
67243,165,4,17,29,2,5,2,0,0,2,RUS,0,4,0,,130.5,0,Y
107031,6,3,10,5,2,0,2,0,0,2,FIN,0,1,0,,92.5,1,N
104653,23,1,3,18,0,1,2,0,0,2,PRT,0,4,0,,103.25,0,N
74082,321,9,36,3,0,2,2,0,0,2,PRT,1,1,0,,62,0,Y
57992,349,10,41,4,1,5,1,0,0,1,PRT,0,1,0,,80,0,Y
113523,65,6,23,5,1,3,2,0,0,2,FRA,0,1,0,,140,1,N
95774,94,8,35,22,1,1,3,0,0,3,CHN,0,1,4,,100,0,N
117017,206,7,30,27,0,2,2,0,0,2,GBR,0,1,0,,130.5,2,N
82784,68,2,8,17,0,2,2,0,0,2,PRT,1,1,0,,75,0,Y
77368,19,10,41,6,0,3,2,0,0,2,PRT,1,1,0,,90,0,Y
72380,56,7,30,27,1,3,2,0,0,2,ITA,0,1,0,,122,0,Y
79712,44,10,44,29,1,3,2,0,0,2,ESP,0,4,0,,104.63,2,N
94747,198,8,32,3,2,4,2,0,0,2,DEU,0,1,0,,72.25,0,N
51735,158,5,22,24,0,2,1,0,0,1,PRT,0,1,0,,130,0,Y
107969,51,3,11,17,2,2,2,0,0,2,ESP,0,1,0,,75,0,N
70838,233,6,25,23,1,2,2,0,0,2,PRT,0,1,0,,105,0,Y
70137,101,6,23,10,2,5,2,0,0,2,ESP,0,4,0,,184.63,0,Y
69293,12,5,22,29,1,1,2,0,0,2,BRA,0,1,0,,140,1,Y
62624,55,1,3,18,0,2,1,0,0,1,PRT,0,1,0,,79,0,Y
50561,207,5,19,4,0,4,2,0,0,2,PRT,0,1,0,,106.2,1,Y
59771,166,11,45,1,0,3,1,0,0,1,PRT,0,1,0,,110,0,Y
107384,44,3,10,10,0,2,2,0,0,2,ESP,0,1,0,,75,0,N
67971,316,5,19,10,0,2,2,0,0,2,PRT,0,1,0,,109.8,1,Y
108413,155,3,12,23,1,3,2,0,0,2,PRT,0,1,0,,88.4,3,N
63219,573,2,5,2,0,2,2,0,0,2,PRT,0,1,0,,62,0,Y
58319,88,10,42,10,1,3,3,0,0,3,NLD,0,4,0,,151.2,0,Y
50620,9,5,19,5,0,1,2,0,0,2,FRA,0,4,0,,156,0,Y
69321,408,5,22,30,0,1,2,0,0,2,PRT,0,1,0,,90,0,Y
45453,59,10,44,29,0,2,2,0,0,2,PRT,0,1,0,,85,0,N
112973,4,5,22,29,1,1,1,0,0,1,NLD,0,1,0,153,95,0,N
54602,9,7,30,21,0,1,2,0,0,2,DEU,0,4,0,,166,0,Y
101484,76,11,46,10,0,3,2,0,0,2,FRA,0,1,0,,120.9,2,N
98340,28,9,40,27,0,1,2,0,0,2,PRT,0,1,0,,75,2,N
94279,21,10,43,17,1,1,1,0,0,1,PRT,0,1,1,221,95,0,N
56928,258,9,38,15,0,3,2,0,0,2,FRA,0,1,0,,106.2,0,N
66974,43,4,17,27,0,1,1,0,0,1,DEU,0,5,0,,174,1,Y
72038,88,7,29,18,0,3,2,0,0,2,ARG,0,4,0,,150,1,Y
80678,32,11,47,20,0,2,1,0,0,1,PRT,0,1,0,,73,0,N
56243,100,9,36,1,1,3,2,0,0,2,AUT,0,1,0,,129.6,0,Y
45777,98,11,48,23,1,2,1,0,0,1,FRA,0,1,3,,70,0,N
66511,177,4,16,21,0,2,2,0,0,2,IRL,0,1,0,,99,0,Y
41224,39,8,33,14,0,2,2,0,0,2,DEU,0,1,0,,109,0,N
71769,81,7,28,12,0,2,2,0,0,2,NOR,0,4,0,,150,2,Y
41535,46,8,34,17,1,1,1,0,0,1,ESP,0,1,1,,60,0,N
89253,3,5,20,13,2,4,2,0,0,2,GBR,0,1,2,,122.33,2,N
68303,104,5,20,15,1,2,2,0,0,2,PRT,0,1,0,,170,0,Y
66534,130,4,16,21,0,2,2,0,0,2,PRT,0,1,0,,95,0,Y
87309,88,4,16,14,1,3,2,0,0,2,ITA,0,1,0,,80.75,0,N
59391,286,10,44,28,0,2,2,0,0,2,PRT,0,1,0,,65,0,Y
100883,98,10,45,30,2,2,2,0,0,2,FRA,0,1,0,,90.45,1,N
91697,192,6,26,24,0,2,1,0,0,1,PRT,0,1,0,,95,0,N
77639,11,9,39,22,0,2,1,0,0,1,DNK,0,1,0,,84,0,N
62992,61,1,4,25,0,2,2,0,0,2,PRT,0,1,0,,80,0,Y
50136,27,4,18,24,2,0,3,0,0,3,GBR,0,4,0,,153,2,Y
79422,137,1,5,27,0,2,1,0,0,1,PRT,1,1,0,,70,0,Y
49721,57,4,17,18,1,1,2,0,0,2,BRA,0,1,0,,96.3,0,Y
52740,152,6,24,10,1,2,2,0,0,2,PRT,0,4,0,,132.9,0,Y
94962,221,8,33,12,0,1,1,0,0,1,DEU,0,1,0,,73,0,N
52827,69,6,25,12,2,4,1,0,0,1,PRT,0,1,0,,120,0,Y
60131,31,11,45,5,2,3,2,0,0,2,PRT,0,4,0,,127.94,1,Y
68527,175,5,20,19,0,1,1,0,0,1,PRT,0,1,0,,90,0,Y
73243,283,8,33,17,0,3,2,1,0,3,ESP,0,1,0,,134.1,1,Y
54637,98,7,30,21,0,3,2,0,0,2,BEN,0,4,0,,124.8,0,Y
113820,0,6,24,11,1,0,2,0,0,2,PRT,0,4,0,,153,0,N
90154,0,6,23,2,0,1,2,1,0,3,DEU,0,1,0,,158,0,N
105299,20,2,6,5,0,0,2,1,0,3,PRT,0,1,0,,0,2,N
64933,56,3,12,21,0,3,2,0,0,2,PRT,0,1,0,,85,0,Y
63053,43,1,4,27,2,2,2,0,0,2,ESP,0,1,0,,74.8,2,Y
79611,61,12,53,30,1,4,2,0,0,2,PRT,1,1,1,,111.6,1,Y
106438,3,2,8,20,1,4,2,0,0,2,GBR,0,1,0,,91.8,0,N
68088,96,5,19,12,2,2,2,0,0,2,CHE,0,5,0,,175.5,0,Y
64107,601,3,9,2,0,2,2,0,0,2,PRT,0,1,0,,62,0,Y
40908,16,8,32,8,2,2,2,0,0,2,PRT,0,1,0,,62,0,Y
115316,261,7,26,1,2,1,2,0,0,2,BRA,0,1,5,,113.6,1,N
94684,2,8,33,7,1,0,2,1,0,3,PRT,0,1,0,,171,4,N
93117,114,7,29,13,0,4,2,0,0,2,IRL,0,1,0,,89.25,0,N
97692,172,9,38,16,2,2,2,0,0,2,PRT,0,1,0,,80.75,0,N
107537,20,3,11,12,2,0,2,0,0,2,GBR,0,1,0,,88,0,N
92653,109,7,28,8,0,2,2,1,0,3,PRT,0,1,0,,131.8,4,N
66266,66,4,16,16,1,0,2,0,0,2,CYP,0,1,0,,126,0,Y
73125,78,8,33,15,0,2,2,2,0,4,USA,0,6,0,,240,2,Y
64999,238,3,12,21,0,4,2,0,0,2,TUR,0,1,0,,85,1,Y
40386,132,7,30,23,0,1,2,0,0,2,PRT,0,1,0,,90,0,N
90478,220,6,23,4,2,1,2,0,0,2,USA,0,1,0,,73.33,1,N
101757,0,11,47,16,0,2,2,0,0,2,GBR,0,1,1,,105,1,N
117867,18,8,32,7,1,3,2,0,0,2,DNK,0,1,0,,180,2,N
106579,29,2,8,22,1,4,2,0,0,2,NLD,0,4,1,,100.74,0,N
51315,323,5,21,17,0,4,2,0,0,2,PRT,0,1,0,,70,0,Y
76855,16,8,33,15,1,1,2,0,0,2,ITA,0,1,0,,104,0,N
41242,39,8,33,14,0,2,2,0,0,2,DEU,0,1,0,,109,0,N
73002,92,8,32,12,0,1,3,0,0,3,PRT,0,4,0,,195,1,Y
114419,2,6,25,21,0,1,1,0,0,1,ESP,0,1,1,,174,1,N
108052,151,3,12,20,1,1,2,0,0,2,PRT,0,1,0,,95,0,N
117114,130,7,30,28,0,2,2,0,0,2,GBR,0,1,0,,71.1,0,N
47330,44,2,8,17,0,3,2,0,0,2,PRT,0,1,0,,75,0,Y
45205,50,10,43,24,0,1,2,0,0,2,PRT,0,1,0,,146,0,Y
78035,1,10,40,2,0,2,1,0,0,1,PRT,1,1,0,,100,0,Y
101984,65,11,48,20,1,0,1,0,0,1,NOR,0,1,0,,79.2,0,N
105715,2,2,6,8,2,5,2,0,0,2,GBR,0,1,0,,57.6,1,N
70897,129,6,25,24,2,1,2,0,0,2,PRT,0,1,0,,130,0,Y
90826,1,6,24,11,0,1,2,0,0,2,PRT,0,4,0,,152,0,N
92541,1,7,28,7,0,1,2,0,0,2,PRT,0,4,0,174,94,0,N
104558,11,1,2,14,2,1,2,0,0,2,ITA,0,1,0,,79.5,0,N
75745,312,8,35,25,0,4,2,0,0,2,PRT,1,1,0,,62,0,Y
52322,177,6,23,3,0,2,2,0,0,2,PRT,0,1,0,,100,0,Y
45624,75,11,47,15,1,0,2,0,0,2,PRT,0,1,0,,72.25,2,Y
77340,65,2,7,11,2,4,2,0,0,2,FRA,13,4,1,,79.02,0,N
103705,4,12,53,26,1,3,3,0,0,3,FRA,0,4,0,,144,1,N
118470,2,8,33,19,0,1,2,0,0,2,FRA,0,4,0,,149,1,N
58948,195,10,43,18,0,4,1,0,0,1,ROU,0,1,0,,90.9,2,Y
45860,98,11,48,23,1,3,1,0,0,1,DZA,0,1,1,,70,0,N
113031,22,5,22,29,1,2,2,0,0,2,BRA,0,1,0,,146.67,2,N
88126,25,4,18,30,0,1,3,0,0,3,ESP,0,4,0,,186,2,N
85953,57,3,13,21,1,3,2,1,0,3,ESP,0,1,0,,108.8,2,N
74800,216,8,32,5,2,4,2,0,0,2,PRT,1,1,0,,76.5,0,Y
102090,20,11,48,22,0,1,2,0,0,2,GBR,0,1,0,,116,0,N
49254,63,4,15,8,2,2,2,0,0,2,CHN,0,4,0,,112.2,0,Y
107796,182,3,10,11,2,6,2,0,0,2,IRL,0,1,0,,90,1,N
50603,288,5,19,5,0,3,2,0,0,2,PRT,0,1,0,,65,1,N
77480,5,9,39,21,1,4,1,0,0,1,PRT,0,1,1,,220,0,Y
55671,108,8,34,18,2,4,2,0,0,2,ITA,0,1,0,,116.1,0,Y
50038,169,4,17,22,2,2,2,0,0,2,PRT,0,1,0,,106,0,Y
116099,414,7,28,13,0,2,1,0,0,1,DEU,0,1,1,,95.5,0,N
108130,28,3,12,19,2,2,3,0,0,3,AZE,0,1,2,,91.8,0,N
69467,292,5,22,31,0,3,2,0,0,2,PRT,0,1,0,,90,0,Y
42459,63,9,37,6,1,0,2,0,0,2,ROU,0,1,0,,89.25,0,N
111292,5,5,19,8,1,0,1,0,0,1,AUT,0,1,1,,155,1,N
98749,45,10,41,3,1,0,3,0,0,3,GBR,0,4,0,,158.4,1,N
64120,28,3,9,2,0,3,2,0,0,2,PRT,0,1,0,,95,0,Y
68400,40,5,20,16,0,4,3,0,0,3,SAU,0,4,0,,230,1,Y
95215,123,8,33,13,2,2,3,0,0,3,DEU,0,4,0,,155.7,1,N
60805,46,11,48,22,0,1,2,0,0,2,GBR,0,1,0,,79.2,0,Y
51959,316,5,22,26,0,3,2,0,0,2,AUT,0,1,0,,110,0,N
68852,270,5,21,21,2,3,2,0,0,2,BEL,0,1,0,,126.54,1,Y
92428,54,7,28,3,2,1,2,0,0,2,PRT,0,1,0,,85.5,0,N
86318,57,4,14,1,0,0,3,0,0,3,PRT,0,4,1,,0,2,N
86161,69,3,13,24,1,3,2,0,0,2,GBR,0,1,0,,59.5,0,N
62954,61,1,4,25,0,2,2,0,0,2,PRT,0,1,0,,80,0,Y
41270,39,8,33,14,0,2,2,0,0,2,DEU,0,1,0,,109,0,N
54000,140,7,28,4,1,5,2,0,0,2,ISR,0,4,0,,116.45,0,Y
42179,14,9,36,2,2,5,2,0,0,2,PRT,0,4,0,,74.61,2,N
107609,8,3,11,15,0,1,1,0,0,1,ESP,0,1,0,,86.4,0,N
61649,38,12,52,21,1,4,2,0,0,2,ESP,0,1,0,,120.7,1,Y
46749,151,1,4,19,0,1,1,0,0,1,PRT,0,1,1,,80,0,Y
98244,24,9,40,26,1,0,1,0,0,1,ESP,0,1,0,,85.5,0,N
110001,26,4,16,19,0,1,2,0,0,2,BRA,0,1,0,,114,2,N
88180,79,4,18,28,1,3,1,0,0,1,PRT,0,4,0,,125.38,0,N
69549,207,6,22,1,1,3,2,0,0,2,NLD,0,4,0,,138.6,0,Y
61265,303,12,50,6,0,4,2,0,0,2,DEU,0,1,0,,73.95,1,Y
91648,19,6,26,22,0,2,1,0,0,1,PRT,0,1,0,,90,0,N
110608,48,4,17,26,0,3,3,0,0,3,IND,0,4,0,,171,2,N
98405,16,9,40,27,0,2,2,0,0,2,ESP,0,1,0,,129,1,N
117133,140,7,30,23,2,5,2,0,0,2,FRA,0,1,0,,94.5,0,N
44697,66,10,41,9,1,2,2,0,0,2,PRT,0,1,0,,75,0,Y
87874,71,4,18,24,2,1,2,0,0,2,PRT,0,4,0,,112.8,0,N
117091,105,7,30,29,0,1,2,0,0,2,DNK,0,1,0,,125,1,N
49478,18,4,16,14,0,2,2,0,0,2,LTU,0,1,0,,115,0,Y
44715,79,10,41,10,1,1,2,1,0,3,ESP,0,1,1,,62,1,N
112535,86,5,21,21,2,2,2,0,0,2,DNK,0,1,0,,144,1,N
69979,169,6,23,8,0,3,2,0,0,2,PRT,0,1,0,,170,0,Y
86702,9,4,15,6,0,1,1,0,0,1,PRT,0,1,0,,0,0,N
101097,148,11,45,2,0,4,2,0,0,2,HUN,0,1,1,,79.2,0,N
46991,11,2,6,1,2,5,2,0,0,2,USA,0,1,0,,79,0,Y
75028,219,9,36,4,1,2,2,0,0,2,PRT,1,1,0,,80,0,Y
63457,67,2,7,12,2,0,2,0,0,2,PRT,0,1,0,,80,0,Y
98793,257,10,41,2,2,1,2,0,0,2,DEU,0,1,0,,106.2,3,N
43653,69,9,39,22,0,2,2,0,0,2,ITA,0,1,0,,106,0,N
85787,0,3,13,21,1,0,2,0,0,2,FRA,0,1,0,,89,0,N
54302,107,7,29,11,1,5,2,0,0,2,HUN,0,1,0,,141,0,Y
79554,8,10,43,24,2,3,2,0,0,2,FRA,0,7,1,,133.3,1,N
69078,167,5,21,25,0,3,2,0,0,2,PRT,0,1,0,,115,0,Y
69505,174,6,22,1,0,3,2,0,0,2,PRT,0,1,0,,110,0,Y
42161,5,9,36,1,0,3,2,0,0,2,FRA,0,1,0,,96,0,N
118137,54,8,32,11,2,2,3,0,0,3,GBR,0,4,0,,210,1,N
93469,69,7,30,19,0,3,3,0,0,3,JPN,0,4,1,,140.7,1,N
97213,246,9,37,7,2,5,2,0,0,2,DEU,0,1,0,,80.75,0,N
116374,243,7,29,17,1,1,2,0,0,2,GBR,0,1,0,,89.1,2,N
53244,245,6,25,17,0,2,2,0,0,2,PRT,0,1,0,,75,0,Y
116277,184,7,28,15,1,1,3,0,0,3,NLD,0,1,0,,89.1,1,N
81047,86,1,4,22,0,1,1,0,0,1,PRT,1,1,0,,75,0,Y
86975,78,4,15,9,2,1,2,0,0,2,PRT,0,1,0,,96.3,0,N
96957,176,9,37,8,0,3,1,0,0,1,ITA,0,1,0,,116.1,0,N
43566,141,9,39,20,1,0,2,0,0,2,PRT,0,1,0,,90,0,Y
44394,88,10,41,5,1,1,2,0,0,2,PRT,0,1,0,,112.2,0,N
93913,54,7,31,27,0,2,3,0,0,3,GRC,0,4,0,,160.47,1,N
106437,50,2,7,18,2,5,2,0,0,2,FRA,0,1,0,,68,0,N
60069,11,11,45,5,0,1,2,0,0,2,GBR,0,4,0,,140,1,Y
99270,133,10,42,10,1,0,3,0,0,3,CHE,0,4,0,,151.2,3,N
60730,26,11,47,19,1,1,2,0,0,2,GBR,0,1,0,,104,1,Y
46919,116,1,5,26,0,5,2,0,0,2,PRT,0,1,0,,70,0,Y
53755,150,6,27,28,2,8,3,0,0,3,DNK,0,4,0,,125.8,0,Y
107524,198,3,10,11,2,1,2,2,0,4,FRA,0,6,2,,162.4,3,N
55458,75,8,33,13,2,1,3,0,0,3,CHE,0,4,0,,168.3,0,Y
96869,28,9,37,5,1,3,1,0,0,1,IRN,0,1,1,,98.2,0,N
86745,79,4,15,4,1,3,2,0,0,2,CHE,0,4,0,,95.2,1,N
81075,5,7,29,10,2,0,1,0,0,1,PRT,0,1,0,40,65,0,N
52801,69,6,25,12,2,4,1,0,0,1,PRT,0,1,0,,120,0,Y
64067,122,2,9,28,0,2,2,0,0,2,NLD,0,1,0,,93.6,2,Y
112697,22,5,21,26,0,1,3,0,0,3,GBR,0,4,0,,230,0,N
75636,281,7,30,25,2,2,2,0,0,2,PRT,1,1,0,,62,0,Y
51370,316,5,21,19,0,2,2,0,0,2,PRT,0,1,0,,62,0,Y
55708,85,8,34,19,1,2,3,0,0,3,ITA,0,4,5,,162.3,0,Y
101505,66,11,46,10,0,3,2,0,0,2,FRA,0,1,0,,106.5,1,N
52434,247,6,24,6,1,1,2,0,0,2,PRT,0,1,0,,109,0,Y
97857,27,9,39,20,0,1,2,0,0,2,PRT,0,1,0,,95,0,N
64568,52,3,11,13,1,1,1,0,0,1,PRT,0,1,0,,80,0,Y
76517,195,9,38,17,0,2,2,0,0,2,PRT,1,1,0,,48,0,Y
72875,185,8,32,8,0,5,2,0,0,2,FRA,0,1,0,,164.7,0,Y
108238,35,3,12,19,2,4,2,0,0,2,AUT,0,1,0,,91.82,1,N
66465,44,4,16,20,1,3,2,0,0,2,PRT,0,1,0,,85,0,Y
76029,336,9,38,18,0,2,2,0,0,2,PRT,1,1,0,,101.5,0,Y
43240,23,9,38,17,0,2,1,0,0,1,CZE,0,1,0,,104.5,0,N
67852,142,5,19,8,1,2,2,0,0,2,LUX,0,1,0,,126,2,Y
116188,2,7,28,15,0,1,2,0,0,2,RUS,0,1,0,,160,1,N
69075,167,5,21,25,0,3,2,0,0,2,PRT,0,1,0,,115,0,Y
105379,66,2,5,3,1,2,2,0,0,2,BEL,0,1,0,,79.2,1,N
89929,4,5,23,29,1,0,1,0,0,1,NOR,0,1,0,,96,0,N
82353,94,3,10,4,0,2,2,0,0,2,PRT,1,1,0,,80,0,Y
88997,196,5,20,12,1,3,2,0,0,2,FRA,0,1,0,,80.75,1,N
93970,0,7,31,29,0,1,2,0,0,2,USA,0,1,0,,61.68,0,N
61369,122,12,50,8,0,3,2,0,0,2,PRT,0,1,1,,80,0,Y
92164,124,6,27,30,0,2,2,0,0,2,FIN,0,2,1,,97.55,0,N
77565,31,10,42,11,2,1,2,0,0,2,PRT,1,1,0,,106.2,1,Y
43839,87,9,39,25,2,3,2,0,0,2,PRT,0,1,0,,170,0,Y
83380,13,1,5,28,0,2,1,0,0,1,ESP,0,1,0,,62,0,N
114885,25,6,26,27,0,1,2,0,0,2,BEL,0,1,0,280,100,0,N
83260,33,1,5,25,1,1,2,0,0,2,ARM,0,1,0,,64,0,N
116823,1,7,30,24,1,0,2,0,0,2,FRA,0,1,0,,140,2,N
111274,108,5,18,4,2,3,2,0,0,2,FRA,0,1,0,,126,0,N
81593,197,6,23,3,1,2,2,0,0,2,PRT,1,1,0,,80,0,Y
56556,163,9,37,8,0,3,2,0,0,2,PRT,0,1,0,,110,0,Y
103960,49,1,1,2,1,0,2,0,0,2,IRL,0,1,0,,79.2,1,N
87507,100,4,17,17,2,2,2,0,0,2,DEU,0,1,0,,80.75,1,N
67624,189,5,18,5,1,2,2,0,0,2,PRT,0,1,0,,100,0,Y
81813,211,5,23,31,0,3,2,0,0,2,PRT,1,1,0,,115,0,Y
42957,87,9,37,11,0,2,1,0,0,1,FRA,0,1,0,,100,0,Y
106769,6,3,9,2,0,1,2,0,0,2,PRT,0,1,0,,108,1,N
103268,8,12,51,16,0,2,1,0,0,1,ESP,0,1,0,,54.4,0,N
117565,18,8,31,5,0,1,3,1,0,4,PRT,0,7,0,,241.48,2,N
77405,19,10,41,6,0,3,2,0,0,2,TUR,0,1,0,,90,0,N
94445,97,8,32,1,1,2,3,0,0,3,FRA,0,4,0,,150.3,2,N
41093,41,8,33,12,0,2,3,0,0,3,PRT,0,1,1,,84,1,N
91516,39,6,26,21,0,2,1,2,0,3,USA,0,6,0,,168.3,2,N
62465,38,1,2,14,0,1,1,0,0,1,PRT,0,1,0,67,75,0,Y
62644,29,1,3,18,0,3,2,0,0,2,PRT,0,1,0,,65,0,Y
108372,116,3,12,24,0,2,1,0,0,1,FRA,0,1,0,,90,0,N
43157,37,9,38,16,0,2,2,0,0,2,NZL,0,1,0,,105,0,N
41515,3,8,34,17,1,3,2,0,0,2,PRT,0,1,0,38,99,0,Y
93268,120,7,30,18,1,1,2,0,0,2,PRT,0,1,0,,94.5,0,N
72434,147,7,30,28,1,2,2,0,0,2,ESP,0,1,0,,116.67,0,Y
70664,121,6,25,20,0,3,2,0,0,2,IRL,0,1,0,,117,0,Y
79713,105,2,7,8,1,2,2,0,0,2,PRT,1,1,0,,90,0,Y
68715,25,5,20,20,2,1,2,0,0,2,PRT,0,1,0,,90,0,Y
105881,32,2,6,11,2,4,2,1,0,3,FRA,0,1,0,,107.1,3,N
112977,114,5,22,28,2,2,2,0,0,2,AUT,0,4,0,,95,0,N
53047,188,6,25,15,0,2,1,0,0,1,PRT,0,1,0,,130,0,Y
85738,13,3,13,20,1,0,2,0,0,2,BRA,0,1,0,,85,1,N
91585,37,6,26,21,0,3,2,0,0,2,BEL,0,1,0,,99.9,1,N
71779,54,7,28,12,0,4,2,0,0,2,DEU,0,4,0,,155,0,Y
102577,15,11,49,30,0,2,2,0,0,2,POL,0,1,0,,81,0,N
63604,23,2,7,15,0,3,3,0,0,3,TWN,0,4,0,,158,0,Y
114858,25,6,26,27,0,1,2,0,0,2,FRA,0,1,0,280,100,0,N
44816,105,10,42,12,1,2,2,0,0,2,PRT,0,1,0,,110,0,Y
80630,244,7,28,6,0,4,2,0,0,2,PRT,1,1,0,,107,1,Y
114942,9,6,26,28,0,1,1,0,0,1,DNK,0,4,1,,190,2,N
97927,80,9,38,17,2,3,2,0,0,2,NLD,0,4,0,,149.4,2,N
92124,96,6,27,29,0,2,2,0,0,2,PRT,0,1,0,,118.8,1,N
48942,89,4,15,3,1,0,2,0,0,2,ARG,0,1,0,,96.3,0,Y
58383,184,10,42,12,0,1,2,0,0,2,FRA,0,1,0,,98.1,0,Y
92146,117,6,27,28,0,3,2,0,0,2,BRA,0,1,0,,79.69,1,N
117355,208,8,31,2,0,1,2,0,0,2,FRA,0,1,0,,157,1,N
99585,105,10,42,12,0,3,2,0,0,2,DEU,0,1,0,,75,0,N
51431,198,5,21,20,0,1,1,0,0,1,PRT,0,1,1,,57.5,0,Y
102011,215,11,48,21,1,1,1,0,0,1,SWE,0,1,1,233,75,0,N
73773,272,7,29,16,0,2,2,0,0,2,PRT,1,1,0,,62.8,0,Y
89614,0,6,26,20,1,3,1,0,0,1,FRA,0,1,0,153,95,0,N
76617,138,7,30,25,0,1,2,0,0,2,BRA,0,1,0,,60,0,N
51908,316,5,22,26,0,3,2,0,0,2,AUT,0,1,0,,110,0,N
44686,204,10,41,9,2,2,2,0,0,2,PRT,0,1,0,,72.75,0,N
96980,65,9,37,9,0,2,2,0,0,2,FRA,0,4,0,,149.4,1,N
79892,0,11,45,5,0,1,1,0,0,1,PRT,0,1,0,135,89,0,N
98651,261,10,40,1,1,1,2,0,0,2,ITA,0,1,0,,96,0,N
45473,99,10,44,30,2,2,2,0,0,2,PRT,0,1,0,,65,0,Y
77284,0,9,38,15,0,1,1,0,0,1,PRT,0,1,0,,95,0,N
90741,4,6,24,7,0,4,2,0,0,2,IRL,0,4,0,,146,1,N
51808,323,5,22,26,0,2,2,0,0,2,PRT,0,1,0,,62,0,Y
82199,3,12,52,21,1,1,2,0,0,2,PRT,0,2,0,,37.5,1,N
45305,69,10,44,25,2,1,2,0,0,2,PRT,0,1,0,,85.67,0,N
76044,336,9,38,18,0,2,2,0,0,2,PRT,1,1,0,,101.5,0,Y
73604,121,8,35,27,2,1,3,0,0,3,CHE,0,4,0,,252,1,Y
65062,281,3,12,23,0,3,2,0,0,2,GBR,0,1,0,,90,2,Y
84690,117,3,10,2,0,1,1,0,0,1,PRT,0,1,1,,66.14,0,N
99204,101,10,41,7,1,2,2,0,0,2,BRA,0,1,0,,118.8,1,N
41487,5,8,34,17,1,1,2,0,0,2,ESP,0,1,0,,75,0,N
65982,112,4,15,12,0,3,1,0,0,1,ITA,0,1,0,,105,1,Y
66920,88,4,17,26,0,3,2,0,0,2,PRT,0,1,0,,140,0,Y
95859,85,8,35,24,0,1,3,0,0,3,CHE,0,4,2,,177.3,0,N
114294,448,6,24,17,2,1,2,0,0,2,GBR,0,1,0,,112.67,1,N
99506,0,10,42,12,0,2,2,0,0,2,GBR,0,4,0,,139.5,1,N
114415,16,6,25,19,1,2,2,0,0,2,GBR,0,4,0,,166.5,1,N
114184,124,6,24,11,2,5,2,0,0,2,FRA,0,1,0,,136.29,0,N
68616,105,5,20,19,0,2,1,0,0,1,PRT,0,1,0,,160,0,Y
54370,372,7,29,14,0,2,2,0,0,2,PRT,0,1,0,,62,0,Y
54320,214,7,29,12,0,4,2,0,0,2,FRA,0,2,0,,81.5,1,N
83122,64,1,4,19,0,2,2,0,0,2,AUS,0,1,0,,65.36,2,N
75629,281,7,30,25,2,2,2,0,0,2,PRT,1,1,0,,62,0,Y
100963,15,11,45,1,0,4,2,0,0,2,FRA,0,1,2,,85,1,N
118605,210,8,34,21,1,1,2,0,0,2,ESP,0,4,0,,126,0,N
72713,87,8,31,3,2,5,2,0,0,2,ITA,0,1,0,,133.29,1,Y
105304,14,2,5,3,0,2,1,0,0,1,ESP,0,1,0,,88,1,N
104719,14,1,3,18,0,3,1,0,0,1,BGR,0,4,2,,124,1,N
75075,278,7,30,22,0,2,2,0,0,2,PRT,1,1,0,,62,0,Y
46734,2,1,4,17,2,1,2,0,0,2,ITA,0,4,1,,126.33,2,N
88157,127,4,18,28,1,3,2,0,0,2,USA,0,1,0,,90,0,N
75957,301,8,33,14,0,2,2,0,0,2,PRT,1,1,0,,101.5,0,Y
110878,27,4,17,29,2,2,2,0,0,2,POL,0,1,1,,137,3,N
88418,88,5,19,3,0,3,3,0,0,3,PRT,0,1,1,,138,1,N
113556,100,6,23,4,2,3,2,0,0,2,LUX,0,1,0,,100.8,1,N
58434,279,10,42,12,0,3,2,0,0,2,PRT,0,1,0,,110,0,Y
62772,52,1,3,21,2,3,2,1,0,3,PRT,0,1,0,,78.15,0,Y
115343,299,7,27,4,0,1,2,0,0,2,DEU,0,1,0,,99,1,N
74078,321,9,36,3,0,2,2,0,0,2,PRT,1,1,0,,62,0,Y
96790,10,9,37,5,1,2,2,0,0,2,IRL,0,4,0,,164,1,N
107720,27,3,11,13,1,3,2,0,0,2,FRA,0,1,0,,79.05,0,N
106958,35,3,9,1,0,4,3,0,0,3,NLD,0,4,2,,134.3,2,N
97948,1,9,39,22,0,1,1,0,0,1,PRT,0,1,1,,175,1,N
60549,9,11,47,14,1,2,2,0,0,2,ITA,0,1,0,,95,0,Y
97302,346,9,38,13,0,2,2,0,0,2,DEU,0,1,0,,115,1,N
43720,34,9,39,23,0,3,2,0,0,2,ESP,0,1,0,,224.67,0,N
81497,61,7,27,8,0,1,2,1,0,3,PRT,0,2,1,45,0,2,N
112334,19,5,20,20,2,1,1,0,0,1,FIN,0,1,0,,98.8,1,N
57647,287,9,40,29,0,3,2,0,0,2,DEU,0,1,0,,106.2,2,Y
54210,167,7,28,8,2,2,2,0,0,2,ESP,0,1,2,,105.83,1,Y
84421,14,2,9,22,1,3,3,0,0,3,FRA,0,1,0,,118,1,N
60357,277,11,46,7,1,2,2,0,0,2,PRT,0,1,0,,100,0,Y
50390,14,4,18,29,2,2,2,0,0,2,ESP,0,1,0,,147.5,0,Y
86220,19,3,14,27,2,1,2,0,0,2,PRT,0,1,0,,53.5,1,N
59295,98,10,44,26,0,2,2,0,0,2,DNK,0,1,0,,80.1,0,Y
107496,0,3,11,12,1,0,1,0,0,1,CHN,0,1,0,,75,1,N
111347,32,5,19,8,1,1,1,0,0,1,AUS,0,1,4,,154.5,0,N
84664,116,2,10,28,2,1,1,0,0,1,PRT,0,1,0,,82,0,N
109396,248,4,15,9,2,0,2,0,0,2,DEU,0,1,0,,80,1,N
60285,277,11,46,7,1,2,2,0,0,2,PRT,0,1,0,,100,0,Y
90762,133,6,24,9,0,3,1,0,0,1,NOR,0,1,0,,121.5,1,N
50047,142,4,17,22,2,3,2,0,0,2,POL,0,1,0,,103,0,Y
100568,31,10,44,27,0,3,2,0,0,2,THA,0,1,3,,129,2,N
106891,27,3,9,1,0,4,3,0,0,3,ESP,0,4,0,,134.3,1,N
100577,95,10,44,27,0,3,2,0,0,2,GBR,0,4,0,,104.4,1,N
68449,127,5,20,18,0,2,2,0,0,2,GBR,0,1,0,,126,0,Y
49994,58,4,17,22,1,2,2,0,0,2,FRA,0,4,0,,118.8,0,Y
114865,25,6,26,27,0,1,2,0,0,2,ESP,0,1,1,280,100,0,N
55012,213,8,32,2,0,5,2,0,0,2,FRA,0,1,1,,108.95,1,N
46175,10,12,52,20,2,2,2,0,0,2,USA,0,1,0,,52.36,1,N
75230,294,8,32,7,0,2,1,0,0,1,PRT,1,1,0,,60,0,Y
77426,19,10,41,6,0,3,1,0,0,1,PRT,0,1,0,,80,0,N
94859,256,8,33,7,2,2,2,0,0,2,BEL,0,2,0,,96.25,1,N
89500,7,5,21,21,0,1,2,0,0,2,PRT,0,4,0,,107,0,N
72189,240,7,30,23,2,1,2,0,0,2,PRT,0,1,0,,110,0,Y
50624,302,5,19,5,0,2,2,0,0,2,PRT,0,1,0,,62,0,Y
85333,47,3,11,9,0,4,3,0,0,3,DEU,0,1,3,,72.5,1,N
91859,192,6,26,24,0,2,1,0,0,1,SRB,0,1,0,,95,0,N
66616,108,4,16,22,2,1,3,0,0,3,ITA,0,4,0,,175.5,0,Y
65505,112,4,14,4,0,2,2,0,0,2,PRT,0,1,0,385,95,0,Y
94700,58,8,32,6,1,1,2,2,0,4,DEU,0,6,0,,207.9,1,N
105394,11,2,5,2,2,3,2,0,0,2,FRA,0,4,1,,109.3,1,N
44381,88,10,41,5,1,1,2,0,0,2,ITA,0,1,0,,112.2,0,N
56786,72,9,38,14,0,2,3,0,0,3,PRT,0,1,1,233,115,1,Y
105981,70,2,7,15,0,4,2,0,0,2,ESP,0,1,0,242,78,0,N
79514,81,12,53,30,0,3,2,0,0,2,PRT,1,1,0,,111,1,Y
47934,35,3,11,10,0,1,1,0,0,1,USA,0,1,0,,71.1,0,Y
111328,148,5,18,6,2,1,2,0,0,2,GBR,0,1,0,,126,2,N
64268,6,3,9,3,2,2,1,0,0,1,AGO,0,1,0,,91.8,0,Y
87722,0,4,17,23,1,1,1,0,0,1,DEU,0,1,1,,123,0,N
111907,34,5,19,10,2,6,1,0,0,1,BRA,0,1,0,,124.9,1,N
114404,121,6,24,17,2,3,2,1,0,3,BRA,0,1,1,,135,0,N
112344,172,5,20,19,2,2,2,0,0,2,BEL,0,4,0,,139.5,1,N
69932,169,6,23,8,0,3,2,0,0,2,PRT,0,1,0,,170,0,Y
86137,130,3,13,25,1,2,2,0,0,2,CHE,0,2,0,,102.58,0,N
114206,33,6,24,17,0,1,2,0,0,2,PRY,0,1,0,,140,0,N
97331,63,9,38,12,1,2,2,0,0,2,GBR,0,4,0,,149.4,2,N
60053,61,11,45,4,4,9,2,0,0,2,GHA,0,1,0,,104.4,0,Y
82506,85,12,53,29,0,3,2,0,0,2,PRT,0,1,0,,81.2,1,N
118202,10,8,32,12,2,2,2,0,0,2,CN,0,2,1,,99,0,N
97429,2,9,38,15,0,1,2,0,0,2,PRT,0,1,0,,159,1,N
90190,4,5,23,31,0,3,3,0,0,3,GBR,0,4,0,,172,1,N
83249,1,1,4,23,2,1,2,0,0,2,BRA,0,2,0,,78.52,0,N
110386,74,4,17,23,2,2,2,1,0,3,FRA,0,1,0,,144,2,N
64876,97,3,11,18,2,2,2,0,0,2,DEU,0,1,0,,74.8,0,Y
74326,262,7,28,6,1,1,2,0,0,2,PRT,1,1,0,,62,0,Y
60149,38,11,46,6,2,3,1,0,0,1,PRT,0,1,0,,157.14,1,Y
98476,62,9,39,24,2,4,2,2,0,4,DEU,0,6,0,,207.9,1,N
69773,27,6,23,6,0,1,2,0,0,2,FRA,0,1,0,,140,1,Y
74056,314,8,35,27,0,2,2,0,0,2,PRT,1,1,0,,62,0,Y
109979,92,4,16,17,1,2,2,0,0,2,ITA,0,1,0,,97.02,1,N
52384,178,6,23,4,2,3,2,0,0,2,FRA,0,1,0,,100.3,0,N
48043,72,3,12,13,2,3,2,0,0,2,DEU,0,1,3,,63.75,0,Y
112953,198,5,21,25,2,4,2,0,0,2,BEL,0,4,0,,138.6,1,N
100617,199,10,44,28,0,2,2,0,0,2,FRA,0,1,0,,95,0,N
108237,16,3,12,23,0,1,1,0,0,1,FRA,0,4,0,,108,0,N
65411,229,4,14,3,1,1,2,0,0,2,PRT,0,1,0,,100,0,Y
63767,90,2,8,20,1,2,2,0,0,2,CHN,0,1,0,,71.28,0,Y
57574,2,9,40,28,0,1,2,0,0,2,USA,0,1,1,,0,1,Y
97266,130,9,37,10,2,3,2,0,0,2,GBR,0,4,0,,99.95,0,N
110902,0,5,18,2,0,2,2,0,0,2,BEL,0,1,0,,117,0,N
92704,8,7,28,9,1,1,1,0,0,1,PRT,0,1,1,,0,0,N
82447,40,12,52,26,2,2,2,0,0,2,DEU,0,1,0,,55,1,N
101619,116,11,46,10,2,3,2,0,0,2,BEL,0,1,0,,105.74,0,N
98169,33,9,39,24,1,1,2,0,0,2,NOR,0,5,0,,162.45,0,N
106685,127,2,9,26,2,1,3,0,0,3,NLD,0,4,0,,138.6,1,N
46452,150,1,1,2,2,1,2,0,0,2,PRT,0,1,0,,101,0,Y
63315,124,2,6,7,0,3,2,0,0,2,CHN,0,1,0,,71.28,2,Y
79879,32,11,47,20,0,2,1,0,0,1,PRT,1,1,0,,73,0,Y
78661,9,10,43,18,1,0,2,0,0,2,PRT,1,1,0,,100,0,Y
60389,16,11,46,9,0,1,2,0,0,2,PRT,0,1,0,85,170,0,Y
89882,233,5,22,25,0,4,2,0,0,2,DEU,0,1,0,,95.4,1,N
50135,146,4,18,24,2,0,2,0,0,2,PRT,0,1,0,,95,0,Y
107844,41,3,11,14,0,5,1,0,0,1,PRT,0,5,0,,65,0,N
109257,94,4,14,6,0,3,2,0,0,2,CHE,0,1,2,,117,1,N
70068,219,6,23,9,1,2,2,0,0,2,PRT,0,1,0,,105,0,Y
56849,317,9,38,15,0,2,2,0,0,2,PRT,0,1,0,,120,0,Y
55320,219,8,33,10,0,3,0,2,0,2,MAR,0,2,0,,86.5,0,Y
88088,142,4,18,29,0,2,2,0,0,2,ITA,0,1,0,,65,1,N
98181,214,9,39,23,1,2,2,0,0,2,DEU,0,1,0,,80.75,1,N
99577,105,10,42,12,0,3,2,0,0,2,PRT,0,1,0,,75,0,N
116310,4,7,29,17,1,0,1,0,0,1,FRA,0,1,1,,145,0,N
77160,0,3,13,21,1,1,1,0,0,1,PRT,3,7,0,45,0,1,Y
89950,106,5,23,29,1,0,2,0,0,2,PRT,0,1,0,,95,1,N
44348,61,10,41,4,2,0,2,0,0,2,FRA,0,1,0,,91,0,N
72152,423,7,29,22,1,1,2,0,0,2,PRT,0,1,0,,80,0,Y
95944,0,8,35,22,1,3,2,0,0,2,BEL,0,4,0,,142.92,0,N
58048,275,10,41,5,1,4,2,0,0,2,PRT,0,1,0,,90,0,Y
77144,0,9,39,22,0,1,2,0,0,2,PRT,0,1,1,45,0,0,N
75881,351,10,40,3,2,2,2,0,0,2,PRT,1,1,0,,62,0,Y
50121,8,4,18,24,1,0,2,0,0,2,PRT,0,1,0,,101,0,Y
63920,134,2,8,25,0,1,1,0,0,1,PRT,0,1,0,,75,0,Y
72880,216,8,32,8,2,6,2,0,0,2,AUS,0,1,0,,130.5,0,Y
110946,101,5,18,1,1,2,1,0,0,1,FRA,0,1,0,,117,1,N
102702,41,12,49,1,0,3,2,0,0,2,GBR,0,1,0,,66.88,0,N
82342,94,3,10,4,0,2,2,0,0,2,PRT,1,1,0,,80,0,Y
100518,22,10,44,25,0,4,2,0,0,2,DEU,0,1,0,,130,1,N
102720,51,12,49,1,1,3,2,0,0,2,POL,0,1,0,,79.2,0,N
114556,156,6,25,20,0,4,3,0,0,3,SWE,0,4,1,,163.8,0,N
111186,8,5,18,5,0,2,2,0,0,2,PRT,0,1,1,,170,2,N
66327,41,4,16,17,1,2,2,0,0,2,PRT,0,1,0,,112,1,Y
105657,64,2,7,12,1,0,1,0,0,1,GBR,0,1,0,,70.2,1,N
49302,68,4,16,10,2,0,2,0,0,2,IRL,0,4,0,,118.8,0,Y
72463,180,7,30,29,0,1,3,0,0,3,ROU,0,4,0,,175.5,0,Y
58734,163,10,42,15,2,1,1,0,0,1,PRT,0,1,0,,115,0,Y
89977,102,6,24,5,1,0,2,0,0,2,ISR,0,1,0,,65,1,N
69834,23,6,23,7,0,2,2,0,0,2,ESP,0,1,0,,166.5,0,Y
103150,22,12,50,8,2,3,2,0,0,2,ITA,0,1,0,,90.78,1,N
86043,33,3,13,24,0,2,2,1,0,3,ESP,0,1,1,,143.1,1,N
109356,25,4,14,7,1,2,3,0,0,3,ESP,0,5,0,,220,0,N
73350,162,8,33,19,1,1,2,0,0,2,PRT,0,1,0,,140,0,Y
55782,10,8,35,21,1,0,1,0,0,1,ESP,0,1,0,,134,0,Y
49554,29,4,16,14,1,3,2,0,0,2,DEU,0,1,0,,96.53,0,Y
70542,150,6,24,17,2,5,3,0,0,3,ROU,0,4,0,,162,1,Y
87773,169,4,17,22,2,2,2,0,0,2,RUS,0,1,0,,77,1,N
79260,444,12,49,1,0,3,1,0,0,1,PRT,1,1,0,,75,0,Y
88353,77,4,18,30,2,3,2,0,0,2,BRA,0,1,0,,123.45,1,N
46201,22,12,52,24,1,3,2,0,0,2,MEX,0,1,0,,87,1,N
49543,126,4,16,14,0,3,2,0,0,2,PRT,0,1,0,,65,0,Y
59355,475,10,44,27,0,2,2,0,0,2,PRT,0,1,0,,62,0,Y
41578,3,8,34,18,0,2,2,0,0,2,FRA,0,1,0,,122,2,N
88364,79,4,18,30,2,3,2,0,0,2,PRT,0,1,0,,105,0,N
47286,42,2,8,14,2,3,2,0,0,2,PRT,0,4,0,,90.76,1,N
66451,125,4,16,20,0,3,2,0,0,2,PRT,0,1,0,,85,0,Y
116139,152,7,28,14,0,1,3,0,0,3,DEU,0,5,0,,177.3,2,N
90548,247,6,24,6,1,1,2,0,0,2,DEU,0,1,0,,115,0,N
70065,178,6,23,9,0,2,2,0,0,2,PRT,0,1,0,,130,0,Y
104173,20,1,1,3,0,4,2,0,0,2,ITA,0,1,0,,90.1,2,N
41598,135,8,34,19,0,4,2,0,0,2,PRT,0,1,0,,55.08,0,Y
95295,16,8,34,16,0,2,2,0,0,2,FRA,0,4,0,,146.7,1,N
91947,63,6,27,26,2,0,2,0,0,2,FIN,0,1,0,,89.1,0,N
42910,17,9,37,11,0,2,2,0,0,2,PRT,0,1,0,,126,0,Y
48494,79,3,13,24,1,3,2,0,0,2,ITA,0,1,0,,90.95,1,Y
59205,202,10,43,22,2,1,3,0,0,3,DEU,0,4,0,,128.7,0,Y
92748,141,7,28,6,1,4,2,0,0,2,PRT,0,1,0,,107.95,1,N
92156,12,6,27,27,1,3,3,0,0,3,FRA,0,4,0,,131,0,N
82836,68,2,8,17,0,2,2,0,0,2,PRT,1,1,0,,75,0,Y
77382,19,10,41,6,0,3,2,0,0,2,PRT,1,1,0,,90,0,Y
94208,301,7,31,30,1,1,1,0,0,1,DEU,0,1,1,,90,0,N
82097,57,1,2,6,2,9,2,0,0,2,PRT,1,4,0,,95,1,Y
71446,315,7,27,5,2,4,2,0,0,2,GBR,0,1,2,,103.5,1,Y
55126,142,8,32,5,1,2,2,2,0,4,MAR,0,6,0,,243.6,0,Y
74241,377,10,44,29,0,2,2,0,0,2,PRT,1,1,0,,62,0,Y
83042,6,1,3,15,0,2,2,0,0,2,BRA,0,1,0,,69.5,1,N
49840,270,4,17,20,0,4,3,0,0,3,ISL,0,1,1,,110,0,N
84693,36,3,10,1,0,1,1,0,0,1,DEU,0,1,0,185,86.5,0,N
76344,271,7,29,15,0,2,3,0,0,3,PRT,0,1,1,,84,0,N
73617,279,8,35,28,1,1,2,0,0,2,FRA,0,1,0,,107.1,0,Y
94269,172,7,31,29,2,3,1,1,0,2,FRA,0,1,0,,90.5,1,N
99657,377,10,42,14,0,2,2,0,0,2,DEU,0,1,0,,115,1,N
116343,86,7,29,16,2,0,3,0,0,3,KOR,0,4,0,,190,1,N
71767,122,7,28,12,0,2,3,0,0,3,ESP,0,4,0,,222.3,0,Y
82511,87,12,53,29,0,3,2,0,0,2,ITA,0,2,0,,95.7,1,N
108876,61,3,13,31,1,2,2,0,0,2,CN,0,1,0,,92.4,0,N
82978,0,3,11,9,0,1,1,0,0,1,PRT,0,1,0,45,0,1,N
45426,72,10,44,28,0,3,2,0,0,2,ISR,0,1,0,,85.67,0,N
68479,107,5,20,18,1,3,2,0,0,2,LUX,0,4,0,,146.25,0,Y
64873,62,3,11,18,2,1,3,0,0,3,LUX,0,5,0,,169.2,0,Y
107434,220,3,10,10,1,2,2,0,0,2,DEU,0,1,1,,99.2,1,N
58549,37,10,42,13,0,3,1,0,0,1,PRT,0,1,0,,95,0,Y
96117,0,8,35,27,1,1,2,0,0,2,DEU,0,1,0,,149,0,N
86513,84,3,14,30,1,4,2,0,0,2,DEU,0,1,0,,75.34,0,N
112480,59,5,21,21,2,2,2,0,0,2,FRA,0,4,0,,171,0,N
46622,6,1,3,12,0,2,2,0,0,2,CHN,0,1,0,,69.5,2,N
56604,178,9,37,9,0,2,1,0,0,1,PRT,0,1,0,,135,0,Y
95158,152,8,33,13,2,1,3,0,0,3,AUT,0,4,0,,146.7,1,N
68004,262,5,19,11,0,3,2,0,0,2,GBR,0,1,2,,135,2,Y
50155,146,4,18,24,2,0,2,0,0,2,PRT,0,1,0,,95,0,Y
91816,192,6,26,24,0,2,1,0,0,1,SRB,0,1,0,,95,0,N
95318,47,8,34,14,2,2,2,0,0,2,SWE,0,1,0,,170.1,1,N
93802,171,7,30,20,2,5,2,0,0,2,DEU,0,4,0,,106.13,1,N
50184,91,4,18,25,1,2,2,0,0,2,FRA,0,1,0,,85.5,0,Y
68216,104,5,20,15,1,2,1,0,0,1,PRT,0,1,0,,160,0,Y
60783,3,11,48,21,1,0,2,0,0,2,ITA,0,1,0,,95,0,Y
53740,118,6,27,28,0,3,2,0,0,2,ITA,0,1,0,,96.3,0,Y
114309,183,6,25,18,2,0,2,0,0,2,DEU,0,1,0,,108,1,N
105479,7,2,6,9,0,1,2,0,0,2,FRA,0,4,0,,113,0,N
113329,0,6,22,3,2,1,2,0,0,2,SWE,0,1,0,,126,2,N
88692,69,5,20,10,0,1,2,0,0,2,ARG,0,1,2,,135.9,1,N
105720,19,2,6,11,2,2,2,1,0,3,FRA,0,4,0,,90.71,0,N
59559,7,10,44,29,2,1,2,0,0,2,NGA,0,1,0,,126.67,1,Y
110427,1,4,17,27,0,1,2,0,0,2,PRT,0,1,0,,160,0,N
60267,277,11,46,7,1,2,2,0,0,2,PRT,0,1,0,,100,0,Y
71262,109,6,26,30,1,2,3,0,0,3,GBR,0,1,0,,108,0,Y
98882,349,10,41,4,0,2,2,0,0,2,PRT,0,1,1,,130,0,N
89966,102,6,24,5,1,0,1,0,0,1,ISR,0,1,1,,0,1,N
112319,60,5,20,20,2,1,2,0,0,2,FRA,0,1,0,,162,0,N
106467,14,2,8,23,0,3,2,0,0,2,GBR,0,4,0,,121.33,1,N
63292,25,2,6,5,2,5,2,0,0,2,BRA,0,1,0,,74.8,0,Y
65171,206,3,13,26,2,1,1,0,0,1,PRT,0,1,0,,67.5,0,Y
61371,98,12,50,8,0,3,2,0,0,2,ESP,0,1,0,,79.2,2,Y
66922,156,4,17,26,0,3,2,0,0,2,PRT,0,1,0,,100,0,Y
86342,57,3,14,28,1,3,2,0,0,2,FRA,0,1,0,,85.85,1,N
83733,9,2,7,8,1,2,2,0,0,2,GBR,0,1,0,,58,0,N
107346,43,3,10,11,0,1,2,0,0,2,DEU,0,4,2,,118,1,N
52692,44,6,24,9,0,3,2,2,0,4,ESP,0,6,0,,192.9,0,Y
112041,116,5,20,15,1,3,2,0,0,2,NCL,0,5,0,,175.5,2,N
90625,2,6,24,8,0,1,1,0,0,1,ESP,0,1,0,,84.85,1,N
46468,150,1,1,2,2,1,2,0,0,2,PRT,0,1,0,,101,0,Y
48575,161,3,13,25,1,2,3,0,0,3,PRT,0,1,1,,130,0,Y
45907,84,11,48,27,1,2,2,0,0,2,PRT,0,1,0,,64,0,Y
89150,53,5,21,16,1,1,0,2,0,2,PRT,0,2,1,,127.6,0,N
87432,73,4,16,16,2,2,2,0,0,2,BRA,0,1,0,,85,2,N
77597,3,9,39,19,1,1,1,0,0,1,PRT,1,1,0,40,67,1,N
77791,18,9,40,27,1,0,1,0,0,1,SWE,0,1,1,,170,0,N
59304,267,10,44,26,0,3,3,0,0,3,ITA,0,4,0,,128.7,1,Y
102435,10,11,48,25,1,2,2,0,0,2,FRA,0,1,0,,108.67,2,N
115810,90,7,28,9,2,0,2,0,0,2,GBR,0,5,0,,175,3,N
98102,141,9,39,23,0,2,2,0,0,2,GBR,0,4,2,,163.8,1,N
103184,15,12,50,8,2,5,2,0,0,2,HRV,0,1,0,,76.5,0,N
92274,4,6,27,29,0,4,2,0,0,2,IRL,0,1,0,,127,2,N
109355,92,4,14,7,1,2,2,0,0,2,NLD,0,1,0,,99,0,N
91130,256,6,25,15,0,2,1,0,0,1,DEU,0,1,1,,90,0,N
102302,42,11,48,24,0,2,2,1,0,3,PRT,0,1,0,,85.05,0,N
62185,46,1,1,3,2,8,2,1,0,3,AGO,0,1,0,,105.4,0,Y
103822,15,12,53,28,0,4,2,0,0,2,PRT,0,1,0,,102,2,N
62596,27,1,3,16,1,3,2,0,0,2,ITA,0,1,0,,95.09,1,Y
57455,418,9,40,26,1,2,2,0,0,2,PRT,0,1,0,,75,0,Y
51657,158,5,22,24,0,2,1,0,0,1,PRT,0,1,0,,130,0,Y
100879,266,10,45,30,2,2,3,0,0,3,BEL,0,4,0,,117.3,2,N
68272,104,5,20,15,1,2,2,0,0,2,PRT,0,1,0,,170,0,Y
114880,172,6,25,24,2,2,2,0,0,2,DEU,0,1,0,,89.1,1,N
105565,11,2,7,12,2,0,2,0,0,2,RUS,0,1,0,,88,0,N
100018,132,10,43,21,0,1,2,0,0,2,BRA,0,1,1,,179,3,N
96138,155,8,35,22,2,5,2,0,0,2,FRA,0,1,2,,96.12,1,N
55260,99,8,33,9,0,2,2,0,0,2,ROU,0,1,0,,101.15,0,Y
62238,43,1,1,5,1,3,2,0,0,2,DEU,0,1,0,,74.8,0,Y
85369,34,3,11,12,1,1,2,0,0,2,ITA,0,5,0,,112.5,0,N
112105,22,5,20,19,0,1,2,0,0,2,PRT,0,1,0,,0,1,N
66149,125,4,15,14,2,2,2,0,0,2,ITA,0,1,0,,103.5,0,Y
43781,86,9,39,24,0,2,2,0,0,2,PRT,0,1,0,,105,0,N
112180,101,5,20,19,0,2,3,0,0,3,ESP,0,4,0,,189,0,N
111213,12,5,18,5,1,2,3,0,0,3,FRA,0,4,0,,220,1,N
108217,8,3,12,23,0,1,1,0,0,1,ESP,0,1,1,,80,0,N
70853,233,6,25,23,1,2,2,0,0,2,PRT,0,1,0,,105,0,Y
55019,190,8,32,2,2,6,2,1,0,3,ESP,0,1,0,,123.75,0,Y
64222,203,3,9,2,0,3,2,0,0,2,PRT,0,1,0,,60.98,1,Y
72104,332,7,29,21,0,1,3,0,0,3,POL,0,4,0,,135.9,1,Y
84552,5,2,9,25,0,3,2,0,0,2,CHN,0,1,0,,93,1,N
57263,198,9,39,22,0,3,3,0,0,3,FRA,0,4,0,,159.3,1,Y
98015,123,9,39,18,2,4,2,0,0,2,FRA,0,4,0,,114.69,1,N
117026,465,7,30,26,0,3,2,0,0,2,GBR,0,1,0,,112.67,1,N
88638,0,12,52,22,0,1,1,0,0,1,PRT,0,1,0,,56,0,N
76521,195,9,38,17,0,2,2,0,0,2,PRT,1,1,0,,48,0,Y
110833,140,4,17,28,2,2,2,0,0,2,FRA,0,1,0,,130,1,N
102745,51,12,49,3,2,1,2,1,0,3,ESP,0,5,0,,129,0,N
53950,54,7,27,2,2,5,2,1,0,3,PRT,0,1,0,,146.7,0,Y
59260,220,10,44,24,1,4,2,1,0,3,FRA,0,1,1,,118.25,1,Y
66598,393,4,16,22,2,1,1,0,0,1,PRT,0,1,0,,80,0,Y
119317,1,8,35,31,0,3,2,0,0,2,GBR,0,5,0,,109.5,1,N
58231,103,10,42,9,1,0,3,0,0,3,ISR,0,4,0,,151.2,0,Y
41298,0,8,33,14,0,2,2,0,0,2,PRT,0,1,0,,109,0,Y
94140,301,7,31,30,1,1,1,0,0,1,DEU,0,1,1,,90,0,N
61504,524,12,51,15,0,2,2,0,0,2,PRT,0,1,0,,62.8,0,Y
73554,81,8,34,26,1,1,1,0,0,1,USA,0,4,0,,170,1,Y
48101,99,3,12,17,0,2,2,0,0,2,KWT,0,1,0,,67.5,0,N
84284,18,2,8,20,1,1,1,0,0,1,ESP,0,1,0,,86,1,N
48822,267,3,14,31,0,2,2,0,0,2,PRT,0,1,0,,62,0,Y
83292,1,1,5,26,0,1,1,0,0,1,GBR,0,1,0,,86,1,N
102003,68,11,47,19,1,1,2,0,0,2,IRL,0,1,1,,85.75,0,N
93330,112,7,30,17,2,2,2,0,0,2,SWE,0,1,0,,94.5,1,N
92621,0,7,28,8,0,1,1,0,0,1,PRT,0,1,0,,157,0,N
111440,10,5,19,7,2,2,2,0,0,2,AUT,0,1,0,,108.9,0,N
52795,69,6,25,12,2,4,1,0,0,1,PRT,0,1,0,,120,0,Y
96580,144,8,36,31,1,4,1,0,0,1,NOR,0,1,0,,97.85,1,N
61772,266,12,53,26,1,3,3,0,0,3,ESP,0,4,0,,104.55,0,Y
61142,17,12,49,2,2,2,2,0,0,2,ESP,0,1,0,,76.29,1,Y
99821,326,10,43,16,2,1,2,1,0,3,ISR,0,2,1,,100.07,1,N
44206,164,10,40,2,0,2,1,0,0,1,PRT,0,1,0,,100,0,N
59931,304,11,45,3,0,3,2,0,0,2,PRT,0,1,0,,89,0,Y
69672,29,6,22,3,2,1,2,0,0,2,PRT,0,1,0,,112.67,0,Y
51954,316,5,22,26,0,3,2,0,0,2,PRT,0,1,0,,110,0,N
49429,30,4,16,13,0,4,2,0,0,2,KHM,0,1,0,,99,0,Y
81538,218,6,24,9,0,2,2,0,0,2,PRT,1,1,0,,135,0,Y
85459,5,3,12,14,1,1,2,0,0,2,BEL,0,1,0,,118,1,N
45095,102,10,42,16,0,2,2,0,0,2,DEU,0,1,0,,109,0,N
118661,120,8,34,20,2,2,2,0,0,2,AUT,0,1,0,,112.5,0,N
69942,169,6,23,8,0,3,2,0,0,2,PRT,0,1,0,,170,0,Y
102781,67,12,49,2,2,2,2,0,0,2,ESP,0,1,0,,75,0,N
71735,68,7,28,11,0,2,2,0,0,2,IRL,0,1,0,,120,1,Y
68768,79,5,20,20,2,1,2,0,0,2,PRT,0,1,0,,89.1,0,Y
74053,307,8,34,20,0,2,2,0,0,2,PRT,1,1,0,,62,0,Y
113937,60,6,23,8,2,5,2,0,0,2,FRA,0,5,1,,231,0,N
84409,3,2,10,29,1,2,1,0,0,1,PRT,0,1,0,40,66,0,N
72659,157,8,31,2,0,4,2,0,0,2,ESP,0,1,0,,125,0,Y
79655,16,10,44,31,0,1,2,0,0,2,ESP,0,1,0,,95,1,N
89299,124,5,21,17,0,3,2,0,0,2,FRA,0,1,1,,105.3,2,N
40510,27,7,31,27,1,1,2,0,0,2,PRT,0,1,0,,62,0,Y
107009,28,2,9,27,2,5,2,0,0,2,DEU,0,4,0,,105.4,0,N
81674,182,4,18,27,0,4,2,0,0,2,PRT,1,1,0,,75,0,Y
90633,118,6,24,6,1,2,1,0,0,1,PRT,0,1,0,,110,0,N
99736,3,10,41,2,4,10,1,0,0,1,PRT,0,1,3,45,0,0,N
80297,33,12,50,9,0,2,2,0,0,2,PRT,1,1,0,,110,0,Y
60903,308,11,48,25,0,2,2,0,0,2,PRT,0,1,0,,52,0,Y
40381,132,7,30,23,0,1,2,0,0,2,PRT,0,1,0,,90,0,N
106196,243,2,8,19,2,2,2,0,0,2,GBR,0,4,0,,97.75,4,N
111559,79,5,18,5,2,5,2,0,0,2,IRL,0,5,0,,162,1,N
63914,134,2,8,25,0,1,1,0,0,1,PRT,0,1,0,,75,0,Y
98839,91,10,41,3,1,1,1,0,0,1,IRL,0,1,0,,113.4,2,N
112520,20,5,21,21,2,2,2,0,0,2,FRA,0,1,0,,157.5,1,N
90032,134,5,23,30,1,1,2,0,0,2,USA,0,1,0,,94.5,0,N
106611,32,2,8,25,2,1,2,2,0,4,ESP,0,5,0,,203,2,N
77528,1,9,38,19,2,1,1,0,0,1,GBR,0,4,0,,170,1,N
78812,14,10,42,15,0,2,1,0,0,1,ROU,0,1,0,,100,0,N
91856,192,6,26,24,0,2,1,0,0,1,SRB,0,1,0,,95,0,N
50454,34,5,19,1,2,1,2,0,0,2,SAU,0,1,0,,126.9,0,Y
91319,45,6,25,17,1,2,2,0,0,2,FRA,0,1,0,,65,1,N
46329,140,12,53,29,0,5,2,0,0,2,PRT,0,1,0,,70,0,Y
41437,131,8,33,15,2,1,2,0,0,2,ITA,0,1,0,,94.5,0,Y
83692,59,2,6,6,2,2,2,0,0,2,AUT,0,1,0,,62,0,N
79645,34,10,44,26,1,4,2,0,0,2,GBR,0,2,1,,111.96,0,N
61841,112,12,53,27,0,3,3,0,0,3,PRT,0,4,0,,131.13,0,Y
66413,11,4,16,19,1,4,2,0,0,2,TUN,0,1,0,,150,2,Y
69064,181,5,21,25,0,2,2,0,0,2,PRT,0,1,0,,130,0,Y
64850,108,3,11,17,2,2,2,0,0,2,DEU,0,1,0,,91.8,0,Y
83412,9,1,5,29,0,2,1,2,0,3,KEN,0,2,1,,77.75,1,N
71918,111,7,28,15,2,1,3,0,0,3,CHE,0,4,0,,177.33,2,Y
118390,201,8,33,16,0,3,2,0,0,2,DEU,0,1,0,,112.5,0,N
104018,4,1,1,2,1,1,2,0,0,2,CHN,0,1,1,,113,0,N
114624,269,6,25,22,0,3,2,0,0,2,ESP,0,1,0,,117,1,N
85487,21,3,12,14,1,1,2,0,0,2,DNK,0,1,0,,79,0,N
100351,0,10,44,26,0,1,2,0,0,2,FRA,0,1,0,,126,0,N
41567,6,8,34,18,0,4,2,0,0,2,ESP,0,1,0,,75,1,N
62449,38,1,2,14,0,1,1,0,0,1,PRT,0,1,0,67,75,0,Y
45797,98,11,48,23,1,2,1,0,0,1,PRT,0,1,0,,84,0,Y
80247,36,11,46,13,0,2,2,0,0,2,PRT,0,1,0,,96.3,1,N
56961,422,9,38,16,0,2,2,0,0,2,FRA,0,1,0,,90,1,N
80366,74,1,1,1,2,3,2,0,0,2,PRT,1,2,0,,86.58,0,Y
55811,127,8,35,21,3,5,2,0,0,2,ESP,0,4,0,,113.55,1,Y
56329,420,9,36,3,2,2,2,0,0,2,PRT,0,1,0,,75,0,Y
94418,124,8,32,1,1,2,2,0,0,2,CHE,0,1,0,,105.3,1,N
78876,3,10,42,15,0,3,2,0,0,2,ITA,0,4,0,,85,0,N
54672,17,7,30,23,0,1,2,0,0,2,PRT,0,1,0,,139,1,Y
43805,56,9,39,25,2,2,1,0,0,1,GRC,0,1,1,,185,0,N
